"id";"data_inversa";"dia_semana";"horario";"uf";"br";"km";"municipio";"causa_acidente";"tipo_acidente";"classificacao_acidente";"fase_dia";"sentido_via";"condicao_metereologica";"tipo_pista";"tracado_via";"uso_solo";"pessoas";"mortos";"feridos_leves";"feridos_graves";"ilesos";"ignorados";"feridos";"veiculos";"latitude";"longitude";"regional";"delegacia";"uop"
249158;2019-11-13;"quarta-feira";"09:00:00";"ES";101;240;"SERRA";"Pista Escorregadia";"Saída de leito carroçável";"Com Vítimas Feridas";"Pleno dia";"Crescente";"Chuva";"Dupla";"Curva";"Não";3;0;2;0;1;0;2;1;-20,01594191;-40,40401764;"SPRF-ES";"DEL02-ES";"UOP01-DEL02-ES"
249161;2019-11-13;"quarta-feira";"09:00:00";"RN";101;96;"NATAL";"Não guardar distância de segurança";"Colisão traseira";"Com Vítimas Feridas";"Pleno dia";"Crescente";"Céu Claro";"Múltipla";"Curva";"Sim";3;0;2;0;1;0;2;2;-5,84949622;-35,20890752;"SPRF-RN";"DEL01-RN";"UOP01-DEL01-RN"
249162;2019-11-13;"quarta-feira";"10:00:00";"MG";262;381,2;"MATEUS LEME";"Velocidade Incompatível";"Capotamento";"Com Vítimas Feridas";"Plena Noite";"Crescente";"Céu Claro";"Dupla";"Reta";"Não";4;0;4;0;0;0;4;1;-19,93645562;-44,4427979;"SPRF-MG";"DEL01-MG";"UOP03-DEL01-MG"
249164;2019-11-13;"quarta-feira";"09:50:00";"ES";101;164,9;"LINHARES";"Velocidade Incompatível";"Saída de leito carroçável";"Com Vítimas Feridas";"Pleno dia";"Decrescente";"Chuva";"Simples";"Reta";"Não";1;0;1;0;0;0;1;1;-19,5126417;-40,13930082;"SPRF-ES";"DEL04-ES";"UOP01-DEL04-ES"
249165;2019-11-13;"quarta-feira";"08:30:00";"PR";277;94;"CURITIBA";"Não guardar distância de segurança";"Engavetamento";"Com Vítimas Feridas";"Pleno dia";"Decrescente";"Nublado";"Dupla";"Reta";"Não";3;0;1;0;2;0;1;3;-25,55282988;-49,27722493;"SPRF-PR";"DEL01-PR";"UOP06-DEL01-PR"
249166;2019-02-22;"sexta-feira";"15:05:00";"RN";110;45;"MOSSORO";"Falta de Atenção à Condução";"Colisão traseira";"Com Vítimas Feridas";"Pleno dia";"Decrescente";"Chuva";"Simples";"Reta";"Sim";3;0;0;1;2;0;1;2;-5,197978;-37,318398;"SPRF-RN";"DEL04-RN";"UOP01-DEL04-RN"
249169;2019-11-13;"quarta-feira";"09:15:00";"SC";101;402,4;"MARACAJA";"Falta de Atenção à Condução";"Saída de leito carroçável";"Com Vítimas Feridas";"Pleno dia";"Decrescente";"Céu Claro";"Dupla";"Reta";"Não";2;0;2;0;0;0;2;1;-28,8852639;-49,46268082;"SPRF-SC";"DEL02-SC";"UOP02-DEL02-SC"
249171;2019-11-13;"quarta-feira";"08:10:00";"MA";135;59,1;"BACABEIRA";"Falta de Atenção à Condução";"Colisão frontal";"Sem Vítimas";"Pleno dia";"Decrescente";"Sol";"Simples";"Reta";"Sim";2;0;0;0;2;0;0;2;-3,04330997;-44,31752324;"SPRF-MA";"DEL01-MA";"UOP02-DEL01-MA"
249172;2019-11-01;"sexta-feira";"20:45:00";"MA";135;288,6;"SANTO ANTONIO DOS LOPES";"Falta de Atenção à Condução";"Colisão frontal";"Com Vítimas Fatais";"Plena Noite";"Decrescente";"Céu Claro";"Simples";"Reta";"Não";2;1;0;0;1;0;0;2;-4,88365702;-44,35964405;"SPRF-MA";"DEL03-MA";"UOP01-DEL03-MA"
249173;2019-11-13;"quarta-feira";"11:09:00";"PA";163;1004;"SANTAREM";"Falta de Atenção à Condução";"Tombamento";"Com Vítimas Feridas";"Pleno dia";"Crescente";"Céu Claro";"Simples";"Reta";"Sim";2;0;1;0;1;0;1;1;-2,43824523;-54,73276577;"SPRF-PA";"DEL05-PA";"UOP01-DEL05-PA"
249175;2019-11-13;"quarta-feira";"10:30:00";"PI";343;348,4;"TERESINA";"Desobediência às normas de trânsito pelo condutor";"Colisão lateral";"Com Vítimas Feridas";"Pleno dia";"Crescente";"Sol";"Dupla";"Reta";"Sim";2;0;0;1;1;0;1;2;-5,118706;-42,786411;"SPRF-PI";"DEL01-PI";"UOP01-DEL01-PI"
249178;2019-11-13;"quarta-feira";"08:00:00";"SC";101;132;"BALNEARIO CAMBORIU";"Falta de Atenção à Condução";"Colisão com objeto estático";"Com Vítimas Feridas";"Pleno dia";"Decrescente";"Nublado";"Dupla";"Reta";"Sim";1;0;1;0;0;0;1;1;-26,99654133;-48,65564711;"SPRF-SC";"DEL04-SC";"UOP03-DEL04-SC"
249179;2019-11-13;"quarta-feira";"09:45:00";"BA";116;823,7;"VITORIA DA CONQUISTA";"Falta de Atenção à Condução";"Colisão lateral";"Com Vítimas Feridas";"Pleno dia";"Decrescente";"Céu Claro";"Dupla";"Reta";"Sim";2;0;1;0;1;0;1;2;-14,85979952;-40,84946763;"SPRF-BA";"DEL08-BA";"UOP01-DEL08-BA"
249182;2019-11-13;"quarta-feira";"10:50:00";"RN";304;295,3;"MACAIBA";"Falta de Atenção à Condução";"Colisão traseira";"Sem Vítimas";"Pleno dia";"Crescente";"Céu Claro";"Simples";"Reta";"Sim";4;0;0;0;4;0;0;2;-5,86605927;-35,35822096;"SPRF-RN";"DEL01-RN";"UOP02-DEL01-RN"
249183;2019-11-13;"quarta-feira";"09:50:00";"RJ";101;169,3;"MACAE";"Falta de Atenção à Condução";"Colisão com objeto estático";"Com Vítimas Feridas";"Pleno dia";"Decrescente";"Chuva";"Dupla";"Reta";"Não";1;0;1;0;0;0;1;1;-22,35125958;-41,9221205;"SPRF-RJ";"DEL02-RJ";"UOP04-DEL08-RJ"
249184;2019-11-13;"quarta-feira";"10:55:00";"MS";463;55,9;"PONTA PORA";"Falta de Atenção à Condução";"Saída de leito carroçável";"Com Vítimas Feridas";"Pleno dia";"Crescente";"Nublado";"Simples";"Reta";"Não";1;0;1;0;0;0;1;1;-22,39670405;-55,28954197;"SPRF-MS";"DEL04-MS";"UOP03-DEL04-MS"
249187;2019-11-13;"quarta-feira";"11:55:00";"SP";116;222,7;"GUARULHOS";"Desobediência às normas de trânsito pelo condutor";"Colisão lateral";"Com Vítimas Feridas";"Pleno dia";"Crescente";"Nublado";"Múltipla";"Reta";"Sim";3;0;1;0;2;0;1;3;-23,47093408;-46,51631097;"SPRF-SP";"DEL01-SP";"UOP01-DEL01-SP"
249188;2019-11-13;"quarta-feira";"12:17:00";"CE";116;79,9;"OCARA";"Falta de Atenção à Condução";"Saída de leito carroçável";"Com Vítimas Feridas";"Pleno dia";"Crescente";"Céu Claro";"Simples";"Reta";"Não";3;0;3;0;0;0;3;1;-4,38873492;-38,4326269;"SPRF-CE";"DEL03-CE";"UOP02-DEL03-CE"
249189;2019-11-13;"quarta-feira";"11:30:00";"RO";364;602,3;"ITAPUA DO OESTE";"Falta de Atenção à Condução";"Colisão lateral";"Com Vítimas Feridas";"Pleno dia";"Decrescente";"Céu Claro";"Dupla";"Reta";"Não";1;0;1;0;0;0;1;1;-9,20509766;-63,17616647;"SPRF-RO";"DEL03-RO";"UOP04-DEL01-RO"
249190;2019-11-13;"quarta-feira";"12:40:00";"SP";116;288;"ITAPECERICA DA SERRA";"Falta de Atenção à Condução";"Colisão traseira";"Com Vítimas Feridas";"Pleno dia";"Crescente";"Nublado";"Dupla";"Curva";"Não";3;0;1;0;2;0;1;2;-23,71882903;-46,88252633;"SPRF-SP";"DEL04-SP";"UOP01-DEL04-SP"
249192;2019-11-13;"quarta-feira";"10:46:00";"RJ";101;318;"SAO GONCALO";"Falta de Atenção à Condução";"Queda de ocupante de veículo";"Com Vítimas Feridas";"Pleno dia";"Decrescente";"Nublado";"Dupla";"Reta";"Sim";2;0;0;2;0;0;2;2;-22,84562994;-43,09841211;"SPRF-RJ";"DEL02-RJ";"UOP02-DEL02-RJ"
249193;2019-11-13;"quarta-feira";"12:00:00";"BA";116;10,7;"VITORIA DA CONQUISTA";"Desobediência às normas de trânsito pelo condutor";"Colisão transversal";"Com Vítimas Feridas";"Pleno dia";"Decrescente";"Sol";"Simples";"Rotatória";"Não";2;0;1;0;1;0;1;2;-14,851;-40,8485;"SPRF-BA";"DEL08-BA";"UOP01-DEL08-BA"
249194;2019-11-13;"quarta-feira";"10:22:00";"RR";174;504;"BOA VISTA";"Desobediência às normas de trânsito pelo condutor";"Colisão traseira";"Sem Vítimas";"Pleno dia";"Decrescente";"Céu Claro";"Dupla";"Reta";"Sim";2;0;0;0;2;0;0;2;2,801374;-60,694801;"SPRF-RR";"DEL01-RR";"UOP01-DEL01-RR"
249198;2019-11-13;"quarta-feira";"13:00:00";"ES";101;274;"SERRA";"Pista Escorregadia";"Colisão com objeto estático";"Com Vítimas Feridas";"Pleno dia";"Crescente";"Chuva";"Dupla";"Curva";"Não";1;0;1;0;0;0;1;1;-20,21288515;-40,29612219;"SPRF-ES";"DEL02-ES";"UOP01-DEL02-ES"
249199;2019-11-13;"quarta-feira";"11:50:00";"RJ";101;109,9;"CAMPOS DOS GOYTACAZES";"Defeito na Via";"Colisão transversal";"Com Vítimas Feridas";"Pleno dia";"Decrescente";"Chuva";"Dupla";"Declive;Curva";"Não";5;0;1;0;4;0;1;2;-21,94807706;-41,63725396;"SPRF-RJ";"DEL08-RJ";"UOP02-DEL08-RJ"
249200;2019-11-13;"quarta-feira";"13:00:00";"MG";365;749,5;"ITUIUTABA";"Falta de Atenção à Condução";"Colisão transversal";"Sem Vítimas";"Pleno dia";"Crescente";"Céu Claro";"Simples";"Curva";"Não";2;0;0;0;2;0;0;2;-18,93793339;-49,43876589;"SPRF-MG";"DEL15-MG";"UOP03-DEL15-MG"
249201;2019-11-13;"quarta-feira";"13:00:00";"PR";376;164;"MARINGA";"Não guardar distância de segurança";"Capotamento";"Com Vítimas Feridas";"Pleno dia";"Decrescente";"Céu Claro";"Dupla";"Reta";"Não";1;0;1;0;0;0;1;1;-23,38591406;-52,02449602;"SPRF-PR";"DEL07-PR";"UOP01-DEL09-PR"
249205;2019-11-13;"quarta-feira";"13:30:00";"MG";365;611;"UBERLANDIA";"Falta de Atenção à Condução";"Colisão traseira";"Com Vítimas Feridas";"Pleno dia";"Decrescente";"Céu Claro";"Dupla";"Viaduto";"Sim";2;0;1;0;1;0;1;2;-18,92793854;-48,19198317;"SPRF-MG";"DEL15-MG";"UOP01-DEL15-MG"
249207;2019-11-13;"quarta-feira";"08:30:00";"MA";135;22,5;"SAO LUIS";"Falta de Atenção à Condução";"Engavetamento";"Sem Vítimas";"Pleno dia";"Crescente";"Céu Claro";"Dupla";"Reta";"Sim";3;0;0;0;3;0;0;3;-2,53073;-44,3068;"SPRF-MA";"DEL01-MA";"UOP01-DEL01-MA"
249208;2019-10-30;"quarta-feira";"18:10:00";"SC";282;222,5;"LAGES";"Animais na Pista";"Atropelamento de Animal";"Com Vítimas Feridas";"Pleno dia";"Crescente";"Céu Claro";"Simples";"Reta";"Não";1;0;1;0;0;0;1;1;-27,797739;-50,353409;"SPRF-SC";"DEL05-SC";"UOP01-DEL05-SC"
249211;2019-11-13;"quarta-feira";"14:05:00";"SC";101;209;"SAO JOSE";"Falta de Atenção à Condução";"Colisão lateral";"Com Vítimas Feridas";"Pleno dia";"Decrescente";"Nublado";"Múltipla";"Reta";"Sim";3;0;0;1;2;0;1;3;-27,61000542;-48,63895057;"SPRF-SC";"DEL01-SC";"UOP01-DEL01-SC"
249216;2019-11-13;"quarta-feira";"12:10:00";"GO";153;505,1;"APARECIDA DE GOIANIA";"Falta de Atenção à Condução";"Colisão traseira";"Com Vítimas Feridas";"Pleno dia";"Crescente";"Céu Claro";"Dupla";"Reta";"Sim";2;0;2;0;0;0;2;2;-16,7451;-49,2408;"SPRF-GO";"DEL01-GO";"UOP01-DEL01-GO"
249217;2019-11-13;"quarta-feira";"13:55:00";"SP";153;62,3;"SAO JOSE DO RIO PRETO";"Não guardar distância de segurança";"Colisão traseira";"Com Vítimas Feridas";"Pleno dia";"Crescente";"Céu Claro";"Dupla";"Aclive";"Sim";4;0;1;0;3;0;1;3;-20,81325825;-49,35689449;"SPRF-SP";"DEL09-SP";"UOP01-DEL09-SP"
249219;2019-11-13;"quarta-feira";"08:40:00";"SP";488;1,3;"APARECIDA";"Desobediência às normas de trânsito pelo condutor";"Colisão transversal";"Com Vítimas Feridas";"Pleno dia";"Decrescente";"Céu Claro";"Dupla";"Reta";"Sim";2;0;2;0;0;0;2;2;-22,850164;-45,231808;"SPRF-SP";"DEL08-SP";"UOP01-DEL08-SP"
249220;2019-11-13;"quarta-feira";"15:00:00";"SP";381;54;"MAIRIPORA";"Falta de Atenção à Condução";"Colisão lateral";"Com Vítimas Feridas";"Pleno dia";"Crescente";"Chuva";"Dupla";"Reta";"Sim";3;0;1;0;2;0;1;2;-23,2449074;-46,59562343;"SPRF-SP";"DEL03-SP";"UOP01-DEL03-SP"
249224;2019-11-13;"quarta-feira";"16:00:00";"SC";470;122,6;"IBIRAMA";"Falta de Atenção à Condução";"Colisão frontal";"Com Vítimas Feridas";"Pleno dia";"Decrescente";"Chuva";"Simples";"Curva";"Não";2;0;1;0;1;0;1;2;-27,099888;-49,527679;"SPRF-SC";"DEL04-SC";"UOP02-DEL04-SC"
249226;2019-11-13;"quarta-feira";"15:00:00";"MG";40;787,5;"JUIZ DE FORA";"Velocidade Incompatível";"Colisão com objeto estático";"Com Vítimas Feridas";"Pleno dia";"Decrescente";"Nublado";"Dupla";"Curva";"Não";1;0;1;0;0;0;1;1;-21,73607735;-43,44262787;"SPRF-MG";"DEL05-MG";"UOP01-DEL05-MG"
249227;2019-11-13;"quarta-feira";"14:40:00";"RO";364;341,6;"JI-PARANA";"Ingestão de Álcool";"Tombamento";"Com Vítimas Feridas";"Pleno dia";"Decrescente";"Sol";"Dupla";"Interseção de Vias";"Sim";2;0;1;0;1;0;1;2;-10,88518876;-61,93576813;"SPRF-RO";"DEL02-RO";"UOP01-DEL02-RO"
249228;2019-08-04;"domingo";"14:00:00";"AC";364;36;"ACRELANDIA";"Defeito na Via";"Tombamento";"Com Vítimas Feridas";"Pleno dia";"Crescente";"Céu Claro";"Simples";"Reta";"Não";1;0;1;0;0;0;1;1;-9,94570874;-67,0587711;"SPRF-AC";"DEL01-AC";"UOP01-DEL01-AC"
249229;2019-11-13;"quarta-feira";"16:15:00";"PR";376;193;"MARIALVA";"Defeito Mecânico no Veículo";"Queda de ocupante de veículo";"Com Vítimas Feridas";"Pleno dia";"Decrescente";"Céu Claro";"Dupla";"Reta;Declive";"Não";1;0;1;0;0;0;1;1;-23,4897419;-51,78941697;"SPRF-PR";"DEL07-PR";"UOP01-DEL09-PR"
249231;2019-11-13;"quarta-feira";"16:10:00";"AL";316;77,7;"SANTANA DO IPANEMA";"Falta de Atenção à Condução";"Colisão transversal";"Com Vítimas Feridas";"Pleno dia";"Decrescente";"Céu Claro";"Simples";"Reta";"Não";2;0;0;1;1;0;1;2;-9,32973323;-37,30014015;"SPRF-AL";"DEL03-AL";"UOP02-DEL03-AL"
249234;2019-11-13;"quarta-feira";"16:20:00";"SP";116;227;"GUARULHOS";"Falta de Atenção à Condução";"Colisão traseira";"Com Vítimas Feridas";"Pleno dia";"Decrescente";"Nublado";"Múltipla";"Curva";"Sim";2;0;1;0;1;0;1;2;-23,49659264;-46,55648754;"SPRF-SP";"DEL01-SP";"UOP01-DEL01-SP"
249238;2019-11-13;"quarta-feira";"16:55:00";"RS";116;480,3;"TURUCU";"Ultrapassagem Indevida";"Colisão frontal";"Com Vítimas Feridas";"Pleno dia";"Crescente";"Nublado";"Simples";"Reta";"Não";4;0;1;1;2;0;2;2;-31,39676821;-52,15171787;"SPRF-RS";"DEL07-RS";"UOP01-DEL07-RS"
249239;2019-09-06;"sexta-feira";"16:15:00";"MG";40;805;"MATIAS BARBOSA";"Defeito na Via";"Queda de ocupante de veículo";"Com Vítimas Feridas";"Pleno dia";"Crescente";"Ignorado";"Dupla";"Reta";"Não";1;0;0;1;0;0;1;1;-21,86534291;-43,36765294;"SPRF-MG";"DEL05-MG";"UOP01-DEL05-MG"
249242;2019-11-13;"quarta-feira";"17:30:00";"RN";101;94,1;"NATAL";"Não guardar distância de segurança";"Colisão lateral";"Com Vítimas Feridas";"Plena Noite";"Decrescente";"Céu Claro";"Dupla";"Viaduto";"Sim";3;0;1;0;2;0;1;3;-5,83176615;-35,21191342;"SPRF-RN";"DEL01-RN";"UOP01-DEL01-RN"
249243;2019-11-13;"quarta-feira";"15:30:00";"MA";135;1,5;"SAO LUIS";"Falta de Atenção à Condução";"Atropelamento de Pedestre";"Com Vítimas Feridas";"Pleno dia";"Decrescente";"Céu Claro";"Dupla";"Reta";"Sim";3;0;2;1;0;0;3;2;-2,58917895;-44,24423719;"SPRF-MA";"DEL01-MA";"UOP01-DEL01-MA"
249244;2019-06-02;"domingo";"22:25:00";"MG";40;507,5;"RIBEIRAO DAS NEVES";"Falta de Atenção do Pedestre";"Atropelamento de Pedestre";"Com Vítimas Fatais";"Plena Noite";"Crescente";"Céu Claro";"Dupla";"Reta";"Sim";2;1;0;0;1;0;0;2;-19,75431705;-44,14152606;"SPRF-MG";"DEL02-MG";"UOP01-DEL02-MG"
249245;2019-11-13;"quarta-feira";"08:10:00";"MS";0;0;"PONTA PORA";"Animais na Pista";"Saída de leito carroçável";"Sem Vítimas";"Pleno dia";"Não Informado";"Sol";"Simples";"Curva";"Não";2;0;0;0;2;0;0;1;-21,836112;-55,761315;"SPRF-MS";"DEL05-MS";"UOP01-DEL05-MS"
249247;2019-11-13;"quarta-feira";"17:00:00";"MG";365;158;"PIRAPORA";"Velocidade Incompatível";"Saída de leito carroçável";"Com Vítimas Feridas";"Pleno dia";"Crescente";"Céu Claro";"Simples";"Reta";"Não";6;0;3;0;3;0;3;1;-17,348135;-44,907223;"SPRF-MG";"DEL12-MG";"UOP01-DEL12-MG"
249248;2019-11-13;"quarta-feira";"16:10:00";"RO";364;712;"PORTO VELHO";"Sinalização da via insuficiente ou inadequada";"Colisão transversal";"Com Vítimas Feridas";"Pleno dia";"Crescente";"Sol";"Dupla";"Rotatória";"Sim";2;0;0;1;1;0;1;2;-8,7770354;-63,87316466;"SPRF-RO";"DEL01-RO";"UOP01-DEL01-RO"
249249;2019-11-13;"quarta-feira";"18:00:00";"RJ";101;61;"CAMPOS DOS GOYTACAZES";"Desobediência às normas de trânsito pelo condutor";"Colisão transversal";"Com Vítimas Feridas";"Plena Noite";"Decrescente";"Nublado";"Simples";"Reta";"Não";2;0;0;1;1;0;1;2;-21,72655788;-41,32133519;"SPRF-RJ";"DEL08-RJ";"UOP01-DEL08-RJ"
249250;2019-11-13;"quarta-feira";"14:10:00";"MG";262;34;"MANHUACU";"Falta de Atenção à Condução";"Colisão transversal";"Com Vítimas Feridas";"Pleno dia";"Crescente";"Céu Claro";"Simples";"Rotatória";"Sim";2;0;1;0;1;0;1;2;-20,25692664;-42,01099203;"SPRF-MG";"DEL06-MG";"UOP03-DEL06-MG"
249254;2019-11-13;"quarta-feira";"17:45:00";"SC";101;197;"BIGUACU";"Pista Escorregadia";"Queda de ocupante de veículo";"Com Vítimas Feridas";"Anoitecer";"Crescente";"Chuva";"Dupla";"Curva";"Sim";2;0;1;0;1;0;1;1;-27,51844497;-48,63848496;"SPRF-SC";"DEL01-SC";"UOP01-DEL01-SC"
249255;2019-11-13;"quarta-feira";"16:30:00";"PR";467;91,8;"CASCAVEL";"Avarias e/ou desgaste excessivo no pneu";"Saída de leito carroçável";"Com Vítimas Feridas";"Pleno dia";"Decrescente";"Chuva";"Dupla";"Curva";"Não";1;0;1;0;0;0;1;1;-24,8515;-53,6035;"SPRF-PR";"DEL04-PR";"UOP01-DEL04-PR"
249256;2019-11-13;"quarta-feira";"18:10:00";"CE";116;3;"FORTALEZA";"Não guardar distância de segurança";"Engavetamento";"Sem Vítimas";"Plena Noite";"Decrescente";"Céu Claro";"Múltipla";"Reta";"Sim";4;0;0;0;2;2;0;4;-3,78017292;-38,51428097;"SPRF-CE";"DEL01-CE";"UOP02-DEL01-CE"
249257;2019-11-13;"quarta-feira";"09:58:00";"RJ";40;84;"PETROPOLIS";"Pista Escorregadia";"Saída de leito carroçável";"Com Vítimas Feridas";"Pleno dia";"Crescente";"Nublado";"Simples";"Reta";"Não";1;0;1;0;0;0;1;1;-22,52145512;-43,23707996;"SPRF-RJ";"DEL06-RJ";"UOP01-DEL06-RJ"
249258;2019-11-13;"quarta-feira";"18:00:00";"ES";101;271,2;"SERRA";"Falta de Atenção à Condução";"Colisão lateral";"Com Vítimas Feridas";"Plena Noite";"Crescente";"Chuva";"Dupla";"Reta";"Não";2;0;1;0;1;0;1;2;-20,23267;-40,27658;"SPRF-ES";"DEL02-ES";"UOP01-DEL02-ES"
249262;2019-11-13;"quarta-feira";"18:20:00";"ES";262;4,5;"CARIACICA";"Falta de Atenção à Condução";"Colisão traseira";"Com Vítimas Feridas";"Plena Noite";"Decrescente";"Chuva";"Dupla";"Reta";"Sim";2;0;1;0;1;0;1;2;-20,33676567;-40,38953131;"SPRF-ES";"DEL01-ES";"UOP01-DEL01-ES"
249263;2019-10-10;"quinta-feira";"14:51:00";"PR";0;0;"CURITIBA";"Falta de Atenção à Condução";"Queda de ocupante de veículo";"Com Vítimas Feridas";"Pleno dia";"Não Informado";"Nublado";"Simples";"Reta";"Sim";2;0;2;0;0;0;2;1;-25,53776142;-49,31426346;"SPRF-PR";"DEL01-PR";"UOP06-DEL01-PR"
249264;2019-11-13;"quarta-feira";"18:25:00";"PI";343;341,7;"TERESINA";"Defeito na Via";"Tombamento";"Com Vítimas Feridas";"Plena Noite";"Crescente";"Céu Claro";"Simples";"Reta";"Sim";1;0;1;0;0;0;1;1;-5,077812;-42,744255;"SPRF-PI";"DEL01-PI";"UOP01-DEL01-PI"
249266;2019-11-13;"quarta-feira";"17:40:00";"PI";343;339;"TERESINA";"Pista Escorregadia";"Tombamento";"Com Vítimas Feridas";"Anoitecer";"Decrescente";"Céu Claro";"Simples";"Reta";"Não";2;0;2;0;0;0;2;1;-5,067146;-42,730965;"SPRF-PI";"DEL01-PI";"UOP01-DEL01-PI"
249268;2019-11-13;"quarta-feira";"18:57:00";"GO";40;2,1;"VALPARAISO DE GOIAS";"Falta de Atenção do Pedestre";"Atropelamento de Pedestre";"Com Vítimas Fatais";"Plena Noite";"Decrescente";"Céu Claro";"Dupla";"Reta";"Sim";2;1;0;0;1;0;0;2;-16,067129;-47,984235;"SPRF-DF";"DEL01-DF";"UOP01-DEL01-DF"
249269;2019-11-13;"quarta-feira";"17:55:00";"MG";40;632;"CONSELHEIRO LAFAIETE";"Velocidade Incompatível";"Colisão traseira";"Com Vítimas Feridas";"Anoitecer";"Crescente";"Ignorado";"Dupla";"Declive";"Sim";2;0;1;0;1;0;1;2;-20,67348593;-43,7968977;"SPRF-MG";"DEL05-MG";"UOP02-DEL05-MG"
249272;2019-11-13;"quarta-feira";"19:00:00";"RN";101;95,3;"NATAL";"Não guardar distância de segurança";"Colisão traseira";"Com Vítimas Feridas";"Plena Noite";"Decrescente";"Céu Claro";"Múltipla";"Reta";"Sim";3;0;1;0;2;0;1;3;-5,84076841;-35,21035949;"SPRF-RN";"DEL01-RN";"UOP01-DEL01-RN"
249274;2019-11-13;"quarta-feira";"17:52:00";"RO";364;705;"PORTO VELHO";"Falta de Atenção à Condução";"Colisão lateral";"Com Vítimas Feridas";"Plena Noite";"Decrescente";"Chuva";"Dupla";"Declive";"Não";3;0;0;2;1;0;2;2;-8,80031556;-63,813994;"SPRF-RO";"DEL01-RO";"UOP01-DEL01-RO"
249275;2019-11-13;"quarta-feira";"19:01:00";"DF";70;8,7;"BRASILIA";"Ingestão de Álcool";"Colisão transversal";"Sem Vítimas";"Plena Noite";"Crescente";"Céu Claro";"Dupla";"Reta;Interseção de Vias";"Sim";2;0;0;0;2;0;0;2;-15,784966;-48,122108;"SPRF-DF";"DEL01-DF";"UOP02-DEL03-DF"
249276;2019-11-13;"quarta-feira";"18:30:00";"BA";116;16;"VITORIA DA CONQUISTA";"Falta de Atenção à Condução";"Colisão transversal";"Com Vítimas Feridas";"Plena Noite";"Crescente";"Céu Claro";"Simples";"Interseção de Vias";"Sim";2;0;1;0;1;0;1;2;-14,90248426;-40,84474683;"SPRF-BA";"DEL08-BA";"UOP01-DEL08-BA"
249277;2019-11-13;"quarta-feira";"17:20:00";"RS";287;378,1;"SANTIAGO";"Ultrapassagem Indevida";"Colisão traseira";"Sem Vítimas";"Pleno dia";"Decrescente";"Garoa/Chuvisco";"Simples";"Declive;Reta";"Não";5;0;0;0;4;1;0;3;-29,32031501;-54,75962812;"SPRF-RS";"DEL12-RS";"UOP02-DEL12-RS"
249280;2019-11-13;"quarta-feira";"16:46:00";"RN";226;355,4;"ALMINO AFONSO";"Velocidade Incompatível";"Saída de leito carroçável";"Com Vítimas Feridas";"Pleno dia";"Crescente";"Céu Claro";"Simples";"Curva";"Não";1;0;1;0;0;0;1;1;-6,14804316;-37,77580261;"SPRF-RN";"DEL04-RN";"UOP01-DEL04-RN"
249282;2019-11-13;"quarta-feira";"19:00:00";"GO";60;243,1;"INDIARA";"Desobediência às normas de trânsito pelo condutor";"Colisão lateral";"Com Vítimas Feridas";"Plena Noite";"Decrescente";"Céu Claro";"Dupla";"Reta";"Não";3;0;0;2;1;0;2;2;-17,10679066;-49,91799116;"SPRF-GO";"DEL01-GO";"UOP02-DEL01-GO"
249283;2019-11-09;"sábado";"18:30:00";"AM";319;102;"CAREIRO";"Falta de Atenção à Condução";"Colisão traseira";"Sem Vítimas";"Anoitecer";"Decrescente";"Chuva";"Simples";"Reta";"Sim";2;0;0;0;2;0;0;2;-3,76190519;-60,29891169;"SPRF-AM";"DEL01-AM";"UOP04-DEL01-AM"
249284;2019-10-06;"domingo";"18:10:00";"MS";163;55;"ELDORADO";"Restrição de Visibilidade";"Colisão traseira";"Com Vítimas Feridas";"Pleno dia";"Decrescente";"Nublado";"Simples";"Reta";"Não";3;0;0;1;2;0;1;2;-23,66167206;-54,25911291;"SPRF-MS";"DEL09-MS";"UOP02-DEL09-MS"
249285;2019-11-13;"quarta-feira";"18:00:00";"RR";401;0,2;"BOA VISTA";"Desobediência às normas de trânsito pelo pedestre";"Colisão lateral";"Com Vítimas Feridas";"Plena Noite";"Decrescente";"Céu Claro";"Múltipla";"Reta";"Sim";2;0;1;0;1;0;1;2;2,8061678;-60,68998;"SPRF-RR";"DEL01-RR";"UOP01-DEL01-RR"
249286;2019-11-13;"quarta-feira";"21:00:00";"CE";222;12;"CAUCAIA";"Falta de Atenção à Condução";"Colisão transversal";"Com Vítimas Feridas";"Plena Noite";"Decrescente";"Céu Claro";"Simples";"Curva";"Sim";2;0;1;0;1;0;1;2;-3,76479979;-38,66897196;"SPRF-CE";"DEL01-CE";"UOP01-DEL01-CE"
249287;2019-11-13;"quarta-feira";"19:40:00";"SC";101;334;"TUBARAO";"Desobediência às normas de trânsito pelo condutor";"Colisão transversal";"Com Vítimas Feridas";"Plena Noite";"Decrescente";"Céu Claro";"Simples";"Interseção de Vias";"Sim";3;0;1;0;2;0;1;2;-28,46982307;-49,01498795;"SPRF-SC";"DEL02-SC";"UOP01-DEL02-SC"
249289;2019-11-13;"quarta-feira";"20:55:00";"SC";101;347;"JAGUARUNA";"Defeito Mecânico no Veículo";"Incêndio";"Sem Vítimas";"Plena Noite";"Crescente";"Céu Claro";"Simples";"Reta";"Sim";1;0;0;0;1;0;0;1;-28,58335349;-49,05000687;"SPRF-SC";"DEL02-SC";"UOP01-DEL02-SC"