"id";"data_inversa";"dia_semana";"horario";"uf";"br";"km";"municipio";"causa_acidente";"tipo_acidente";"classificacao_acidente";"fase_dia";"sentido_via";"condicao_metereologica";"tipo_pista";"tracado_via";"uso_solo";"pessoas";"mortos";"feridos_leves";"feridos_graves";"ilesos";"ignorados";"feridos";"veiculos";"latitude";"longitude";"regional";"delegacia";"uop"
249418;2019-11-14;"quinta-feira";"14:08:00";"MA";316;617,6;"TIMON";"Falta de Atenção à Condução";"Colisão transversal";"Com Vítimas Feridas";"Pleno dia";"Crescente";"Céu Claro";"Dupla";"Interseção de Vias";"Sim";5;0;1;0;3;1;1;3;-5,102445;-42,829098;"SPRF-MA";"DEL03-MA";"UOP02-DEL03-MA"
249419;2019-11-14;"quinta-feira";"14:40:00";"SC";101;214,5;"PALHOCA";"Falta de Atenção à Condução";"Colisão lateral";"Sem Vítimas";"Pleno dia";"Decrescente";"Chuva";"Simples";"Reta";"Sim";2;0;0;0;2;0;0;2;-27,64443;-48,67057;"SPRF-SC";"DEL01-SC";"UOP02-DEL01-SC"
249424;2019-11-14;"quinta-feira";"15:30:00";"SC";282;1;"FLORIANOPOLIS";"Pista Escorregadia";"Queda de ocupante de veículo";"Com Vítimas Feridas";"Pleno dia";"Crescente";"Chuva";"Múltipla";"Declive";"Sim";1;0;1;0;0;0;1;1;-27,602955;-48,580509;"SPRF-SC";"DEL01-SC";"UOP01-DEL01-SC"
249425;2019-11-14;"quinta-feira";"15:30:00";"RS";392;352;"SANTA MARIA";"Falta de Atenção à Condução";"Colisão transversal";"Sem Vítimas";"Pleno dia";"Decrescente";"Céu Claro";"Simples";"Reta";"Sim";2;0;0;0;2;0;0;2;-29,72318072;-53,80656308;"SPRF-RS";"DEL09-RS";"UOP01-DEL09-RS"
249427;2019-11-14;"quinta-feira";"15:40:00";"PR";376;182,5;"SARANDI";"Falta de Atenção à Condução";"Colisão transversal";"Com Vítimas Feridas";"Pleno dia";"Decrescente";"Nublado";"Dupla";"Reta";"Sim";3;0;0;1;2;0;1;3;-23,43684112;-51,87880764;"SPRF-PR";"DEL07-PR";"UOP01-DEL09-PR"
249429;2019-11-14;"quinta-feira";"10:00:00";"RJ";101;421;"MANGARATIBA";"Falta de Atenção à Condução";"Colisão lateral";"Com Vítimas Feridas";"Pleno dia";"Crescente";"Chuva";"Simples";"Curva";"Não";9;0;7;0;2;0;7;4;-22,91666975;-43,93080593;"SPRF-RJ";"DEL03-RJ";"UOP01-DEL03-RJ"
249430;2019-11-14;"quinta-feira";"15:00:00";"MG";40;696;"BARBACENA";"Velocidade Incompatível";"Saída de leito carroçável";"Com Vítimas Feridas";"Pleno dia";"Crescente";"Chuva";"Dupla";"Declive;Curva";"Não";6;0;5;1;0;0;6;1;-21,14688299;-43,76443098;"SPRF-MG";"DEL05-MG";"UOP02-DEL05-MG"
249431;2019-11-14;"quinta-feira";"15:20:00";"DF";40;8;"BRASILIA";"Falta de Atenção à Condução";"Colisão lateral";"Com Vítimas Feridas";"Pleno dia";"Crescente";"Céu Claro";"Dupla";"Reta";"Sim";3;0;2;0;1;0;2;2;-16,038666;-47,979691;"SPRF-DF";"DEL01-DF";"UOP01-DEL01-DF"
249432;2019-11-14;"quinta-feira";"10:20:00";"SC";470;224;"SAO CRISTOVAO DO SUL";"Velocidade Incompatível";"Saída de leito carroçável";"Com Vítimas Feridas";"Pleno dia";"Decrescente";"Chuva";"Simples";"Curva";"Não";4;0;1;0;3;0;1;1;-27,32696;-50,342205;"SPRF-SC";"DEL05-SC";"UOP03-DEL05-SC"
249433;2019-11-14;"quinta-feira";"15:35:00";"SP";116;219;"GUARULHOS";"Não guardar distância de segurança";"Colisão lateral";"Com Vítimas Feridas";"Pleno dia";"Crescente";"Nublado";"Múltipla";"Reta";"Sim";3;0;1;0;2;0;1;3;-23,46046331;-46,48736574;"SPRF-SP";"DEL01-SP";"UOP01-DEL01-SP"
249434;2019-11-14;"quinta-feira";"15:50:00";"RJ";101;312;"SAO GONCALO";"Falta de Atenção à Condução";"Colisão lateral";"Sem Vítimas";"Pleno dia";"Decrescente";"Chuva";"Dupla";"Reta";"Sim";2;0;0;0;2;0;0;2;-22,80546555;-43,06156967;"SPRF-RJ";"DEL02-RJ";"UOP02-DEL02-RJ"
249436;2019-11-14;"quinta-feira";"14:40:00";"RO";319;62,3;"PORTO VELHO";"Falta de Atenção à Condução";"Colisão lateral";"Com Vítimas Feridas";"Pleno dia";"Decrescente";"Céu Claro";"Dupla";"Reta";"Sim";2;0;1;0;1;0;1;2;-8,74796975;-63,88851687;"SPRF-RO";"DEL01-RO";"UOP01-DEL01-RO"
249437;2019-11-14;"quinta-feira";"15:30:00";"MG";153;8,5;"ARAPORA";"Pista Escorregadia";"Saída de leito carroçável";"Com Vítimas Feridas";"Pleno dia";"Decrescente";"Chuva";"Dupla";"Reta";"Não";1;0;0;1;0;0;1;1;-18,48778001;-49,18862284;"SPRF-MG";"DEL15-MG";"UOP03-DEL15-MG"
249438;2019-11-14;"quinta-feira";"13:50:00";"GO";60;336;"SANTO ANTONIO DA BARRA";"Velocidade Incompatível";"Colisão traseira";"Com Vítimas Feridas";"Pleno dia";"Crescente";"Chuva";"Dupla";"Reta";"Não";6;0;1;1;2;2;2;2;-17,5397;-50,5703;"SPRF-GO";"DEL04-GO";"UOP01-DEL04-GO"
249439;2019-11-14;"quinta-feira";"08:00:00";"RO";364;779;"PORTO VELHO";"Defeito Mecânico no Veículo";"Incêndio";"Sem Vítimas";"Pleno dia";"Crescente";"Céu Claro";"Simples";"Reta";"Não";1;0;0;0;1;0;0;1;-9,18454814;-64,24133593;"SPRF-RO";"DEL01-RO";"UOP02-DEL01-RO"
249440;2019-11-14;"quinta-feira";"16:00:00";"SC";470;70,2;"INDAIAL";"Falta de Atenção à Condução";"Colisão traseira";"Com Vítimas Feridas";"Pleno dia";"Decrescente";"Garoa/Chuvisco";"Simples";"Reta";"Não";3;0;1;0;2;0;1;3;-26,889374;-49,254478;"SPRF-SC";"DEL04-SC";"UOP01-DEL04-SC"
249441;2019-11-14;"quinta-feira";"15:00:00";"RO";319;60,9;"PORTO VELHO";"Falta de Atenção à Condução";"Colisão lateral";"Sem Vítimas";"Pleno dia";"Decrescente";"Garoa/Chuvisco";"Simples";"Rotatória";"Sim";2;0;0;0;2;0;0;2;-8,73996545;-63,89027422;"SPRF-RO";"DEL01-RO";"UOP01-DEL01-RO"
249443;2019-11-07;"quinta-feira";"23:20:00";"PR";467;85;"CASCAVEL";"Defeito Mecânico no Veículo";"Tombamento";"Com Vítimas Feridas";"Plena Noite";"Decrescente";"Nublado";"Dupla";"Reta";"Não";1;0;0;1;0;0;1;1;-24,8057;-53,6718;"SPRF-PR";"DEL04-PR";"UOP01-DEL04-PR"
249445;2019-11-14;"quinta-feira";"13:15:00";"BA";101;688,2;"EUNAPOLIS";"Falta de Atenção à Condução";"Saída de leito carroçável";"Sem Vítimas";"Pleno dia";"Crescente";"Sol";"Simples";"Curva;Declive";"Não";1;0;0;0;1;0;0;1;-16,15268762;-39,59747314;"SPRF-BA";"DEL09-BA";"UOP01-DEL09-BA"
249446;2019-11-14;"quinta-feira";"15:30:00";"MS";463;12,3;"DOURADOS";"Defeito Mecânico no Veículo";"Colisão traseira";"Com Vítimas Feridas";"Pleno dia";"Crescente";"Céu Claro";"Simples";"Reta";"Não";2;0;1;0;1;0;1;2;-22,24262942;-54,92228508;"SPRF-MS";"DEL04-MS";"UOP01-DEL04-MS"
249448;2019-11-14;"quinta-feira";"16:10:00";"PB";230;376,1;"CONDADO";"Ingestão de Álcool";"Colisão transversal";"Com Vítimas Feridas";"Pleno dia";"Crescente";"Céu Claro";"Simples";"Reta";"Sim";2;0;2;0;0;0;2;2;-6,9108;-37,6026;"SPRF-PB";"DEL03-PB";"UOP02-DEL03-PB"
249449;2019-11-14;"quinta-feira";"16:35:00";"SP";116;153,7;"SAO JOSE DOS CAMPOS";"Não guardar distância de segurança";"Colisão lateral";"Com Vítimas Feridas";"Pleno dia";"Crescente";"Nublado";"Múltipla";"Reta";"Sim";2;0;1;0;1;0;1;2;-23,23262274;-45,91372624;"SPRF-SP";"DEL02-SP";"UOP01-DEL02-SP"
249450;2019-11-14;"quinta-feira";"17:10:00";"SC";101;124,5;"ITAJAI";"Não guardar distância de segurança";"Colisão traseira";"Com Vítimas Feridas";"Anoitecer";"Crescente";"Chuva";"Dupla";"Reta";"Não";2;0;1;0;1;0;1;2;-26,94335064;-48,69198648;"SPRF-SC";"DEL04-SC";"UOP04-DEL04-SC"
249451;2019-11-14;"quinta-feira";"17:10:00";"SP";116;148;"SAO JOSE DOS CAMPOS";"Falta de Atenção à Condução";"Colisão lateral";"Com Vítimas Feridas";"Pleno dia";"Crescente";"Céu Claro";"Dupla";"Reta";"Sim";2;0;1;0;1;0;1;2;-23,20067421;-45,8795018;"SPRF-SP";"DEL02-SP";"UOP01-DEL02-SP"
249452;2019-11-14;"quinta-feira";"16:35:00";"RN";110;48,2;"MOSSORO";"Ingestão de álcool e/ou substâncias psicoativas pelo pedestre";"Colisão traseira";"Com Vítimas Feridas";"Pleno dia";"Decrescente";"Céu Claro";"Dupla";"Reta";"Sim";2;0;1;0;1;0;1;2;-5,20881178;-37,33285083;"SPRF-RN";"DEL04-RN";"UOP01-DEL04-RN"
249453;2019-11-14;"quinta-feira";"16:00:00";"RO";364;699;"PORTO VELHO";"Falta de Atenção à Condução";"Colisão transversal";"Sem Vítimas";"Pleno dia";"Crescente";"Céu Claro";"Dupla";"Reta";"Não";2;0;0;0;2;0;0;2;-8,80042882;-63,760185;"SPRF-RO";"DEL01-RO";"UOP01-DEL01-RO"
249454;2019-11-14;"quinta-feira";"17:15:00";"MG";40;572,9;"ITABIRITO";"Pista Escorregadia";"Tombamento";"Com Vítimas Fatais";"Anoitecer";"Crescente";"Chuva";"Simples";"Reta";"Não";2;1;0;0;1;0;0;2;-20,23058501;-43,96905104;"SPRF-MG";"DEL01-MG";"UOP02-DEL01-MG"
249458;2019-11-14;"quinta-feira";"17:20:00";"PR";376;166;"MARINGA";"Não guardar distância de segurança";"Colisão traseira";"Com Vítimas Feridas";"Pleno dia";"Crescente";"Chuva";"Dupla";"Reta";"Não";3;0;1;0;2;0;1;2;-23,39663206;-52,00514304;"SPRF-PR";"DEL07-PR";"UOP01-DEL09-PR"
249460;2019-11-14;"quinta-feira";"17:40:00";"MG";381;477,7;"CONTAGEM";"Falta de Atenção à Condução";"Colisão lateral";"Com Vítimas Feridas";"Anoitecer";"Crescente";"Chuva";"Dupla";"Aclive";"Sim";2;0;1;0;1;0;1;2;-19,96179268;-44,05041676;"SPRF-MG";"DEL01-MG";"UOP03-DEL01-MG"
249461;2019-11-14;"quinta-feira";"15:10:00";"RS";290;175,8;"BUTIA";"Falta de Atenção à Condução";"Colisão transversal";"Com Vítimas Feridas";"Pleno dia";"Crescente";"Céu Claro";"Simples";"Reta";"Sim";2;0;1;0;1;0;1;2;-30,1322116;-51,97889328;"SPRF-RS";"DEL02-RS";"UOP02-DEL02-RS"
249463;2019-11-14;"quinta-feira";"18:00:00";"RS";386;32;"FREDERICO WESTPHALEN";"Desobediência às normas de trânsito pelo condutor";"Colisão transversal";"Com Vítimas Feridas";"Pleno dia";"Crescente";"Céu Claro";"Simples";"Interseção de Vias";"Sim";2;0;1;0;1;0;1;2;-27,341396;-53,387527;"SPRF-RS";"DEL08-RS";"UOP02-DEL08-RS"
249464;2019-11-14;"quinta-feira";"18:00:00";"RN";101;176,1;"CANGUARETAMA";"Falta de Atenção à Condução";"Queda de ocupante de veículo";"Com Vítimas Feridas";"Plena Noite";"Decrescente";"Ignorado";"Dupla";"Curva";"Não";2;0;2;0;0;0;2;1;-6,50166475;-35,11200246;"SPRF-RN";"DEL01-RN";"UOP01-DEL01-RN"
249465;2019-11-14;"quinta-feira";"17:30:00";"MG";381;604,5;"OLIVEIRA";"Velocidade Incompatível";"Capotamento";"Com Vítimas Feridas";"Anoitecer";"Crescente";"Chuva";"Dupla";"Curva";"Não";2;0;0;2;0;0;2;1;-20,65861706;-44,73695366;"SPRF-MG";"DEL04-MG";"UOP01-DEL04-MG"
249466;2019-11-14;"quinta-feira";"18:00:00";"SC";101;196;"BIGUACU";"Falta de Atenção à Condução";"Colisão transversal";"Com Vítimas Feridas";"Pleno dia";"Crescente";"Chuva";"Dupla";"Reta";"Sim";2;0;1;0;1;0;1;2;-27,51101091;-48,64322292;"SPRF-SC";"DEL01-SC";"UOP01-DEL01-SC"
249467;2019-11-14;"quinta-feira";"18:00:00";"RN";304;47;"MOSSORO";"Falta de Atenção à Condução";"Queda de ocupante de veículo";"Com Vítimas Feridas";"Plena Noite";"Crescente";"Céu Claro";"Dupla";"Reta";"Não";2;0;1;0;1;0;1;2;-5,22597224;-37,33086797;"SPRF-RN";"DEL04-RN";"UOP01-DEL04-RN"
249469;2019-10-22;"terça-feira";"07:55:00";"RJ";493;12;"GUAPIMIRIM";"Falta de Atenção à Condução";"Tombamento";"Com Vítimas Feridas";"Pleno dia";"Crescente";"Céu Claro";"Simples";"Reta";"Não";1;0;1;0;0;0;1;1;-22,68099881;-42,96670886;"SPRF-RJ";"DEL04-RJ";"UOP02-DEL04-RJ"
249472;2019-10-13;"domingo";"18:55:00";"GO";153;497,4;"GOIANIA";"Ingestão de Álcool";"Colisão com objeto estático";"Com Vítimas Feridas";"Plena Noite";"Decrescente";"Céu Claro";"Dupla";"Reta";"Sim";1;0;1;0;0;0;1;1;-16,6854;-49,2338;"SPRF-GO";"DEL01-GO";"UOP01-DEL01-GO"
249474;2019-11-14;"quinta-feira";"12:30:00";"SP";116;112,4;"TAUBATE";"Falta de Atenção à Condução";"Capotamento";"Sem Vítimas";"Pleno dia";"Crescente";"Céu Claro";"Dupla";"Reta";"Sim";1;0;0;0;1;0;0;1;-23,04159343;-45,57065616;"SPRF-SP";"DEL06-SP";"UOP02-DEL02-SP"
249475;2019-11-14;"quinta-feira";"18:30:00";"SC";101;214,3;"PALHOCA";"Falta de Atenção à Condução";"Colisão traseira";"Com Vítimas Feridas";"Pleno dia";"Crescente";"Garoa/Chuvisco";"Múltipla";"Reta";"Sim";2;0;0;1;1;0;1;2;-27,64443;-48,67057;"SPRF-SC";"DEL01-SC";"UOP02-DEL01-SC"
249476;2019-11-14;"quinta-feira";"11:40:00";"PI";343;480,4;"REGENERACAO";"Desobediência às normas de trânsito pelo condutor";"Colisão traseira";"Com Vítimas Feridas";"Pleno dia";"Decrescente";"Sol";"Simples";"Reta";"Não";4;0;1;2;1;0;3;1;-6,167801;-42,708553;"SPRF-PI";"DEL01-PI";"UOP02-DEL01-PI"
249477;2019-11-14;"quinta-feira";"17:00:00";"CE";222;3,6;"CAUCAIA";"Falta de Atenção à Condução";"Engavetamento";"Sem Vítimas";"Pleno dia";"Crescente";"Céu Claro";"Múltipla";"Ponte";"Não";4;0;0;0;3;1;0;4;-3,7403769;-38,59569202;"SPRF-CE";"DEL01-CE";"UOP01-DEL01-CE"
249478;2019-11-14;"quinta-feira";"15:45:00";"PR";277;128;"BALSA NOVA";"Falta de Atenção à Condução";"Queda de ocupante de veículo";"Com Vítimas Feridas";"Pleno dia";"Decrescente";"Garoa/Chuvisco";"Dupla";"Curva";"Não";1;0;1;0;0;0;1;1;-25,468497;-49,623641;"SPRF-PR";"DEL01-PR";"UOP06-DEL01-PR"
249481;2019-11-14;"quinta-feira";"18:40:00";"PR";277;363,7;"GUARAPUAVA";"Falta de Atenção à Condução";"Saída de leito carroçável";"Com Vítimas Feridas";"Plena Noite";"Crescente";"Chuva";"Simples";"Reta";"Não";3;0;2;0;1;0;2;1;-25,43671639;-51,64312731;"SPRF-PR";"DEL03-PR";"UOP01-DEL08-PR"
249483;2019-11-14;"quinta-feira";"17:55:00";"RS";290;131,2;"ELDORADO DO SUL";"Desobediência às normas de trânsito pelo condutor";"Colisão transversal";"Com Vítimas Fatais";"Pleno dia";"Crescente";"Nublado";"Simples";"Reta;Em Obras";"Não";3;1;0;0;1;1;0;3;-30,060116;-51,520683;"SPRF-RS";"DEL02-RS";"UOP01-DEL02-RS"
249484;2019-11-14;"quinta-feira";"18:41:00";"SC";101;8,7;"GARUVA";"Falta de Atenção à Condução";"Colisão traseira";"Com Vítimas Feridas";"Plena Noite";"Crescente";"Garoa/Chuvisco";"Dupla";"Reta";"Sim";2;0;1;0;1;0;1;2;-26,044942;-48,859703;"SPRF-SC";"DEL03-SC";"UOP01-DEL03-SC"
249486;2019-11-14;"quinta-feira";"18:55:00";"PR";376;175;"MARINGA";"Não guardar distância de segurança";"Colisão traseira";"Com Vítimas Feridas";"Plena Noite";"Crescente";"Garoa/Chuvisco";"Múltipla";"Reta";"Sim";2;0;1;0;1;0;1;2;-23,4113569;-51,9407767;"SPRF-PR";"DEL07-PR";"UOP01-DEL09-PR"
249487;2019-11-14;"quinta-feira";"16:00:00";"MG";365;645;"UBERLANDIA";"Velocidade Incompatível";"Saída de leito carroçável";"Com Vítimas Feridas";"Pleno dia";"Decrescente";"Nublado";"Dupla";"Reta";"Não";1;0;1;0;0;0;1;1;-18,87775999;-48,512251;"SPRF-MG";"DEL15-MG";"UOP01-DEL15-MG"
249488;2019-11-14;"quinta-feira";"18:50:00";"CE";222;305;"TIANGUA";"Ingestão de álcool e/ou substâncias psicoativas pelo pedestre";"Queda de ocupante de veículo";"Com Vítimas Feridas";"Plena Noite";"Decrescente";"Céu Claro";"Simples";"Reta";"Sim";1;0;0;1;0;0;1;1;-3,67107564;-40,96050301;"SPRF-CE";"DEL04-CE";"UOP02-DEL04-CE"
249490;2019-11-14;"quinta-feira";"18:50:00";"PE";232;21,1;"MORENO";"Desobediência às normas de trânsito pelo condutor";"Colisão transversal";"Com Vítimas Feridas";"Plena Noite";"Decrescente";"Céu Claro";"Dupla";"Curva";"Não";2;0;1;0;1;0;1;2;-8,09675;-35,080962;"SPRF-PE";"DEL01-PE";"UOP02-DEL02PE"
249493;2019-11-14;"quinta-feira";"18:45:00";"SP";116;230,7;"SAO PAULO";"Ingestão de Álcool";"Colisão lateral";"Sem Vítimas";"Anoitecer";"Decrescente";"Nublado";"Múltipla";"Reta";"Não";2;0;0;0;2;0;0;2;-23,52251783;-46,5855702;"SPRF-SP";"DEL01-SP";"UOP01-DEL01-SP"
249494;2019-11-14;"quinta-feira";"19:15:00";"RS";392;339,8;"SANTA MARIA";"Objeto estático sobre o leito carroçável";"Colisão com objeto estático";"Com Vítimas Feridas";"Plena Noite";"Crescente";"Céu Claro";"Simples";"Reta";"Não";2;0;2;0;0;0;2;1;-29,82941326;-53,76287548;"SPRF-RS";"DEL09-RS";"UOP01-DEL09-RS"
249495;2019-11-14;"quinta-feira";"19:00:00";"RJ";116;172;"BELFORD ROXO";"Falta de Atenção do Pedestre";"Atropelamento de Pedestre";"Com Vítimas Feridas";"Anoitecer";"Crescente";"Garoa/Chuvisco";"Múltipla";"Reta";"Sim";2;0;1;0;1;0;1;2;-22,80188151;-43,35043673;"SPRF-RJ";"DEL01-RJ";"UOP02-DEL01-RJ"
249496;2019-11-14;"quinta-feira";"19:40:00";"MG";50;79;"UBERLANDIA";"Condutor Dormindo";"Saída de leito carroçável";"Com Vítimas Feridas";"Plena Noite";"Decrescente";"Chuva";"Múltipla";"Declive";"Não";1;0;0;1;0;0;1;1;-18,986906;-48,211853;"SPRF-MG";"DEL15-MG";"UOP01-DEL15-MG"
249497;2019-11-14;"quinta-feira";"10:30:00";"SC";282;405,7;"JOACABA";"Velocidade Incompatível";"Saída de leito carroçável";"Com Vítimas Feridas";"Pleno dia";"Crescente";"Chuva";"Simples";"Curva";"Não";1;0;1;0;0;0;1;1;-27,09920901;-51,64964676;"SPRF-SC";"DEL07-SC";"UOP05-DEL07-SC"
249499;2019-11-14;"quinta-feira";"18:35:00";"PB";230;45,9;"SANTA RITA";"Falta de Atenção à Condução";"Colisão lateral";"Com Vítimas Feridas";"Plena Noite";"Crescente";"Céu Claro";"Dupla";"Reta";"Não";3;0;1;0;1;1;1;3;-7,16415947;-35,02587676;"SPRF-PB";"DEL01-PB";"UOP03-DEL01-PB"
249500;2019-11-14;"quinta-feira";"17:45:00";"BA";116;415,3;"FEIRA DE SANTANA";"Ingestão de Álcool";"Colisão transversal";"Com Vítimas Feridas";"Anoitecer";"Decrescente";"Céu Claro";"Simples";"Reta";"Sim";3;0;3;0;0;0;3;2;-12,159639;-38,9648641;"SPRF-BA";"DEL02-BA";"UOP01-DEL02-BA"
249501;2019-11-14;"quinta-feira";"19:30:00";"RJ";116;115;"MAGE";"Falta de Atenção à Condução";"Colisão transversal";"Com Vítimas Feridas";"Plena Noite";"Decrescente";"Garoa/Chuvisco";"Dupla";"Reta";"Sim";3;0;1;0;1;1;1;3;-22,58686665;-43,0179492;"SPRF-RJ";"DEL04-RJ";"UOP02-DEL04-RJ"
249502;2019-11-14;"quinta-feira";"18:20:00";"SC";101;258,6;"PAULO LOPES";"Velocidade Incompatível";"Colisão com objeto estático";"Com Vítimas Feridas";"Anoitecer";"Crescente";"Garoa/Chuvisco";"Dupla";"Curva;Declive";"Não";1;0;1;0;0;0;1;1;-28,0233864;-48,70299339;"SPRF-SC";"DEL02-SC";"UOP03-DEL02-SC"
249503;2019-11-14;"quinta-feira";"19:00:00";"ES";262;5;"CARIACICA";"Falta de Atenção à Condução";"Colisão lateral";"Com Vítimas Feridas";"Plena Noite";"Crescente";"Chuva";"Múltipla";"Reta";"Sim";2;0;1;0;0;1;1;2;-20,33707281;-40,38649924;"SPRF-ES";"DEL01-ES";"UOP01-DEL01-ES"
249504;2019-11-14;"quinta-feira";"19:45:00";"SC";101;113,3;"ITAJAI";"Ultrapassagem Indevida";"Colisão lateral";"Sem Vítimas";"Plena Noite";"Crescente";"Garoa/Chuvisco";"Dupla";"Reta";"Sim";2;0;0;0;1;1;0;2;-26,85311393;-48,72689927;"SPRF-SC";"DEL04-SC";"UOP04-DEL04-SC"
249505;2019-11-14;"quinta-feira";"19:55:00";"PR";277;621,6;"CEU AZUL";"Falta de Atenção à Condução";"Colisão transversal";"Com Vítimas Feridas";"Plena Noite";"Crescente";"Céu Claro";"Simples";"Reta";"Sim";6;0;1;1;4;0;2;2;-25,08676125;-53,7195729;"SPRF-PR";"DEL05-PR";"UOP02-DEL05-PR"
249506;2019-11-14;"quinta-feira";"19:00:00";"BA";242;571;"IBOTIRAMA";"Ultrapassagem Indevida";"Saída de leito carroçável";"Com Vítimas Feridas";"Plena Noite";"Crescente";"Céu Claro";"Simples";"Reta";"Não";1;0;1;0;0;0;1;1;-12,088978;-43,153677;"SPRF-BA";"DEL10-BA";"UOP03-DEL06-BA"
249509;2019-11-14;"quinta-feira";"20:20:00";"MG";365;3,9;"MONTES CLAROS";"Deficiência ou não Acionamento do Sistema de Iluminação/Sinalização do Veículo";"Colisão traseira";"Com Vítimas Feridas";"Plena Noite";"Decrescente";"Céu Claro";"Simples";"Reta";"Não";2;0;1;0;1;0;1;2;-16,74574399;-43,88392402;"SPRF-MG";"DEL12-MG";"UOP01-DEL12-MG"
249512;2019-11-14;"quinta-feira";"20:00:00";"MG";50;178;"UBERABA";"Falta de Atenção do Pedestre";"Atropelamento de Pedestre";"Com Vítimas Feridas";"Plena Noite";"Decrescente";"Chuva";"Dupla";"Reta";"Sim";2;0;1;0;1;0;1;2;-19,77896821;-47,94093599;"SPRF-MG";"DEL13-MG";"UOP01-DEL13-MG"
249514;2019-11-14;"quinta-feira";"21:00:00";"SC";282;216;"LAGES";"Falta de Atenção à Condução";"Colisão traseira";"Com Vítimas Feridas";"Plena Noite";"Crescente";"Céu Claro";"Simples";"Rotatória";"Sim";4;0;2;0;2;0;2;2;-27,797529;-50,291862;"SPRF-SC";"DEL05-SC";"UOP01-DEL05-SC"
249515;2019-09-16;"segunda-feira";"06:43:00";"PR";476;127;"CURITIBA";"Objeto estático sobre o leito carroçável";"Colisão com objeto estático";"Com Vítimas Feridas";"Amanhecer";"Crescente";"Ignorado";"Múltipla";"Reta";"Sim";1;0;1;0;0;0;1;1;-25,42797437;-49,22850251;"SPRF-PR";"DEL01-PR";"UOP07-DEL01-PR"
249524;2019-11-14;"quinta-feira";"21:00:00";"CE";222;76,8;"SAO LUIS DO CURU";"Falta de Atenção do Pedestre";"Atropelamento de Pedestre";"Com Vítimas Fatais";"Plena Noite";"Crescente";"Céu Claro";"Simples";"Reta";"Não";2;1;0;0;1;0;0;2;-3,6711782;-39,22446802;"SPRF-CE";"DEL04-CE";"UOP03-DEL04-CE"
249525;2019-11-14;"quinta-feira";"19:30:00";"SC";101;333,4;"TUBARAO";"Não guardar distância de segurança";"Colisão traseira";"Com Vítimas Feridas";"Plena Noite";"Decrescente";"Nublado";"Dupla";"Reta";"Sim";3;0;2;0;1;0;2;1;-28,46630107;-48,99653096;"SPRF-SC";"DEL02-SC";"UOP01-DEL02-SC"
249526;2019-11-14;"quinta-feira";"21:30:00";"MG";381;362;"JOAO MONLEVADE";"Velocidade Incompatível";"Capotamento";"Com Vítimas Feridas";"Plena Noite";"Crescente";"Chuva";"Simples";"Curva";"Não";1;0;1;0;0;0;1;1;-19,85643939;-43,24280693;"SPRF-MG";"DEL03-MG";"UOP01-DEL03-MG"
249528;2019-11-14;"quinta-feira";"19:50:00";"RS";290;182;"MINAS DO LEAO";"Falta de Atenção do Pedestre";"Atropelamento de Pedestre";"Com Vítimas Feridas";"Plena Noite";"Decrescente";"Nublado";"Simples";"Reta";"Sim";2;0;0;1;1;0;1;2;-30,141895;-52,033199;"SPRF-RS";"DEL02-RS";"UOP02-DEL02-RS"
249529;2019-11-14;"quinta-feira";"21:00:00";"RS";116;258,2;"ESTEIO";"Falta de Atenção à Condução";"Colisão lateral";"Sem Vítimas";"Plena Noite";"Decrescente";"Nublado";"Dupla";"Reta";"Não";2;0;0;0;2;0;0;2;-29,86150502;-51,18091535;"SPRF-RS";"DEL01-RS";"UOP02-DEL01-RS"
249530;2019-11-14;"quinta-feira";"19:30:00";"MT";364;474;"JANGADA";"Velocidade Incompatível";"Saída de leito carroçável";"Com Vítimas Feridas";"Plena Noite";"Crescente";"Chuva";"Simples";"Declive";"Não";2;0;2;0;0;0;2;1;-15,43256174;-56,33922156;"SPRF-MT";"DEL01-MT";"DEL2/4-UOP02/MT"
249531;2019-11-14;"quinta-feira";"20:00:00";"BA";101;198;"CACHOEIRA";"Animais na Pista";"Atropelamento de Animal";"Com Vítimas Feridas";"Plena Noite";"Crescente";"Céu Claro";"Simples";"Declive";"Não";1;0;1;0;0;0;1;1;-12,57124071;-38,97645117;"SPRF-BA";"DEL01-BA";"UOP03-DEL01-BA"
249532;2019-11-14;"quinta-feira";"15:13:00";"MG";381;501;"BETIM";"Não guardar distância de segurança";"Colisão lateral";"Sem Vítimas";"Pleno dia";"Decrescente";"Nublado";"Múltipla";"Reta";"Não";2;0;0;0;2;0;0;1;-20,03146447;-44,2377893;"SPRF-MG";"DEL01-MG";"UOP03-DEL01-MG"
249533;2019-11-14;"quinta-feira";"22:00:00";"RJ";393;110;"SAPUCAIA";"Falta de Atenção à Condução";"Capotamento";"Com Vítimas Feridas";"Plena Noite";"Crescente";"Chuva";"Simples";"Curva";"Não";3;0;0;1;2;0;1;1;-21,88984417;-42,70395997;"SPRF-RJ";"DEL06-RJ";"UOP01-DEL05-RJ"
249535;2019-11-14;"quinta-feira";"21:15:00";"SP";116;187,2;"SANTA ISABEL";"Pista Escorregadia";"Colisão com objeto estático";"Com Vítimas Feridas";"Plena Noite";"Crescente";"Chuva";"Dupla";"Reta";"Não";2;0;2;0;0;0;2;1;-23,35713072;-46,20737811;"SPRF-SP";"DEL02-SP";"UOP01-DEL02-SP"