"id";"data_inversa";"dia_semana";"horario";"uf";"br";"km";"municipio";"causa_acidente";"tipo_acidente";"classificacao_acidente";"fase_dia";"sentido_via";"condicao_metereologica";"tipo_pista";"tracado_via";"uso_solo";"pessoas";"mortos";"feridos_leves";"feridos_graves";"ilesos";"ignorados";"feridos";"veiculos";"latitude";"longitude";"regional";"delegacia";"uop"
249536;2019-11-13;"quarta-feira";"14:45:00";"TO";153;496;"PARAISO DO TOCANTINS";"Desobediência às normas de trânsito pelo condutor";"Colisão transversal";"Com Vítimas Feridas";"Pleno dia";"Crescente";"Céu Claro";"Simples";"Interseção de Vias";"Sim";2;0;1;0;1;0;1;2;-10,16527794;-48,88094578;"SPRF-TO";"DEL02-TO";"UOP01-DEL01-TO"
249541;2019-11-14;"quinta-feira";"21:00:00";"SC";101;413;"ARARANGUA";"Falta de Atenção à Condução";"Colisão transversal";"Com Vítimas Feridas";"Plena Noite";"Decrescente";"Nublado";"Simples";"Reta";"Sim";3;0;2;0;0;1;2;2;-28,94605997;-49,50428402;"SPRF-SC";"DEL02-SC";"UOP02-DEL02-SC"
249542;2019-11-14;"quinta-feira";"20:00:00";"PR";116;117;"CURITIBA";"Falta de Atenção à Condução";"Colisão traseira";"Com Vítimas Feridas";"Plena Noite";"Crescente";"Garoa/Chuvisco";"Dupla";"Reta";"Não";2;0;1;0;1;0;1;2;-25,54988723;-49,28248211;"SPRF-PR";"DEL01-PR";"UOP03-DEL01-PR"
249543;2019-11-14;"quinta-feira";"21:10:00";"MG";365;621;"UBERLANDIA";"Falta de Atenção à Condução";"Colisão com objeto estático";"Com Vítimas Fatais";"Plena Noite";"Crescente";"Chuva";"Dupla";"Reta";"Sim";1;1;0;0;0;0;0;1;-18,89016;-48,27021;"SPRF-MG";"DEL15-MG";"UOP01-DEL15-MG"
249545;2019-11-14;"quinta-feira";"22:40:00";"SC";470;68;"INDAIAL";"Falta de Atenção à Condução";"Tombamento";"Com Vítimas Feridas";"Plena Noite";"Decrescente";"Nublado";"Simples";"Interseção de Vias";"Sim";1;0;1;0;0;0;1;1;-26,88006702;-49,24228907;"SPRF-SC";"DEL04-SC";"UOP01-DEL04-SC"
249546;2019-11-14;"quinta-feira";"23:30:00";"SC";470;65,9;"INDAIAL";"Falta de Atenção à Condução";"Colisão frontal";"Com Vítimas Feridas";"Plena Noite";"Decrescente";"Garoa/Chuvisco";"Simples";"Reta";"Não";4;0;2;0;2;0;2;3;-26,870411;-49,211864;"SPRF-SC";"DEL04-SC";"UOP01-DEL04-SC"
249547;2019-11-14;"quinta-feira";"23:00:00";"GO";70;30;"COCALZINHO DE GOIAS";"Pista Escorregadia";"Colisão transversal";"Com Vítimas Fatais";"Plena Noite";"Crescente";"Chuva";"Simples";"Reta";"Não";6;2;3;1;0;0;4;2;-15,76741921;-48,45159973;"SPRF-DF";"DEL01-DF";"UOP02-DEL03-DF"
249549;2019-11-14;"quinta-feira";"21:40:00";"SC";470;138,1;"RIO DO SUL";"Ingestão de álcool e/ou substâncias psicoativas pelo pedestre";"Colisão transversal";"Com Vítimas Feridas";"Plena Noite";"Decrescente";"Nublado";"Simples";"Retorno Regulamentado";"Sim";2;0;1;0;1;0;1;2;-27,19430189;-49,62441266;"SPRF-SC";"DEL04-SC";"UOP02-DEL04-SC"
249550;2019-11-14;"quinta-feira";"23:40:00";"DF";20;18,4;"BRASILIA";"Falta de Atenção à Condução";"Saída de leito carroçável";"Com Vítimas Feridas";"Plena Noite";"Crescente";"Céu Claro";"Dupla";"Reta";"Sim";1;0;0;1;0;0;1;1;-15,61566215;-47,70583123;"SPRF-DF";"DEL02-DF";"UOP01-DEL02-DF"
249551;2019-11-14;"quinta-feira";"23:30:00";"ES";101;273,7;"SERRA";"Pista Escorregadia";"Colisão com objeto estático";"Com Vítimas Feridas";"Plena Noite";"Decrescente";"Nublado";"Dupla";"Reta";"Não";1;0;0;1;0;0;1;1;-20,22031233;-40,2905811;"SPRF-ES";"DEL02-ES";"UOP01-DEL02-ES"
249553;2019-11-15;"sexta-feira";"01:00:00";"PR";373;180;"PONTA GROSSA";"Ingestão de álcool e/ou substâncias psicoativas pelo pedestre";"Colisão traseira";"Sem Vítimas";"Plena Noite";"Crescente";"Nublado";"Simples";"Reta";"Sim";1;0;0;0;1;0;0;1;-25,03983629;-50,24852895;"SPRF-PR";"DEL03-PR";"UOP01-DEL03-PR"
249554;2019-11-15;"sexta-feira";"00:40:00";"RS";386;407,2;"TRIUNFO";"Falta de Atenção à Condução";"Colisão frontal";"Com Vítimas Feridas";"Plena Noite";"Decrescente";"Nublado";"Simples";"Declive;Reta";"Não";5;0;1;1;3;0;2;2;-29,786842;-51,543865;"SPRF-RS";"DEL04-RS";"UOP02-DEL04-RS"
249557;2019-11-15;"sexta-feira";"01:08:00";"SP";116;119,8;"CACAPAVA";"Falta de Atenção à Condução";"Colisão com objeto estático";"Com Vítimas Feridas";"Plena Noite";"Decrescente";"Céu Claro";"Dupla";"Reta";"Não";1;0;1;0;0;0;1;1;-23,06710044;-45,63562878;"SPRF-SP";"DEL06-SP";"UOP02-DEL02-SP"
249558;2019-11-15;"sexta-feira";"01:45:00";"RJ";393;284,5;"VOLTA REDONDA";"Ingestão de Álcool";"Tombamento";"Com Vítimas Feridas";"Plena Noite";"Crescente";"Chuva";"Simples";"Curva";"Sim";5;0;0;2;3;0;2;3;-22,47341979;-44,05990606;"SPRF-RJ";"DEL05-RJ";"UOP04-DEL05-RJ"
249561;2019-11-15;"sexta-feira";"00:30:00";"SP";381;86;"SAO PAULO";"Velocidade Incompatível";"Colisão traseira";"Com Vítimas Feridas";"Plena Noite";"Crescente";"Nublado";"Dupla";"Reta";"Sim";2;0;0;1;0;1;1;2;-23,45930499;-46,57161179;"SPRF-SP";"DEL03-SP";"UOP01-DEL03-SP"
249562;2019-11-15;"sexta-feira";"01:00:00";"SC";280;193;"MAFRA";"Ingestão de Álcool";"Saída de leito carroçável";"Com Vítimas Feridas";"Plena Noite";"Decrescente";"Nublado";"Simples";"Reta";"Não";1;0;1;0;0;0;1;1;-26,17717048;-50,00641103;"SPRF-SC";"DEL06-SC";"UOP01-DEL06-SC"
249564;2019-11-15;"sexta-feira";"04:00:00";"PR";277;79;"SAO JOSE DOS PINHAIS";"Ingestão de Álcool";"Colisão traseira";"Com Vítimas Feridas";"Plena Noite";"Decrescente";"Céu Claro";"Dupla";"Reta";"Sim";3;0;2;0;1;0;2;2;-25,46995493;-49,21241999;"SPRF-PR";"DEL01-PR";"UOP01-DEL01-PR"
249566;2019-11-15;"sexta-feira";"03:40:00";"MG";381;744;"TRES CORACOES";"Velocidade Incompatível";"Colisão com objeto estático";"Com Vítimas Feridas";"Plena Noite";"Decrescente";"Chuva";"Dupla";"Curva";"Sim";5;0;2;2;1;0;4;1;-21,63153073;-45,27650319;"SPRF-MG";"DEL16-MG";"UOP02-DEL16-MG"
249567;2019-11-15;"sexta-feira";"04:10:00";"SC";101;133,8;"BALNEARIO CAMBORIU";"Ingestão de Álcool";"Colisão com objeto estático";"Sem Vítimas";"Amanhecer";"Crescente";"Céu Claro";"Simples";"Rotatória";"Sim";1;0;0;0;1;0;0;1;-26,99936;-48,64609;"SPRF-SC";"DEL04-SC";"UOP03-DEL04-SC"
249568;2019-11-15;"sexta-feira";"04:55:00";"MG";381;508,9;"BETIM";"Falta de Atenção à Condução";"Colisão traseira";"Com Vítimas Feridas";"Amanhecer";"Crescente";"Chuva";"Múltipla";"Curva";"Não";2;0;0;1;0;1;1;2;-20,06277698;-44,29329002;"SPRF-MG";"DEL01-MG";"UOP03-DEL01-MG"
249569;2019-11-15;"sexta-feira";"05:30:00";"ES";101;333,7;"GUARAPARI";"Velocidade Incompatível";"Saída de leito carroçável";"Com Vítimas Feridas";"Amanhecer";"Crescente";"Garoa/Chuvisco";"Dupla";"Curva";"Não";2;0;0;2;0;0;2;1;-20,61942048;-40,51788222;"SPRF-ES";"DEL03-ES";"UOP01-DEL03-ES"
249570;2019-11-15;"sexta-feira";"05:20:00";"MG";381;857,7;"POUSO ALEGRE";"Velocidade Incompatível";"Saída de leito carroçável";"Com Vítimas Fatais";"Amanhecer";"Crescente";"Chuva";"Dupla";"Viaduto;Retorno Regulamentado;Reta";"Não";4;2;0;2;0;0;2;1;-22,30088222;-45,90053651;"SPRF-MG";"DEL16-MG";"UOP01-DEL16-MG"
249572;2019-11-15;"sexta-feira";"05:15:00";"MS";163;192,6;"CAARAPO";"Falta de Atenção à Condução";"Saída de leito carroçável";"Com Vítimas Feridas";"Amanhecer";"Crescente";"Céu Claro";"Simples";"Declive;Reta";"Não";1;0;1;0;0;0;1;1;-22,7787139;-54,76615906;"SPRF-MS";"DEL04-MS";"UOP02-DEL04-MS"
249575;2019-11-15;"sexta-feira";"02:50:00";"MG";50;100,7;"UBERLANDIA";"Falta de Atenção à Condução";"Tombamento";"Com Vítimas Feridas";"Plena Noite";"Crescente";"Céu Claro";"Dupla";"Declive;Curva";"Não";4;0;3;0;1;0;3;1;-19,1360921;-48,17067835;"SPRF-MG";"DEL15-MG";"UOP01-DEL15-MG"
249576;2019-11-15;"sexta-feira";"05:30:00";"PR";277;108;"CAMPO LARGO";"Falta de Atenção à Condução";"Colisão transversal";"Com Vítimas Feridas";"Amanhecer";"Crescente";"Nublado";"Dupla";"Reta";"Não";3;0;2;0;1;0;2;3;-25,437851;-49,445731;"SPRF-PR";"DEL01-PR";"UOP06-DEL01-PR"
249577;2019-11-15;"sexta-feira";"06:20:00";"SC";116;5,5;"MAFRA";"Falta de Atenção à Condução";"Colisão transversal";"Com Vítimas Feridas";"Amanhecer";"Crescente";"Céu Claro";"Simples";"Rotatória";"Sim";2;0;1;0;1;0;1;2;-26,14555695;-49,82173204;"SPRF-SC";"DEL06-SC";"UOP01-DEL06-SC"
249578;2019-11-15;"sexta-feira";"03:00:00";"MT";364;550,1;"ROSARIO OESTE";"Falta de Atenção à Condução";"Capotamento";"Sem Vítimas";"Plena Noite";"Decrescente";"Nublado";"Dupla";"Reta";"Não";1;0;0;0;1;0;0;1;-14,80940473;-56,41410828;"SPRF-MT";"DEL01-MT";"UOP01-DEL01-MT"
249580;2019-11-15;"sexta-feira";"05:50:00";"RJ";116;288;"BARRA MANSA";"Pista Escorregadia";"Colisão com objeto estático";"Com Vítimas Feridas";"Pleno dia";"Crescente";"Chuva";"Dupla";"Curva";"Sim";1;0;0;1;0;0;1;1;-22,48686584;-44,25027602;"SPRF-RJ";"DEL07-RJ";"UOP02-DEL07-RJ"
249581;2019-11-15;"sexta-feira";"06:55:00";"RJ";101;325;"NITEROI";"Falta de Atenção à Condução";"Colisão traseira";"Com Vítimas Feridas";"Pleno dia";"Decrescente";"Céu Claro";"Múltipla";"Reta";"Não";1;0;0;1;0;0;1;1;-22,87292569;-43,13625699;"SPRF-RJ";"DEL02-RJ";"UOP02-DEL02-RJ"
249583;2019-11-15;"sexta-feira";"06:00:00";"PR";277;483,3;"NOVA LARANJEIRAS";"Falta de Atenção à Condução";"Saída de leito carroçável";"Com Vítimas Feridas";"Amanhecer";"Crescente";"Nevoeiro/Neblina";"Simples";"Curva";"Não";4;0;2;1;1;0;3;1;-25,2637012;-52,6233651;"SPRF-PR";"DEL04-PR";"UOP02-DEL04-PR"
249584;2019-11-14;"quinta-feira";"19:45:00";"RJ";40;6;"TRES RIOS";"Pista Escorregadia";"Colisão com objeto estático";"Com Vítimas Feridas";"Plena Noite";"Decrescente";"Chuva";"Dupla";"Curva";"Não";5;0;2;0;3;0;2;1;-22,0261703;-43,23146528;"SPRF-RJ";"DEL06-RJ";"UOP02-DEL05-RJ"
249585;2019-11-11;"segunda-feira";"11:10:00";"RS";285;173;"LAGOA VERMELHA";"Falta de Atenção à Condução";"Colisão frontal";"Com Vítimas Feridas";"Pleno dia";"Crescente";"Céu Claro";"Simples";"Reta";"Não";4;0;0;3;1;0;3;2;-28,320171;-51,343876;"SPRF-RS";"DEL08-RS";"UOP05-DEL08-RS"
249587;2019-11-15;"sexta-feira";"06:30:00";"PR";376;600;"CURITIBA";"Falta de Atenção à Condução";"Colisão traseira";"Com Vítimas Feridas";"Pleno dia";"Crescente";"Céu Claro";"Dupla";"Aclive;Reta";"Sim";2;0;1;0;1;0;1;2;-25,53195602;-49,32205901;"SPRF-PR";"DEL01-PR";"UOP06-DEL01-PR"
249589;2019-11-15;"sexta-feira";"06:00:00";"RS";287;524;"SAO BORJA";"Condutor Dormindo";"Saída de leito carroçável";"Com Vítimas Feridas";"Amanhecer";"Decrescente";"Nublado";"Simples";"Reta";"Não";1;0;1;0;0;0;1;1;-28,6951155;-55,87902614;"SPRF-RS";"DEL12-RS";"UOP01-DEL12-RS"
249591;2019-11-15;"sexta-feira";"04:40:00";"MG";381;316;"NOVA ERA";"Velocidade Incompatível";"Capotamento";"Com Vítimas Feridas";"Amanhecer";"Decrescente";"Chuva";"Simples";"Curva";"Não";5;0;2;0;3;0;2;1;-19,69896406;-42,99486928;"SPRF-MG";"DEL03-MG";"UOP02-DEL03-MG"
249593;2019-11-15;"sexta-feira";"05:40:00";"RO";364;696;"PORTO VELHO";"Falta de Atenção à Condução";"Capotamento";"Com Vítimas Feridas";"Pleno dia";"Decrescente";"Céu Claro";"Dupla";"Reta";"Não";2;0;1;0;1;0;1;1;-8,80049441;-63,73889923;"SPRF-RO";"DEL01-RO";"UOP01-DEL01-RO"
249594;2019-11-15;"sexta-feira";"07:30:00";"RJ";40;41,8;"AREAL";"Pista Escorregadia";"Colisão com objeto estático";"Com Vítimas Feridas";"Pleno dia";"Decrescente";"Garoa/Chuvisco";"Dupla";"Curva";"Não";4;0;1;0;3;0;1;1;-22,24770805;-43,10581955;"SPRF-RJ";"DEL06-RJ";"UOP02-DEL05-RJ"
249596;2019-11-15;"sexta-feira";"06:45:00";"RS";101;37;"TRES FORQUILHAS";"Falta de Atenção à Condução";"Colisão traseira";"Com Vítimas Feridas";"Pleno dia";"Decrescente";"Céu Claro";"Dupla";"Curva";"Não";8;0;3;0;5;0;3;2;-29,52949399;-50,00468492;"SPRF-RS";"DEL03-RS";"UOP02-DEL03-RS"
249598;2019-11-15;"sexta-feira";"06:30:00";"RO";364;256,8;"CACOAL";"Fenômenos da Natureza";"Colisão com objeto estático";"Com Vítimas Feridas";"Pleno dia";"Crescente";"Nublado";"Simples";"Reta";"Não";5;0;4;1;0;0;5;1;-11,43557706;-61,615763;"SPRF-RO";"DEL02-RO";"UOP02-DEL02-RO"
249599;2019-11-15;"sexta-feira";"07:50:00";"RS";158;196;"CRUZ ALTA";"Desobediência às normas de trânsito pelo condutor";"Colisão transversal";"Sem Vítimas";"Pleno dia";"Decrescente";"Céu Claro";"Simples";"Interseção de Vias";"Sim";2;0;0;0;2;0;0;2;-28,65262927;-53,58355777;"SPRF-RS";"DEL10-RS";"UOP02-DEL10-RS"
249600;2019-11-15;"sexta-feira";"06:10:00";"RO";364;343;"JI-PARANA";"Desobediência às normas de trânsito pelo condutor";"Colisão com objeto estático";"Com Vítimas Feridas";"Amanhecer";"Crescente";"Céu Claro";"Múltipla";"Reta";"Sim";1;0;1;0;0;0;1;1;-10,87878519;-61,94499012;"SPRF-RO";"DEL02-RO";"UOP01-DEL02-RO"
249602;2019-11-15;"sexta-feira";"07:00:00";"MS";262;197,6;"RIBAS DO RIO PARDO";"Desobediência às normas de trânsito pelo condutor";"Capotamento";"Com Vítimas Feridas";"Pleno dia";"Crescente";"Céu Claro";"Simples";"Reta";"Não";2;0;2;0;0;0;2;1;-20,45692236;-53,35747693;"SPRF-MS";"DEL07-MS";"UOP02-DEL07-MS"
249603;2019-11-15;"sexta-feira";"07:40:00";"MG";40;731,4;"SANTOS DUMONT";"Velocidade Incompatível";"Colisão com objeto estático";"Com Vítimas Fatais";"Pleno dia";"Crescente";"Ignorado";"Dupla";"Curva";"Não";4;1;3;0;0;0;3;1;-21,34218094;-43,58845595;"SPRF-MG";"DEL05-MG";"UOP01-DEL05-MG"
249604;2019-11-15;"sexta-feira";"05:50:00";"MG";381;761,7;"TRES CORACOES";"Velocidade Incompatível";"Colisão com objeto estático";"Com Vítimas Feridas";"Amanhecer";"Crescente";"Chuva";"Dupla";"Curva";"Não";3;0;1;0;2;0;1;1;-21,73238173;-45,38248249;"SPRF-MG";"DEL16-MG";"UOP02-DEL16-MG"
249605;2019-11-15;"sexta-feira";"07:50:00";"PR";376;516,4;"PONTA GROSSA";"Falta de Atenção à Condução";"Saída de leito carroçável";"Com Vítimas Feridas";"Pleno dia";"Decrescente";"Céu Claro";"Dupla";"Curva";"Não";2;0;1;0;1;0;1;1;-25,25851391;-50,01311302;"SPRF-PR";"DEL03-PR";"UOP04-DEL03-PR"
249606;2019-11-15;"sexta-feira";"08:40:00";"GO";414;407;"ABADIANIA";"Falta de Atenção à Condução";"Colisão transversal";"Com Vítimas Feridas";"Pleno dia";"Crescente";"Céu Claro";"Simples";"Curva";"Não";3;0;2;0;1;0;2;2;-16,028862;-48,849067;"SPRF-GO";"DEL02-GO";"UOP01-DEL02-GO"
249607;2019-11-15;"sexta-feira";"08:45:00";"PR";163;283;"MARECHAL CANDIDO RONDON";"Não guardar distância de segurança";"Colisão frontal";"Com Vítimas Feridas";"Pleno dia";"Decrescente";"Céu Claro";"Simples";"Reta";"Não";5;0;3;1;1;0;4;2;-24,56866956;-54,0304184;"SPRF-PR";"DEL06-PR";"UOP02-DEL06-PR"
249608;2019-11-14;"quinta-feira";"21:00:00";"RS";290;562;"ALEGRETE";"Avarias e/ou desgaste excessivo no pneu";"Capotamento";"Sem Vítimas";"Plena Noite";"Crescente";"Céu Claro";"Simples";"Reta";"Não";3;0;0;0;3;0;0;1;-29,875063;-55,612095;"SPRF-RS";"DEL13-RS";"UOP02-DEL13-RS"
249611;2019-11-15;"sexta-feira";"08:30:00";"ES";101;291;"CARIACICA";"Falta de Atenção à Condução";"Colisão lateral";"Com Vítimas Feridas";"Pleno dia";"Crescente";"Céu Claro";"Dupla";"Reta";"Sim";2;0;0;1;1;0;1;2;-20,29755744;-40,39445616;"SPRF-ES";"DEL01-ES";"UOP01-DEL01-ES"
249612;2019-11-15;"sexta-feira";"08:15:00";"PR";277;71,1;"SAO JOSE DOS PINHAIS";"Não guardar distância de segurança";"Colisão traseira";"Com Vítimas Feridas";"Pleno dia";"Decrescente";"Sol";"Dupla";"Reta";"Sim";4;0;1;0;3;0;1;4;-25,52920381;-49,08862791;"SPRF-PR";"DEL01-PR";"UOP01-DEL01-PR"
249613;2019-11-15;"sexta-feira";"07:47:00";"MG";40;508,5;"RIBEIRAO DAS NEVES";"Animais na Pista";"Colisão traseira";"Com Vítimas Feridas";"Pleno dia";"Crescente";"Chuva";"Dupla";"Reta";"Sim";3;0;1;0;2;0;1;2;-19,74214657;-44,14877415;"SPRF-MG";"DEL02-MG";"UOP01-DEL02-MG"
249614;2019-11-15;"sexta-feira";"09:00:00";"PI";316;19;"TERESINA";"Pista Escorregadia";"Tombamento";"Com Vítimas Feridas";"Pleno dia";"Crescente";"Céu Claro";"Simples";"Reta";"Não";1;0;1;0;0;0;1;1;-5,25133097;-42,73007082;"SPRF-PI";"DEL01-PI";"UOP02-DEL01-PI"
249615;2019-11-15;"sexta-feira";"08:00:00";"MG";262;379;"JUATUBA";"Falta de Atenção à Condução";"Tombamento";"Com Vítimas Feridas";"Pleno dia";"Crescente";"Chuva";"Múltipla";"Declive";"Não";1;0;1;0;0;0;1;1;-19,95241506;-44,37342001;"SPRF-MG";"DEL01-MG";"UOP03-DEL01-MG"
249616;2019-11-15;"sexta-feira";"08:49:00";"SP";116;76,4;"ROSEIRA";"Pista Escorregadia";"Queda de ocupante de veículo";"Com Vítimas Feridas";"Pleno dia";"Decrescente";"Chuva";"Dupla";"Reta";"Não";1;0;1;0;0;0;1;1;-22,87747687;-45,27203908;"SPRF-SP";"DEL06-SP";"UOP01-DEL06-SP"
249617;2019-11-15;"sexta-feira";"05:36:00";"MG";381;603,7;"OLIVEIRA";"Velocidade Incompatível";"Saída de leito carroçável";"Com Vítimas Feridas";"Amanhecer";"Crescente";"Chuva";"Dupla";"Declive;Curva";"Não";3;0;3;0;0;0;3;1;-20,64973798;-44,73551891;"SPRF-MG";"DEL04-MG";"UOP01-DEL04-MG"
249618;2019-11-15;"sexta-feira";"01:00:00";"GO";20;218;"POSSE";"Animais na Pista";"Capotamento";"Com Vítimas Feridas";"Plena Noite";"Crescente";"Céu Claro";"Simples";"Reta";"Não";4;0;1;0;3;0;1;1;-14,215491;-46,334827;"SPRF-DF";"DEL02-DF";"UOP03-DEL02-DF"
249619;2019-11-15;"sexta-feira";"07:00:00";"MG";381;930;"ITAPEVA";"Velocidade Incompatível";"Colisão com objeto estático";"Com Vítimas Feridas";"Pleno dia";"Crescente";"Chuva";"Dupla";"Curva";"Não";2;0;1;0;1;0;1;1;-22,77108245;-46,23684329;"SPRF-MG";"DEL16-MG";"UOP03-DEL16-MG"
249620;2019-11-15;"sexta-feira";"07:20:00";"MG";381;930;"ITAPEVA";"Velocidade Incompatível";"Saída de leito carroçável";"Com Vítimas Feridas";"Pleno dia";"Crescente";"Chuva";"Dupla";"Curva";"Não";4;0;2;0;2;0;2;2;-22,78947604;-46,24454498;"SPRF-MG";"DEL16-MG";"UOP03-DEL16-MG"
249623;2019-11-15;"sexta-feira";"09:30:00";"TO";153;86;"WANDERLANDIA";"Falta de Atenção à Condução";"Saída de leito carroçável";"Com Vítimas Feridas";"Pleno dia";"Decrescente";"Nublado";"Simples";"Curva";"Não";1;0;0;1;0;0;1;1;-6,80494147;-47,99729202;"SPRF-TO";"DEL02-TO";"UOP01-DEL02-TO"
249624;2019-11-15;"sexta-feira";"07:28:00";"RO";364;704,8;"PORTO VELHO";"Velocidade Incompatível";"Saída de leito carroçável";"Com Vítimas Feridas";"Pleno dia";"Decrescente";"Nublado";"Dupla";"Reta";"Sim";4;0;1;1;0;2;2;2;-8,80032739;-63,804543;"SPRF-RO";"DEL01-RO";"UOP01-DEL01-RO"
249626;2019-11-15;"sexta-feira";"09:45:00";"MG";40;462;"SETE LAGOAS";"Pista Escorregadia";"Colisão transversal";"Com Vítimas Feridas";"Pleno dia";"Crescente";"Garoa/Chuvisco";"Dupla";"Reta";"Não";3;0;2;0;1;0;2;2;-19,4136917;-44,33879427;"SPRF-MG";"DEL02-MG";"UOP01-DEL02-MG"
249628;2019-11-15;"sexta-feira";"08:30:00";"RN";101;105;"PARNAMIRIM";"Falta de Atenção à Condução";"Colisão lateral";"Com Vítimas Feridas";"Pleno dia";"Crescente";"Sol";"Dupla";"Reta";"Sim";2;0;1;0;1;0;1;2;-5,90165196;-35,25928517;"SPRF-RN";"DEL01-RN";"UOP01-DEL01-RN"
249629;2019-11-15;"sexta-feira";"09:00:00";"MG";365;159;"PIRAPORA";"Objeto estático sobre o leito carroçável";"Queda de ocupante de veículo";"Com Vítimas Feridas";"Pleno dia";"Crescente";"Céu Claro";"Simples";"Reta";"Não";2;0;1;0;0;1;1;2;-17,35543992;-44,91271708;"SPRF-MG";"DEL12-MG";"UOP01-DEL12-MG"
249630;2019-11-15;"sexta-feira";"09:30:00";"SC";101;401;"MARACAJA";"Defeito Mecânico no Veículo";"Saída de leito carroçável";"Com Vítimas Feridas";"Pleno dia";"Crescente";"Céu Claro";"Dupla";"Reta";"Sim";1;0;1;0;0;0;1;1;-28,85594274;-49,44019434;"SPRF-SC";"DEL02-SC";"UOP02-DEL02-SC"
249631;2019-11-15;"sexta-feira";"09:15:00";"RJ";40;31;"AREAL";"Velocidade Incompatível";"Saída de leito carroçável";"Sem Vítimas";"Pleno dia";"Decrescente";"Chuva";"Dupla";"Curva";"Não";7;0;0;0;7;0;0;2;-22,19245612;-43,16023202;"SPRF-RJ";"DEL06-RJ";"UOP02-DEL05-RJ"
249633;2019-11-15;"sexta-feira";"09:20:00";"SC";101;110,9;"NAVEGANTES";"Falta de Atenção à Condução";"Colisão traseira";"Com Vítimas Feridas";"Pleno dia";"Crescente";"Céu Claro";"Dupla";"Reta";"Sim";4;0;1;0;3;0;1;3;-26,83477;-48,706151;"SPRF-SC";"DEL04-SC";"UOP04-DEL04-SC"
249634;2019-11-08;"sexta-feira";"19:22:00";"SC";480;124,5;"CHAPECO";"Falta de Atenção à Condução";"Colisão traseira";"Com Vítimas Feridas";"Plena Noite";"Decrescente";"Céu Claro";"Dupla";"Reta";"Sim";2;0;1;0;1;0;1;2;-27,00359519;-52,64391044;"SPRF-SC";"DEL07-SC";"UOP01-DEL07-SC"
249635;2019-11-15;"sexta-feira";"10:00:00";"SC";470;12,1;"NAVEGANTES";"Desobediência às normas de trânsito pelo condutor";"Colisão transversal";"Com Vítimas Feridas";"Pleno dia";"Crescente";"Sol";"Simples";"Reta";"Não";3;0;0;1;2;0;1;2;-26,835169;-48,757267;"SPRF-SC";"DEL04-SC";"UOP04-DEL04-SC"
249637;2019-11-15;"sexta-feira";"09:50:00";"SC";101;41;"JOINVILLE";"Falta de Atenção à Condução";"Colisão lateral";"Com Vítimas Feridas";"Pleno dia";"Crescente";"Céu Claro";"Dupla";"Aclive;Curva";"Não";3;0;2;0;1;0;2;2;-26,28215489;-48,88973081;"SPRF-SC";"DEL03-SC";"UOP01-DEL03-SC"
249638;2019-11-15;"sexta-feira";"08:29:00";"SC";470;44,6;"GASPAR";"Desobediência às normas de trânsito pelo condutor";"Colisão transversal";"Com Vítimas Fatais";"Pleno dia";"Decrescente";"Céu Claro";"Simples";"Reta";"Não";3;1;2;0;0;0;2;2;-26,870665;-49,021896;"SPRF-SC";"DEL04-SC";"UOP01-DEL04-SC"
249639;2019-11-15;"sexta-feira";"09:00:00";"BA";101;220;"CRUZ DAS ALMAS";"Desobediência às normas de trânsito pelo condutor";"Engavetamento";"Com Vítimas Feridas";"Pleno dia";"Crescente";"Céu Claro";"Simples";"Reta";"Não";4;0;3;0;1;0;3;1;-12,660354;-39,12672;"SPRF-BA";"DEL01-BA";"UOP02-DEL01-BA"
249640;2019-11-15;"sexta-feira";"10:00:00";"ES";101;106;"SOORETAMA";"Falta de Atenção à Condução";"Queda de ocupante de veículo";"Com Vítimas Feridas";"Pleno dia";"Decrescente";"Garoa/Chuvisco";"Simples";"Reta";"Não";1;0;0;1;0;0;1;1;-19,02940988;-40,01887727;"SPRF-ES";"DEL04-ES";"UOP01-DEL04-ES"
249641;2019-11-15;"sexta-feira";"09:40:00";"RJ";116;279,1;"BARRA MANSA";"Avarias e/ou desgaste excessivo no pneu";"Saída de leito carroçável";"Com Vítimas Feridas";"Pleno dia";"Decrescente";"Chuva";"Dupla";"Aclive;Curva";"Não";4;0;3;0;1;0;3;1;-22,54744306;-44,1836602;"SPRF-RJ";"DEL07-RJ";"UOP02-DEL07-RJ"
249642;2019-11-15;"sexta-feira";"09:30:00";"MG";262;384,9;"FLORESTAL";"Velocidade Incompatível";"Saída de leito carroçável";"Com Vítimas Feridas";"Pleno dia";"Crescente";"Chuva";"Dupla";"Declive;Curva";"Não";3;0;3;0;0;0;3;1;-19,92106719;-44,46864367;"SPRF-MG";"DEL01-MG";"UOP03-DEL01-MG"
249644;2019-11-15;"sexta-feira";"10:05:00";"GO";60;103,5;"GOIANAPOLIS";"Defeito Mecânico no Veículo";"Saída de leito carroçável";"Com Vítimas Feridas";"Pleno dia";"Crescente";"Céu Claro";"Dupla";"Declive";"Não";1;0;1;0;0;0;1;1;-16,4098;-48,9913;"SPRF-GO";"DEL02-GO";"UOP01-DEL02-GO"
249645;2019-11-15;"sexta-feira";"09:21:00";"RJ";101;159;"MACAE";"Falta de Atenção à Condução";"Colisão transversal";"Com Vítimas Feridas";"Pleno dia";"Decrescente";"Céu Claro";"Dupla";"Reta";"Não";5;0;3;0;2;0;3;3;-22,27732291;-41,87226924;"SPRF-RJ";"DEL02-RJ";"UOP04-DEL08-RJ"