"id";"data_inversa";"dia_semana";"horario";"uf";"br";"km";"municipio";"causa_acidente";"tipo_acidente";"classificacao_acidente";"fase_dia";"sentido_via";"condicao_metereologica";"tipo_pista";"tracado_via";"uso_solo";"pessoas";"mortos";"feridos_leves";"feridos_graves";"ilesos";"ignorados";"feridos";"veiculos";"latitude";"longitude";"regional";"delegacia";"uop"
249646;2019-11-15;"sexta-feira";"06:30:00";"MG";40;309,9;"TRES MARIAS";"Pista Escorregadia";"Saída de leito carroçável";"Com Vítimas Fatais";"Amanhecer";"Decrescente";"Chuva";"Simples";"Reta";"Não";3;1;2;0;0;0;2;1;-18,425864;-45,08211;"SPRF-MG";"DEL14-MG";"UOP02-DEL14-MG"
249647;2019-11-15;"sexta-feira";"08:50:00";"MT";364;367;"SANTO ANTONIO DO LEVERGER";"Desobediência às normas de trânsito pelo condutor";"Colisão lateral";"Com Vítimas Feridas";"Pleno dia";"Decrescente";"Céu Claro";"Dupla";"Reta";"Não";2;0;0;1;1;0;1;2;-15,74210084;-55,66284162;"SPRF-MT";"DEL02-MT";"UOP02-DEL01-MT"
249648;2019-11-15;"sexta-feira";"10:45:00";"SE";101;92,5;"NOSSA SENHORA DO SOCORRO";"Animais na Pista";"Colisão com objeto em movimento";"Com Vítimas Feridas";"Pleno dia";"Decrescente";"Céu Claro";"Dupla";"Reta";"Não";1;0;1;0;0;0;1;1;-10,90169474;-37,13619222;"SPRF-SE";"DEL01-SE";"UOP01-DEL01-SE"
249651;2019-11-15;"sexta-feira";"10:40:00";"PE";101;92;"CABO DE SANTO AGOSTINHO";"Velocidade Incompatível";"Colisão traseira";"Com Vítimas Feridas";"Pleno dia";"Crescente";"Céu Claro";"Dupla";"Reta";"Não";5;0;1;1;3;0;2;2;-8,230889;-34,997231;"SPRF-PE";"DEL01-PE";"UOP03-DEL01-PE"
249652;2019-11-15;"sexta-feira";"11:00:00";"PR";277;672,5;"MEDIANEIRA";"Defeito Mecânico no Veículo";"Colisão traseira";"Sem Vítimas";"Pleno dia";"Decrescente";"Céu Claro";"Dupla";"Reta";"Sim";2;0;0;0;2;0;0;2;-25,28740438;-54,09701091;"SPRF-PR";"DEL05-PR";"UOP01-DEL05-PR"
249653;2019-11-15;"sexta-feira";"09:30:00";"RN";226;174,5;"CURRAIS NOVOS";"Desobediência às normas de trânsito pelo condutor";"Colisão transversal";"Com Vítimas Feridas";"Pleno dia";"Crescente";"Céu Claro";"Simples";"Reta";"Sim";2;0;1;0;1;0;1;2;-6,2581793;-36,50117297;"SPRF-RN";"DEL03-RN";"UOP02-DEL03-RN"
249654;2019-11-15;"sexta-feira";"10:00:00";"MG";381;439,5;"SABARA";"Pista Escorregadia";"Colisão frontal";"Com Vítimas Feridas";"Pleno dia";"Decrescente";"Garoa/Chuvisco";"Simples";"Curva";"Não";6;0;1;0;5;0;1;2;-19,79983232;-43,7604332;"SPRF-MG";"DEL01-MG";"UOP01-DEL01-MG"
249655;2019-11-15;"sexta-feira";"11:00:00";"GO";153;109,3;"GOIANAPOLIS";"Velocidade Incompatível";"Colisão com objeto estático";"Com Vítimas Feridas";"Pleno dia";"Crescente";"Nublado";"Dupla";"Curva;Declive";"Não";3;0;3;0;0;0;3;1;-16,44838279;-49,02572047;"SPRF-GO";"DEL07-GO";"UOP01-DEL07-GO"
249656;2019-11-15;"sexta-feira";"10:40:00";"SC";101;54,7;"JOINVILLE";"Falta de Atenção à Condução";"Colisão traseira";"Com Vítimas Feridas";"Pleno dia";"Crescente";"Sol";"Dupla";"Reta";"Não";3;0;1;0;2;0;1;3;-26,41319508;-48,83617332;"SPRF-SC";"DEL03-SC";"UOP01-DEL03-SC"
249658;2019-11-15;"sexta-feira";"09:30:00";"MG";40;772;"JUIZ DE FORA";"Velocidade Incompatível";"Saída de leito carroçável";"Com Vítimas Feridas";"Pleno dia";"Crescente";"Garoa/Chuvisco";"Simples";"Curva";"Não";1;0;1;0;0;0;1;1;-21,61781996;-43,45469344;"SPRF-MG";"DEL05-MG";"UOP01-DEL05-MG"
249659;2019-11-15;"sexta-feira";"10:37:00";"RS";158;384,3;"DILERMANDO DE AGUIAR";"Falta de Atenção à Condução";"Colisão lateral";"Com Vítimas Feridas";"Pleno dia";"Crescente";"Céu Claro";"Simples";"Reta";"Não";4;0;0;1;3;0;1;2;-29,90124314;-54,29664093;"SPRF-RS";"DEL09-RS";"UOP01-DEL09-RS"
249660;2019-11-15;"sexta-feira";"10:10:00";"MG";267;46,1;"MARIPA DE MINAS";"Falta de Atenção à Condução";"Tombamento";"Sem Vítimas";"Pleno dia";"Decrescente";"Chuva";"Simples";"Curva";"Não";3;0;0;0;3;0;0;3;-21,68611519;-42,95317877;"SPRF-MG";"DEL07-MG";"UOP01-DEL07-MG"
249662;2019-11-15;"sexta-feira";"11:30:00";"MG";381;727;"CARMO DA CACHOEIRA";"Velocidade Incompatível";"Colisão lateral";"Com Vítimas Feridas";"Pleno dia";"Crescente";"Chuva";"Dupla";"Curva";"Não";4;0;2;0;2;0;2;1;-21,51583943;-45,22069256;"SPRF-MG";"DEL04-MG";"UOP02-DEL04-MG"
249663;2019-11-15;"sexta-feira";"11:30:00";"BA";367;82,8;"EUNAPOLIS";"Não guardar distância de segurança";"Colisão traseira";"Com Vítimas Feridas";"Pleno dia";"Decrescente";"Céu Claro";"Simples";"Reta";"Sim";3;0;1;0;2;0;1;3;-16,37205962;-39,56163401;"SPRF-BA";"DEL09-BA";"UOP01-DEL09-BA"
249664;2019-11-15;"sexta-feira";"07:50:00";"RJ";40;39,1;"AREAL";"Pista Escorregadia";"Colisão com objeto estático";"Com Vítimas Feridas";"Pleno dia";"Decrescente";"Garoa/Chuvisco";"Dupla";"Curva";"Não";4;0;1;0;3;0;1;1;-22,23332;-43,114136;"SPRF-RJ";"DEL06-RJ";"UOP02-DEL05-RJ"
249665;2019-11-15;"sexta-feira";"11:48:00";"SP";116;84,6;"PINDAMONHANGABA";"Falta de Atenção à Condução";"Colisão traseira";"Com Vítimas Feridas";"Pleno dia";"Decrescente";"Chuva";"Dupla";"Reta";"Não";3;0;1;0;2;0;1;2;-22,91777173;-45,33596814;"SPRF-SP";"DEL06-SP";"UOP01-DEL06-SP"
249666;2019-11-15;"sexta-feira";"10:25:00";"RN";405;1,1;"MOSSORO";"Desobediência às normas de trânsito pelo condutor";"Colisão transversal";"Com Vítimas Feridas";"Pleno dia";"Decrescente";"Céu Claro";"Dupla";"Reta";"Não";3;0;0;1;2;0;1;2;-5,19170196;-37,361471;"SPRF-RN";"DEL04-RN";"UOP02-DEL04-RN"
249667;2019-11-15;"sexta-feira";"07:55:00";"RJ";40;32,7;"AREAL";"Pista Escorregadia";"Colisão com objeto estático";"Com Vítimas Feridas";"Pleno dia";"Decrescente";"Garoa/Chuvisco";"Dupla";"Curva";"Não";3;0;1;0;2;0;1;1;-22,19935287;-43,15764401;"SPRF-RJ";"DEL06-RJ";"UOP02-DEL05-RJ"
249668;2019-11-15;"sexta-feira";"11:00:00";"MG";365;406;"PATOS DE MINAS";"Desobediência às normas de trânsito pelo condutor";"Colisão lateral";"Sem Vítimas";"Pleno dia";"Decrescente";"Nublado";"Simples";"Aclive;Reta";"Sim";3;0;0;0;3;0;0;2;-18,63492866;-46,48126602;"SPRF-MG";"N/A";"N/A"
249669;2019-11-14;"quinta-feira";"15:55:00";"BA";110;367;"CATU";"Desobediência às normas de trânsito pelo condutor";"Colisão lateral";"Sem Vítimas";"Pleno dia";"Decrescente";"Céu Claro";"Simples";"Reta";"Não";1;0;0;0;1;0;0;1;-12,40823831;-38,39684499;"SPRF-BA";"DEL01-BA";"UOP04-DEL01-BA"
249670;2019-11-15;"sexta-feira";"12:15:00";"RN";101;155;"GOIANINHA";"Falta de Atenção à Condução";"Capotamento";"Com Vítimas Feridas";"Pleno dia";"Decrescente";"Céu Claro";"Dupla";"Reta";"Não";4;0;1;0;3;0;1;1;-6,33270015;-35,17448225;"SPRF-RN";"DEL01-RN";"UOP01-DEL01-RN"
249671;2019-11-15;"sexta-feira";"10:39:00";"MT";364;401;"CUIABA";"Falta de Atenção à Condução";"Colisão transversal";"Com Vítimas Feridas";"Pleno dia";"Crescente";"Céu Claro";"Dupla";"Interseção de Vias";"Sim";2;0;0;1;1;0;1;2;-15,67210033;-55,94649314;"SPRF-MT";"DEL02-MT";"UOP02-DEL01-MT"
249674;2019-11-15;"sexta-feira";"09:15:00";"RJ";101;466;"ANGRA DOS REIS";"Fenômenos da Natureza";"Colisão frontal";"Com Vítimas Feridas";"Pleno dia";"Decrescente";"Garoa/Chuvisco";"Simples";"Curva";"Não";3;0;2;1;0;0;3;2;-23,01090507;-44,20795621;"SPRF-RJ";"DEL03-RJ";"UOP03-DEL03-RJ"
249675;2019-11-15;"sexta-feira";"12:20:00";"SC";101;397;"MARACAJA";"Falta de Atenção à Condução";"Colisão traseira";"Sem Vítimas";"Pleno dia";"Decrescente";"Céu Claro";"Dupla";"Declive";"Não";3;0;0;0;3;0;0;3;-28,83036461;-49,41244828;"SPRF-SC";"DEL02-SC";"UOP02-DEL02-SC"
249676;2019-08-27;"terça-feira";"08:40:00";"GO";60;130;"GOIANIA";"Não guardar distância de segurança";"Saída de leito carroçável";"Com Vítimas Feridas";"Pleno dia";"Crescente";"Céu Claro";"Dupla";"Reta";"Não";1;0;1;0;0;0;1;1;-16,5675;-49,1554;"SPRF-GO";"DEL01-GO";"UOP01-DEL01-GO"
249677;2019-11-15;"sexta-feira";"12:45:00";"SC";101;204;"SAO JOSE";"Agressão Externa";"Atropelamento de Pedestre";"Com Vítimas Feridas";"Pleno dia";"Decrescente";"Céu Claro";"Dupla";"Reta";"Sim";3;0;1;0;0;2;1;3;-27,57413014;-48,61363083;"SPRF-SC";"DEL01-SC";"UOP01-DEL01-SC"
249678;2019-11-15;"sexta-feira";"12:30:00";"DF";70;13,8;"BRASILIA";"Falta de Atenção à Condução";"Colisão traseira";"Com Vítimas Feridas";"Pleno dia";"Decrescente";"Nublado";"Dupla";"Retorno Regulamentado";"Não";2;0;1;0;1;0;1;2;-15,794558;-48,166584;"SPRF-DF";"DEL01-DF";"UOP02-DEL03-DF"
249680;2019-11-15;"sexta-feira";"12:30:00";"RJ";116;81;"TERESOPOLIS";"Pista Escorregadia";"Capotamento";"Com Vítimas Feridas";"Pleno dia";"Decrescente";"Chuva";"Simples";"Curva";"Não";1;0;1;0;0;0;1;1;-22,39843405;-42,95507553;"SPRF-RJ";"DEL04-RJ";"UOP01-DEL04-RJ"
249681;2019-11-15;"sexta-feira";"10:00:00";"SC";470;205,3;"PONTE ALTA";"Não guardar distância de segurança";"Colisão traseira";"Sem Vítimas";"Pleno dia";"Decrescente";"Sol";"Simples";"Reta";"Não";2;0;0;0;2;0;0;2;-27,29212;-50,175362;"SPRF-SC";"DEL05-SC";"UOP03-DEL05-SC"
249683;2019-11-15;"sexta-feira";"10:30:00";"RJ";101;51;"CAMPOS DOS GOYTACAZES";"Defeito Mecânico no Veículo";"Colisão com objeto estático";"Sem Vítimas";"Pleno dia";"Decrescente";"Chuva";"Simples";"Curva";"Não";1;0;0;0;1;0;0;1;-21,64273198;-41,31170082;"SPRF-RJ";"DEL08-RJ";"UOP01-DEL08-RJ"
249684;2019-08-27;"terça-feira";"11:20:00";"GO";153;505;"GOIANIA";"Não guardar distância de segurança";"Colisão lateral";"Com Vítimas Feridas";"Pleno dia";"Decrescente";"Céu Claro";"Dupla";"Reta";"Sim";2;0;1;0;1;0;1;2;-16,7537;-49,2411;"SPRF-GO";"DEL01-GO";"UOP01-DEL01-GO"
249685;2019-11-15;"sexta-feira";"09:00:00";"MG";262;22,2;"MARTINS SOARES";"Pista Escorregadia";"Colisão frontal";"Com Vítimas Feridas";"Pleno dia";"Crescente";"Chuva";"Simples";"Aclive;Curva";"Não";2;0;1;0;1;0;1;2;-20,24575292;-41,92502101;"SPRF-MG";"DEL06-MG";"UOP03-DEL06-MG"
249686;2019-11-15;"sexta-feira";"12:35:00";"SC";101;401;"MARACAJA";"Condutor Dormindo";"Colisão com objeto estático";"Sem Vítimas";"Pleno dia";"Crescente";"Céu Claro";"Dupla";"Reta";"Sim";1;0;0;0;1;0;0;1;-28,85594274;-49,44019434;"SPRF-SC";"DEL02-SC";"UOP02-DEL02-SC"
249688;2019-11-15;"sexta-feira";"13:10:00";"SP";116;499;"CAJATI";"Falta de Atenção à Condução";"Colisão traseira";"Com Vítimas Feridas";"Pleno dia";"Crescente";"Nublado";"Simples";"Reta";"Não";7;0;1;0;5;1;1;3;-24,7835786;-48,1786108;"SPRF-SP";"DEL05-SP";"UAP01-DEL05-SP"
249689;2019-11-15;"sexta-feira";"13:20:00";"SC";470;16,7;"ILHOTA";"Desobediência às normas de trânsito pelo condutor";"Colisão transversal";"Com Vítimas Feridas";"Pleno dia";"Crescente";"Céu Claro";"Simples";"Reta";"Não";4;0;2;0;2;0;2;2;-26,843019;-48,794434;"SPRF-SC";"DEL04-SC";"UOP04-DEL04-SC"
249690;2019-11-15;"sexta-feira";"09:45:00";"RO";421;11;"ARIQUEMES";"Desobediência às normas de trânsito pelo condutor";"Queda de ocupante de veículo";"Com Vítimas Feridas";"Pleno dia";"Decrescente";"Sol";"Simples";"Reta";"Não";5;0;1;1;2;1;2;4;-9,976976;-63,131104;"SPRF-RO";"DEL03-RO";"UOP01-DEL03-RO"
249691;2019-11-15;"sexta-feira";"13:10:00";"MG";381;737;"TRES CORACOES";"Velocidade Incompatível";"Saída de leito carroçável";"Com Vítimas Feridas";"Pleno dia";"Decrescente";"Chuva";"Dupla";"Curva";"Não";2;0;1;0;1;0;1;1;-21,59740119;-45,23880352;"SPRF-MG";"DEL16-MG";"UOP02-DEL16-MG"
249692;2019-11-15;"sexta-feira";"13:00:00";"GO";60;77;"ANAPOLIS";"Falta de Atenção à Condução";"Queda de ocupante de veículo";"Com Vítimas Feridas";"Pleno dia";"Decrescente";"Céu Claro";"Dupla";"Declive";"Não";1;0;1;0;0;0;1;1;-16,2901;-48,799;"SPRF-GO";"DEL02-GO";"UOP01-DEL02-GO"
249693;2019-11-15;"sexta-feira";"10:30:00";"SP";153;75,1;"BADY BASSITT";"Pista Escorregadia";"Saída de leito carroçável";"Com Vítimas Feridas";"Pleno dia";"Crescente";"Chuva";"Dupla";"Reta;Declive";"Sim";1;0;0;1;0;0;1;1;-20,89418221;-49,43387582;"SPRF-SP";"DEL09-SP";"UOP01-DEL09-SP"
249694;2019-11-15;"sexta-feira";"10:15:00";"MG";381;345;"BELA VISTA DE MINAS";"Velocidade Incompatível";"Colisão frontal";"Com Vítimas Feridas";"Pleno dia";"Crescente";"Chuva";"Simples";"Curva";"Não";4;0;2;0;2;0;2;2;-19,86363214;-43,12254285;"SPRF-MG";"DEL03-MG";"UOP01-DEL03-MG"
249695;2019-11-15;"sexta-feira";"12:40:00";"RJ";101;313;"SAO GONCALO";"Desobediência às normas de trânsito pelo condutor";"Colisão lateral";"Com Vítimas Feridas";"Pleno dia";"Decrescente";"Nublado";"Dupla";"Reta";"Sim";3;0;1;0;2;0;1;3;-22,81049093;-43,06983304;"SPRF-RJ";"DEL02-RJ";"UOP02-DEL02-RJ"
249696;2019-11-15;"sexta-feira";"11:25:00";"MG";381;342;"BELA VISTA DE MINAS";"Pista Escorregadia";"Saída de leito carroçável";"Com Vítimas Feridas";"Pleno dia";"Crescente";"Chuva";"Simples";"Curva";"Não";2;0;1;1;0;0;2;1;-19,83230136;-43,0962554;"SPRF-MG";"DEL03-MG";"UOP01-DEL03-MG"
249697;2019-11-15;"sexta-feira";"13:10:00";"MG";381;332;"NOVA ERA";"Velocidade Incompatível";"Colisão com objeto estático";"Com Vítimas Feridas";"Pleno dia";"Crescente";"Garoa/Chuvisco";"Simples";"Viaduto";"Não";2;0;2;0;0;0;2;1;-19,79994695;-43,05451587;"SPRF-MG";"DEL03-MG";"UOP01-DEL03-MG"
249698;2019-11-15;"sexta-feira";"13:10:00";"RJ";40;10;"TRES RIOS";"Pista Escorregadia";"Saída de leito carroçável";"Com Vítimas Feridas";"Pleno dia";"Decrescente";"Chuva";"Dupla";"Reta";"Não";4;0;2;0;2;0;2;1;-22,044804;-43,20572;"SPRF-RJ";"DEL06-RJ";"UOP02-DEL05-RJ"
249699;2019-11-15;"sexta-feira";"14:00:00";"PR";376;670,5;"GUARATUBA";"Velocidade Incompatível";"Queda de ocupante de veículo";"Com Vítimas Feridas";"Pleno dia";"Crescente";"Nublado";"Dupla";"Reta";"Não";2;0;1;0;1;0;1;2;-25,87656184;-48,93606663;"SPRF-PR";"DEL01-PR";"UOP04-DEL01-PR"
249700;2019-11-15;"sexta-feira";"13:20:00";"SP";116;27,6;"SILVEIRAS";"Pista Escorregadia";"Colisão com objeto estático";"Com Vítimas Feridas";"Pleno dia";"Decrescente";"Chuva";"Dupla";"Curva";"Não";2;0;1;1;0;0;2;1;-22,61994629;-44,90836974;"SPRF-SP";"DEL08-SP";"UOP02-DEL08-SP"
249701;2019-11-15;"sexta-feira";"09:00:00";"MT";70;718,8;"CACERES";"Pista Escorregadia";"Saída de leito carroçável";"Com Vítimas Fatais";"Pleno dia";"Crescente";"Chuva";"Simples";"Curva";"Não";1;1;0;0;0;0;0;1;-16,171201;-57,608554;"SPRF-MT";"DEL03-MT";"UOP01-DEL03-MT"
249702;2019-11-15;"sexta-feira";"09:30:00";"MG";116;749;"LEOPOLDINA";"Pista Escorregadia";"Capotamento";"Com Vítimas Feridas";"Pleno dia";"Decrescente";"Chuva";"Simples";"Reta";"Não";1;0;1;0;0;0;1;1;-21,44738715;-42,54573392;"SPRF-MG";"DEL07-MG";"UOP01-DEL07-MG"
249703;2019-11-15;"sexta-feira";"12:55:00";"RO";364;691;"CANDEIAS DO JAMARI";"Desobediência às normas de trânsito pelo condutor";"Colisão transversal";"Com Vítimas Fatais";"Pleno dia";"Crescente";"Sol";"Múltipla";"Reta";"Sim";2;1;0;0;1;0;0;2;-8,7961943;-63,68738597;"SPRF-RO";"DEL01-RO";"UOP01-DEL01-RO"
249704;2019-11-15;"sexta-feira";"11:40:00";"MA";135;7,3;"SAO LUIS";"Falta de Atenção à Condução";"Colisão traseira";"Com Vítimas Feridas";"Pleno dia";"Decrescente";"Céu Claro";"Dupla";"Reta;Aclive";"Sim";2;0;1;0;1;0;1;2;-2,6382725;-44,26984216;"SPRF-MA";"DEL01-MA";"UOP01-DEL01-MA"
249706;2019-11-15;"sexta-feira";"14:10:00";"PR";116;102;"SAO JOSE DOS PINHAIS";"Falta de Atenção à Condução";"Colisão com objeto estático";"Com Vítimas Feridas";"Pleno dia";"Decrescente";"Céu Claro";"Dupla";"Curva";"Não";1;0;0;1;0;0;1;1;-25,550639;-49,15025;"SPRF-PR";"DEL01-PR";"UOP01-DEL01-PR"
249708;2019-11-15;"sexta-feira";"14:20:00";"SE";101;92,3;"NOSSA SENHORA DO SOCORRO";"Falta de Atenção à Condução";"Tombamento";"Com Vítimas Feridas";"Pleno dia";"Crescente";"Céu Claro";"Dupla";"Reta";"Sim";1;0;1;0;0;0;1;1;-10,90169474;-37,13619222;"SPRF-SE";"DEL01-SE";"UOP01-DEL01-SE"
249710;2019-11-15;"sexta-feira";"14:50:00";"PE";101;63,3;"RECIFE";"Falta de Atenção à Condução";"Colisão lateral";"Com Vítimas Feridas";"Pleno dia";"Crescente";"Céu Claro";"Dupla";"Interseção de Vias";"Sim";3;0;2;0;1;0;2;2;-8,00800604;-34,93756535;"SPRF-PE";"DEL01-PE";"UOP01-DEL01-PE"
249711;2019-11-15;"sexta-feira";"12:10:00";"MG";40;276,5;"TRES MARIAS";"Ingestão de Álcool";"Colisão transversal";"Com Vítimas Feridas";"Pleno dia";"Decrescente";"Nublado";"Simples";"Interseção de Vias;Reta;Declive";"Sim";3;0;1;0;2;0;1;2;-18,20602828;-45,23123233;"SPRF-MG";"DEL14-MG";"UOP02-DEL14-MG"
249712;2019-11-15;"sexta-feira";"13:40:00";"SC";280;124,7;"RIO NEGRINHO";"Falta de Atenção à Condução";"Colisão transversal";"Com Vítimas Feridas";"Pleno dia";"Decrescente";"Céu Claro";"Simples";"Interseção de Vias";"Sim";2;0;1;0;1;0;1;2;-26,24130297;-49,47514499;"SPRF-SC";"DEL06-SC";"UOP03-DEL06-SC"
249713;2019-11-15;"sexta-feira";"06:00:00";"PR";277;84;"CURITIBA";"Velocidade Incompatível";"Colisão com objeto estático";"Com Vítimas Feridas";"Amanhecer";"Decrescente";"Céu Claro";"Simples";"Curva";"Sim";1;0;1;0;0;0;1;1;-25,44435969;-49,23345923;"SPRF-PR";"DEL01-PR";"UOP06-DEL01-PR"
249714;2019-11-15;"sexta-feira";"14:40:00";"SC";280;31;"ARAQUARI";"Falta de Atenção à Condução";"Colisão transversal";"Com Vítimas Feridas";"Pleno dia";"Decrescente";"Céu Claro";"Simples";"Reta";"Não";4;0;2;0;0;2;2;3;-26,41643181;-48,77136827;"SPRF-SC";"DEL03-SC";"UOP03-DEL03-SC"
249715;2019-11-15;"sexta-feira";"14:30:00";"PR";487;169,2;"CAMPO MOURAO";"Ingestão de Álcool";"Saída de leito carroçável";"Com Vítimas Feridas";"Pleno dia";"Decrescente";"Sol";"Simples";"Reta;Declive";"Não";2;0;0;2;0;0;2;1;-24,00579058;-52,47732376;"SPRF-PR";"DEL04-PR";"UOP03-DEL09-PR"
249716;2019-11-15;"sexta-feira";"15:00:00";"SC";101;55,5;"JOINVILLE";"Falta de Atenção à Condução";"Colisão lateral";"Com Vítimas Feridas";"Pleno dia";"Crescente";"Sol";"Dupla";"Reta";"Não";3;0;2;0;1;0;2;2;-26,42280898;-48,82977496;"SPRF-SC";"DEL03-SC";"UOP01-DEL03-SC"
249717;2019-11-15;"sexta-feira";"10:50:00";"SC";280;225,4;"TRES BARRAS";"Falta de Atenção à Condução";"Saída de leito carroçável";"Com Vítimas Feridas";"Pleno dia";"Decrescente";"Sol";"Simples";"Reta";"Não";3;0;1;0;2;0;1;1;-26,17875971;-50,31308811;"SPRF-SC";"DEL06-SC";"UOP04-DEL06-SC"
249718;2019-11-15;"sexta-feira";"15:10:00";"RJ";101;414;"ITAGUAI";"Pista Escorregadia";"Colisão com objeto estático";"Com Vítimas Feridas";"Pleno dia";"Crescente";"Chuva";"Dupla";"Reta";"Não";5;0;1;0;4;0;1;1;-22,90409493;-43,87684911;"SPRF-RJ";"DEL03-RJ";"UOP01-DEL03-RJ"
249720;2019-11-15;"sexta-feira";"15:30:00";"RS";448;14;"CANOAS";"Defeito Mecânico no Veículo";"Incêndio";"Sem Vítimas";"Pleno dia";"Crescente";"Sol";"Dupla";"Reta";"Não";1;0;0;0;1;0;0;1;-29,924847;-51,225426;"SPRF-RS";"DEL01-RS";"UOP01-DEL01-RS"
249721;2019-11-15;"sexta-feira";"14:45:00";"MG";381;500;"BETIM";"Não guardar distância de segurança";"Colisão traseira";"Com Vítimas Feridas";"Pleno dia";"Crescente";"Chuva";"Dupla";"Reta";"Não";3;0;1;0;2;0;1;2;-20,0017414;-44,21138763;"SPRF-MG";"DEL01-MG";"UOP03-DEL01-MG"
249722;2019-11-15;"sexta-feira";"15:30:00";"ES";101;266,3;"SERRA";"Falta de Atenção do Pedestre";"Atropelamento de Pedestre";"Com Vítimas Feridas";"Pleno dia";"Crescente";"Garoa/Chuvisco";"Dupla";"Reta;Interseção de Vias";"Sim";3;0;1;0;1;1;1;2;-20,190199;-40,26828891;"SPRF-ES";"DEL02-ES";"UOP01-DEL02-ES"
249723;2019-11-15;"sexta-feira";"12:30:00";"BA";407;152;"FILADELFIA";"Agressão Externa";"Saída de leito carroçável";"Com Vítimas Feridas";"Pleno dia";"Crescente";"Céu Claro";"Simples";"Reta";"Não";2;0;2;0;0;0;2;1;-10,67733098;-40,12663677;"SPRF-BA";"DEL04-BA";"UOP01-DEL04-BA"
249724;2019-11-15;"sexta-feira";"15:45:00";"GO";153;495;"GOIANIA";"Defeito Mecânico no Veículo";"Tombamento";"Com Vítimas Feridas";"Pleno dia";"Crescente";"Chuva";"Múltipla";"Reta";"Sim";1;0;1;0;0;0;1;1;-16,66633535;-49,2252106;"SPRF-GO";"DEL01-GO";"UOP01-DEL01-GO"
249725;2019-11-15;"sexta-feira";"15:00:00";"MG";381;521,6;"BRUMADINHO";"Pista Escorregadia";"Saída de leito carroçável";"Sem Vítimas";"Pleno dia";"Decrescente";"Chuva";"Dupla";"Curva";"Não";4;0;0;0;4;0;0;1;-20,12016206;-44,30221152;"SPRF-MG";"DEL04-MG";"UOP03-DEL04-MG"
249726;2019-11-15;"sexta-feira";"14:00:00";"RJ";116;26,3;"SAPUCAIA";"Falta de Atenção à Condução";"Colisão com objeto estático";"Com Vítimas Feridas";"Pleno dia";"Crescente";"Chuva";"Simples";"Curva";"Não";2;0;1;0;1;0;1;1;-22,04634998;-42,7844458;"SPRF-RJ";"DEL04-RJ";"UOP01-DEL04-RJ"
249727;2019-11-15;"sexta-feira";"15:50:00";"MG";40;717,9;"BARBACENA";"Pista Escorregadia";"Saída de leito carroçável";"Com Vítimas Feridas";"Pleno dia";"Decrescente";"Nublado";"Dupla";"Curva";"Não";1;0;1;0;0;0;1;1;-21,26034802;-43,66189055;"SPRF-MG";"DEL05-MG";"UOP01-DEL05-MG"
249728;2019-11-15;"sexta-feira";"15:00:00";"MG";381;917;"CAMANDUCAIA";"Velocidade Incompatível";"Colisão com objeto estático";"Sem Vítimas";"Pleno dia";"Decrescente";"Chuva";"Dupla";"Curva";"Não";1;0;0;0;1;0;0;1;-22,76700121;-46,17875277;"SPRF-MG";"DEL16-MG";"UOP03-DEL16-MG"
249729;2019-11-15;"sexta-feira";"13:30:00";"MG";381;711,3;"CARMO DA CACHOEIRA";"Velocidade Incompatível";"Saída de leito carroçável";"Com Vítimas Feridas";"Pleno dia";"Crescente";"Chuva";"Dupla";"Reta";"Não";2;0;1;0;1;0;1;1;-21,39313978;-45,19816009;"SPRF-MG";"DEL04-MG";"UOP02-DEL04-MG"
249730;2019-11-15;"sexta-feira";"14:00:00";"MG";267;62,2;"BICAS";"Velocidade Incompatível";"Saída de leito carroçável";"Com Vítimas Feridas";"Pleno dia";"Decrescente";"Chuva";"Simples";"Reta";"Não";2;0;2;0;0;0;2;1;-21,729486;-43,06599;"SPRF-MG";"DEL05-MG";"UOP01-DEL05-MG"
249731;2019-11-15;"sexta-feira";"16:20:00";"PR";277;515;"GUARANIACU";"Falta de Atenção à Condução";"Saída de leito carroçável";"Com Vítimas Feridas";"Pleno dia";"Decrescente";"Sol";"Simples";"Curva";"Não";2;0;1;0;1;0;1;1;-25,12174422;-52,80554699;"SPRF-PR";"DEL04-PR";"UOP04-DEL04-PR"
249732;2019-11-15;"sexta-feira";"16:20:00";"RN";406;170;"SAO GONCALO DO AMARANTE";"Falta de Atenção à Condução";"Colisão transversal";"Com Vítimas Feridas";"Pleno dia";"Crescente";"Céu Claro";"Dupla";"Rotatória";"Sim";3;0;1;0;1;1;1;3;-5,76325226;-35,2874925;"SPRF-RN";"DEL02-RN";"UOP01-DEL02-RN"
249733;2019-11-15;"sexta-feira";"16:40:00";"RJ";116;316;"ITATIAIA";"Ingestão de Álcool";"Colisão com objeto estático";"Com Vítimas Feridas";"Pleno dia";"Crescente";"Chuva";"Dupla";"Curva";"Sim";2;0;1;0;1;0;1;1;-22,46560057;-44,49102813;"SPRF-RJ";"DEL07-RJ";"DEL5/7-UOP03/RJ"
249734;2019-11-15;"sexta-feira";"16:30:00";"RN";226;11,3;"MACAIBA";"Ingestão de Álcool";"Capotamento";"Com Vítimas Feridas";"Pleno dia";"Decrescente";"Céu Claro";"Simples";"Reta";"Sim";5;0;3;0;2;0;3;2;-5,84572966;-35,30339507;"SPRF-RN";"DEL01-RN";"UOP02-DEL01-RN"