"id";"data_inversa";"dia_semana";"horario";"uf";"br";"km";"municipio";"causa_acidente";"tipo_acidente";"classificacao_acidente";"fase_dia";"sentido_via";"condicao_metereologica";"tipo_pista";"tracado_via";"uso_solo";"pessoas";"mortos";"feridos_leves";"feridos_graves";"ilesos";"ignorados";"feridos";"veiculos";"latitude";"longitude";"regional";"delegacia";"uop"
249735;2019-11-15;"sexta-feira";"16:50:00";"SC";101;53,9;"JOINVILLE";"Não guardar distância de segurança";"Colisão lateral";"Com Vítimas Feridas";"Pleno dia";"Crescente";"Céu Claro";"Dupla";"Reta";"Não";2;0;1;0;1;0;1;2;-26,40231201;-48,83969703;"SPRF-SC";"DEL03-SC";"UOP01-DEL03-SC"
249736;2019-11-15;"sexta-feira";"16:10:00";"CE";116;44,4;"HORIZONTE";"Não guardar distância de segurança";"Colisão traseira";"Com Vítimas Feridas";"Pleno dia";"Crescente";"Céu Claro";"Dupla";"Reta";"Sim";2;0;1;0;0;1;1;2;-4,13180114;-38,48291874;"SPRF-CE";"DEL01-CE";"UOP02-DEL01-CE"
249738;2019-11-15;"sexta-feira";"16:50:00";"MG";40;467,4;"SETE LAGOAS";"Ingestão de Álcool";"Saída de leito carroçável";"Sem Vítimas";"Pleno dia";"Crescente";"Chuva";"Dupla";"Reta";"Sim";1;0;0;0;1;0;0;1;-19,45038924;-44,3166822;"SPRF-MG";"DEL02-MG";"UOP01-DEL02-MG"
249739;2019-11-15;"sexta-feira";"16:00:00";"PR";277;4;"PARANAGUA";"Sinalização da via insuficiente ou inadequada";"Colisão traseira";"Com Vítimas Feridas";"Pleno dia";"Crescente";"Céu Claro";"Dupla";"Viaduto";"Sim";3;0;1;0;2;0;1;2;-25,5205;-48,5095;"SPRF-PR";"DEL01-PR";"UOP05-DEL01-PR"
249740;2019-11-15;"sexta-feira";"16:45:00";"MG";40;622,5;"CONSELHEIRO LAFAIETE";"Velocidade Incompatível";"Saída de leito carroçável";"Com Vítimas Feridas";"Pleno dia";"Crescente";"Chuva";"Simples";"Curva";"Não";5;0;3;0;2;0;3;1;-20,602845;-43,807447;"SPRF-MG";"DEL05-MG";"UOP02-DEL05-MG"
249741;2019-11-15;"sexta-feira";"14:00:00";"MG";381;705,5;"LAVRAS";"Pista Escorregadia";"Saída de leito carroçável";"Com Vítimas Feridas";"Pleno dia";"Crescente";"Chuva";"Dupla";"Curva";"Não";2;0;1;0;1;0;1;1;-21,31846001;-45,16739179;"SPRF-MG";"DEL04-MG";"UOP02-DEL04-MG"
249742;2019-11-15;"sexta-feira";"14:20:00";"CE";116;3,1;"FORTALEZA";"Ingestão de Álcool";"Colisão com objeto estático";"Sem Vítimas";"Pleno dia";"Crescente";"Céu Claro";"Dupla";"Viaduto";"Sim";2;0;0;0;2;0;0;1;-3,77866493;-38,51490171;"SPRF-CE";"DEL01-CE";"UOP02-DEL01-CE"
249745;2019-11-15;"sexta-feira";"17:11:00";"MG";50;55;"UBERLANDIA";"Pista Escorregadia";"Saída de leito carroçável";"Sem Vítimas";"Pleno dia";"Decrescente";"Garoa/Chuvisco";"Dupla";"Curva";"Não";2;0;0;0;2;0;0;1;-18,77290538;-48,24124319;"SPRF-MG";"DEL15-MG";"UOP02-DEL15-MG"
249746;2019-11-15;"sexta-feira";"17:00:00";"RN";101;124;"SAO JOSE DE MIPIBU";"Ingestão de Álcool";"Colisão transversal";"Com Vítimas Feridas";"Pleno dia";"Decrescente";"Céu Claro";"Dupla";"Reta";"Sim";2;0;1;0;1;0;1;2;-6,07054896;-35,23785797;"SPRF-RN";"DEL01-RN";"UOP01-DEL01-RN"
249747;2019-11-15;"sexta-feira";"15:40:00";"MA";316;420,6;"PERITORO";"Velocidade Incompatível";"Saída de leito carroçável";"Com Vítimas Feridas";"Pleno dia";"Decrescente";"Céu Claro";"Simples";"Reta";"Sim";7;0;5;2;0;0;7;1;-4,351473;-44,371437;"SPRF-MA";"DEL03-MA";"UOP01-DEL03-MA"
249748;2019-11-15;"sexta-feira";"15:08:00";"MG";381;630,5;"OLIVEIRA";"Velocidade Incompatível";"Capotamento";"Com Vítimas Feridas";"Pleno dia";"Crescente";"Chuva";"Dupla";"Curva";"Não";2;0;2;0;0;0;2;1;-20,84702065;-44,83281432;"SPRF-MG";"DEL04-MG";"UOP01-DEL04-MG"
249751;2019-11-15;"sexta-feira";"17:30:00";"CE";222;5,5;"CAUCAIA";"Ingestão de Álcool";"Colisão transversal";"Com Vítimas Feridas";"Anoitecer";"Crescente";"Céu Claro";"Múltipla";"Curva";"Sim";2;0;1;0;1;0;1;2;-3,74296918;-38,61330997;"SPRF-CE";"DEL01-CE";"UOP01-DEL01-CE"
249752;2019-11-15;"sexta-feira";"17:00:00";"PR";277;716,4;"SANTA TEREZINHA DE ITAIPU";"Velocidade Incompatível";"Colisão transversal";"Com Vítimas Feridas";"Pleno dia";"Decrescente";"Céu Claro";"Dupla";"Reta";"Não";3;0;0;1;1;1;1;2;-25,47252277;-54,46707409;"SPRF-PR";"DEL05-PR";"UOP01-DEL05-PR"
249753;2019-11-15;"sexta-feira";"17:40:00";"SC";101;212;"PALHOCA";"Falta de Atenção à Condução";"Saída de leito carroçável";"Com Vítimas Feridas";"Pleno dia";"Decrescente";"Céu Claro";"Dupla";"Reta";"Sim";2;0;1;0;1;0;1;2;-27,62996929;-48,65903871;"SPRF-SC";"DEL01-SC";"UOP02-DEL01-SC"
249754;2019-11-15;"sexta-feira";"16:55:00";"MG";262;658;"IBIA";"Velocidade Incompatível";"Saída de leito carroçável";"Com Vítimas Feridas";"Pleno dia";"Decrescente";"Chuva";"Simples";"Curva";"Não";2;0;2;0;0;0;2;1;-19,58082263;-46,69938911;"SPRF-MG";"DEL08-MG";"UOP01-DEL08-MG"
249755;2019-11-15;"sexta-feira";"17:45:00";"RS";116;265,6;"CANOAS";"Desobediência às normas de trânsito pelo condutor";"Colisão transversal";"Com Vítimas Feridas";"Pleno dia";"Crescente";"Céu Claro";"Simples";"Interseção de Vias";"Sim";3;0;0;1;2;0;1;2;-29,92342302;-51,17780944;"SPRF-RS";"DEL01-RS";"UOP01-DEL01-RS"
249756;2019-11-15;"sexta-feira";"18:20:00";"PI";343;27,8;"PARNAIBA";"Ingestão de Álcool";"Colisão transversal";"Com Vítimas Feridas";"Plena Noite";"Crescente";"Céu Claro";"Simples";"Reta";"Sim";2;0;2;0;0;0;2;2;-3,043463;-41,773762;"SPRF-PI";"DEL05-PI";"UOP01-DEL05-PI"
249757;2019-11-15;"sexta-feira";"18:00:00";"PA";230;128;"MARABA";"Ingestão de Álcool";"Colisão frontal";"Com Vítimas Feridas";"Anoitecer";"Crescente";"Céu Claro";"Simples";"Aclive";"Não";2;0;2;0;0;0;2;2;-5,3732012;-49,16779803;"SPRF-PA";"DEL03-PA";"UOP01-DEL03-PA"
249758;2019-11-15;"sexta-feira";"17:30:00";"SP";116;27,3;"SILVEIRAS";"Avarias e/ou desgaste excessivo no pneu";"Colisão com objeto estático";"Com Vítimas Feridas";"Anoitecer";"Decrescente";"Chuva";"Dupla";"Aclive;Curva";"Não";3;0;2;0;1;0;2;2;-22,61998283;-44,9085474;"SPRF-SP";"DEL08-SP";"UOP02-DEL08-SP"
249759;2019-11-15;"sexta-feira";"16:15:00";"MG";381;855,9;"POUSO ALEGRE";"Falta de Atenção à Condução";"Saída de leito carroçável";"Com Vítimas Feridas";"Pleno dia";"Decrescente";"Nublado";"Dupla";"Reta";"Não";3;0;3;0;0;0;3;1;-22,28732447;-45,89675445;"SPRF-MG";"DEL16-MG";"UOP01-DEL16-MG"
249760;2019-11-15;"sexta-feira";"17:55:00";"MG";381;332;"NOVA ERA";"Falta de Atenção à Condução";"Colisão transversal";"Com Vítimas Feridas";"Plena Noite";"Crescente";"Chuva";"Simples";"Interseção de Vias";"Não";3;0;1;0;2;0;1;2;-19,77562;-43,04532;"SPRF-MG";"DEL03-MG";"UOP01-DEL03-MG"
249761;2019-11-15;"sexta-feira";"15:45:00";"SC";470;13,2;"NAVEGANTES";"Não guardar distância de segurança";"Colisão lateral";"Com Vítimas Feridas";"Pleno dia";"Decrescente";"Sol";"Dupla";"Reta";"Não";2;0;0;1;1;0;1;2;-26,839108;-48,766262;"SPRF-SC";"DEL04-SC";"UOP04-DEL04-SC"
249764;2019-11-15;"sexta-feira";"18:10:00";"RS";116;258,1;"ESTEIO";"Falta de Atenção à Condução";"Colisão transversal";"Com Vítimas Feridas";"Anoitecer";"Crescente";"Céu Claro";"Dupla";"Reta";"Sim";2;0;1;0;1;0;1;2;-29,86150502;-51,18091535;"SPRF-RS";"DEL01-RS";"UOP02-DEL01-RS"
249765;2019-11-15;"sexta-feira";"18:30:00";"ES";101;103,5;"SOORETAMA";"Falta de Atenção à Condução";"Tombamento";"Com Vítimas Feridas";"Plena Noite";"Decrescente";"Garoa/Chuvisco";"Simples";"Reta";"Não";1;0;1;0;0;0;1;1;-19,00477207;-40,00710687;"SPRF-ES";"DEL04-ES";"UOP01-DEL04-ES"
249766;2019-11-15;"sexta-feira";"17:30:00";"MG";365;667,2;"MONTE ALEGRE DE MINAS";"Falta de Atenção à Condução";"Saída de leito carroçável";"Com Vítimas Feridas";"Pleno dia";"Decrescente";"Chuva";"Dupla";"Curva";"Não";1;0;1;0;0;0;1;1;-18,89259452;-48,6843574;"SPRF-MG";"DEL15-MG";"UOP01-DEL15-MG"
249769;2019-11-15;"sexta-feira";"15:10:00";"RN";226;76;"SERRA CAIADA";"Defeito Mecânico no Veículo";"Capotamento";"Com Vítimas Feridas";"Pleno dia";"Crescente";"Céu Claro";"Simples";"Reta";"Não";2;0;1;0;1;0;1;1;-6,15820918;-35,75009586;"SPRF-RN";"DEL01-RN";"UOP02-DEL01-RN"
249770;2019-11-15;"sexta-feira";"18:15:00";"CE";222;60,1;"SAO GONCALO DO AMARANTE";"Ingestão de álcool e/ou substâncias psicoativas pelo pedestre";"Atropelamento de Pedestre";"Com Vítimas Feridas";"Anoitecer";"Crescente";"Céu Claro";"Simples";"Reta";"Não";2;0;1;0;1;0;1;2;-3,67082927;-39,08068799;"SPRF-CE";"DEL01-CE";"UOP03-DEL01-CE"
249773;2019-11-15;"sexta-feira";"19:00:00";"GO";153;357;"JARAGUA";"Ingestão de Álcool";"Colisão traseira";"Com Vítimas Feridas";"Plena Noite";"Decrescente";"Céu Claro";"Simples";"Reta";"Sim";2;0;1;0;1;0;1;2;-15,725415;-49,327385;"SPRF-GO";"DEL02-GO";"UOP02-DEL02-GO"
249774;2019-11-15;"sexta-feira";"16:35:00";"BA";101;716;"ITABELA";"Falta de Atenção à Condução";"Atropelamento de Pedestre";"Sem Vítimas";"Pleno dia";"Decrescente";"Céu Claro";"Simples";"Reta";"Sim";2;0;0;0;2;0;0;2;-16,53177499;-39,56684478;"SPRF-BA";"DEL09-BA";"UOP01-DEL09-BA"
249775;2019-11-15;"sexta-feira";"19:30:00";"BA";324;292,8;"JACOBINA";"Ingestão de Álcool";"Atropelamento de Pedestre";"Com Vítimas Fatais";"Plena Noite";"Crescente";"Céu Claro";"Simples";"Reta";"Sim";2;1;0;0;0;1;0;2;-11,17616708;-40,54140021;"SPRF-BA";"DEL04-BA";"UOP02-DEL04-BA"
249776;2019-11-15;"sexta-feira";"18:50:00";"ES";101;265,7;"SERRA";"Não guardar distância de segurança";"Colisão traseira";"Com Vítimas Feridas";"Plena Noite";"Decrescente";"Chuva";"Múltipla";"Reta";"Sim";2;0;1;0;1;0;1;2;-20,18718538;-40,26796103;"SPRF-ES";"DEL02-ES";"UOP01-DEL02-ES"
249777;2019-11-15;"sexta-feira";"19:00:00";"GO";153;429,1;"ANAPOLIS";"Falta de Atenção à Condução";"Colisão transversal";"Com Vítimas Feridas";"Plena Noite";"Crescente";"Chuva";"Dupla";"Reta";"Não";2;0;1;1;0;0;2;1;-16,245422;-49,001404;"SPRF-GO";"DEL02-GO";"UOP01-DEL02-GO"
249779;2019-11-15;"sexta-feira";"18:15:00";"RR";432;205;"CANTA";"Falta de Atenção à Condução";"Colisão lateral";"Com Vítimas Feridas";"Plena Noite";"Decrescente";"Céu Claro";"Simples";"Curva";"Não";7;0;7;0;0;0;7;2;2,6971768;-60,60779572;"SPRF-RR";"DEL01-RR";"UOP01-DEL01-RR"
249780;2019-11-15;"sexta-feira";"19:10:00";"MG";40;523;"CONTAGEM";"Falta de Atenção à Condução";"Saída de leito carroçável";"Com Vítimas Feridas";"Plena Noite";"Decrescente";"Chuva";"Dupla";"Reta";"Não";4;0;1;0;3;0;1;1;-19,86874894;-44,05962197;"SPRF-MG";"DEL01-MG";"UOP02-DEL01-MG"
249781;2019-11-15;"sexta-feira";"18:45:00";"BA";101;152;"CONCEICAO DO JACUIPE";"Ingestão de Álcool";"Colisão frontal";"Com Vítimas Feridas";"Plena Noite";"Decrescente";"Céu Claro";"Simples";"Aclive";"Não";3;0;0;1;2;0;1;2;-12,34550908;-38,76753594;"SPRF-BA";"DEL01-BA";"UOP03-DEL01-BA"
249782;2019-11-15;"sexta-feira";"20:15:00";"MG";50;180;"UBERABA";"Falta de Atenção à Condução";"Colisão lateral";"Com Vítimas Feridas";"Plena Noite";"Decrescente";"Nublado";"Dupla";"Curva";"Não";3;0;2;0;1;0;2;2;-19,77848216;-47,92194709;"SPRF-MG";"DEL13-MG";"UOP01-DEL13-MG"
249783;2019-11-15;"sexta-feira";"19:50:00";"CE";116;31,8;"AQUIRAZ";"Restrição de Visibilidade";"Colisão transversal";"Com Vítimas Fatais";"Plena Noite";"Crescente";"Céu Claro";"Dupla";"Reta";"Não";2;1;0;0;0;1;0;2;-4,01989298;-38,51889923;"SPRF-CE";"DEL01-CE";"UOP02-DEL01-CE"
249784;2019-11-15;"sexta-feira";"20:00:00";"PR";369;236;"JANDAIA DO SUL";"Desobediência às normas de trânsito pelo condutor";"Colisão transversal";"Com Vítimas Feridas";"Plena Noite";"Crescente";"Céu Claro";"Simples";"Retorno Regulamentado";"Não";4;0;2;0;2;0;2;2;-23,66190999;-51,69188619;"SPRF-PR";"DEL07-PR";"UOP03-DEL07-PR"
249785;2019-11-15;"sexta-feira";"19:30:00";"RJ";493;80;"JAPERI";"Ingestão de Álcool";"Colisão traseira";"Sem Vítimas";"Plena Noite";"Crescente";"Garoa/Chuvisco";"Dupla";"Reta";"Não";3;0;0;0;3;0;0;3;-22,66067042;-43,62130165;"SPRF-RJ";"DEL01-RJ";"UOP03-DEL01-RJ"
249786;2019-11-15;"sexta-feira";"20:10:00";"ES";101;325,3;"GUARAPARI";"Defeito Mecânico no Veículo";"Tombamento";"Com Vítimas Feridas";"Plena Noite";"Crescente";"Chuva";"Dupla";"Curva";"Não";2;0;2;0;0;0;2;1;-20,55491301;-40,48064614;"SPRF-ES";"DEL03-ES";"UOP01-DEL03-ES"
249787;2019-11-15;"sexta-feira";"20:20:00";"SC";101;204;"SAO JOSE";"Falta de Atenção à Condução";"Tombamento";"Com Vítimas Feridas";"Plena Noite";"Decrescente";"Céu Claro";"Dupla";"Reta";"Sim";1;0;1;0;0;0;1;1;-27,57413014;-48,61363083;"SPRF-SC";"DEL01-SC";"UOP01-DEL01-SC"
249788;2019-11-15;"sexta-feira";"19:50:00";"SP";116;52,3;"LORENA";"Falta de Atenção à Condução";"Colisão traseira";"Com Vítimas Feridas";"Plena Noite";"Crescente";"Céu Claro";"Dupla";"Reta";"Não";7;0;1;0;5;1;1;3;-22,74708138;-45,09973038;"SPRF-SP";"DEL08-SP";"UOP01-DEL08-SP"
249789;2019-11-15;"sexta-feira";"20:20:00";"SC";163;110,8;"GUARUJA DO SUL";"Desobediência às normas de trânsito pelo condutor";"Colisão transversal";"Com Vítimas Feridas";"Plena Noite";"Crescente";"Céu Claro";"Simples";"Reta";"Não";4;0;1;0;3;0;1;2;-26,40508001;-53,52431608;"SPRF-SC";"DEL07-SC";"UOP04-DEL07-SC"
249790;2019-11-15;"sexta-feira";"19:30:00";"MT";163;801;"VERA";"Falta de Atenção à Condução";"Saída de leito carroçável";"Com Vítimas Feridas";"Plena Noite";"Crescente";"Céu Claro";"Simples";"Curva";"Não";1;0;1;0;0;0;1;1;-12,28230098;-55,56028407;"SPRF-MT";"DEL06-MT";"UOP01-DEL06-MT"
249793;2019-11-15;"sexta-feira";"18:30:00";"MA";402;18,5;"ROSARIO";"Falta de Atenção à Condução";"Colisão traseira";"Sem Vítimas";"Plena Noite";"Decrescente";"Céu Claro";"Simples";"Reta";"Sim";2;0;0;0;1;1;0;2;-2,931181;-44,185051;"SPRF-MA";"DEL01-MA";"UOP01-DEL01-MA"
249794;2019-11-15;"sexta-feira";"19:30:00";"MS";163;528;"JARAGUARI";"Falta de Atenção à Condução";"Saída de leito carroçável";"Sem Vítimas";"Plena Noite";"Crescente";"Céu Claro";"Simples";"Reta";"Não";1;0;0;0;0;1;0;1;-20,09289501;-54,43568097;"SPRF-MS";"DEL01-MS";"UOP02-DEL01-MS"
249795;2019-11-15;"sexta-feira";"21:05:00";"PR";369;420,5;"JURANDA";"Ingestão de Álcool";"Colisão frontal";"Com Vítimas Feridas";"Plena Noite";"Decrescente";"Céu Claro";"Simples";"Reta";"Não";2;0;2;0;0;0;2;2;-24,3853;-52,7888;"SPRF-PR";"DEL04-PR";"UOP03-DEL04-PR"
249796;2019-11-15;"sexta-feira";"16:20:00";"MG";262;382;"MATEUS LEME";"Velocidade Incompatível";"Colisão com objeto estático";"Sem Vítimas";"Pleno dia";"Crescente";"Chuva";"Dupla";"Declive;Reta";"Não";1;0;0;0;0;1;0;1;-19,93732636;-44,44973946;"SPRF-MG";"DEL01-MG";"UOP03-DEL01-MG"
249797;2019-11-15;"sexta-feira";"21:23:00";"RS";386;321,2;"MARQUES DE SOUZA";"Ultrapassagem Indevida";"Queda de ocupante de veículo";"Com Vítimas Feridas";"Plena Noite";"Decrescente";"Céu Claro";"Simples";"Reta";"Não";1;0;0;1;0;0;1;1;-29,28490168;-52,12532043;"SPRF-RS";"DEL04-RS";"UOP01-DEL04-RS"
249798;2019-11-15;"sexta-feira";"21:00:00";"RO";364;342,4;"JI-PARANA";"Não guardar distância de segurança";"Colisão traseira";"Sem Vítimas";"Plena Noite";"Crescente";"Chuva";"Dupla";"Ponte";"Não";2;0;0;0;2;0;0;2;-10,88381227;-61,93741416;"SPRF-RO";"DEL02-RO";"UOP01-DEL02-RO"
249800;2019-11-15;"sexta-feira";"22:00:00";"GO";70;3,5;"AGUAS LINDAS DE GOIAS";"Deficiência ou não Acionamento do Sistema de Iluminação/Sinalização do Veículo";"Colisão com objeto em movimento";"Com Vítimas Feridas";"Plena Noite";"Crescente";"Chuva";"Dupla";"Aclive;Reta";"Sim";3;0;2;1;0;0;3;2;-15,76177302;-48,2368693;"SPRF-DF";"DEL01-DF";"UOP02-DEL03-DF"
249802;2019-11-15;"sexta-feira";"10:00:00";"PR";277;39,5;"MORRETES";"Falta de Atenção à Condução";"Colisão traseira";"Com Vítimas Feridas";"Pleno dia";"Decrescente";"Céu Claro";"Dupla";"Curva";"Não";2;0;1;0;1;0;1;2;-25,571233;-48,817137;"SPRF-PR";"DEL01-PR";"UOP05-DEL01-PR"
249803;2019-11-15;"sexta-feira";"19:00:00";"MG";262;66,1;"MATIPO";"Pista Escorregadia";"Saída de leito carroçável";"Com Vítimas Fatais";"Plena Noite";"Decrescente";"Chuva";"Simples";"Curva";"Não";8;1;5;2;0;0;7;1;-20,30403972;-42,26009805;"SPRF-MG";"DEL06-MG";"UOP03-DEL06-MG"
249804;2019-11-15;"sexta-feira";"22:00:00";"RJ";101;573;"PARATY";"Deficiência ou não Acionamento do Sistema de Iluminação/Sinalização do Veículo";"Colisão traseira";"Sem Vítimas";"Plena Noite";"Decrescente";"Nublado";"Simples";"Reta";"Não";5;0;0;0;4;1;0;3;-23,20276908;-44,72989482;"SPRF-RJ";"DEL03-RJ";"UOP04-DEL03-RJ"
249805;2019-11-15;"sexta-feira";"19:40:00";"RS";116;106;"SAO MARCOS";"Ingestão de Álcool";"Colisão lateral";"Com Vítimas Feridas";"Plena Noite";"Crescente";"Céu Claro";"Simples";"Curva";"Não";3;0;1;0;2;0;1;3;-28,91804795;-51,10840291;"SPRF-RS";"DEL05-RS";"UOP01-DEL05-RS"
249806;2019-11-15;"sexta-feira";"22:00:00";"SP";381;53;"ATIBAIA";"Falta de Atenção à Condução";"Tombamento";"Com Vítimas Feridas";"Plena Noite";"Crescente";"Nublado";"Múltipla";"Aclive";"Sim";1;0;1;0;0;0;1;1;-23,23727986;-46,59981085;"SPRF-SP";"DEL03-SP";"UOP01-DEL03-SP"
249807;2019-11-15;"sexta-feira";"23:00:00";"PE";101;101;"CABO DE SANTO AGOSTINHO";"Desobediência às normas de trânsito pelo condutor";"Tombamento";"Com Vítimas Fatais";"Plena Noite";"Crescente";"Céu Claro";"Dupla";"Reta";"Não";1;1;0;0;0;0;0;1;-8,2757433;-35,05378122;"SPRF-PE";"DEL01-PE";"UOP03-DEL01-PE"
249809;2019-11-15;"sexta-feira";"21:30:00";"RJ";116;78;"TERESOPOLIS";"Falta de Atenção à Condução";"Colisão frontal";"Com Vítimas Feridas";"Plena Noite";"Crescente";"Chuva";"Simples";"Reta";"Não";2;0;0;1;1;0;1;2;-22,37408687;-42,95260496;"SPRF-RJ";"DEL04-RJ";"UOP01-DEL04-RJ"
249810;2019-11-15;"sexta-feira";"22:10:00";"PR";476;130;"CURITIBA";"Falta de Atenção à Condução";"Queda de ocupante de veículo";"Com Vítimas Feridas";"Plena Noite";"Decrescente";"Nublado";"Múltipla";"Interseção de Vias";"Sim";1;0;1;0;0;0;1;1;-25,449564;-49,236427;"SPRF-PR";"DEL01-PR";"UOP07-DEL01-PR"
249812;2019-11-15;"sexta-feira";"23:10:00";"PE";104;63,5;"CARUARU";"Ingestão de Álcool";"Colisão traseira";"Com Vítimas Feridas";"Plena Noite";"Crescente";"Céu Claro";"Simples";"Reta";"Sim";3;0;1;0;2;0;1;2;-8,26549406;-35,97801447;"SPRF-PE";"DEL02-PE";"UOP01-DEL02-PE"
249814;2019-11-15;"sexta-feira";"21:40:00";"PR";376;175;"MARINGA";"Falta de Atenção à Condução";"Colisão lateral";"Com Vítimas Feridas";"Plena Noite";"Crescente";"Céu Claro";"Dupla";"Reta";"Sim";3;0;2;0;0;1;2;2;-23,4113569;-51,9407767;"SPRF-PR";"DEL07-PR";"UOP01-DEL09-PR"
249816;2019-11-15;"sexta-feira";"23:40:00";"PE";232;414,1;"SERRA TALHADA";"Ingestão de Álcool";"Queda de ocupante de veículo";"Com Vítimas Feridas";"Plena Noite";"Decrescente";"Céu Claro";"Simples";"Reta";"Não";1;0;0;1;0;0;1;1;-7,99236282;-38,33750809;"SPRF-PE";"DEL04-PE";"UOP01-DEL04-PE"
249817;2019-11-15;"sexta-feira";"21:30:00";"AC";364;123;"RIO BRANCO";"Condutor Dormindo";"Capotamento";"Com Vítimas Feridas";"Plena Noite";"Crescente";"Garoa/Chuvisco";"Dupla";"Ponte";"Sim";3;0;1;0;2;0;1;1;-10,0117071;-67,782373;"SPRF-AC";"DEL01-AC";"UOP01-DEL01-AC"
249821;2019-11-16;"sábado";"03:10:00";"SC";101;218,2;"PALHOCA";"Falta de Atenção à Condução";"Capotamento";"Sem Vítimas";"Plena Noite";"Crescente";"Céu Claro";"Dupla";"Reta";"Sim";1;0;0;0;1;0;0;1;-27,67597568;-48,6709249;"SPRF-SC";"DEL01-SC";"UOP02-DEL01-SC"
249823;2019-11-16;"sábado";"03:45:00";"RS";116;248;"SAO LEOPOLDO";"Condutor Dormindo";"Colisão com objeto estático";"Com Vítimas Feridas";"Plena Noite";"Crescente";"Nublado";"Múltipla";"Curva";"Sim";1;0;1;0;0;0;1;1;-29,77605895;-51,15508618;"SPRF-RS";"DEL01-RS";"UOP02-DEL01-RS"
249825;2019-11-15;"sexta-feira";"19:15:00";"PI";230;197;"OEIRAS";"Falta de Atenção à Condução";"Colisão traseira";"Com Vítimas Feridas";"Plena Noite";"Decrescente";"Céu Claro";"Dupla";"Reta";"Sim";3;0;1;1;1;0;2;2;-7,00931468;-42,12706364;"SPRF-PI";"DEL04-PI";"UOP01-DEL04-PI"
249826;2019-11-16;"sábado";"04:30:00";"SC";101;206;"SAO JOSE";"Ingestão de Álcool";"Colisão com objeto estático";"Com Vítimas Feridas";"Amanhecer";"Crescente";"Céu Claro";"Múltipla";"Curva";"Não";2;0;1;1;0;0;2;1;-27,59193546;-48,61824557;"SPRF-SC";"DEL01-SC";"UOP01-DEL01-SC"
249827;2019-11-16;"sábado";"01:45:00";"RO";364;221,8;"PIMENTA BUENO";"Ingestão de Álcool";"Colisão com objeto estático";"Sem Vítimas";"Plena Noite";"Decrescente";"Chuva";"Simples";"Reta";"Não";1;0;0;0;1;0;0;1;-11,52522371;-61,33890786;"SPRF-RO";"DEL02-RO";"UOP02-DEL02-RO"
249830;2019-11-16;"sábado";"05:10:00";"RS";116;241,1;"NOVO HAMBURGO";"Falta de Atenção à Condução";"Colisão transversal";"Com Vítimas Feridas";"Amanhecer";"Decrescente";"Céu Claro";"Dupla";"Reta";"Sim";2;0;1;0;1;0;1;2;-29,7114;-51,1472;"SPRF-RS";"DEL01-RS";"UOP02-DEL01-RS"
249831;2019-11-16;"sábado";"03:00:00";"MG";365;5,3;"MONTES CLAROS";"Pista Escorregadia";"Colisão frontal";"Com Vítimas Feridas";"Plena Noite";"Decrescente";"Chuva";"Simples";"Curva";"Não";3;0;1;0;2;0;1;2;-16,80739117;-43,90576065;"SPRF-MG";"DEL12-MG";"UOP01-DEL12-MG"
249833;2019-11-16;"sábado";"03:40:00";"SC";101;105,7;"PENHA";"Falta de Atenção à Condução";"Capotamento";"Com Vítimas Feridas";"Plena Noite";"Crescente";"Céu Claro";"Dupla";"Interseção de Vias";"Sim";4;0;1;1;0;2;2;1;-26,8069122;-48,68308067;"SPRF-SC";"DEL03-SC";"UOP02-DEL03-SC"
249835;2019-11-16;"sábado";"05:00:00";"CE";20;295,5;"CANINDE";"Condutor Dormindo";"Saída de leito carroçável";"Com Vítimas Feridas";"Amanhecer";"Crescente";"Céu Claro";"Simples";"Reta";"Não";2;0;1;0;1;0;1;1;-4,25996667;-39,21363831;"SPRF-CE";"DEL02-CE";"UOP01-DEL02-CE"
249836;2019-11-16;"sábado";"05:39:00";"PB";230;11;"CABEDELO";"Mal Súbito";"Colisão com objeto estático";"Com Vítimas Feridas";"Pleno dia";"Decrescente";"Céu Claro";"Dupla";"Reta";"Não";1;0;0;1;0;0;1;1;-7,0596;-34,8506;"SPRF-PB";"DEL01-PB";"UOP01-DEL01-PB"
249837;2019-11-16;"sábado";"05:45:00";"SP";116;302;"SAO LOURENCO DA SERRA";"Ingestão de Álcool";"Capotamento";"Com Vítimas Feridas";"Amanhecer";"Crescente";"Nevoeiro/Neblina";"Dupla";"Reta";"Não";7;0;4;3;0;0;7;1;-23,8185217;-46,92435714;"SPRF-SP";"DEL04-SP";"UOP01-DEL04-SP"
249838;2019-11-15;"sexta-feira";"15:15:00";"RS";116;116,5;"SAO MARCOS";"Velocidade Incompatível";"Colisão com objeto estático";"Sem Vítimas";"Pleno dia";"Crescente";"Céu Claro";"Simples";"Curva;Declive";"Sim";1;0;0;0;0;1;0;1;-28,97609141;-51,06640231;"SPRF-RS";"DEL05-RS";"UOP01-DEL05-RS"
249840;2019-11-16;"sábado";"06:00:00";"MT";70;521;"VARZEA GRANDE";"Falta de Atenção à Condução";"Queda de ocupante de veículo";"Sem Vítimas";"Pleno dia";"Crescente";"Céu Claro";"Simples";"Reta";"Sim";1;0;0;0;1;0;0;1;-15,65477567;-56,20262146;"SPRF-MT";"DEL01-MT";"DEL2/4-UOP02/MT"
249841;2019-11-16;"sábado";"07:00:00";"PB";101;38;"MAMANGUAPE";"Falta de Atenção à Condução";"Colisão traseira";"Com Vítimas Feridas";"Pleno dia";"Decrescente";"Sol";"Dupla";"Reta";"Não";4;0;2;0;2;0;2;2;-6,82073498;-35,13858694;"SPRF-PB";"DEL01-PB";"UOP04-DEL01-PB"