"id";"data_inversa";"dia_semana";"horario";"uf";"br";"km";"municipio";"causa_acidente";"tipo_acidente";"classificacao_acidente";"fase_dia";"sentido_via";"condicao_metereologica";"tipo_pista";"tracado_via";"uso_solo";"pessoas";"mortos";"feridos_leves";"feridos_graves";"ilesos";"ignorados";"feridos";"veiculos";"latitude";"longitude";"regional";"delegacia";"uop"
249842;2019-11-16;"sábado";"05:25:00";"RJ";101;295;"ITABORAI";"Ingestão de Álcool";"Saída de leito carroçável";"Com Vítimas Feridas";"Amanhecer";"Crescente";"Nublado";"Múltipla";"Curva";"Sim";1;0;1;0;0;0;1;1;-22,76365068;-42,90223623;"SPRF-RJ";"DEL02-RJ";"UOP03-DEL02-RJ"
249844;2019-11-16;"sábado";"05:35:00";"MS";163;219,7;"CAARAPO";"Ingestão de Álcool";"Saída de leito carroçável";"Sem Vítimas";"Amanhecer";"Decrescente";"Céu Claro";"Simples";"Reta";"Não";2;0;0;0;2;0;0;1;-22,54729706;-54,83837908;"SPRF-MS";"DEL04-MS";"UOP02-DEL04-MS"
249845;2019-11-16;"sábado";"06:30:00";"SC";470;26;"ILHOTA";"Desobediência às normas de trânsito pelo condutor";"Colisão traseira";"Com Vítimas Feridas";"Pleno dia";"Crescente";"Céu Claro";"Dupla";"Reta";"Não";2;0;2;0;0;0;2;2;-26,887402;-48,875191;"SPRF-SC";"DEL04-SC";"UOP04-DEL04-SC"
249846;2019-11-16;"sábado";"07:10:00";"DF";70;17;"BRASILIA";"Falta de Atenção à Condução";"Colisão lateral";"Com Vítimas Feridas";"Pleno dia";"Crescente";"Céu Claro";"Simples";"Reta";"Não";2;0;1;0;1;0;1;2;-15,794133;-48,202095;"SPRF-DF";"DEL01-DF";"UOP02-DEL03-DF"
249848;2019-11-16;"sábado";"07:20:00";"SP";116;496;"CAJATI";"Condutor Dormindo";"Saída de leito carroçável";"Com Vítimas Feridas";"Amanhecer";"Decrescente";"Céu Claro";"Dupla";"Curva";"Não";2;0;2;0;0;0;2;1;-24,75945513;-48,16458078;"SPRF-SP";"DEL05-SP";"UAP01-DEL05-SP"
249850;2019-11-16;"sábado";"07:50:00";"PA";316;62;"CASTANHAL";"Falta de Atenção à Condução";"Colisão lateral";"Com Vítimas Feridas";"Pleno dia";"Decrescente";"Céu Claro";"Dupla";"Retorno Regulamentado";"Sim";2;0;1;0;1;0;1;2;-1,29629557;-47,91983997;"SPRF-PA";"DEL01-PA";"UOP01-DEL01-PA"
249851;2019-11-16;"sábado";"08:00:00";"RJ";40;21;"TRES RIOS";"Pista Escorregadia";"Tombamento";"Com Vítimas Feridas";"Pleno dia";"Decrescente";"Céu Claro";"Simples";"Curva";"Não";1;0;1;0;0;0;1;1;-22,11423526;-43,15858581;"SPRF-RJ";"DEL06-RJ";"UOP02-DEL05-RJ"
249852;2019-11-15;"sexta-feira";"19:15:00";"MA";230;400;"BALSAS";"Animais na Pista";"Colisão frontal";"Com Vítimas Feridas";"Plena Noite";"Decrescente";"Céu Claro";"Simples";"Reta";"Não";1;0;0;1;0;0;1;1;-7,49201804;-46,02419491;"SPRF-MA";"DEL05-MA";"UOP01-DEL05-MA"
249853;2019-11-16;"sábado";"07:40:00";"RS";386;370,8;"FAZENDA VILANOVA";"Avarias e/ou desgaste excessivo no pneu";"Saída de leito carroçável";"Com Vítimas Feridas";"Pleno dia";"Crescente";"Céu Claro";"Dupla";"Curva";"Não";2;0;2;0;0;0;2;1;-29,591442;-51,822659;"SPRF-RS";"DEL04-RS";"UOP02-DEL04-RS"
249855;2019-11-16;"sábado";"08:45:00";"RJ";116;269,3;"BARRA MANSA";"Falta de Atenção do Pedestre";"Atropelamento de Pedestre";"Com Vítimas Feridas";"Pleno dia";"Decrescente";"Céu Claro";"Dupla";"Curva";"Não";2;0;1;0;1;0;1;2;-22,57510092;-44,11542461;"SPRF-RJ";"DEL07-RJ";"UOP02-DEL07-RJ"
249857;2019-11-16;"sábado";"07:00:00";"MS";262;609;"MIRANDA";"Condutor Dormindo";"Colisão frontal";"Com Vítimas Feridas";"Pleno dia";"Decrescente";"Céu Claro";"Simples";"Reta";"Não";2;0;1;1;0;0;2;2;-20,03754192;-56,7925899;"SPRF-MS";"DEL03-MS";"UOP02-DEL03-MS"
249858;2019-11-16;"sábado";"08:40:00";"MG";50;174,8;"UBERABA";"Avarias e/ou desgaste excessivo no pneu";"Tombamento";"Com Vítimas Feridas";"Pleno dia";"Decrescente";"Céu Claro";"Dupla";"Reta";"Sim";1;0;1;0;0;0;1;1;-19,770817;-47,973434;"SPRF-MG";"DEL13-MG";"UOP01-DEL13-MG"
249859;2019-10-22;"terça-feira";"15:40:00";"MA";135;126,6;"MIRANDA DO NORTE";"Desobediência às normas de trânsito pelo condutor";"Colisão transversal";"Com Vítimas Feridas";"Pleno dia";"Decrescente";"Céu Claro";"Simples";"Reta";"Sim";2;0;0;1;1;0;1;2;-3,56506;-44,58458;"SPRF-MA";"DEL01-MA";"UOP02-DEL01-MA"
249860;2019-11-16;"sábado";"06:50:00";"RN";304;47,8;"MOSSORO";"Ingestão de Álcool";"Tombamento";"Com Vítimas Feridas";"Pleno dia";"Decrescente";"Sol";"Dupla";"Reta";"Sim";1;0;1;0;0;0;1;1;-5,22686211;-37,32308865;"SPRF-RN";"DEL04-RN";"UOP01-DEL04-RN"
249863;2019-11-16;"sábado";"08:35:00";"SC";280;122;"SAO BENTO DO SUL";"Falta de Atenção à Condução";"Colisão lateral";"Com Vítimas Feridas";"Pleno dia";"Crescente";"Céu Claro";"Simples";"Rotatória";"Não";2;0;1;0;1;0;1;2;-26,24533027;-49,46083546;"SPRF-SC";"DEL06-SC";"UOP03-DEL06-SC"
249865;2019-11-16;"sábado";"09:00:00";"PB";230;502;"CAJAZEIRAS";"Não guardar distância de segurança";"Colisão lateral";"Com Vítimas Feridas";"Pleno dia";"Crescente";"Céu Claro";"Simples";"Rotatória";"Sim";2;0;1;0;1;0;1;2;-6,8979;-38,5233;"SPRF-PB";"DEL03-PB";"UOP03-DEL03-PB"
249867;2019-11-16;"sábado";"09:50:00";"SE";101;185,2;"UMBAUBA";"Desobediência às normas de trânsito pelo condutor";"Colisão transversal";"Com Vítimas Feridas";"Pleno dia";"Decrescente";"Sol";"Simples";"Reta";"Não";3;0;0;2;1;0;2;2;-11,39433203;-37,67508698;"SPRF-SE";"DEL02-SE";"UOP03-DEL02-SE"
249869;2019-11-16;"sábado";"08:15:00";"RS";116;325;"BARRA DO RIBEIRO";"Ingestão de Álcool";"Colisão traseira";"Sem Vítimas";"Pleno dia";"Crescente";"Céu Claro";"Simples";"Reta";"Não";2;0;0;0;2;0;0;2;-30,33576406;-51,42550986;"SPRF-RS";"DEL02-RS";"UOP01-DEL02-RS"
249870;2019-11-16;"sábado";"09:50:00";"MT";158;735;"BARRA DO GARCAS";"Falta de Atenção à Condução";"Saída de leito carroçável";"Com Vítimas Feridas";"Pleno dia";"Crescente";"Céu Claro";"Simples";"Reta";"Não";4;0;1;0;3;0;1;1;-15,35423416;-52,18796667;"SPRF-MT";"DEL07-MT";"UOP01-DEL07-MT"
249871;2019-11-13;"quarta-feira";"12:45:00";"PA";163;401;"ITAITUBA";"Animais na Pista";"Atropelamento de Animal";"Sem Vítimas";"Pleno dia";"Decrescente";"Ignorado";"Simples";"Aclive;Reta";"Não";4;0;0;0;4;0;0;1;-6,28957899;-55,59731978;"SPRF-PA";"DEL05-PA";"UOP01-DEL05-PA"
249872;2019-11-16;"sábado";"10:25:00";"PR";376;507,9;"PONTA GROSSA";"Falta de Atenção do Pedestre";"Atropelamento de Pedestre";"Com Vítimas Feridas";"Pleno dia";"Crescente";"Céu Claro";"Dupla";"Reta";"Não";2;0;1;0;1;0;1;2;-25,24704785;-50,02183083;"SPRF-PR";"DEL03-PR";"UOP04-DEL03-PR"
249873;2019-11-16;"sábado";"10:05:00";"SP";116;230;"SAO PAULO";"Falta de Atenção à Condução";"Colisão lateral";"Com Vítimas Feridas";"Pleno dia";"Crescente";"Céu Claro";"Múltipla";"Reta";"Sim";2;0;1;0;1;0;1;2;-23,52251783;-46,5855702;"SPRF-SP";"DEL01-SP";"UOP01-DEL01-SP"
249874;2019-11-16;"sábado";"09:50:00";"SC";470;139;"RIO DO SUL";"Defeito Mecânico no Veículo";"Colisão traseira";"Com Vítimas Feridas";"Pleno dia";"Decrescente";"Sol";"Simples";"Reta";"Sim";2;0;1;0;1;0;1;2;-27,22096586;-49,66011286;"SPRF-SC";"DEL04-SC";"UOP02-DEL04-SC"
249876;2019-11-16;"sábado";"09:15:00";"PR";376;665,2;"GUARATUBA";"Defeito Mecânico no Veículo";"Incêndio";"Sem Vítimas";"Pleno dia";"Decrescente";"Céu Claro";"Múltipla";"Reta";"Não";1;0;0;0;1;0;0;1;-25,85455838;-48,95670808;"SPRF-PR";"DEL01-PR";"UOP04-DEL01-PR"
249877;2019-11-16;"sábado";"10:00:00";"SC";101;356,9;"SANGAO";"Falta de Atenção à Condução";"Colisão traseira";"Com Vítimas Feridas";"Pleno dia";"Decrescente";"Céu Claro";"Múltipla";"Reta";"Não";2;0;1;0;1;0;1;2;-28,62930081;-49,08665412;"SPRF-SC";"DEL02-SC";"UOP01-DEL02-SC"
249878;2019-11-16;"sábado";"10:15:00";"GO";153;499;"GOIANIA";"Ingestão de Álcool";"Colisão traseira";"Com Vítimas Feridas";"Pleno dia";"Crescente";"Nublado";"Dupla";"Reta";"Sim";2;0;1;0;1;0;1;2;-16,7033;-49,2311;"SPRF-GO";"DEL01-GO";"UOP01-DEL01-GO"
249879;2019-11-16;"sábado";"10:45:00";"GO";153;498,2;"GOIANIA";"Falta de Atenção à Condução";"Colisão traseira";"Sem Vítimas";"Pleno dia";"Crescente";"Céu Claro";"Dupla";"Aclive";"Não";2;0;0;0;2;0;0;2;-16,6939;-49,2321;"SPRF-GO";"DEL01-GO";"UOP01-DEL01-GO"
249880;2019-11-16;"sábado";"05:00:00";"RS";471;549,8;"SANTA VITORIA DO PALMAR";"Animais na Pista";"Saída de leito carroçável";"Com Vítimas Feridas";"Amanhecer";"Crescente";"Céu Claro";"Simples";"Reta";"Não";4;0;1;0;3;0;1;1;-32,810402;-52,683491;"SPRF-RS";"DEL07-RS";"UOP04-DEL07-RS"
249881;2019-11-16;"sábado";"09:55:00";"SC";282;207;"LAGES";"Velocidade Incompatível";"Saída de leito carroçável";"Com Vítimas Feridas";"Pleno dia";"Decrescente";"Céu Claro";"Simples";"Rotatória";"Não";3;0;2;0;1;0;2;1;-27,773464;-50,202095;"SPRF-SC";"DEL05-SC";"UOP01-DEL05-SC"
249882;2019-11-16;"sábado";"09:30:00";"AP";210;1;"MACAPA";"Ingestão de Álcool";"Colisão traseira";"Sem Vítimas";"Pleno dia";"Crescente";"Céu Claro";"Simples";"Reta";"Sim";2;0;0;0;2;0;0;2;0,07816717;-51,06998693;"SPRF-AP";"DEL01-AP";"UOP01-DEL01-AP"
249883;2019-11-16;"sábado";"10:45:00";"PB";230;26,8;"JOAO PESSOA";"Condutor Dormindo";"Saída de leito carroçável";"Com Vítimas Feridas";"Pleno dia";"Crescente";"Céu Claro";"Dupla";"Declive";"Sim";1;0;1;0;0;0;1;1;-7,16831329;-34,88374125;"SPRF-PB";"DEL01-PB";"UOP01-DEL01-PB"
249885;2019-11-16;"sábado";"11:35:00";"RS";386;388,4;"TRIUNFO";"Ingestão de Álcool";"Colisão transversal";"Com Vítimas Feridas";"Pleno dia";"Crescente";"Céu Claro";"Dupla";"Aclive";"Sim";2;0;0;1;1;0;1;2;-29,694038;-51,695747;"SPRF-RS";"DEL04-RS";"UOP02-DEL04-RS"
249889;2019-11-15;"sexta-feira";"20:15:00";"AM";319;101;"CAREIRO";"Defeito na Via";"Capotamento";"Com Vítimas Feridas";"Plena Noite";"Decrescente";"Céu Claro";"Simples";"Reta";"Não";1;0;1;0;0;0;1;1;-3,75392681;-60,2940363;"SPRF-AM";"DEL01-AM";"UOP04-DEL01-AM"
249890;2019-11-16;"sábado";"11:50:00";"ES";101;228,2;"FUNDAO";"Falta de Atenção à Condução";"Colisão com objeto estático";"Com Vítimas Feridas";"Pleno dia";"Decrescente";"Nublado";"Simples";"Curva";"Não";2;0;0;2;0;0;2;1;-19,91868701;-40,40570613;"SPRF-ES";"DEL02-ES";"UOP01-DEL02-ES"
249892;2019-11-16;"sábado";"08:32:00";"ES";101;70;"SAO MATEUS";"Pista Escorregadia";"Saída de leito carroçável";"Com Vítimas Feridas";"Pleno dia";"Crescente";"Garoa/Chuvisco";"Simples";"Reta";"Não";2;0;2;0;0;0;2;1;-18,74453703;-39,86164665;"SPRF-ES";"DEL04-ES";"UOP02-DEL04-ES"
249893;2019-11-16;"sábado";"12:25:00";"SC";101;204;"SAO JOSE";"Não guardar distância de segurança";"Colisão traseira";"Com Vítimas Feridas";"Pleno dia";"Decrescente";"Céu Claro";"Dupla";"Reta";"Sim";2;0;1;0;1;0;1;2;-27,57413014;-48,61363083;"SPRF-SC";"DEL01-SC";"UOP01-DEL01-SC"
249897;2019-11-16;"sábado";"12:00:00";"RJ";101;575;"PARATY";"Falta de Atenção à Condução";"Colisão transversal";"Com Vítimas Feridas";"Pleno dia";"Decrescente";"Céu Claro";"Simples";"Reta";"Sim";2;0;1;0;1;0;1;2;-23,22740773;-44,72736619;"SPRF-RJ";"DEL03-RJ";"UOP04-DEL03-RJ"
249898;2019-11-16;"sábado";"13:00:00";"PR";376;212;"MANDAGUARI";"Avarias e/ou desgaste excessivo no pneu";"Queda de ocupante de veículo";"Com Vítimas Feridas";"Pleno dia";"Crescente";"Céu Claro";"Dupla";"Curva";"Não";2;0;2;0;0;0;2;1;-23,57210607;-51,65384839;"SPRF-PR";"DEL07-PR";"UOP01-DEL09-PR"
249900;2019-11-16;"sábado";"11:30:00";"RS";116;247;"SAO LEOPOLDO";"Desobediência às normas de trânsito pelo condutor";"Colisão lateral";"Com Vítimas Feridas";"Pleno dia";"Crescente";"Céu Claro";"Simples";"Curva";"Sim";3;0;2;0;1;0;2;2;-29,76733091;-51,1535296;"SPRF-RS";"DEL01-RS";"UOP02-DEL01-RS"
249901;2019-11-16;"sábado";"13:20:00";"TO";153;393,6;"RIO DOS BOIS";"Avarias e/ou desgaste excessivo no pneu";"Capotamento";"Sem Vítimas";"Pleno dia";"Crescente";"Chuva";"Simples";"Declive";"Não";5;0;0;0;5;0;0;1;-9,35274923;-48,5436847;"SPRF-TO";"DEL02-TO";"UOP02-DEL02-TO"
249902;2019-11-16;"sábado";"13:30:00";"SE";235;11;"NOSSA SENHORA DO SOCORRO";"Ingestão de Álcool";"Saída de leito carroçável";"Sem Vítimas";"Pleno dia";"Decrescente";"Céu Claro";"Simples";"Curva";"Não";1;0;0;0;1;0;0;1;-10,886912;-37,132862;"SPRF-SE";"DEL01-SE";"UOP01-DEL01-SE"
249903;2019-11-16;"sábado";"13:30:00";"PB";230;6;"CABEDELO";"Falta de Atenção à Condução";"Colisão traseira";"Sem Vítimas";"Pleno dia";"Decrescente";"Céu Claro";"Dupla";"Desvio Temporário";"Sim";3;0;0;0;3;0;0;2;-7,02;-34,8359;"SPRF-PB";"DEL01-PB";"UOP01-DEL01-PB"
249904;2019-11-16;"sábado";"12:40:00";"PR";277;723,8;"FOZ DO IGUACU";"Falta de Atenção à Condução";"Colisão transversal";"Com Vítimas Feridas";"Pleno dia";"Crescente";"Céu Claro";"Dupla";"Reta";"Sim";2;0;1;0;1;0;1;1;-25,49878215;-54,52985294;"SPRF-PR";"DEL05-PR";"UOP01-DEL05-PR"
249905;2019-11-16;"sábado";"12:20:00";"SC";101;100,3;"BALNEARIO PICARRAS";"Não guardar distância de segurança";"Colisão traseira";"Com Vítimas Feridas";"Pleno dia";"Decrescente";"Sol";"Múltipla";"Retorno Regulamentado";"Sim";3;0;2;0;1;0;2;2;-26,76404198;-48,68657667;"SPRF-SC";"DEL03-SC";"UOP02-DEL03-SC"
249907;2019-11-16;"sábado";"12:25:00";"RS";116;150,3;"CAXIAS DO SUL";"Falta de Atenção do Pedestre";"Atropelamento de Pedestre";"Com Vítimas Feridas";"Pleno dia";"Crescente";"Céu Claro";"Dupla";"Reta";"Não";3;0;0;1;1;1;1;2;-29,17082424;-51,1597681;"SPRF-RS";"DEL05-RS";"UOP01-DEL05-RS"
249910;2019-11-16;"sábado";"14:00:00";"RS";287;248,6;"SANTA MARIA";"Ingestão de Álcool";"Colisão transversal";"Com Vítimas Feridas";"Pleno dia";"Crescente";"Céu Claro";"Simples";"Reta";"Sim";2;0;1;0;1;0;1;2;-29,696018;-53,850956;"SPRF-RS";"DEL09-RS";"UOP01-DEL09-RS"
249911;2019-11-16;"sábado";"14:30:00";"MG";365;45,7;"CLARO DOS POCOES";"Velocidade Incompatível";"Saída de leito carroçável";"Com Vítimas Feridas";"Pleno dia";"Crescente";"Sol";"Simples";"Reta";"Não";1;0;0;1;0;0;1;1;-16,91338837;-44,20830575;"SPRF-MG";"DEL12-MG";"UOP01-DEL12-MG"
249912;2019-11-16;"sábado";"12:40:00";"MT";364;567;"NOBRES";"Pista Escorregadia";"Colisão com objeto estático";"Com Vítimas Feridas";"Pleno dia";"Crescente";"Chuva";"Dupla";"Curva;Ponte";"Não";4;0;1;0;3;0;1;1;-14,683237;-56,3012482;"SPRF-MT";"DEL01-MT";"UOP01-DEL01-MT"
249914;2019-11-16;"sábado";"13:40:00";"PR";476;166,5;"CONTENDA";"Falta de Atenção à Condução";"Saída de leito carroçável";"Com Vítimas Feridas";"Pleno dia";"Decrescente";"Céu Claro";"Simples";"Reta";"Não";1;0;0;1;0;0;1;1;-25,650063;-49,477688;"SPRF-PR";"DEL01-PR";"UOP06-DEL01-PR"
249915;2019-11-16;"sábado";"13:30:00";"RJ";101;282,8;"ITABORAI";"Falta de Atenção à Condução";"Tombamento";"Com Vítimas Feridas";"Pleno dia";"Decrescente";"Céu Claro";"Dupla";"Curva";"Sim";1;0;1;0;0;0;1;1;-22,73537979;-42,80440807;"SPRF-RJ";"DEL02-RJ";"UOP03-DEL02-RJ"
249917;2019-11-16;"sábado";"14:30:00";"SC";470;39,2;"GASPAR";"Falta de Atenção à Condução";"Saída de leito carroçável";"Com Vítimas Feridas";"Pleno dia";"Decrescente";"Céu Claro";"Simples";"Reta";"Não";3;0;2;0;1;0;2;2;-26,897341;-48,986881;"SPRF-SC";"DEL04-SC";"UOP01-DEL04-SC"
249918;2019-11-16;"sábado";"14:50:00";"RN";226;60;"SENADOR ELOI DE SOUZA";"Desobediência às normas de trânsito pelo condutor";"Colisão traseira";"Com Vítimas Feridas";"Pleno dia";"Decrescente";"Céu Claro";"Simples";"Reta";"Não";2;0;1;0;1;0;1;2;-6,04174716;-35,67141956;"SPRF-RN";"DEL01-RN";"UOP02-DEL01-RN"
249919;2019-11-16;"sábado";"15:00:00";"PR";277;7;"PARANAGUA";"Velocidade Incompatível";"Capotamento";"Com Vítimas Feridas";"Pleno dia";"Decrescente";"Céu Claro";"Dupla";"Curva";"Não";2;0;1;0;1;0;1;1;-25,568198;-48,615292;"SPRF-PR";"DEL01-PR";"UOP05-DEL01-PR"
249921;2019-11-16;"sábado";"11:30:00";"PR";163;185;"SANTA TEREZA DO OESTE";"Avarias e/ou desgaste excessivo no pneu";"Saída de leito carroçável";"Com Vítimas Feridas";"Pleno dia";"Decrescente";"Sol";"Dupla";"Curva";"Não";4;0;2;2;0;0;4;1;-25,13565591;-53,58359882;"SPRF-PR";"DEL04-PR";"UOP05-DEL05-PR"
249922;2019-11-16;"sábado";"15:15:00";"SP";381;84,9;"SAO PAULO";"Velocidade Incompatível";"Saída de leito carroçável";"Com Vítimas Feridas";"Pleno dia";"Crescente";"Céu Claro";"Dupla";"Reta";"Sim";1;0;1;0;0;0;1;1;-23,43937;-46,56807;"SPRF-SP";"DEL03-SP";"UOP01-DEL03-SP"
249925;2019-11-16;"sábado";"11:20:00";"PR";476;124;"CURITIBA";"Falta de Atenção à Condução";"Queda de ocupante de veículo";"Com Vítimas Feridas";"Pleno dia";"Decrescente";"Céu Claro";"Dupla";"Reta";"Não";1;0;1;0;0;0;1;1;-25,399845;-49,215855;"SPRF-PR";"DEL01-PR";"UOP07-DEL01-PR"
249926;2019-11-16;"sábado";"15:35:00";"PR";369;177;"ROLANDIA";"Velocidade Incompatível";"Colisão com objeto estático";"Com Vítimas Feridas";"Pleno dia";"Decrescente";"Nublado";"Dupla";"Aclive;Curva";"Sim";1;0;1;0;0;0;1;1;-23,34943682;-51,38644159;"SPRF-PR";"DEL07-PR";"UOP01-DEL07-PR"
249927;2019-11-16;"sábado";"15:12:00";"SC";101;232;"PALHOCA";"Falta de Atenção à Condução";"Colisão traseira";"Com Vítimas Feridas";"Pleno dia";"Crescente";"Sol";"Dupla";"Aclive";"Não";2;0;0;1;1;0;1;2;-27,795666;-48,638153;"SPRF-SC";"DEL01-SC";"UOP02-DEL01-SC"
249928;2019-08-29;"quinta-feira";"06:40:00";"RJ";116;179;"NOVA IGUACU";"Desobediência às normas de trânsito pelo condutor";"Colisão lateral";"Com Vítimas Feridas";"Pleno dia";"Decrescente";"Ignorado";"Simples";"Reta";"Sim";2;0;1;0;0;1;1;2;-22,73090708;-43,62499237;"SPRF-RJ";"DEL01-RJ";"UOP02-DEL01-RJ"
249930;2019-11-16;"sábado";"15:20:00";"PR";469;15;"FOZ DO IGUACU";"Falta de Atenção à Condução";"Colisão transversal";"Sem Vítimas";"Pleno dia";"Decrescente";"Céu Claro";"Simples";"Rotatória";"Sim";2;0;0;0;2;0;0;2;-25,5813;-54,5315;"SPRF-PR";"DEL05-PR";"UOP04-DEL05-PR"
249931;2019-11-16;"sábado";"16:00:00";"DF";20;11;"BRASILIA";"Agressão Externa";"Queda de ocupante de veículo";"Com Vítimas Feridas";"Pleno dia";"Crescente";"Céu Claro";"Dupla";"Reta";"Sim";1;0;1;0;0;0;1;1;-15,64654;-47,766422;"SPRF-DF";"DEL02-DF";"UOP01-DEL02-DF"
249932;2019-11-16;"sábado";"14:20:00";"RS";158;500,1;"SANTANA DO LIVRAMENTO";"Falta de Atenção à Condução";"Saída de leito carroçável";"Com Vítimas Feridas";"Pleno dia";"Decrescente";"Céu Claro";"Simples";"Reta";"Não";5;0;4;0;1;0;4;1;-30,52088202;-55,07191592;"SPRF-RS";"DEL11-RS";"UOP01-DEL11-RS"
249934;2019-11-16;"sábado";"15:30:00";"SP";488;0,7;"APARECIDA";"Desobediência às normas de trânsito pelo pedestre";"Atropelamento de Pedestre";"Com Vítimas Feridas";"Pleno dia";"Crescente";"Sol";"Dupla";"Reta";"Sim";2;0;1;0;1;0;1;2;-22,85143577;-45,23207009;"SPRF-SP";"DEL08-SP";"UOP01-DEL08-SP"
249935;2019-11-16;"sábado";"15:45:00";"BA";116;813,1;"VITORIA DA CONQUISTA";"Velocidade Incompatível";"Saída de leito carroçável";"Sem Vítimas";"Pleno dia";"Decrescente";"Céu Claro";"Simples";"Reta";"Sim";2;0;0;0;2;0;0;1;-14,76880012;-40,71367294;"SPRF-BA";"DEL08-BA";"UOP01-DEL08-BA"
249939;2019-11-16;"sábado";"16:10:00";"MG";40;564;"NOVA LIMA";"Pista Escorregadia";"Saída de leito carroçável";"Com Vítimas Feridas";"Pleno dia";"Decrescente";"Chuva";"Dupla";"Declive;Reta";"Sim";4;0;4;0;0;0;4;1;-20,16086012;-43,96464349;"SPRF-MG";"DEL01-MG";"UOP02-DEL01-MG"
249940;2019-11-16;"sábado";"03:30:00";"PI";135;594;"CORRENTE";"Desobediência às normas de trânsito pelo condutor";"Colisão lateral";"Com Vítimas Feridas";"Plena Noite";"Crescente";"Céu Claro";"Simples";"Reta";"Não";2;0;0;1;1;0;1;2;-10,47087701;-45,17914742;"SPRF-PI";"DEL03-PI";"UOP02-DEL03-PI"
249941;2019-11-16;"sábado";"16:35:00";"PI";316;32;"DEMERVAL LOBAO";"Falta de Atenção à Condução";"Colisão lateral";"Com Vítimas Fatais";"Pleno dia";"Decrescente";"Céu Claro";"Simples";"Reta";"Sim";3;1;0;2;0;0;2;2;-5,34217984;-42,68627493;"SPRF-PI";"DEL01-PI";"UOP02-DEL01-PI"
249942;2019-11-16;"sábado";"05:30:00";"PI";135;631;"CRISTALANDIA DO PIAUI";"Falta de Atenção à Condução";"Colisão com objeto estático";"Com Vítimas Fatais";"Plena Noite";"Crescente";"Céu Claro";"Simples";"Curva";"Não";1;1;0;0;0;0;0;1;-10,75376002;-45,15849783;"SPRF-PI";"DEL03-PI";"UOP02-DEL03-PI"
249943;2019-11-16;"sábado";"16:15:00";"CE";222;36,8;"CAUCAIA";"Avarias e/ou desgaste excessivo no pneu";"Tombamento";"Com Vítimas Feridas";"Pleno dia";"Crescente";"Céu Claro";"Simples";"Reta";"Não";2;0;2;0;0;0;2;1;-3,69766843;-38,87312982;"SPRF-CE";"DEL01-CE";"UOP01-DEL01-CE"
249944;2019-11-16;"sábado";"16:50:00";"PR";469;16;"FOZ DO IGUACU";"Falta de Atenção à Condução";"Colisão transversal";"Com Vítimas Feridas";"Pleno dia";"Decrescente";"Céu Claro";"Simples";"Reta";"Sim";2;0;1;0;1;0;1;2;-25,5844;-54,5245;"SPRF-PR";"DEL05-PR";"UOP04-DEL05-PR"
249945;2019-11-16;"sábado";"17:00:00";"GO";20;6,5;"FORMOSA";"Sinalização da via insuficiente ou inadequada";"Colisão transversal";"Com Vítimas Feridas";"Pleno dia";"Crescente";"Céu Claro";"Simples";"Reta";"Não";2;0;0;1;1;0;1;2;-15,54921;-47,300228;"SPRF-DF";"DEL02-DF";"UOP01-DEL02-DF"
249946;2019-11-16;"sábado";"16:25:00";"BA";324;589;"CANDEIAS";"Defeito Mecânico no Veículo";"Tombamento";"Com Vítimas Feridas";"Pleno dia";"Crescente";"Céu Claro";"Dupla";"Reta";"Sim";2;0;2;0;0;0;2;1;-12,66425409;-38,4707655;"SPRF-BA";"DEL01-BA";"UOP01-DEL01-BA"
249947;2019-11-16;"sábado";"17:10:00";"PE";408;63;"CARPINA";"Falta de Atenção à Condução";"Colisão frontal";"Com Vítimas Feridas";"Pleno dia";"Crescente";"Céu Claro";"Simples";"Reta";"Sim";2;0;1;0;1;0;1;2;-7,83982046;-35,24072239;"SPRF-PE";"DEL01-PE";"UOP01-DEL01-PE"
249948;2019-11-16;"sábado";"17:02:00";"MG";50;174,6;"UBERABA";"Falta de Atenção à Condução";"Colisão com objeto estático";"Sem Vítimas";"Pleno dia";"Crescente";"Céu Claro";"Dupla";"Reta";"Sim";1;0;0;0;1;0;0;1;-19,770817;-47,973434;"SPRF-MG";"DEL13-MG";"UOP01-DEL13-MG"
249950;2019-11-16;"sábado";"17:20:00";"PR";163;287;"MARECHAL CANDIDO RONDON";"Ingestão de Álcool";"Colisão lateral";"Sem Vítimas";"Pleno dia";"Decrescente";"Sol";"Simples";"Reta";"Sim";3;0;0;0;3;0;0;2;-24,52833539;-54,05269146;"SPRF-PR";"DEL06-PR";"UOP02-DEL06-PR"
249952;2019-11-16;"sábado";"13:30:00";"BA";418;87;"NOVA VICOSA";"Falta de Atenção à Condução";"Colisão traseira";"Com Vítimas Feridas";"Pleno dia";"Crescente";"Nublado";"Simples";"Reta";"Sim";3;0;1;1;1;0;2;3;-17,892078;-39,81627;"SPRF-BA";"DEL09-BA";"UOP02-DEL09-BA"
249953;2019-11-16;"sábado";"17:38:00";"RN";406;103,1;"JOAO CAMARA";"Mal Súbito";"Colisão lateral";"Com Vítimas Feridas";"Anoitecer";"Crescente";"Céu Claro";"Simples";"Reta";"Sim";3;0;1;1;1;0;2;2;-5,53714888;-35,81373986;"SPRF-RN";"DEL02-RN";"UOP01-DEL02-RN"
249956;2019-11-16;"sábado";"17:00:00";"MT";163;755;"SORRISO";"Ingestão de Álcool";"Colisão transversal";"Com Vítimas Feridas";"Pleno dia";"Crescente";"Nublado";"Dupla";"Reta";"Sim";2;0;1;0;1;0;1;2;-12,66941424;-55,79300707;"SPRF-MT";"DEL06-MT";"UOP01-DEL06-MT"