"id";"data_inversa";"dia_semana";"horario";"uf";"br";"km";"municipio";"causa_acidente";"tipo_acidente";"classificacao_acidente";"fase_dia";"sentido_via";"condicao_metereologica";"tipo_pista";"tracado_via";"uso_solo";"pessoas";"mortos";"feridos_leves";"feridos_graves";"ilesos";"ignorados";"feridos";"veiculos";"latitude";"longitude";"regional";"delegacia";"uop"
249957;2019-11-16;"sábado";"17:50:00";"GO";60;105,6;"GOIANAPOLIS";"Falta de Atenção à Condução";"Colisão lateral";"Com Vítimas Feridas";"Pleno dia";"Decrescente";"Céu Claro";"Dupla";"Reta";"Não";5;0;2;0;1;2;2;3;-16,42914931;-49,01697278;"SPRF-GO";"DEL02-GO";"UOP01-DEL02-GO"
249959;2019-11-16;"sábado";"17:00:00";"SC";101;66,1;"ARAQUARI";"Falta de Atenção à Condução";"Tombamento";"Com Vítimas Feridas";"Pleno dia";"Crescente";"Sol";"Dupla";"Curva";"Sim";1;0;1;0;0;0;1;1;-26,478474;-48,73863;"SPRF-SC";"DEL03-SC";"UOP02-DEL03-SC"
249960;2019-11-16;"sábado";"16:25:00";"SC";280;31;"ARAQUARI";"Falta de Atenção à Condução";"Colisão transversal";"Com Vítimas Feridas";"Anoitecer";"Decrescente";"Céu Claro";"Simples";"Reta";"Não";3;0;1;0;2;0;1;2;-26,41649938;-48,77181215;"SPRF-SC";"DEL03-SC";"UOP03-DEL03-SC"
249961;2019-11-16;"sábado";"18:00:00";"PE";424;18,2;"PEDRA";"Ingestão de Álcool";"Colisão lateral";"Com Vítimas Feridas";"Plena Noite";"Crescente";"Céu Claro";"Simples";"Curva";"Sim";3;0;0;2;1;0;2;2;-8,49676628;-36,93934222;"SPRF-PE";"DEL03-PE";"UOP02-DEL03-PE"
249962;2019-11-16;"sábado";"18:30:00";"SC";470;55;"BLUMENAU";"Desobediência às normas de trânsito pelo condutor";"Colisão transversal";"Com Vítimas Feridas";"Anoitecer";"Crescente";"Nublado";"Simples";"Reta";"Não";2;0;1;0;1;0;1;2;-26,875601;-49,117992;"SPRF-SC";"DEL04-SC";"UOP01-DEL04-SC"
249964;2019-11-16;"sábado";"17:40:00";"PR";116;135,8;"MANDIRITUBA";"Falta de Atenção à Condução";"Colisão traseira";"Com Vítimas Feridas";"Pleno dia";"Crescente";"Céu Claro";"Simples";"Reta";"Sim";2;0;1;0;1;0;1;2;-25,68413003;-49,31639964;"SPRF-PR";"DEL01-PR";"UOP03-DEL01-PR"
249965;2019-11-16;"sábado";"17:40:00";"MS";262;355,4;"CAMPO GRANDE";"Ingestão de Álcool";"Colisão traseira";"Com Vítimas Feridas";"Anoitecer";"Crescente";"Céu Claro";"Simples";"Reta";"Não";4;0;0;2;0;2;2;4;-20,55085314;-54,67160768;"SPRF-MS";"DEL01-MS";"UOP03-DEL01-MS"
249966;2019-11-16;"sábado";"18:05:00";"PI";343;336,5;"TERESINA";"Desobediência às normas de trânsito pelo condutor";"Colisão frontal";"Com Vítimas Feridas";"Plena Noite";"Decrescente";"Céu Claro";"Simples";"Curva";"Não";4;0;2;1;1;0;3;2;-5,06168918;-42,71173239;"SPRF-PI";"DEL01-PI";"UOP01-DEL01-PI"
249967;2019-11-16;"sábado";"15:00:00";"MG";262;583,9;"CAMPOS ALTOS";"Velocidade Incompatível";"Colisão frontal";"Com Vítimas Fatais";"Pleno dia";"Crescente";"Chuva";"Simples";"Curva";"Não";15;5;9;0;1;0;9;2;-19,66251616;-46,09933421;"SPRF-MG";"DEL08-MG";"UOP02-DEL08-MG"
249968;2019-11-16;"sábado";"17:45:00";"RJ";101;303;"SAO GONCALO";"Falta de Atenção à Condução";"Saída de leito carroçável";"Com Vítimas Feridas";"Anoitecer";"Decrescente";"Céu Claro";"Dupla";"Reta";"Sim";1;0;1;0;0;0;1;1;-22,7828205;-42,9766681;"SPRF-RJ";"DEL02-RJ";"UOP02-DEL02-RJ"
249969;2019-11-16;"sábado";"16:20:00";"ES";393;2;"CACHOEIRO DE ITAPEMIRIM";"Desobediência às normas de trânsito pelo condutor";"Colisão frontal";"Com Vítimas Feridas";"Pleno dia";"Crescente";"Nublado";"Simples";"Reta";"Sim";2;0;0;2;0;0;2;2;-20,83242503;-41,17491003;"SPRF-ES";"DEL03-ES";"UOP02-DEL03-ES"
249971;2019-11-16;"sábado";"18:30:00";"PR";476;188,2;"LAPA";"Falta de Atenção à Condução";"Saída de leito carroçável";"Com Vítimas Feridas";"Anoitecer";"Decrescente";"Céu Claro";"Simples";"Reta";"Não";6;0;3;2;0;1;5;2;-25,719151;-49,667191;"SPRF-PR";"DEL01-PR";"UOP06-DEL01-PR"
249972;2019-11-16;"sábado";"07:50:00";"RS";290;634;"URUGUAIANA";"Condutor Dormindo";"Saída de leito carroçável";"Com Vítimas Feridas";"Pleno dia";"Decrescente";"Céu Claro";"Simples";"Reta";"Não";3;0;2;0;1;0;2;1;-30,022615;-56,259399;"SPRF-RS";"DEL13-RS";"UOP02-DEL13-RS"
249973;2019-11-16;"sábado";"17:00:00";"RS";392;33,3;"RIO GRANDE";"Avarias e/ou desgaste excessivo no pneu";"Saída de leito carroçável";"Com Vítimas Feridas";"Pleno dia";"Crescente";"Céu Claro";"Dupla";"Reta";"Não";3;0;1;0;2;0;1;1;-32,02482501;-52,28787638;"SPRF-RS";"DEL07-RS";"UOP02-DEL07-RS"
249974;2019-11-16;"sábado";"19:15:00";"MG";40;514;"RIBEIRAO DAS NEVES";"Falta de Atenção do Pedestre";"Atropelamento de Pedestre";"Com Vítimas Feridas";"Plena Noite";"Decrescente";"Céu Claro";"Dupla";"Reta";"Sim";2;0;1;0;1;0;1;2;-19,80151928;-44,10000333;"SPRF-MG";"DEL01-MG";"UOP02-DEL01-MG"
249976;2019-11-16;"sábado";"17:20:00";"RN";405;108,9;"ITAU";"Desobediência às normas de trânsito pelo condutor";"Colisão frontal";"Com Vítimas Feridas";"Anoitecer";"Decrescente";"Céu Claro";"Simples";"Reta";"Sim";2;0;0;2;0;0;2;2;-5,83341251;-37,98037366;"SPRF-RN";"DEL04-RN";"UOP02-DEL04-RN"
249977;2019-11-16;"sábado";"19:10:00";"PR";376;2;"MANDAGUARI";"Não guardar distância de segurança";"Colisão traseira";"Com Vítimas Feridas";"Plena Noite";"Crescente";"Céu Claro";"Simples";"Reta";"Sim";3;0;2;0;1;0;2;2;-23,51408967;-51,70016885;"SPRF-PR";"DEL07-PR";"UOP01-DEL09-PR"
249978;2019-11-16;"sábado";"09:30:00";"RS";290;92;"PORTO ALEGRE";"Falta de Atenção à Condução";"Tombamento";"Com Vítimas Feridas";"Pleno dia";"Crescente";"Sol";"Simples";"Curva";"Não";1;0;1;0;0;0;1;1;-29,971916;-51,176838;"SPRF-RS";"DEL01-RS";"UOP01-DEL01-RS"
249981;2019-11-16;"sábado";"19:30:00";"RS";116;232,6;"NOVO HAMBURGO";"Ingestão de Álcool";"Colisão lateral";"Sem Vítimas";"Plena Noite";"Crescente";"Céu Claro";"Simples";"Rotatória;Curva";"Sim";2;0;0;0;2;0;0;2;-29,63786878;-51,14187609;"SPRF-RS";"DEL01-RS";"UOP02-DEL01-RS"
249982;2019-11-16;"sábado";"19:15:00";"PE";104;61;"CARUARU";"Desobediência às normas de trânsito pelo condutor";"Colisão traseira";"Com Vítimas Feridas";"Plena Noite";"Crescente";"Céu Claro";"Dupla";"Reta";"Sim";2;0;0;1;1;0;1;2;-8,2529;-35,9751;"SPRF-PE";"DEL02-PE";"UOP01-DEL02-PE"
249983;2019-11-16;"sábado";"17:20:00";"RS";471;175;"RIO PARDO";"Falta de Atenção à Condução";"Saída de leito carroçável";"Com Vítimas Feridas";"Pleno dia";"Crescente";"Céu Claro";"Simples";"Curva";"Não";1;0;1;0;0;0;1;1;-30,031555;-52,371674;"SPRF-RS";"DEL02-RS";"UOP02-DEL02-RS"
249984;2019-11-16;"sábado";"20:20:00";"ES";259;99;"BAIXO GUANDU";"Falta de Atenção à Condução";"Colisão transversal";"Com Vítimas Feridas";"Plena Noite";"Crescente";"Nublado";"Simples";"Reta";"Sim";3;0;1;1;1;0;2;2;-19,51537377;-40,98652397;"SPRF-ES";"DEL02-ES";"UOP01-DEL02-ES"
249985;2019-11-16;"sábado";"19:20:00";"PR";373;178;"PONTA GROSSA";"Falta de Atenção do Pedestre";"Atropelamento de Pedestre";"Com Vítimas Fatais";"Plena Noite";"Crescente";"Céu Claro";"Dupla";"Curva";"Sim";2;1;0;0;0;1;0;2;-25,05025485;-50,23418475;"SPRF-PR";"DEL03-PR";"UOP01-DEL03-PR"
249987;2019-11-16;"sábado";"19:30:00";"SC";101;414;"ARARANGUA";"Velocidade Incompatível";"Colisão com objeto estático";"Sem Vítimas";"Anoitecer";"Decrescente";"Céu Claro";"Simples";"Rotatória";"Sim";1;0;0;0;1;0;0;1;-28,95360392;-49,50985011;"SPRF-SC";"DEL02-SC";"UOP02-DEL02-SC"
249988;2019-11-16;"sábado";"20:15:00";"SE";101;94;"NOSSA SENHORA DO SOCORRO";"Ingestão de Álcool";"Queda de ocupante de veículo";"Com Vítimas Feridas";"Plena Noite";"Decrescente";"Céu Claro";"Dupla";"Reta";"Não";1;0;1;0;0;0;1;1;-10,90732013;-37,15236691;"SPRF-SE";"DEL01-SE";"UOP01-DEL01-SE"
249990;2019-11-16;"sábado";"19:45:00";"PR";376;3,7;"APUCARANA";"Desobediência às normas de trânsito pelo condutor";"Colisão transversal";"Com Vítimas Feridas";"Plena Noite";"Crescente";"Céu Claro";"Simples";"Reta";"Sim";5;0;2;0;3;0;2;2;-23,5513;-51,461266;"SPRF-PR";"DEL07-PR";"UOP03-DEL07-PR"
249991;2019-11-16;"sábado";"21:05:00";"PR";376;179;"MARINGA";"Não guardar distância de segurança";"Queda de ocupante de veículo";"Com Vítimas Feridas";"Plena Noite";"Crescente";"Céu Claro";"Dupla";"Reta";"Sim";1;0;1;0;0;0;1;1;-23,42244278;-51,90360392;"SPRF-PR";"DEL07-PR";"UOP01-DEL09-PR"
249992;2019-11-16;"sábado";"13:44:00";"PI";316;58;"MONSENHOR GIL";"Não guardar distância de segurança";"Colisão traseira";"Com Vítimas Feridas";"Pleno dia";"Decrescente";"Céu Claro";"Simples";"Reta";"Não";2;0;1;0;1;0;1;2;-5,55728008;-42,61182961;"SPRF-PI";"DEL01-PI";"UOP02-DEL01-PI"
249993;2019-11-16;"sábado";"20:30:00";"RJ";101;574;"PARATY";"Falta de Atenção à Condução";"Colisão lateral";"Sem Vítimas";"Plena Noite";"Crescente";"Céu Claro";"Simples";"Reta";"Não";2;0;0;0;1;1;0;2;-23,21106418;-44,73373262;"SPRF-RJ";"DEL03-RJ";"UOP04-DEL03-RJ"
249994;2019-11-16;"sábado";"14:50:00";"PR";280;312,6;"BARRACAO";"Não guardar distância de segurança";"Colisão traseira";"Com Vítimas Feridas";"Pleno dia";"Crescente";"Céu Claro";"Simples";"Reta";"Não";3;0;0;1;2;0;1;2;-26,2997745;-53,50039693;"SPRF-PR";"DEL02-PR";"UOP01-DEL02-PR"
249995;2019-11-16;"sábado";"20:00:00";"ES";262;2;"CARIACICA";"Ingestão de Álcool";"Colisão lateral";"Com Vítimas Feridas";"Plena Noite";"Decrescente";"Garoa/Chuvisco";"Dupla";"Reta";"Sim";2;0;0;2;0;0;2;2;-20,33275688;-40,36077696;"SPRF-ES";"DEL01-ES";"UOP01-DEL01-ES"
249996;2019-11-16;"sábado";"17:00:00";"RJ";356;43;"ITAPERUNA";"Velocidade Incompatível";"Saída de leito carroçável";"Com Vítimas Feridas";"Pleno dia";"Crescente";"Nublado";"Dupla";"Aclive";"Não";1;0;0;1;0;0;1;1;-21,22315454;-41,81951572;"SPRF-RJ";"DEL08-RJ";"UOP03-DEL08-RJ"
249997;2019-11-16;"sábado";"19:00:00";"SC";280;27,4;"ARAQUARI";"Desobediência às normas de trânsito pelo condutor";"Colisão transversal";"Com Vítimas Feridas";"Anoitecer";"Crescente";"Céu Claro";"Simples";"Reta";"Sim";2;0;1;0;1;0;1;2;-26,39685622;-48,74021969;"SPRF-SC";"DEL03-SC";"UOP03-DEL03-SC"
249998;2019-11-16;"sábado";"21:15:00";"PR";277;587;"CASCAVEL";"Falta de Atenção à Condução";"Colisão com objeto estático";"Com Vítimas Feridas";"Plena Noite";"Crescente";"Céu Claro";"Simples";"Curva";"Sim";1;0;0;1;0;0;1;1;-24,96941255;-53,42959722;"SPRF-PR";"DEL04-PR";"UOP01-DEL04-PR"
249999;2019-11-16;"sábado";"21:15:00";"RS";386;344;"LAJEADO";"Desobediência às normas de trânsito pelo condutor";"Colisão transversal";"Com Vítimas Feridas";"Plena Noite";"Crescente";"Céu Claro";"Simples";"Reta";"Sim";4;0;2;0;1;1;2;2;-29,44212538;-51,98674863;"SPRF-RS";"DEL04-RS";"UOP01-DEL04-RS"
250001;2019-11-16;"sábado";"18:00:00";"SC";280;154,2;"MAFRA";"Ingestão de Álcool";"Saída de leito carroçável";"Com Vítimas Feridas";"Pleno dia";"Crescente";"Céu Claro";"Simples";"Curva";"Não";1;0;0;1;0;0;1;1;-26,21362587;-49,7181449;"SPRF-SC";"DEL06-SC";"UOP03-DEL06-SC"
250002;2019-11-16;"sábado";"15:30:00";"SC";280;93;"CORUPA";"Falta de Atenção à Condução";"Queda de ocupante de veículo";"Com Vítimas Feridas";"Pleno dia";"Decrescente";"Céu Claro";"Simples";"Curva;Declive";"Não";1;0;1;0;0;0;1;1;-26,39962904;-49,29783103;"SPRF-SC";"DEL06-SC";"UOP03-DEL06-SC"
250003;2019-11-16;"sábado";"21:00:00";"RO";174;15,6;"VILHENA";"Falta de Atenção à Condução";"Colisão transversal";"Com Vítimas Feridas";"Plena Noite";"Decrescente";"Nublado";"Simples";"Reta";"Sim";4;0;1;1;2;0;2;2;-12,723321;-60,12801;"SPRF-RO";"DEL04-RO";"UOP01-DEL04-RO"
250004;2019-11-16;"sábado";"21:45:00";"ES";101;270,3;"SERRA";"Desobediência às normas de trânsito pelo condutor";"Tombamento";"Com Vítimas Feridas";"Plena Noite";"Decrescente";"Nublado";"Múltipla";"Interseção de Vias";"Sim";3;0;1;0;2;0;1;2;-20,22662056;-40,27075088;"SPRF-ES";"DEL02-ES";"UOP01-DEL02-ES"
250005;2019-11-16;"sábado";"20:10:00";"RO";364;716;"PORTO VELHO";"Falta de Atenção à Condução";"Colisão frontal";"Com Vítimas Feridas";"Plena Noite";"Crescente";"Nublado";"Simples";"Viaduto";"Sim";3;0;1;0;2;0;1;2;-8,78573785;-63,89817015;"SPRF-RO";"DEL01-RO";"UOP01-DEL01-RO"
250006;2019-11-16;"sábado";"20:20:00";"RS";471;173,5;"RIO PARDO";"Animais na Pista";"Atropelamento de Animal";"Com Vítimas Fatais";"Plena Noite";"Crescente";"Céu Claro";"Simples";"Reta";"Sim";2;1;1;0;0;0;1;1;-29,9759777;-52,37208366;"SPRF-RS";"DEL02-RS";"UOP02-DEL02-RS"
250007;2019-11-16;"sábado";"22:30:00";"PR";373;253,2;"GUAMIRANGA";"Falta de Atenção à Condução";"Colisão transversal";"Com Vítimas Feridas";"Plena Noite";"Crescente";"Céu Claro";"Simples";"Reta";"Não";2;0;0;1;1;0;1;2;-25,1879852;-50,88373001;"SPRF-PR";"DEL03-PR";"UOP01-DEL03-PR"
250008;2019-11-16;"sábado";"22:40:00";"SP";116;385;"MIRACATU";"Falta de Atenção à Condução";"Colisão lateral";"Com Vítimas Feridas";"Plena Noite";"Decrescente";"Nublado";"Dupla";"Reta";"Não";3;0;2;0;1;0;2;2;-24,254993;-47,375412;"SPRF-SP";"DEL04-SP";"UOP02-DEL04-SP"
250009;2019-11-16;"sábado";"23:15:00";"MG";116;762,9;"LEOPOLDINA";"Desobediência às normas de trânsito pelo condutor";"Colisão lateral";"Com Vítimas Feridas";"Plena Noite";"Crescente";"Céu Claro";"Simples";"Reta";"Sim";5;0;1;1;1;2;2;3;-21,52887723;-42,62360898;"SPRF-MG";"DEL07-MG";"UOP01-DEL07-MG"
250010;2019-11-16;"sábado";"23:20:00";"PR";376;617;"SAO JOSE DOS PINHAIS";"Falta de Atenção à Condução";"Colisão com objeto estático";"Sem Vítimas";"Plena Noite";"Crescente";"Nublado";"Dupla";"Curva";"Sim";1;0;0;0;1;0;0;1;-25,58426494;-49,17618795;"SPRF-PR";"DEL01-PR";"UOP01-DEL01-PR"
250011;2019-11-16;"sábado";"23:20:00";"PR";277;711;"SANTA TEREZINHA DE ITAIPU";"Não guardar distância de segurança";"Colisão traseira";"Com Vítimas Feridas";"Plena Noite";"Crescente";"Céu Claro";"Dupla";"Reta";"Sim";2;0;1;0;0;1;1;2;-25,45408037;-54,42224885;"SPRF-PR";"DEL05-PR";"UOP01-DEL05-PR"
250012;2019-11-16;"sábado";"15:30:00";"BA";101;789,7;"ITAMARAJU";"Condutor Dormindo";"Saída de leito carroçável";"Com Vítimas Feridas";"Pleno dia";"Crescente";"Sol";"Simples";"Reta";"Não";4;0;1;1;2;0;2;1;-16,88136838;-39,51403591;"SPRF-BA";"DEL09-BA";"UOP01-DEL09-BA"
250013;2019-11-16;"sábado";"23:55:00";"SC";470;66,7;"INDAIAL";"Falta de Atenção à Condução";"Colisão transversal";"Com Vítimas Feridas";"Plena Noite";"Decrescente";"Céu Claro";"Simples";"Reta";"Sim";3;0;2;0;1;0;2;2;-26,870407;-49,221844;"SPRF-SC";"DEL04-SC";"UOP01-DEL04-SC"
250014;2019-11-16;"sábado";"20:30:00";"MG";116;478,1;"DOM CAVATI";"Ingestão de Álcool";"Colisão frontal";"Sem Vítimas";"Plena Noite";"Crescente";"Nublado";"Simples";"Reta";"Sim";3;0;0;0;3;0;0;2;-19,37735625;-42,1085357;"SPRF-MG";"DEL06-MG";"UOP02-DEL06-MG"
250015;2019-11-17;"domingo";"00:05:00";"PE";232;211;"PESQUEIRA";"Falta de Atenção à Condução";"Colisão transversal";"Sem Vítimas";"Plena Noite";"Crescente";"Céu Claro";"Simples";"Reta";"Sim";2;0;0;0;1;1;0;2;-8,36899532;-36,70578682;"SPRF-PE";"DEL02-PE";"UOP03-DEL02-PE"
250016;2019-11-16;"sábado";"23:30:00";"RS";448;4;"ESTEIO";"Velocidade Incompatível";"Colisão com objeto estático";"Sem Vítimas";"Plena Noite";"Decrescente";"Céu Claro";"Dupla";"Reta";"Não";1;0;0;0;1;0;0;1;-29,849258;-51,220989;"SPRF-RS";"DEL01-RS";"UOP02-DEL01-RS"
250017;2019-11-16;"sábado";"23:50:00";"DF";20;12;"BRASILIA";"Falta de Atenção à Condução";"Tombamento";"Com Vítimas Feridas";"Plena Noite";"Crescente";"Céu Claro";"Dupla";"Reta";"Não";2;0;1;0;1;0;1;1;-15,642812;-47,757786;"SPRF-DF";"DEL02-DF";"UOP01-DEL02-DF"
250021;2019-11-16;"sábado";"23:15:00";"MG";153;3;"ARAPORA";"Velocidade Incompatível";"Saída de leito carroçável";"Com Vítimas Feridas";"Plena Noite";"Decrescente";"Chuva";"Dupla";"Curva";"Sim";2;0;2;0;0;0;2;1;-18,44269811;-49,18779194;"SPRF-MG";"DEL15-MG";"UOP03-DEL15-MG"
250022;2019-11-17;"domingo";"01:20:00";"GO";40;10,5;"LUZIANIA";"Velocidade Incompatível";"Colisão com objeto estático";"Com Vítimas Fatais";"Plena Noite";"Crescente";"Céu Claro";"Dupla";"Reta";"Sim";5;2;0;3;0;0;3;1;-16,131285;-47,957923;"SPRF-DF";"DEL01-DF";"UOP01-DEL01-DF"
250024;2019-11-17;"domingo";"00:20:00";"RJ";116;183,6;"NOVA IGUACU";"Desobediência às normas de trânsito pelo condutor";"Colisão traseira";"Sem Vítimas";"Plena Noite";"Decrescente";"Céu Claro";"Dupla";"Reta";"Sim";2;0;0;0;2;0;0;2;-22,73902658;-43,49494999;"SPRF-RJ";"DEL01-RJ";"UOP02-DEL01-RJ"
250026;2019-11-17;"domingo";"02:00:00";"RS";472;115,7;"BOA VISTA DO BURICA";"Falta de Atenção à Condução";"Colisão frontal";"Com Vítimas Fatais";"Plena Noite";"Crescente";"Céu Claro";"Simples";"Aclive";"Não";4;4;0;0;0;0;0;2;-27,67724885;-54,11657464;"SPRF-RS";"DEL10-RS";"UOP01-DEL10-RS"
250027;2019-11-17;"domingo";"01:40:00";"MG";40;279,9;"TRES MARIAS";"Velocidade Incompatível";"Saída de leito carroçável";"Com Vítimas Fatais";"Plena Noite";"Crescente";"Céu Claro";"Simples";"Declive;Reta";"Não";1;1;0;0;0;0;0;1;-18,22833211;-45,2202001;"SPRF-MG";"DEL14-MG";"UOP02-DEL14-MG"
250028;2019-11-17;"domingo";"02:30:00";"RS";470;217;"BENTO GONCALVES";"Ingestão de Álcool";"Saída de leito carroçável";"Sem Vítimas";"Plena Noite";"Crescente";"Céu Claro";"Simples";"Reta";"Sim";1;0;0;0;1;0;0;1;-29,16462512;-51,52551964;"SPRF-RS";"DEL06-RS";"UOP01-DEL06-RS"
250029;2019-11-17;"domingo";"02:10:00";"RR";174;503;"BOA VISTA";"Ingestão de Álcool";"Colisão traseira";"Sem Vítimas";"Plena Noite";"Decrescente";"Chuva";"Dupla";"Rotatória";"Sim";4;0;0;0;4;0;0;2;2,80660874;-60,69094963;"SPRF-RR";"DEL01-RR";"UOP01-DEL01-RR"
250030;2019-11-17;"domingo";"00:30:00";"MG";153;214,6;"FRUTAL";"Condutor Dormindo";"Colisão lateral";"Com Vítimas Feridas";"Plena Noite";"Decrescente";"Céu Claro";"Simples";"Reta";"Não";4;0;2;0;2;0;2;2;-20,10424211;-49,09242882;"SPRF-MG";"DEL13-MG";"UOP02-DEL13-MG"
250031;2019-11-17;"domingo";"04:00:00";"PR";376;618;"SAO JOSE DOS PINHAIS";"Falta de Atenção à Condução";"Colisão com objeto estático";"Sem Vítimas";"Amanhecer";"Decrescente";"Céu Claro";"Dupla";"Reta";"Sim";1;0;0;0;0;1;0;1;-25,59168398;-49,17197705;"SPRF-PR";"DEL01-PR";"UOP01-DEL01-PR"
250032;2019-11-17;"domingo";"03:40:00";"RJ";101;270;"RIO BONITO";"Falta de Atenção à Condução";"Colisão traseira";"Sem Vítimas";"Plena Noite";"Decrescente";"Ignorado";"Dupla";"Reta";"Sim";2;0;0;0;2;0;0;2;-22,71852325;-42,68689289;"SPRF-RJ";"DEL02-RJ";"UOP03-DEL02-RJ"
250033;2019-11-17;"domingo";"01:00:00";"MG";40;352,6;"FELIXLANDIA";"Velocidade Incompatível";"Colisão com objeto estático";"Com Vítimas Feridas";"Plena Noite";"Crescente";"Céu Claro";"Simples";"Reta";"Não";3;0;1;0;2;0;1;1;-18,72830582;-44,92054099;"SPRF-MG";"DEL02-MG";"UOP01-DEL02-MG"
250034;2019-11-17;"domingo";"02:00:00";"MG";40;630,7;"CONSELHEIRO LAFAIETE";"Falta de Atenção à Condução";"Saída de leito carroçável";"Com Vítimas Feridas";"Plena Noite";"Decrescente";"Céu Claro";"Simples";"Curva";"Não";1;0;1;0;0;0;1;1;-20,65824152;-43,80259134;"SPRF-MG";"DEL05-MG";"UOP02-DEL05-MG"
250035;2019-11-17;"domingo";"03:15:00";"SC";101;455;"SAO JOAO DO SUL";"Animais na Pista";"Atropelamento de Animal";"Com Vítimas Feridas";"Plena Noite";"Decrescente";"Céu Claro";"Múltipla";"Reta";"Sim";2;0;1;0;1;0;1;1;-29,21440894;-49,75853816;"SPRF-SC";"DEL02-SC";"UOP02-DEL02-SC"
250036;2019-11-17;"domingo";"03:00:00";"PB";230;152,9;"CAMPINA GRANDE";"Ingestão de Álcool";"Saída de leito carroçável";"Com Vítimas Feridas";"Plena Noite";"Crescente";"Céu Claro";"Simples";"Curva";"Não";1;0;1;0;0;0;1;1;-7,2688;-35,8837;"SPRF-PB";"DEL02-PB";"UOP01-DEL02-PB"
250037;2019-11-17;"domingo";"04:20:00";"SC";101;228,7;"PALHOCA";"Ingestão de Álcool";"Capotamento";"Sem Vítimas";"Amanhecer";"Decrescente";"Céu Claro";"Múltipla";"Curva";"Não";1;0;0;0;0;1;0;1;-27,7597249;-48,63078869;"SPRF-SC";"DEL01-SC";"UOP02-DEL01-SC"
250038;2019-11-17;"domingo";"04:00:00";"RJ";40;24;"TRES RIOS";"Animais na Pista";"Atropelamento de Animal";"Com Vítimas Feridas";"Plena Noite";"Crescente";"Garoa/Chuvisco";"Dupla";"Reta";"Não";1;0;1;0;0;0;1;1;-22,13812601;-43,1592825;"SPRF-RJ";"DEL06-RJ";"UOP02-DEL05-RJ"
250040;2019-11-17;"domingo";"04:20:00";"MA";230;403,5;"BALSAS";"Ingestão de Álcool";"Colisão traseira";"Sem Vítimas";"Amanhecer";"Crescente";"Céu Claro";"Simples";"Rotatória";"Sim";2;0;0;0;2;0;0;2;-7,52052362;-46,03737485;"SPRF-MA";"DEL05-MA";"UOP01-DEL05-MA"
250042;2019-11-17;"domingo";"05:20:00";"RN";101;82,5;"NATAL";"Falta de Atenção à Condução";"Colisão traseira";"Com Vítimas Feridas";"Pleno dia";"Decrescente";"Céu Claro";"Dupla";"Reta";"Sim";3;0;0;2;1;0;2;2;-5,76791511;-35,27456305;"SPRF-RN";"DEL02-RN";"UOP01-DEL02-RN"
250044;2019-11-17;"domingo";"05:30:00";"DF";40;4,7;"BRASILIA";"Defeito Mecânico no Veículo";"Queda de ocupante de veículo";"Com Vítimas Feridas";"Pleno dia";"Crescente";"Sol";"Dupla";"Reta";"Sim";2;0;2;0;0;0;2;1;-16,012033;-47,982124;"SPRF-DF";"DEL01-DF";"UOP01-DEL01-DF"
250045;2019-11-17;"domingo";"06:00:00";"MG";381;843;"SAO SEBASTIAO DA BELA VISTA";"Velocidade Incompatível";"Colisão com objeto estático";"Com Vítimas Fatais";"Amanhecer";"Decrescente";"Nublado";"Dupla";"Reta";"Não";1;1;0;0;0;0;0;1;-22,22245372;-45,87389143;"SPRF-MG";"DEL16-MG";"UOP01-DEL16-MG"
250046;2019-11-17;"domingo";"05:00:00";"MG";40;738,5;"SANTOS DUMONT";"Pista Escorregadia";"Colisão com objeto estático";"Com Vítimas Feridas";"Amanhecer";"Crescente";"Chuva";"Dupla";"Curva";"Não";4;0;2;0;2;0;2;1;-21,38880304;-43,56910622;"SPRF-MG";"DEL05-MG";"UOP01-DEL05-MG"
250047;2019-11-17;"domingo";"05:30:00";"RS";290;86;"PORTO ALEGRE";"Falta de Atenção à Condução";"Saída de leito carroçável";"Sem Vítimas";"Pleno dia";"Decrescente";"Céu Claro";"Simples";"Curva";"Não";1;0;0;0;0;1;0;1;-29,968412;-51,117138;"SPRF-RS";"DEL01-RS";"UOP01-DEL01-RS"
250048;2019-11-17;"domingo";"06:05:00";"SP";116;212;"GUARULHOS";"Ingestão de Álcool";"Colisão com objeto estático";"Com Vítimas Feridas";"Pleno dia";"Decrescente";"Céu Claro";"Múltipla";"Reta";"Sim";2;0;2;0;0;0;2;1;-23,43608315;-46,42805094;"SPRF-SP";"DEL01-SP";"UOP01-DEL01-SP"
250049;2019-11-17;"domingo";"06:10:00";"MG";381;333;"NOVA ERA";"Falta de Atenção à Condução";"Capotamento";"Com Vítimas Feridas";"Pleno dia";"Crescente";"Nublado";"Simples";"Curva";"Não";4;0;4;0;0;0;4;1;-19,80306599;-43,06083702;"SPRF-MG";"DEL03-MG";"UOP01-DEL03-MG"
250050;2019-11-17;"domingo";"05:00:00";"SC";470;60,3;"BLUMENAU";"Condutor Dormindo";"Colisão com objeto estático";"Com Vítimas Feridas";"Amanhecer";"Decrescente";"Nublado";"Simples";"Reta";"Não";1;0;1;0;0;0;1;1;-26,88138;-49,164543;"SPRF-SC";"DEL04-SC";"UOP01-DEL04-SC"