"id";"data_inversa";"dia_semana";"horario";"uf";"br";"km";"municipio";"causa_acidente";"tipo_acidente";"classificacao_acidente";"fase_dia";"sentido_via";"condicao_metereologica";"tipo_pista";"tracado_via";"uso_solo";"pessoas";"mortos";"feridos_leves";"feridos_graves";"ilesos";"ignorados";"feridos";"veiculos";"latitude";"longitude";"regional";"delegacia";"uop"
250155;2019-11-17;"domingo";"16:45:00";"SC";101;143;"ITAPEMA";"Desobediência às normas de trânsito pelo condutor";"Colisão lateral";"Com Vítimas Feridas";"Pleno dia";"Decrescente";"Céu Claro";"Dupla";"Reta";"Sim";3;0;2;0;1;0;2;2;-27,06436;-48,59599405;"SPRF-SC";"DEL04-SC";"UOP03-DEL04-SC"
250156;2019-11-17;"domingo";"16:00:00";"RS";290;621;"ALEGRETE";"Defeito na Via";"Saída de leito carroçável";"Com Vítimas Feridas";"Pleno dia";"Crescente";"Sol";"Simples";"Reta";"Não";4;0;1;0;3;0;1;1;-29,9716755;-56,13921773;"SPRF-RS";"DEL13-RS";"UOP02-DEL13-RS"
250158;2019-11-17;"domingo";"16:15:00";"PR";277;138,5;"BALSA NOVA";"Falta de Atenção à Condução";"Engavetamento";"Sem Vítimas";"Pleno dia";"Decrescente";"Céu Claro";"Dupla";"Reta;Aclive";"Não";4;0;0;0;4;0;0;4;-25,47537419;-49,70933676;"SPRF-PR";"DEL01-PR";"UOP06-DEL01-PR"
250159;2019-11-17;"domingo";"17:00:00";"SP";116;269;"TABOAO DA SERRA";"Defeito Mecânico no Veículo";"Incêndio";"Sem Vítimas";"Pleno dia";"Decrescente";"Céu Claro";"Dupla";"Reta";"Sim";2;0;0;0;0;2;0;1;-23,60871307;-46,75462159;"SPRF-SP";"DEL04-SP";"UOP01-DEL04-SP"
250160;2019-11-17;"domingo";"16:25:00";"MG";381;870,8;"POUSO ALEGRE";"Não guardar distância de segurança";"Queda de ocupante de veículo";"Com Vítimas Feridas";"Pleno dia";"Crescente";"Céu Claro";"Dupla";"Reta";"Não";2;0;2;0;0;0;2;1;-22,43326603;-45,97831097;"SPRF-MG";"DEL16-MG";"UOP01-DEL16-MG"
250161;2019-11-17;"domingo";"15:45:00";"SC";282;46,6;"AGUAS MORNAS";"Velocidade Incompatível";"Engavetamento";"Com Vítimas Feridas";"Pleno dia";"Crescente";"Céu Claro";"Simples";"Reta";"Não";7;0;2;0;5;0;2;5;-27,721041;-48,925152;"SPRF-SC";"DEL01-SC";"UOP03-DEL01-SC"
250162;2019-11-17;"domingo";"16:50:00";"CE";20;401,6;"CAUCAIA";"Ultrapassagem Indevida";"Colisão lateral";"Com Vítimas Feridas";"Pleno dia";"Crescente";"Céu Claro";"Simples";"Reta";"Não";3;0;1;0;2;0;1;3;-3,79347474;-38,70838217;"SPRF-CE";"DEL01-CE";"UOP01-DEL01-CE"
250163;2019-11-17;"domingo";"16:30:00";"GO";153;201;"URUACU";"Desobediência às normas de trânsito pelo condutor";"Colisão lateral";"Com Vítimas Feridas";"Pleno dia";"Crescente";"Céu Claro";"Simples";"Interseção de Vias";"Sim";2;0;0;1;1;0;1;2;-14,519629;-49,154972;"SPRF-GO";"DEL07-GO";"UOP01-DEL07-GO"
250165;2019-11-17;"domingo";"16:30:00";"AL";101;76,5;"RIO LARGO";"Defeito Mecânico no Veículo";"Queda de ocupante de veículo";"Com Vítimas Feridas";"Pleno dia";"Crescente";"Céu Claro";"Dupla";"Reta";"Não";2;0;2;0;0;0;2;1;-9,41335597;-35,84073284;"SPRF-AL";"DEL01-AL";"UOP01-DEL01-AL"
250166;2019-11-17;"domingo";"17:00:00";"TO";235;166,7;"TUPIRAMA";"Falta de Atenção à Condução";"Colisão traseira";"Com Vítimas Feridas";"Pleno dia";"Crescente";"Céu Claro";"Simples";"Curva";"Não";1;0;1;0;0;0;1;1;-8,98369837;-48,19282129;"SPRF-TO";"DEL02-TO";"UOP02-DEL02-TO"
250167;2019-11-17;"domingo";"16:00:00";"PE";316;6,2;"ARARIPINA";"Condutor Dormindo";"Capotamento";"Com Vítimas Feridas";"Pleno dia";"Crescente";"Nublado";"Simples";"Reta";"Não";2;0;2;0;0;0;2;1;-7,47423236;-40,61678038;"SPRF-PE";"DEL05-PE";"UOP02-DEL05-PE"
250168;2019-11-17;"domingo";"17:30:00";"SC";470;56;"BLUMENAU";"Falta de Atenção à Condução";"Colisão transversal";"Com Vítimas Feridas";"Pleno dia";"Decrescente";"Sol";"Simples";"Em Obras;Reta";"Sim";3;0;2;0;1;0;2;2;-26,87674;-49,127743;"SPRF-SC";"DEL04-SC";"UOP01-DEL04-SC"
250169;2019-11-17;"domingo";"17:00:00";"GO";414;362;"COCALZINHO DE GOIAS";"Falta de Atenção à Condução";"Saída de leito carroçável";"Com Vítimas Feridas";"Pleno dia";"Crescente";"Céu Claro";"Simples";"Curva";"Não";1;0;1;0;0;0;1;1;-15,71573697;-48,69576827;"SPRF-GO";"DEL02-GO";"UOP01-DEL02-GO"
250170;2019-11-17;"domingo";"17:15:00";"SC";101;229;"PALHOCA";"Falta de Atenção à Condução";"Colisão lateral";"Sem Vítimas";"Pleno dia";"Crescente";"Céu Claro";"Dupla";"Reta";"Sim";2;0;0;0;2;0;0;2;-27,7688932;-48,63205379;"SPRF-SC";"DEL01-SC";"UOP02-DEL01-SC"
250171;2019-11-17;"domingo";"16:00:00";"MG";381;882;"ESTIVA";"Defeito Mecânico no Veículo";"Danos eventuais";"Sem Vítimas";"Pleno dia";"Decrescente";"Nublado";"Dupla";"Reta";"Não";1;0;0;0;1;0;0;1;-22,47676449;-46,01063645;"SPRF-MG";"DEL16-MG";"UOP01-DEL16-MG"
250172;2019-11-17;"domingo";"16:30:00";"PI";316;3,9;"TERESINA";"Desobediência às normas de trânsito pelo condutor";"Colisão transversal";"Sem Vítimas";"Pleno dia";"Crescente";"Céu Claro";"Dupla";"Interseção de Vias";"Sim";3;0;0;0;3;0;0;1;-5,13592797;-42,78968995;"SPRF-PI";"DEL01-PI";"UOP02-DEL01-PI"
250173;2019-11-17;"domingo";"17:40:00";"PB";230;24,7;"JOAO PESSOA";"Falta de Atenção à Condução";"Colisão lateral";"Com Vítimas Feridas";"Anoitecer";"Decrescente";"Céu Claro";"Múltipla";"Interseção de Vias";"Sim";4;0;2;0;2;0;2;3;-7,1637;-34,8618;"SPRF-PB";"DEL01-PB";"UOP01-DEL01-PB"
250174;2019-11-17;"domingo";"16:40:00";"SC";280;252,8;"CANOINHAS";"Falta de Atenção à Condução";"Tombamento";"Com Vítimas Feridas";"Pleno dia";"Decrescente";"Sol";"Simples";"Reta";"Não";1;0;1;0;0;0;1;1;-26,26023459;-50,56133033;"SPRF-SC";"DEL06-SC";"UOP04-DEL06-SC"
250176;2019-11-17;"domingo";"17:45:00";"SC";101;106;"PENHA";"Falta de Atenção à Condução";"Colisão traseira";"Com Vítimas Feridas";"Pleno dia";"Crescente";"Céu Claro";"Dupla";"Curva";"Não";2;0;1;0;1;0;1;2;-26,81031601;-48,68293896;"SPRF-SC";"DEL03-SC";"UOP02-DEL03-SC"
250177;2019-11-17;"domingo";"16:40:00";"PE";232;85;"GRAVATA";"Ingestão de Álcool";"Colisão transversal";"Com Vítimas Feridas";"Anoitecer";"Decrescente";"Céu Claro";"Simples";"Interseção de Vias";"Sim";2;0;1;0;1;0;1;2;-8,20951081;-35,61182408;"SPRF-PE";"DEL01-PE";"UOP02-DEL02PE"
250178;2019-11-17;"domingo";"18:00:00";"PR";277;644;"CEU AZUL";"Ingestão de Álcool";"Colisão transversal";"Com Vítimas Feridas";"Pleno dia";"Decrescente";"Céu Claro";"Simples";"Reta";"Não";2;0;0;1;1;0;1;2;-25,17363131;-53,88603272;"SPRF-PR";"DEL05-PR";"UOP02-DEL05-PR"
250179;2019-11-17;"domingo";"18:10:00";"GO";40;8,4;"LUZIANIA";"Falta de Atenção à Condução";"Capotamento";"Com Vítimas Feridas";"Pleno dia";"Decrescente";"Céu Claro";"Dupla";"Reta";"Sim";4;0;2;0;2;0;2;1;-16,12011552;-47,96475476;"SPRF-DF";"DEL01-DF";"UOP01-DEL01-DF"
250180;2019-11-17;"domingo";"17:15:00";"MS";262;385,9;"TERENOS";"Ingestão de Álcool";"Colisão traseira";"Com Vítimas Feridas";"Pleno dia";"Crescente";"Céu Claro";"Simples";"Reta";"Não";3;0;2;0;1;0;2;2;-20,43314091;-54,88175898;"SPRF-MS";"DEL01-MS";"UOP03-DEL01-MS"
250181;2019-11-17;"domingo";"18:10:00";"RS";158;329,4;"SANTA MARIA";"Ingestão de Álcool";"Colisão traseira";"Sem Vítimas";"Pleno dia";"Decrescente";"Céu Claro";"Simples";"Viaduto";"Sim";3;0;0;0;3;0;0;2;-29,70656383;-53,82849988;"SPRF-RS";"DEL09-RS";"UOP01-DEL09-RS"
250182;2019-11-17;"domingo";"18:00:00";"SC";101;319,2;"PESCARIA BRAVA";"Não guardar distância de segurança";"Colisão traseira";"Sem Vítimas";"Pleno dia";"Crescente";"Céu Claro";"Dupla";"Curva";"Sim";2;0;0;0;2;0;0;2;-28,43005289;-48,87371063;"SPRF-SC";"DEL02-SC";"UOP01-DEL02-SC"
250183;2019-11-17;"domingo";"16:00:00";"BA";242;682;"CRISTOPOLIS";"Pista Escorregadia";"Saída de leito carroçável";"Com Vítimas Fatais";"Pleno dia";"Crescente";"Chuva";"Simples";"Reta";"Não";6;1;0;0;5;0;0;1;-12,22426651;-44,03800964;"SPRF-BA";"DEL10-BA";"UOP03-DEL06-BA"
250184;2019-11-17;"domingo";"18:00:00";"RJ";393;177,9;"PARAIBA DO SUL";"Falta de Atenção à Condução";"Colisão traseira";"Com Vítimas Feridas";"Anoitecer";"Crescente";"Nublado";"Simples";"Reta";"Sim";3;0;1;0;2;0;1;2;-22,1305317;-43,22040965;"SPRF-RJ";"DEL05-RJ";"UOP03-DEL05-RJ"
250186;2019-11-17;"domingo";"17:00:00";"MS";163;626,1;"SAO GABRIEL DO OESTE";"Desobediência às normas de trânsito pelo condutor";"Colisão transversal";"Com Vítimas Feridas";"Pleno dia";"Crescente";"Céu Claro";"Simples";"Reta";"Não";2;0;2;0;0;0;2;2;-19,3136279;-54,61889488;"SPRF-MS";"DEL06-MS";"UOP02-DEL06-MS"
250189;2019-11-17;"domingo";"18:30:00";"SC";101;152;"ITAPEMA";"Não guardar distância de segurança";"Colisão traseira";"Com Vítimas Feridas";"Anoitecer";"Decrescente";"Céu Claro";"Dupla";"Reta";"Sim";2;0;1;0;1;0;1;2;-27,13563503;-48,61004665;"SPRF-SC";"DEL04-SC";"UOP03-DEL04-SC"
250191;2019-11-17;"domingo";"12:40:00";"MG";50;70;"UBERLANDIA";"Defeito na Via";"Queda de ocupante de veículo";"Com Vítimas Feridas";"Pleno dia";"Decrescente";"Sol";"Dupla";"Reta";"Sim";1;0;1;0;0;0;1;1;-18,85140204;-48,25345932;"SPRF-MG";"DEL15-MG";"UOP01-DEL15-MG"
250192;2019-11-17;"domingo";"18:05:00";"RJ";393;291;"VOLTA REDONDA";"Falta de Atenção à Condução";"Colisão transversal";"Com Vítimas Feridas";"Plena Noite";"Crescente";"Nublado";"Dupla";"Curva";"Sim";3;0;3;0;0;0;3;2;-22,5139475;-44,10074013;"SPRF-RJ";"DEL05-RJ";"UOP04-DEL05-RJ"
250193;2019-11-17;"domingo";"18:20:00";"SP";381;23,1;"BRAGANCA PAULISTA";"Falta de Atenção à Condução";"Colisão traseira";"Sem Vítimas";"Plena Noite";"Crescente";"Céu Claro";"Múltipla";"Declive";"Não";5;0;0;0;4;1;0;5;-23,00476488;-46,52061531;"SPRF-SP";"DEL03-SP";"UOP02-DEL03-SP"
250194;2019-11-17;"domingo";"18:45:00";"RJ";493;19;"GUAPIMIRIM";"Falta de Atenção do Pedestre";"Atropelamento de Pedestre";"Com Vítimas Feridas";"Plena Noite";"Crescente";"Nublado";"Simples";"Reta";"Sim";2;0;1;0;1;0;1;2;-22,6663848;-43,02770248;"SPRF-RJ";"DEL04-RJ";"UOP02-DEL04-RJ"
250195;2019-11-17;"domingo";"18:40:00";"PR";376;227;"APUCARANA";"Ingestão de Álcool";"Queda de ocupante de veículo";"Com Vítimas Feridas";"Anoitecer";"Crescente";"Céu Claro";"Dupla";"Reta;Declive";"Não";1;0;1;0;0;0;1;1;-23,58130179;-51,55578109;"SPRF-PR";"DEL07-PR";"UOP03-DEL07-PR"
250197;2019-11-17;"domingo";"19:20:00";"CE";222;145,5;"IRAUCUBA";"Ingestão de Álcool";"Colisão traseira";"Com Vítimas Fatais";"Plena Noite";"Crescente";"Nublado";"Simples";"Reta";"Não";3;1;0;0;1;1;0;3;-3,75614234;-39,74687408;"SPRF-CE";"DEL04-CE";"UOP03-DEL04-CE"
250199;2019-11-17;"domingo";"18:30:00";"PE";232;12,2;"JABOATAO DOS GUARARAPES";"Ingestão de Álcool";"Colisão traseira";"Sem Vítimas";"Plena Noite";"Decrescente";"Nublado";"Dupla";"Declive";"Não";4;0;0;0;3;1;0;4;-8,08577691;-35,00345603;"SPRF-PE";"DEL01-PE";"UOP01-DEL01-PE"
250200;2019-11-17;"domingo";"15:30:00";"MA";402;17,2;"ROSARIO";"Condutor Dormindo";"Atropelamento de Pedestre";"Com Vítimas Fatais";"Pleno dia";"Decrescente";"Céu Claro";"Simples";"Reta";"Sim";6;1;2;1;1;1;3;4;-2,931988;-44,19397;"SPRF-MA";"DEL01-MA";"UOP01-DEL01-MA"
250201;2019-11-17;"domingo";"19:00:00";"PR";373;174;"PONTA GROSSA";"Ingestão de Álcool";"Colisão lateral";"Com Vítimas Feridas";"Plena Noite";"Decrescente";"Céu Claro";"Dupla";"Reta";"Sim";2;0;0;1;1;0;1;2;-25,07594908;-50,20995715;"SPRF-PR";"DEL03-PR";"UOP01-DEL03-PR"
250203;2019-11-17;"domingo";"18:50:00";"MG";40;567;"NOVA LIMA";"Falta de Atenção à Condução";"Engavetamento";"Com Vítimas Feridas";"Plena Noite";"Decrescente";"Nublado";"Simples";"Reta";"Não";3;0;1;0;2;0;1;2;-20,18971287;-43,96968842;"SPRF-MG";"DEL01-MG";"UOP02-DEL01-MG"
250204;2019-11-17;"domingo";"19:45:00";"PE";101;27;"IGARASSU";"Falta de Atenção à Condução";"Colisão com objeto estático";"Com Vítimas Feridas";"Plena Noite";"Crescente";"Céu Claro";"Dupla";"Reta";"Não";1;0;0;1;0;0;1;1;-7,71433379;-34,93478417;"SPRF-PE";"DEL01-PE";"UOP02-DEL01-PE"
250205;2019-11-17;"domingo";"18:10:00";"ES";101;160;"LINHARES";"Ingestão de Álcool";"Colisão traseira";"Sem Vítimas";"Plena Noite";"Crescente";"Nublado";"Simples";"Reta";"Não";5;0;0;0;5;0;0;2;-19,47662979;-40,11402541;"SPRF-ES";"DEL04-ES";"UOP01-DEL04-ES"
250206;2019-11-17;"domingo";"18:20:00";"PR";116;62,3;"QUATRO BARRAS";"Falta de Atenção à Condução";"Colisão traseira";"Com Vítimas Feridas";"Anoitecer";"Crescente";"Céu Claro";"Dupla";"Reta";"Não";4;0;1;1;2;0;2;3;-25,307;-48,976425;"SPRF-PR";"DEL01-PR";"UOP02-DEL01-PR"
250208;2019-11-17;"domingo";"11:20:00";"MG";50;86;"UBERLANDIA";"Defeito Mecânico no Veículo";"Queda de ocupante de veículo";"Com Vítimas Feridas";"Pleno dia";"Crescente";"Céu Claro";"Dupla";"Reta";"Não";1;0;1;0;0;0;1;1;-19,0137791;-48,2072524;"SPRF-MG";"DEL15-MG";"UOP01-DEL15-MG"
250209;2019-11-17;"domingo";"19:15:00";"MS";163;175;"JUTI";"Falta de Atenção à Condução";"Colisão traseira";"Com Vítimas Feridas";"Plena Noite";"Decrescente";"Ignorado";"Simples";"Reta";"Não";3;0;2;0;1;0;2;2;-22,85637712;-54,63753104;"SPRF-MS";"DEL09-MS";"UOP01-DEL09-MS"
250210;2019-11-17;"domingo";"19:30:00";"PR";487;163,9;"ARARUNA";"Falta de Atenção à Condução";"Colisão transversal";"Com Vítimas Feridas";"Plena Noite";"Crescente";"Céu Claro";"Simples";"Interseção de Vias";"Não";6;0;3;0;3;0;3;2;-23,98313502;-52,52941701;"SPRF-PR";"DEL04-PR";"UOP03-DEL09-PR"
250211;2019-11-17;"domingo";"19:20:00";"BA";407;106,8;"JAGUARARI";"Animais na Pista";"Atropelamento de Animal";"Com Vítimas Feridas";"Plena Noite";"Crescente";"Céu Claro";"Simples";"Declive";"Não";1;0;0;1;0;0;1;1;-10,28012909;-40,17339549;"SPRF-BA";"DEL04-BA";"UOP01-DEL04-BA"
250212;2019-11-17;"domingo";"19:30:00";"RS";116;151,9;"CAXIAS DO SUL";"Velocidade Incompatível";"Colisão frontal";"Sem Vítimas";"Plena Noite";"Decrescente";"Céu Claro";"Simples";"Curva";"Sim";3;0;0;0;2;1;0;3;-29,17694502;-51,16173896;"SPRF-RS";"DEL05-RS";"UOP01-DEL05-RS"
250213;2019-11-17;"domingo";"20:05:00";"RN";101;73;"EXTREMOZ";"Ingestão de Álcool";"Colisão transversal";"Com Vítimas Feridas";"Plena Noite";"Decrescente";"Céu Claro";"Simples";"Interseção de Vias";"Não";5;0;2;0;3;0;2;2;-5,70468636;-35,26564121;"SPRF-RN";"DEL02-RN";"UOP01-DEL02-RN"
250214;2019-11-17;"domingo";"20:35:00";"PR";376;128;"ALTO PARANA";"Desobediência às normas de trânsito pelo condutor";"Saída de leito carroçável";"Sem Vítimas";"Plena Noite";"Crescente";"Céu Claro";"Simples";"Reta";"Não";1;0;0;0;1;0;0;1;-23,16687649;-52,25152136;"SPRF-PR";"DEL07-PR";"UOP02-DEL09-PR"
250215;2019-11-17;"domingo";"16:10:00";"SC";280;94,6;"CORUPA";"Ingestão de Álcool";"Colisão lateral";"Com Vítimas Feridas";"Pleno dia";"Crescente";"Sol";"Simples";"Curva";"Não";4;0;1;0;3;0;1;2;-26,39198268;-49,30187441;"SPRF-SC";"DEL06-SC";"UOP03-DEL06-SC"
250216;2019-11-17;"domingo";"20:30:00";"PR";369;163;"CAMBE";"Desobediência às normas de trânsito pelo condutor";"Colisão transversal";"Com Vítimas Fatais";"Plena Noite";"Decrescente";"Céu Claro";"Dupla";"Reta";"Sim";4;1;0;0;2;1;0;3;-23,29713184;-51,27806425;"SPRF-PR";"DEL07-PR";"UOP01-DEL07-PR"
250217;2019-11-17;"domingo";"18:30:00";"PR";376;629;"SAO JOSE DOS PINHAIS";"Não guardar distância de segurança";"Colisão lateral";"Com Vítimas Feridas";"Anoitecer";"Decrescente";"Nublado";"Múltipla";"Curva";"Sim";3;0;1;0;2;0;1;2;-25,69653831;-49,1446808;"SPRF-PR";"DEL01-PR";"UOP04-DEL01-PR"
250218;2019-11-17;"domingo";"19:55:00";"SC";101;83;"BARRA VELHA";"Não guardar distância de segurança";"Engavetamento";"Com Vítimas Feridas";"Plena Noite";"Decrescente";"Nublado";"Dupla";"Reta";"Não";4;0;1;0;3;0;1;3;-26,62145928;-48,71668339;"SPRF-SC";"DEL03-SC";"UOP02-DEL03-SC"
250219;2019-11-17;"domingo";"20:00:00";"SC";101;145;"ITAPEMA";"Falta de Atenção à Condução";"Colisão traseira";"Com Vítimas Feridas";"Plena Noite";"Decrescente";"Céu Claro";"Dupla";"Reta";"Não";2;0;1;0;1;0;1;2;-27,08139206;-48,60130993;"SPRF-SC";"DEL04-SC";"UOP03-DEL04-SC"
250220;2019-11-17;"domingo";"20:10:00";"RS";386;345,4;"LAJEADO";"Restrição de Visibilidade";"Colisão com objeto estático";"Com Vítimas Feridas";"Plena Noite";"Decrescente";"Céu Claro";"Simples";"Retorno Regulamentado";"Sim";2;0;1;0;1;0;1;1;-29,443069;-51,984135;"SPRF-RS";"DEL04-RS";"UOP01-DEL04-RS"
250222;2019-11-17;"domingo";"20:30:00";"PB";230;26;"JOAO PESSOA";"Falta de Atenção à Condução";"Queda de ocupante de veículo";"Com Vítimas Feridas";"Plena Noite";"Decrescente";"Céu Claro";"Dupla";"Reta";"Sim";1;0;1;0;0;0;1;1;-7,1693;-34,8782;"SPRF-PB";"DEL01-PB";"UOP01-DEL01-PB"
250225;2019-11-17;"domingo";"20:30:00";"RJ";101;399;"ITAGUAI";"Ingestão de Álcool";"Colisão transversal";"Com Vítimas Feridas";"Plena Noite";"Decrescente";"Nublado";"Dupla";"Reta";"Não";3;0;0;3;0;0;3;2;-22,85921896;-43,75891497;"SPRF-RJ";"DEL03-RJ";"UOP01-DEL03-RJ"
250226;2019-11-17;"domingo";"20:45:00";"RS";116;223,1;"DOIS IRMAOS";"Desobediência às normas de trânsito pelo condutor";"Colisão transversal";"Com Vítimas Feridas";"Plena Noite";"Decrescente";"Céu Claro";"Simples";"Reta";"Sim";2;0;1;0;0;1;1;2;-29,58827044;-51,09917696;"SPRF-RS";"DEL01-RS";"UOP02-DEL01-RS"
250228;2019-11-17;"domingo";"21:25:00";"SC";101;151;"ITAPEMA";"Desobediência às normas de trânsito pelo condutor";"Colisão transversal";"Com Vítimas Feridas";"Plena Noite";"Decrescente";"Céu Claro";"Simples";"Interseção de Vias";"Sim";3;0;1;1;1;0;2;2;-27,126536;-48,609642;"SPRF-SC";"DEL04-SC";"UOP03-DEL04-SC"
250229;2019-11-17;"domingo";"18:30:00";"SP";153;57;"SAO JOSE DO RIO PRETO";"Ingestão de Álcool";"Colisão transversal";"Sem Vítimas";"Anoitecer";"Crescente";"Céu Claro";"Simples";"Em Obras;Reta;Declive";"Sim";2;0;0;0;2;0;0;2;-20,76991095;-49,34982212;"SPRF-SP";"DEL09-SP";"UOP01-DEL09-SP"
250230;2019-11-17;"domingo";"20:40:00";"RS";290;483;"ROSARIO DO SUL";"Animais na Pista";"Atropelamento de Animal";"Com Vítimas Feridas";"Plena Noite";"Decrescente";"Céu Claro";"Simples";"Reta;Declive";"Sim";2;0;0;2;0;0;2;2;-30,241375;-54,950855;"SPRF-RS";"DEL11-RS";"UOP02-DEL11-RS"
250233;2019-11-17;"domingo";"21:35:00";"GO";40;12;"LUZIANIA";"Falta de Atenção à Condução";"Colisão lateral";"Com Vítimas Feridas";"Plena Noite";"Decrescente";"Céu Claro";"Dupla";"Reta";"Sim";3;0;0;1;2;0;1;2;-16,145123;-47,945382;"SPRF-DF";"DEL01-DF";"UOP01-DEL01-DF"
250234;2019-11-17;"domingo";"18:50:00";"PI";343;474,6;"ANGICAL DO PIAUI";"Desobediência às normas de trânsito pelo condutor";"Colisão traseira";"Com Vítimas Fatais";"Plena Noite";"Decrescente";"Céu Claro";"Simples";"Reta";"Não";3;1;1;1;0;0;2;2;-6,12501;-42,725243;"SPRF-PI";"DEL01-PI";"UOP02-DEL01-PI"
250235;2019-11-17;"domingo";"20:00:00";"MG";40;582;"ITABIRITO";"Falta de Atenção do Pedestre";"Atropelamento de Pedestre";"Com Vítimas Feridas";"Plena Noite";"Decrescente";"Nublado";"Simples";"Reta";"Não";2;0;0;1;0;1;1;2;-20,31049595;-43,93484962;"SPRF-MG";"DEL01-MG";"UOP02-DEL01-MG"
250236;2019-11-17;"domingo";"20:00:00";"SC";101;237;"PALHOCA";"Ingestão de Álcool";"Colisão traseira";"Com Vítimas Feridas";"Plena Noite";"Decrescente";"Céu Claro";"Dupla";"Reta";"Não";5;0;2;0;3;0;2;3;-27,83490593;-48,63077716;"SPRF-SC";"DEL01-SC";"UOP02-DEL01-SC"
250237;2019-11-17;"domingo";"20:15:00";"MG";262;36,6;"MANHUACU";"Ultrapassagem Indevida";"Colisão frontal";"Com Vítimas Feridas";"Plena Noite";"Decrescente";"Nublado";"Simples";"Reta";"Sim";2;0;0;1;1;0;1;2;-20,25932046;-42,02298331;"SPRF-MG";"DEL06-MG";"UOP03-DEL06-MG"
250238;2019-11-17;"domingo";"21:50:00";"MG";40;474;"SETE LAGOAS";"Velocidade Incompatível";"Saída de leito carroçável";"Com Vítimas Feridas";"Plena Noite";"Crescente";"Nublado";"Dupla";"Reta";"Não";2;0;0;2;0;0;2;1;-19,49804878;-44,27929974;"SPRF-MG";"DEL02-MG";"UOP01-DEL02-MG"
250240;2019-11-17;"domingo";"18:55:00";"SC";280;169,3;"MAFRA";"Desobediência às normas de trânsito pelo condutor";"Colisão transversal";"Sem Vítimas";"Plena Noite";"Crescente";"Céu Claro";"Simples";"Reta";"Não";2;0;0;0;2;0;0;2;-26,15225092;-49,81293951;"SPRF-SC";"DEL06-SC";"UOP01-DEL06-SC"
250241;2019-11-17;"domingo";"19:00:00";"BA";324;595;"CANDEIAS";"Falta de Atenção à Condução";"Colisão traseira";"Com Vítimas Feridas";"Plena Noite";"Crescente";"Nublado";"Dupla";"Reta";"Sim";2;0;1;0;1;0;1;2;-12,71235341;-38,45524557;"SPRF-BA";"DEL01-BA";"UOP01-DEL01-BA"
250242;2019-11-17;"domingo";"15:40:00";"SC";280;3;"SAO FRANCISCO DO SUL";"Ingestão de Álcool";"Colisão transversal";"Com Vítimas Feridas";"Pleno dia";"Decrescente";"Céu Claro";"Simples";"Rotatória";"Sim";3;0;2;0;1;0;2;2;-26,25205204;-48,61780107;"SPRF-SC";"DEL03-SC";"UOP03-DEL03-SC"
250243;2019-11-17;"domingo";"19:15:00";"BA";324;618,6;"SALVADOR";"Falta de Atenção à Condução";"Queda de ocupante de veículo";"Com Vítimas Feridas";"Plena Noite";"Crescente";"Céu Claro";"Dupla";"Reta";"Sim";1;0;1;0;0;0;1;1;-12,891109;-38,445374;"SPRF-BA";"DEL01-BA";"UOP01-DEL01-BA"
250244;2019-11-17;"domingo";"19:20:00";"PR";277;475,2;"NOVA LARANJEIRAS";"Falta de Atenção do Pedestre";"Atropelamento de Pedestre";"Com Vítimas Fatais";"Plena Noite";"Crescente";"Céu Claro";"Simples";"Reta";"Não";5;2;0;0;2;1;0;2;-25,33813058;-52,50400543;"SPRF-PR";"DEL04-PR";"UOP02-DEL04-PR"
250245;2019-11-17;"domingo";"20:55:00";"SC";116;292;"CAPAO ALTO";"Falta de Atenção à Condução";"Saída de leito carroçável";"Com Vítimas Feridas";"Plena Noite";"Crescente";"Céu Claro";"Simples";"Reta";"Não";2;0;2;0;0;0;2;1;-28,12376785;-50,63356421;"SPRF-SC";"DEL05-SC";"UOP02-DEL05-SC"
250246;2019-11-17;"domingo";"16:30:00";"RO";364;407;"JARU";"Desobediência às normas de trânsito pelo condutor";"Colisão transversal";"Sem Vítimas";"Pleno dia";"Decrescente";"Garoa/Chuvisco";"Simples";"Reta";"Não";4;0;0;0;4;0;0;2;-10,55481907;-62,38280809;"SPRF-RO";"DEL03-RO";"UOP02-DEL03-RO"
250247;2019-11-17;"domingo";"20:00:00";"MG";40;605;"CONGONHAS";"Ingestão de Álcool";"Capotamento";"Com Vítimas Feridas";"Plena Noite";"Decrescente";"Nublado";"Simples";"Reta";"Não";1;0;1;0;0;0;1;1;-20,45960587;-43,83907941;"SPRF-MG";"DEL05-MG";"UOP02-DEL05-MG"
250248;2019-11-17;"domingo";"19:35:00";"PR";116;152;"MANDIRITUBA";"Ingestão de Álcool";"Colisão traseira";"Sem Vítimas";"Plena Noite";"Decrescente";"Nublado";"Simples";"Reta";"Não";3;0;0;0;3;0;0;3;-25,83236296;-49,33609707;"SPRF-PR";"DEL01-PR";"UOP03-DEL01-PR"
250250;2019-11-17;"domingo";"18:00:00";"SC";101;322,5;"PESCARIA BRAVA";"Ingestão de Álcool";"Colisão traseira";"Com Vítimas Feridas";"Plena Noite";"Crescente";"Céu Claro";"Dupla";"Interseção de Vias";"Não";3;0;1;0;2;0;1;2;-28,42491971;-48,90238108;"SPRF-SC";"DEL02-SC";"UOP01-DEL02-SC"
250251;2019-11-17;"domingo";"20:30:00";"BA";116;817;"VITORIA DA CONQUISTA";"Ingestão de Álcool";"Saída de leito carroçável";"Sem Vítimas";"Plena Noite";"Decrescente";"Céu Claro";"Simples";"Reta";"Não";1;0;0;0;1;0;0;1;-14,78186283;-40,73870709;"SPRF-BA";"DEL08-BA";"UOP01-DEL08-BA"