"id";"data_inversa";"dia_semana";"horario";"uf";"br";"km";"municipio";"causa_acidente";"tipo_acidente";"classificacao_acidente";"fase_dia";"sentido_via";"condicao_metereologica";"tipo_pista";"tracado_via";"uso_solo";"pessoas";"mortos";"feridos_leves";"feridos_graves";"ilesos";"ignorados";"feridos";"veiculos";"latitude";"longitude";"regional";"delegacia";"uop"
250365;2019-11-18;"segunda-feira";"10:45:00";"RS";101;43;"TERRA DE AREIA";"Falta de Atenção à Condução";"Colisão transversal";"Com Vítimas Feridas";"Pleno dia";"Decrescente";"Céu Claro";"Dupla";"Reta";"Sim";2;0;1;0;1;0;1;2;-29,55749023;-50,0407578;"SPRF-RS";"DEL03-RS";"UOP02-DEL03-RS"
250366;2019-11-18;"segunda-feira";"10:20:00";"BA";324;626;"SALVADOR";"Defeito Mecânico no Veículo";"Incêndio";"Sem Vítimas";"Pleno dia";"Decrescente";"Céu Claro";"Simples";"Reta";"Não";1;0;0;0;1;0;0;1;-12,95020997;-38,47073108;"SPRF-BA";"DEL01-BA";"UOP01-DEL01-BA"
250367;2019-11-18;"segunda-feira";"08:00:00";"GO";153;560,5;"PROFESSOR JAMIL";"Pista Escorregadia";"Capotamento";"Sem Vítimas";"Pleno dia";"Decrescente";"Chuva";"Dupla";"Curva";"Não";1;0;0;0;1;0;0;1;-17,2174;-49,2288;"SPRF-GO";"DEL03-GO";"UOP01-DEL03-GO"
250368;2019-11-18;"segunda-feira";"10:00:00";"MS";262;273,9;"RIBAS DO RIO PARDO";"Falta de Atenção à Condução";"Saída de leito carroçável";"Com Vítimas Feridas";"Pleno dia";"Crescente";"Céu Claro";"Simples";"Reta";"Não";4;0;1;0;3;0;1;1;-20,46271243;-54,04366091;"SPRF-MS";"DEL01-MS";"UOP01-DEL01-MS"
250369;2019-11-04;"segunda-feira";"11:30:00";"CE";116;498,9;"BREJO SANTO";"Falta de Atenção à Condução";"Colisão transversal";"Com Vítimas Feridas";"Pleno dia";"Crescente";"Céu Claro";"Simples";"Reta";"Não";2;0;0;1;1;0;1;2;-7,435029;-38,972959;"SPRF-CE";"DEL05-CE";"UOP03-DEL05-CE"
250370;2019-11-18;"segunda-feira";"11:20:00";"SE";101;184;"UMBAUBA";"Falta de Atenção à Condução";"Atropelamento de Pedestre";"Com Vítimas Feridas";"Pleno dia";"Crescente";"Sol";"Simples";"Declive;Reta";"Sim";2;0;0;1;0;1;1;2;-11,3869269;-37,66865876;"SPRF-SE";"DEL02-SE";"UOP03-DEL02-SE"
250372;2019-11-18;"segunda-feira";"10:36:00";"RJ";101;324;"NITEROI";"Falta de Atenção à Condução";"Colisão transversal";"Com Vítimas Feridas";"Pleno dia";"Crescente";"Nublado";"Dupla";"Reta";"Sim";2;0;1;0;1;0;1;2;-22,87381074;-43,12640997;"SPRF-RJ";"DEL02-RJ";"UOP02-DEL02-RJ"
250373;2019-11-18;"segunda-feira";"10:20:00";"CE";116;31,2;"AQUIRAZ";"Velocidade Incompatível";"Saída de leito carroçável";"Com Vítimas Feridas";"Pleno dia";"Decrescente";"Sol";"Dupla";"Curva;Declive";"Não";3;0;3;0;0;0;3;1;-4,02205636;-38,51839196;"SPRF-CE";"DEL01-CE";"UOP02-DEL01-CE"
250374;2019-11-18;"segunda-feira";"09:45:00";"RJ";116;203;"SEROPEDICA";"Falta de Atenção do Pedestre";"Atropelamento de Pedestre";"Com Vítimas Feridas";"Pleno dia";"Decrescente";"Nublado";"Múltipla";"Reta";"Sim";2;0;2;0;0;0;2;2;-22,73096751;-43,62245615;"SPRF-RJ";"DEL01-RJ";"UOP03-DEL01-RJ"
250378;2019-11-18;"segunda-feira";"12:10:00";"MG";354;751,1;"ITAMONTE";"Desobediência às normas de trânsito pelo condutor";"Colisão traseira";"Com Vítimas Feridas";"Pleno dia";"Decrescente";"Chuva";"Simples";"Declive;Interseção de Vias;Reta";"Sim";2;0;1;0;1;0;1;2;-22,28761498;-44,86860589;"SPRF-MG";"DEL05-MG";"UOP01-DEL17-MG"
250379;2019-11-18;"segunda-feira";"11:10:00";"SC";470;143,4;"RIO DO SUL";"Falta de Atenção à Condução";"Colisão lateral";"Sem Vítimas";"Pleno dia";"Crescente";"Céu Claro";"Simples";"Reta";"Sim";3;0;0;0;3;0;0;2;-27,233143;-49,672886;"SPRF-SC";"DEL04-SC";"UOP02-DEL04-SC"
250384;2019-11-18;"segunda-feira";"12:40:00";"PR";277;13;"PARANAGUA";"Defeito Mecânico no Veículo";"Queda de ocupante de veículo";"Com Vítimas Feridas";"Pleno dia";"Decrescente";"Céu Claro";"Dupla";"Reta";"Não";2;0;2;0;0;0;2;1;-25,568198;-48,615292;"SPRF-PR";"DEL01-PR";"UOP05-DEL01-PR"
250385;2019-11-18;"segunda-feira";"12:40:00";"RJ";116;170;"SAO JOAO DE MERITI";"Defeito Mecânico no Veículo";"Colisão lateral";"Com Vítimas Feridas";"Pleno dia";"Decrescente";"Nublado";"Múltipla";"Reta";"Sim";2;0;2;0;0;0;2;2;-22,81113183;-43,3336729;"SPRF-RJ";"DEL01-RJ";"UOP02-DEL01-RJ"
250386;2019-11-18;"segunda-feira";"10:40:00";"MT";70;301,8;"PRIMAVERA DO LESTE";"Falta de Atenção à Condução";"Saída de leito carroçável";"Com Vítimas Feridas";"Pleno dia";"Decrescente";"Nublado";"Simples";"Reta";"Não";1;0;1;0;0;0;1;1;-15,57827858;-54,48050896;"SPRF-MT";"DEL05-MT";"UOP01-DEL05-MT"
250387;2019-11-18;"segunda-feira";"12:00:00";"MG";50;65;"UBERLANDIA";"Defeito Mecânico no Veículo";"Capotamento";"Com Vítimas Feridas";"Pleno dia";"Decrescente";"Garoa/Chuvisco";"Múltipla";"Declive";"Não";1;0;1;0;0;0;1;1;-18,85140204;-48,25345932;"SPRF-MG";"DEL15-MG";"UOP02-DEL15-MG"
250389;2019-11-18;"segunda-feira";"11:40:00";"RO";319;60,9;"PORTO VELHO";"Falta de Atenção à Condução";"Colisão lateral";"Sem Vítimas";"Pleno dia";"Crescente";"Céu Claro";"Dupla";"Rotatória";"Sim";1;0;0;0;1;0;0;1;-8,74019874;-63,88982361;"SPRF-RO";"DEL01-RO";"UOP01-DEL01-RO"
250390;2019-11-18;"segunda-feira";"12:10:00";"PR";277;125;"CAMPO LARGO";"Falta de Atenção à Condução";"Saída de leito carroçável";"Com Vítimas Feridas";"Pleno dia";"Decrescente";"Céu Claro";"Simples";"Reta";"Não";3;0;3;0;0;0;3;1;-25,44663809;-49,48877001;"SPRF-PR";"DEL01-PR";"UOP06-DEL01-PR"
250391;2019-11-18;"segunda-feira";"13:35:00";"SC";101;47,5;"JOINVILLE";"Defeito Mecânico no Veículo";"Queda de ocupante de veículo";"Com Vítimas Feridas";"Pleno dia";"Decrescente";"Sol";"Dupla";"Reta";"Não";2;0;1;1;0;0;2;1;-26,34234997;-48,85840089;"SPRF-SC";"DEL03-SC";"UOP01-DEL03-SC"
250392;2019-11-18;"segunda-feira";"14:03:00";"RS";158;333;"SANTA MARIA";"Falta de Atenção à Condução";"Colisão lateral";"Com Vítimas Feridas";"Pleno dia";"Crescente";"Céu Claro";"Dupla";"Reta";"Sim";3;0;2;0;0;1;2;2;-29,70846948;-53,86426102;"SPRF-RS";"DEL09-RS";"UOP01-DEL09-RS"
250393;2019-11-18;"segunda-feira";"14:10:00";"RS";392;651,9;"GUARANI DAS MISSOES";"Desobediência às normas de trânsito pelo condutor";"Colisão traseira";"Com Vítimas Feridas";"Pleno dia";"Crescente";"Sol";"Simples";"Reta";"Não";7;0;1;0;6;0;1;3;-28,11597235;-54,69185114;"SPRF-RS";"DEL10-RS";"UOP01-DEL10-RS"
250394;2019-11-18;"segunda-feira";"10:20:00";"MS";163;27,9;"MUNDO NOVO";"Avarias e/ou desgaste excessivo no pneu";"Colisão com objeto estático";"Com Vítimas Feridas";"Pleno dia";"Crescente";"Céu Claro";"Dupla";"Reta";"Não";1;0;1;0;0;0;1;1;-23,87440675;-54,32371862;"SPRF-MS";"DEL09-MS";"UOP02-DEL09-MS"
250396;2019-11-18;"segunda-feira";"13:30:00";"MT";158;731,5;"BARRA DO GARCAS";"Falta de Atenção à Condução";"Colisão traseira";"Com Vítimas Feridas";"Pleno dia";"Decrescente";"Céu Claro";"Simples";"Reta";"Não";2;0;1;0;1;0;1;2;-15,32198225;-52,17141151;"SPRF-MT";"DEL07-MT";"UOP01-DEL07-MT"
250398;2019-11-18;"segunda-feira";"14:30:00";"SP";116;226;"GUARULHOS";"Não guardar distância de segurança";"Colisão traseira";"Com Vítimas Feridas";"Pleno dia";"Decrescente";"Céu Claro";"Múltipla";"Reta";"Sim";3;0;2;0;1;0;2;2;-23,49659264;-46,55648754;"SPRF-SP";"DEL01-SP";"UOP01-DEL01-SP"
250399;2019-11-18;"segunda-feira";"11:30:00";"RJ";101;273;"TANGUA";"Carga excessiva e/ou mal acondicionada";"Colisão com objeto em movimento";"Com Vítimas Feridas";"Pleno dia";"Decrescente";"Nublado";"Dupla";"Reta";"Sim";2;0;1;0;1;0;1;2;-22,7316093;-42,71051285;"SPRF-RJ";"DEL02-RJ";"UOP03-DEL02-RJ"
250401;2019-11-18;"segunda-feira";"12:30:00";"MG";381;561;"ITAGUARA";"Velocidade Incompatível";"Colisão com objeto estático";"Com Vítimas Feridas";"Pleno dia";"Crescente";"Chuva";"Dupla";"Curva;Declive";"Não";1;0;1;0;0;0;1;1;-20,39224209;-44,49492995;"SPRF-MG";"DEL04-MG";"UOP03-DEL04-MG"
250402;2019-11-18;"segunda-feira";"14:30:00";"BA";116;822;"VITORIA DA CONQUISTA";"Não guardar distância de segurança";"Colisão lateral";"Sem Vítimas";"Pleno dia";"Decrescente";"Sol";"Dupla";"Reta";"Sim";2;0;0;0;2;0;0;2;-14,85181862;-40,8484996;"SPRF-BA";"DEL08-BA";"UOP01-DEL08-BA"
250403;2019-11-18;"segunda-feira";"15:00:00";"PR";373;183,4;"PONTA GROSSA";"Desobediência às normas de trânsito pelo condutor";"Colisão transversal";"Com Vítimas Feridas";"Pleno dia";"Decrescente";"Sol";"Dupla";"Interseção de Vias";"Não";8;0;1;0;7;0;1;2;-25,03935712;-50,2767641;"SPRF-PR";"DEL03-PR";"UOP01-DEL03-PR"
250404;2019-11-18;"segunda-feira";"14:43:00";"MG";381;637;"SANTO ANTONIO DO AMPARO";"Falta de Atenção à Condução";"Capotamento";"Com Vítimas Feridas";"Pleno dia";"Decrescente";"Chuva";"Dupla";"Curva";"Não";2;0;1;1;0;0;2;1;-20,89963404;-44,85537595;"SPRF-MG";"DEL04-MG";"UOP01-DEL04-MG"
250405;2019-11-18;"segunda-feira";"15:00:00";"RJ";116;95;"GUAPIMIRIM";"Avarias e/ou desgaste excessivo no pneu";"Queda de ocupante de veículo";"Com Vítimas Feridas";"Pleno dia";"Crescente";"Chuva";"Simples";"Curva;Declive";"Não";2;0;2;0;0;0;2;1;-22,47374702;-43,00117923;"SPRF-RJ";"DEL04-RJ";"UOP02-DEL04-RJ"
250406;2019-11-18;"segunda-feira";"15:10:00";"RS";470;217;"BENTO GONCALVES";"Desobediência às normas de trânsito pelo condutor";"Colisão transversal";"Sem Vítimas";"Pleno dia";"Crescente";"Céu Claro";"Simples";"Rotatória";"Sim";2;0;0;0;2;0;0;2;-29,16462512;-51,52551964;"SPRF-RS";"DEL06-RS";"UOP01-DEL06-RS"
250407;2019-11-18;"segunda-feira";"14:15:00";"SC";101;145,3;"ITAPEMA";"Falta de Atenção à Condução";"Colisão traseira";"Com Vítimas Feridas";"Pleno dia";"Decrescente";"Sol";"Dupla";"Aclive";"Sim";5;0;1;0;4;0;1;4;-27,083315;-48,60369265;"SPRF-SC";"DEL04-SC";"UOP03-DEL04-SC"
250409;2019-09-11;"quarta-feira";"19:30:00";"RS";386;368;"FAZENDA VILANOVA";"Desobediência às normas de trânsito pelo pedestre";"Atropelamento de Pedestre";"Com Vítimas Fatais";"Plena Noite";"Decrescente";"Chuva";"Simples";"Reta";"Sim";5;1;2;0;1;1;2;2;-29,581799;-51,839783;"SPRF-RS";"DEL04-RS";"UOP02-DEL04-RS"
250411;2019-11-18;"segunda-feira";"14:15:00";"PB";101;100;"ALHANDRA";"Avarias e/ou desgaste excessivo no pneu";"Saída de leito carroçável";"Sem Vítimas";"Pleno dia";"Decrescente";"Céu Claro";"Dupla";"Reta";"Não";1;0;0;0;1;0;0;1;-7,26469806;-34,93677965;"SPRF-PB";"DEL01-PB";"UOP01-DEL01-PB"
250414;2019-11-18;"segunda-feira";"14:20:00";"RO";364;710,9;"PORTO VELHO";"Falta de Atenção à Condução";"Colisão lateral";"Com Vítimas Feridas";"Pleno dia";"Decrescente";"Garoa/Chuvisco";"Dupla";"Reta";"Sim";3;0;2;0;1;0;2;2;-8,78225281;-63,86438554;"SPRF-RO";"DEL01-RO";"UOP01-DEL01-RO"
250415;2019-11-18;"segunda-feira";"07:20:00";"SC";470;70,1;"INDAIAL";"Desobediência às normas de trânsito pelo condutor";"Colisão transversal";"Com Vítimas Feridas";"Pleno dia";"Decrescente";"Céu Claro";"Simples";"Reta";"Não";2;0;1;0;1;0;1;2;-26,889374;-49,254478;"SPRF-SC";"DEL04-SC";"UOP01-DEL04-SC"
250416;2019-11-18;"segunda-feira";"14:20:00";"RJ";101;322;"NITEROI";"Falta de Atenção à Condução";"Engavetamento";"Com Vítimas Feridas";"Pleno dia";"Crescente";"Nublado";"Simples";"Reta";"Sim";4;0;1;0;3;0;1;3;-22,878923;-43,110676;"SPRF-RJ";"DEL02-RJ";"UOP02-DEL02-RJ"
250421;2019-11-18;"segunda-feira";"15:40:00";"SP";153;25,7;"NOVA GRANADA";"Falta de Atenção à Condução";"Colisão transversal";"Com Vítimas Feridas";"Pleno dia";"Decrescente";"Sol";"Simples";"Curva;Interseção de Vias;Aclive";"Não";3;0;0;1;1;1;1;3;-20,496851;-49,315945;"SPRF-SP";"DEL09-SP";"UOP01-DEL09-SP"
250422;2019-11-18;"segunda-feira";"15:35:00";"PR";277;724;"FOZ DO IGUACU";"Ingestão de Álcool";"Colisão traseira";"Sem Vítimas";"Pleno dia";"Decrescente";"Céu Claro";"Dupla";"Curva";"Sim";7;0;0;0;7;0;0;2;-25,50257577;-54,53868311;"SPRF-PR";"DEL05-PR";"UOP01-DEL05-PR"
250423;2019-11-18;"segunda-feira";"15:10:00";"AC";364;121,2;"RIO BRANCO";"Desobediência às normas de trânsito pelo condutor";"Colisão lateral";"Com Vítimas Feridas";"Pleno dia";"Decrescente";"Céu Claro";"Dupla";"Reta";"Sim";3;0;2;0;1;0;2;2;-10,01209268;-67,764365;"SPRF-AC";"DEL01-AC";"UOP01-DEL01-AC"
250424;2019-11-18;"segunda-feira";"16:40:00";"MG";381;903,4;"CAMBUI";"Velocidade Incompatível";"Colisão com objeto estático";"Com Vítimas Feridas";"Pleno dia";"Decrescente";"Chuva";"Dupla";"Curva";"Não";3;0;1;0;2;0;1;1;-22,68185904;-46,10140424;"SPRF-MG";"DEL16-MG";"UOP03-DEL16-MG"
250425;2019-11-18;"segunda-feira";"16:10:00";"RS";285;367,9;"SALDANHA MARINHO";"Falta de Atenção à Condução";"Colisão lateral";"Sem Vítimas";"Pleno dia";"Crescente";"Céu Claro";"Simples";"Curva";"Não";4;0;0;0;4;0;0;2;-28,38626578;-53,04130554;"SPRF-RS";"DEL08-RS";"UOP03-DEL08-RS"
250428;2019-11-18;"segunda-feira";"17:50:00";"SP";116;228;"SAO PAULO";"Não guardar distância de segurança";"Colisão traseira";"Sem Vítimas";"Anoitecer";"Decrescente";"Nublado";"Múltipla";"Reta";"Sim";3;0;0;0;3;0;0;3;-23,50329117;-46,56660855;"SPRF-SP";"DEL01-SP";"UOP01-DEL01-SP"
250429;2019-11-18;"segunda-feira";"18:00:00";"PE";232;22;"MORENO";"Falta de Atenção do Pedestre";"Atropelamento de Pedestre";"Com Vítimas Fatais";"Plena Noite";"Decrescente";"Céu Claro";"Dupla";"Reta";"Sim";3;1;0;0;1;1;0;3;-8,097424;-35,087325;"SPRF-PE";"DEL01-PE";"UOP02-DEL02PE"
250431;2019-11-18;"segunda-feira";"17:30:00";"PR";277;684;"SAO MIGUEL DO IGUACU";"Falta de Atenção à Condução";"Queda de ocupante de veículo";"Com Vítimas Feridas";"Pleno dia";"Crescente";"Sol";"Dupla";"Curva";"Não";2;0;2;0;0;0;2;1;-25,33864563;-54,19917133;"SPRF-PR";"DEL05-PR";"UOP01-DEL05-PR"
250432;2019-11-18;"segunda-feira";"17:35:00";"PR";277;590;"CASCAVEL";"Falta de Atenção à Condução";"Colisão transversal";"Com Vítimas Feridas";"Pleno dia";"Decrescente";"Céu Claro";"Simples";"Rotatória";"Sim";3;0;2;0;1;0;2;2;-24,98120697;-53,45591501;"SPRF-PR";"DEL04-PR";"UOP01-DEL04-PR"
250434;2019-11-18;"segunda-feira";"17:00:00";"MG";262;398,9;"PARA DE MINAS";"Velocidade Incompatível";"Saída de leito carroçável";"Com Vítimas Feridas";"Pleno dia";"Decrescente";"Chuva";"Dupla";"Reta";"Sim";2;0;2;0;0;0;2;1;-19,88232893;-44,60998535;"SPRF-MG";"DEL01-MG";"UOP03-DEL01-MG"
250435;2019-11-18;"segunda-feira";"17:50:00";"ES";101;181;"ARACRUZ";"Falta de Atenção à Condução";"Colisão transversal";"Com Vítimas Feridas";"Anoitecer";"Crescente";"Chuva";"Simples";"Interseção de Vias";"Não";2;0;1;0;0;1;1;2;-19,6312501;-40,22615187;"SPRF-ES";"DEL04-ES";"UOP01-DEL04-ES"
250436;2019-11-18;"segunda-feira";"17:30:00";"MA";222;363,3;"SANTA INES";"Desobediência às normas de trânsito pelo condutor";"Colisão transversal";"Com Vítimas Fatais";"Anoitecer";"Crescente";"Céu Claro";"Simples";"Reta";"Sim";2;1;0;0;0;1;0;2;-3,67710017;-45,39146935;"SPRF-MA";"DEL02-MA";"UI04-DEL02-MA"
250437;2019-11-18;"segunda-feira";"17:30:00";"PI";343;184,5;"PIRIPIRI";"Pista Escorregadia";"Tombamento";"Com Vítimas Feridas";"Pleno dia";"Decrescente";"Céu Claro";"Simples";"Rotatória";"Não";1;0;1;0;0;0;1;1;-4,264742;-41,756226;"SPRF-PI";"DEL02-PI";"UOP01-DEL02-PI"
250438;2019-11-18;"segunda-feira";"18:10:00";"RJ";393;252,1;"BARRA DO PIRAI";"Pista Escorregadia";"Queda de ocupante de veículo";"Com Vítimas Feridas";"Anoitecer";"Decrescente";"Garoa/Chuvisco";"Simples";"Reta";"Não";1;0;1;0;0;0;1;1;-22,43422023;-43,77561487;"SPRF-RJ";"DEL05-RJ";"UOP04-DEL05-RJ"
250439;2019-11-18;"segunda-feira";"17:50:00";"PR";163;165;"LINDOESTE";"Desobediência às normas de trânsito pelo condutor";"Colisão transversal";"Com Vítimas Feridas";"Anoitecer";"Decrescente";"Céu Claro";"Simples";"Reta";"Sim";2;0;1;0;1;0;1;2;-25,30029591;-53,57516624;"SPRF-PR";"DEL04-PR";"UOP05-DEL05-PR"
250440;2019-11-18;"segunda-feira";"04:30:00";"MG";365;446;"GUIMARANIA";"Pista Escorregadia";"Capotamento";"Com Vítimas Feridas";"Plena Noite";"Crescente";"Chuva";"Dupla";"Declive";"Não";1;0;1;0;0;0;1;1;-18,82615544;-46,7900619;"SPRF-MG";"DEL10-MG";"UOP01-DEL10-MG"
250441;2019-11-18;"segunda-feira";"12:00:00";"PB";230;149;"CAMPINA GRANDE";"Desobediência às normas de trânsito pelo condutor";"Colisão transversal";"Com Vítimas Feridas";"Pleno dia";"Crescente";"Céu Claro";"Dupla";"Reta;Interseção de Vias";"Sim";2;0;2;0;0;0;2;2;-7,243;-35,8709;"SPRF-PB";"DEL02-PB";"UOP01-DEL02-PB"
250442;2019-11-18;"segunda-feira";"16:15:00";"RO";364;344;"JI-PARANA";"Falta de Atenção à Condução";"Colisão traseira";"Com Vítimas Feridas";"Pleno dia";"Crescente";"Céu Claro";"Dupla";"Reta";"Sim";2;0;1;0;1;0;1;2;-10,87376391;-61,95256893;"SPRF-RO";"DEL02-RO";"UOP01-DEL02-RO"
250443;2019-11-18;"segunda-feira";"18:10:00";"PR";116;123;"CURITIBA";"Falta de Atenção à Condução";"Colisão traseira";"Com Vítimas Feridas";"Anoitecer";"Decrescente";"Céu Claro";"Dupla";"Reta";"Sim";2;0;1;0;1;0;1;2;-25,57736002;-49,31243589;"SPRF-PR";"DEL01-PR";"UOP03-DEL01-PR"
250444;2019-11-18;"segunda-feira";"16:50:00";"MG";381;529,4;"BRUMADINHO";"Velocidade Incompatível";"Saída de leito carroçável";"Sem Vítimas";"Pleno dia";"Crescente";"Chuva";"Dupla";"Declive;Curva";"Não";1;0;0;0;1;0;0;1;-20,16167657;-44,34378147;"SPRF-MG";"DEL04-MG";"UOP03-DEL04-MG"
250445;2019-11-18;"segunda-feira";"18:10:00";"SC";101;353,9;"JAGUARUNA";"Falta de Atenção à Condução";"Capotamento";"Com Vítimas Feridas";"Pleno dia";"Crescente";"Céu Claro";"Dupla";"Reta";"Não";5;0;3;0;0;2;3;2;-28,61232036;-49,06197674;"SPRF-SC";"DEL02-SC";"UOP01-DEL02-SC"
250446;2019-11-18;"segunda-feira";"15:23:00";"MG";153;104,1;"PRATA";"Pista Escorregadia";"Saída de leito carroçável";"Com Vítimas Feridas";"Pleno dia";"Crescente";"Ignorado";"Simples";"Declive";"Não";1;0;1;0;0;0;1;1;-19,26347485;-48,92260343;"SPRF-MG";"DEL15-MG";"UOP03-DEL15-MG"
250447;2019-11-18;"segunda-feira";"18:10:00";"PI";316;9;"TERESINA";"Desobediência às normas de trânsito pelo condutor";"Colisão lateral";"Com Vítimas Feridas";"Plena Noite";"Decrescente";"Céu Claro";"Simples";"Reta";"Não";1;0;1;0;0;0;1;1;-5,17381686;-42,76624952;"SPRF-PI";"DEL01-PI";"UOP02-DEL01-PI"
250448;2019-11-18;"segunda-feira";"14:20:00";"BA";110;177;"RIBEIRA DO POMBAL";"Defeito na Via";"Capotamento";"Com Vítimas Feridas";"Pleno dia";"Crescente";"Céu Claro";"Simples";"Reta";"Não";3;0;2;0;1;0;2;1;-10,90525204;-38,52224525;"SPRF-BA";"DEL07-BA";"UOP02-DEL07-BA"
250449;2019-11-18;"segunda-feira";"18:00:00";"BA";324;2,5;"SALVADOR";"Não guardar distância de segurança";"Tombamento";"Com Vítimas Feridas";"Anoitecer";"Decrescente";"Céu Claro";"Dupla";"Reta";"Sim";1;0;1;0;0;0;1;1;-12,971561;-38,511154;"SPRF-BA";"DEL01-BA";"UOP01-DEL01-BA"
250450;2019-11-18;"segunda-feira";"18:20:00";"BA";101;718;"EUNAPOLIS";"Falta de Atenção à Condução";"Colisão transversal";"Com Vítimas Feridas";"Plena Noite";"Decrescente";"Céu Claro";"Simples";"Interseção de Vias;Curva";"Sim";2;0;1;0;1;0;1;2;-16,37309765;-39,58082199;"SPRF-BA";"DEL09-BA";"UOP01-DEL09-BA"
250451;2019-11-18;"segunda-feira";"18:40:00";"PR";376;181;"MARINGA";"Não guardar distância de segurança";"Colisão traseira";"Com Vítimas Feridas";"Plena Noite";"Crescente";"Céu Claro";"Dupla";"Reta";"Sim";3;0;2;0;1;0;2;2;-23,42828388;-51,89323425;"SPRF-PR";"DEL07-PR";"UOP01-DEL09-PR"
250452;2019-11-18;"segunda-feira";"18:40:00";"RS";116;223;"DOIS IRMAOS";"Defeito Mecânico no Veículo";"Incêndio";"Com Vítimas Feridas";"Anoitecer";"Crescente";"Céu Claro";"Simples";"Aclive;Curva";"Sim";6;0;2;0;4;0;2;3;-29,58827044;-51,09917696;"SPRF-RS";"DEL01-RS";"UOP02-DEL01-RS"
250453;2019-11-18;"segunda-feira";"18:00:00";"RN";101;94;"NATAL";"Ultrapassagem Indevida";"Colisão lateral";"Sem Vítimas";"Plena Noite";"Crescente";"Céu Claro";"Dupla";"Reta";"Sim";1;0;0;0;1;0;0;1;-5,83176615;-35,21191342;"SPRF-RN";"DEL01-RN";"UOP01-DEL01-RN"
250454;2019-11-18;"segunda-feira";"19:20:00";"ES";101;266,4;"SERRA";"Desobediência às normas de trânsito pelo condutor";"Colisão transversal";"Com Vítimas Feridas";"Plena Noite";"Decrescente";"Chuva";"Múltipla";"Interseção de Vias";"Sim";2;0;0;1;1;0;1;2;-20,190199;-40,26828891;"SPRF-ES";"DEL02-ES";"UOP01-DEL02-ES"
250455;2019-11-18;"segunda-feira";"18:40:00";"SP";116;8,1;"QUELUZ";"Falta de Atenção do Pedestre";"Atropelamento de Pedestre";"Com Vítimas Feridas";"Anoitecer";"Crescente";"Garoa/Chuvisco";"Simples";"Reta";"Sim";2;0;0;1;1;0;1;2;-22,536327;-44,7714;"SPRF-SP";"DEL08-SP";"UOP02-DEL08-SP"
250456;2019-11-18;"segunda-feira";"17:40:00";"SC";101;359,4;"SANGAO";"Falta de Atenção à Condução";"Colisão transversal";"Com Vítimas Feridas";"Pleno dia";"Crescente";"Céu Claro";"Simples";"Reta";"Sim";2;0;0;1;1;0;1;2;-28,66468887;-49,11412776;"SPRF-SC";"DEL02-SC";"UOP01-DEL02-SC"
250458;2019-11-18;"segunda-feira";"17:30:00";"RS";287;400,9;"SANTIAGO";"Falta de Atenção à Condução";"Colisão transversal";"Sem Vítimas";"Pleno dia";"Decrescente";"Céu Claro";"Simples";"Declive;Reta";"Sim";3;0;0;0;3;0;0;2;-29,15906207;-54,88064638;"SPRF-RS";"DEL12-RS";"UOP02-DEL12-RS"
250460;2019-11-18;"segunda-feira";"18:40:00";"RS";386;346,8;"LAJEADO";"Falta de Atenção à Condução";"Colisão traseira";"Com Vítimas Feridas";"Anoitecer";"Decrescente";"Céu Claro";"Simples";"Interseção de Vias";"Sim";2;0;1;0;1;0;1;2;-29,45091655;-51,96760654;"SPRF-RS";"DEL04-RS";"UOP01-DEL04-RS"
250462;2019-11-18;"segunda-feira";"18:15:00";"RO";364;710;"PORTO VELHO";"Falta de Atenção à Condução";"Colisão traseira";"Com Vítimas Feridas";"Pleno dia";"Decrescente";"Chuva";"Dupla";"Reta";"Não";1;0;1;0;0;0;1;1;-8,78621576;-63,85712687;"SPRF-RO";"DEL01-RO";"UOP01-DEL01-RO"
250464;2019-11-18;"segunda-feira";"19:55:00";"PR";369;126,9;"JATAIZINHO";"Desobediência às normas de trânsito pelo condutor";"Colisão transversal";"Com Vítimas Feridas";"Plena Noite";"Crescente";"Céu Claro";"Dupla";"Retorno Regulamentado";"Não";2;0;0;1;1;0;1;2;-23,27661947;-50,96175134;"SPRF-PR";"DEL07-PR";"UOP01-DEL07-PR"
250465;2019-11-18;"segunda-feira";"20:00:00";"PR";277;67;"SAO JOSE DOS PINHAIS";"Animais na Pista";"Atropelamento de Animal";"Sem Vítimas";"Plena Noite";"Decrescente";"Céu Claro";"Dupla";"Reta";"Sim";3;0;0;0;2;1;0;2;-25,54511074;-49,05291088;"SPRF-PR";"DEL01-PR";"UOP07-DEL01-PR"
250468;2019-11-18;"segunda-feira";"19:50:00";"PR";476;127;"CURITIBA";"Falta de Atenção à Condução";"Colisão lateral";"Com Vítimas Feridas";"Plena Noite";"Decrescente";"Céu Claro";"Dupla";"Reta";"Sim";2;0;0;1;1;0;1;2;-25,425167;-49,227158;"SPRF-PR";"DEL01-PR";"UOP07-DEL01-PR"
250471;2019-11-18;"segunda-feira";"19:55:00";"RS";116;617,6;"ARROIO GRANDE";"Ingestão de Álcool";"Colisão traseira";"Com Vítimas Feridas";"Plena Noite";"Crescente";"Céu Claro";"Simples";"Reta";"Não";3;0;0;1;2;0;1;2;-32,28610426;-53,11296276;"SPRF-RS";"DEL07-RS";"UOP03-DEL07-RS"