"id";"data_inversa";"dia_semana";"horario";"uf";"br";"km";"municipio";"causa_acidente";"tipo_acidente";"classificacao_acidente";"fase_dia";"sentido_via";"condicao_metereologica";"tipo_pista";"tracado_via";"uso_solo";"pessoas";"mortos";"feridos_leves";"feridos_graves";"ilesos";"ignorados";"feridos";"veiculos";"latitude";"longitude";"regional";"delegacia";"uop"
250473;2019-11-18;"segunda-feira";"20:55:00";"PR";376;498;"PONTA GROSSA";"Falta de Atenção à Condução";"Colisão traseira";"Com Vítimas Feridas";"Plena Noite";"Crescente";"Céu Claro";"Dupla";"Reta";"Não";2;0;1;0;1;0;1;2;-25,18839776;-50,0846328;"SPRF-PR";"DEL03-PR";"UOP04-DEL03-PR"
250474;2019-11-18;"segunda-feira";"21:00:00";"RS";158;332;"SANTA MARIA";"Falta de Atenção à Condução";"Colisão traseira";"Com Vítimas Fatais";"Plena Noite";"Decrescente";"Céu Claro";"Dupla";"Reta";"Não";5;1;1;0;0;3;1;3;-29,70414799;-53,84432673;"SPRF-RS";"DEL09-RS";"UOP01-DEL09-RS"
250475;2019-11-18;"segunda-feira";"20:20:00";"ES";101;294,2;"CARIACICA";"Desobediência às normas de trânsito pelo condutor";"Colisão traseira";"Com Vítimas Feridas";"Plena Noite";"Decrescente";"Chuva";"Dupla";"Declive";"Sim";3;0;1;0;2;0;1;2;-20,32415948;-40,3952903;"SPRF-ES";"DEL01-ES";"UOP01-DEL01-ES"
250476;2019-11-18;"segunda-feira";"18:45:00";"PB";230;479,3;"MARIZOPOLIS";"Desobediência às normas de trânsito pelo condutor";"Atropelamento de Pedestre";"Com Vítimas Feridas";"Plena Noite";"Decrescente";"Céu Claro";"Simples";"Reta";"Sim";2;0;1;0;0;1;1;2;-6,8431;-38,3315;"SPRF-PB";"DEL03-PB";"UOP03-DEL03-PB"
250477;2019-11-18;"segunda-feira";"21:35:00";"SC";280;6;"SAO FRANCISCO DO SUL";"Falta de Atenção à Condução";"Colisão traseira";"Com Vítimas Feridas";"Plena Noite";"Crescente";"Nublado";"Simples";"Reta";"Sim";2;0;0;1;1;0;1;2;-26,26569095;-48,63361804;"SPRF-SC";"DEL03-SC";"UOP03-DEL03-SC"
250483;2019-11-18;"segunda-feira";"18:40:00";"RO";364;399;"OURO PRETO DO OESTE";"Defeito Mecânico no Veículo";"Incêndio";"Sem Vítimas";"Plena Noite";"Decrescente";"Nublado";"Simples";"Reta";"Não";1;0;0;0;1;0;0;1;-10,61069397;-62,33724697;"SPRF-RO";"DEL03-RO";"UOP02-DEL03-RO"
250484;2019-11-18;"segunda-feira";"21:15:00";"RS";290;29,9;"SANTO ANTONIO DA PATRULHA";"Condutor Dormindo";"Saída de leito carroçável";"Com Vítimas Feridas";"Plena Noite";"Decrescente";"Céu Claro";"Múltipla";"Reta";"Não";1;0;1;0;0;0;1;1;-29,883329;-50,54509;"SPRF-RS";"DEL03-RS";"UOP01-DEL03-RS"
250485;2019-11-18;"segunda-feira";"19:28:00";"SC";282;606,4;"MARAVILHA";"Falta de Atenção à Condução";"Colisão transversal";"Com Vítimas Feridas";"Plena Noite";"Crescente";"Céu Claro";"Simples";"Rotatória";"Sim";2;0;0;1;1;0;1;2;-26,778643;-53,198692;"SPRF-SC";"DEL07-SC";"UOP02-DEL07-SC"
250486;2019-11-18;"segunda-feira";"21:20:00";"BA";116;816;"VITORIA DA CONQUISTA";"Defeito Mecânico no Veículo";"Queda de ocupante de veículo";"Com Vítimas Feridas";"Plena Noite";"Crescente";"Céu Claro";"Simples";"Reta";"Sim";2;0;2;0;0;0;2;1;-14,814379;-40,800969;"SPRF-BA";"DEL08-BA";"UOP01-DEL08-BA"
250487;2019-11-18;"segunda-feira";"14:45:00";"GO";364;201;"JATAI";"Pista Escorregadia";"Colisão com objeto estático";"Sem Vítimas";"Pleno dia";"Decrescente";"Chuva";"Dupla";"Reta";"Não";2;0;0;0;2;0;0;1;-17,914806;-51,765602;"SPRF-GO";"DEL05-GO";"UOP01-DEL05-GO"
250490;2019-11-18;"segunda-feira";"23:20:00";"RJ";101;283;"ITABORAI";"Falta de Atenção à Condução";"Colisão com objeto estático";"Sem Vítimas";"Plena Noite";"Crescente";"Chuva";"Dupla";"Declive;Curva";"Não";2;0;0;0;2;0;0;1;-22,73591014;-42,80592689;"SPRF-RJ";"DEL02-RJ";"UOP03-DEL02-RJ"
250491;2019-11-18;"segunda-feira";"22:00:00";"PI";316;10;"TERESINA";"Não guardar distância de segurança";"Colisão traseira";"Com Vítimas Feridas";"Plena Noite";"Crescente";"Céu Claro";"Simples";"Reta";"Não";3;0;1;0;2;0;1;2;-5,18280197;-42,76350291;"SPRF-PI";"DEL01-PI";"UOP02-DEL01-PI"
250492;2019-11-18;"segunda-feira";"23:05:00";"PR";369;83,9;"CORNELIO PROCOPIO";"Animais na Pista";"Atropelamento de Animal";"Com Vítimas Feridas";"Plena Noite";"Decrescente";"Céu Claro";"Simples";"Reta";"Não";1;0;1;0;0;0;1;1;-23,16271553;-50,60884237;"SPRF-PR";"DEL07-PR";"UOP05-DEL07-PR"
250493;2019-11-18;"segunda-feira";"17:50:00";"GO";364;27,6;"PARANAIGUARA";"Pista Escorregadia";"Saída de leito carroçável";"Com Vítimas Feridas";"Pleno dia";"Decrescente";"Chuva";"Simples";"Reta";"Não";1;0;1;0;0;0;1;1;-18,903946;-50,704628;"SPRF-GO";"DEL05-GO";"UOP02-DEL05-GO"
250494;2019-11-18;"segunda-feira";"23:15:00";"PB";230;51,3;"CRUZ DO ESPIRITO SANTO";"Falta de Atenção à Condução";"Colisão traseira";"Sem Vítimas";"Plena Noite";"Crescente";"Céu Claro";"Dupla";"Reta";"Não";5;0;0;0;5;0;0;2;-7,1897;-35,0615;"SPRF-PB";"DEL01-PB";"UOP03-DEL01-PB"
250496;2019-11-18;"segunda-feira";"22:10:00";"GO";414;400,2;"ABADIANIA";"Ingestão de Álcool";"Saída de leito carroçável";"Com Vítimas Feridas";"Plena Noite";"Crescente";"Garoa/Chuvisco";"Simples";"Reta";"Não";1;0;1;0;0;0;1;1;-15,97556585;-48,82566142;"SPRF-GO";"DEL02-GO";"UOP01-DEL02-GO"
250503;2019-11-19;"terça-feira";"02:40:00";"PR";116;125,8;"FAZENDA RIO GRANDE";"Falta de Atenção à Condução";"Colisão traseira";"Com Vítimas Feridas";"Plena Noite";"Decrescente";"Nublado";"Múltipla";"Reta";"Sim";3;0;1;0;2;0;1;2;-25,60389895;-49,31824423;"SPRF-PR";"DEL01-PR";"UOP03-DEL01-PR"
250504;2019-11-19;"terça-feira";"02:05:00";"RS";116;566,4;"PEDRO OSORIO";"Animais na Pista";"Atropelamento de Animal";"Sem Vítimas";"Plena Noite";"Crescente";"Nublado";"Simples";"Reta";"Não";2;0;0;0;2;0;0;1;-31,93454899;-52,74641801;"SPRF-RS";"DEL07-RS";"UOP03-DEL07-RS"
250507;2019-11-19;"terça-feira";"03:59:00";"RJ";101;325;"NITEROI";"Falta de Atenção à Condução";"Colisão com objeto estático";"Com Vítimas Feridas";"Plena Noite";"Crescente";"Nublado";"Dupla";"Reta";"Não";1;0;1;0;0;0;1;1;-22,87292569;-43,13625699;"SPRF-RJ";"DEL02-RJ";"UOP02-DEL02-RJ"
250508;2019-04-02;"terça-feira";"07:00:00";"DF";70;19;"BRASILIA";"Falta de Atenção à Condução";"Colisão traseira";"Com Vítimas Feridas";"Pleno dia";"Decrescente";"Céu Claro";"Dupla";"Reta";"Não";2;0;1;0;1;0;1;2;-15,788868;-48,220242;"SPRF-DF";"DEL01-DF";"UOP02-DEL03-DF"
250510;2019-11-19;"terça-feira";"06:15:00";"RN";304;299;"MACAIBA";"Não guardar distância de segurança";"Colisão traseira";"Com Vítimas Feridas";"Pleno dia";"Decrescente";"Sol";"Dupla";"Retorno Regulamentado";"Sim";2;0;1;0;1;0;1;2;-5,87095859;-35,32359587;"SPRF-RN";"DEL01-RN";"UOP02-DEL01-RN"
250513;2019-11-19;"terça-feira";"06:35:00";"GO";153;505,9;"APARECIDA DE GOIANIA";"Não guardar distância de segurança";"Engavetamento";"Com Vítimas Feridas";"Amanhecer";"Decrescente";"Nublado";"Múltipla";"Reta";"Sim";8;0;0;1;7;0;1;8;-16,7637528;-49,23991095;"SPRF-GO";"DEL01-GO";"UOP01-DEL01-GO"
250514;2019-11-19;"terça-feira";"06:50:00";"DF";20;15,8;"BRASILIA";"Falta de Atenção à Condução";"Colisão transversal";"Com Vítimas Feridas";"Pleno dia";"Decrescente";"Sol";"Dupla";"Reta";"Sim";2;0;1;0;1;0;1;2;-15,630189;-47,733288;"SPRF-DF";"DEL02-DF";"UOP01-DEL02-DF"
250515;2019-11-19;"terça-feira";"07:00:00";"MG";40;636,2;"CONSELHEIRO LAFAIETE";"Falta de Atenção à Condução";"Colisão traseira";"Com Vítimas Feridas";"Pleno dia";"Crescente";"Nublado";"Simples";"Reta";"Não";4;0;2;0;2;0;2;2;-20,70680192;-43,79284622;"SPRF-MG";"DEL05-MG";"UOP02-DEL05-MG"
250517;2019-11-19;"terça-feira";"07:10:00";"SP";153;55,2;"SAO JOSE DO RIO PRETO";"Desobediência às normas de trânsito pelo condutor";"Tombamento";"Com Vítimas Feridas";"Pleno dia";"Crescente";"Céu Claro";"Simples";"Reta";"Não";2;0;1;0;0;1;1;2;-20,75321697;-49,34260108;"SPRF-SP";"DEL09-SP";"UOP01-DEL09-SP"
250518;2019-11-19;"terça-feira";"06:50:00";"DF";20;17;"BRASILIA";"Falta de Atenção à Condução";"Colisão traseira";"Com Vítimas Feridas";"Pleno dia";"Decrescente";"Céu Claro";"Dupla";"Declive";"Sim";3;0;1;0;2;0;1;2;-15,621374;-47,71698;"SPRF-DF";"DEL02-DF";"UOP01-DEL02-DF"
250519;2019-11-19;"terça-feira";"07:40:00";"RS";116;249,9;"SAO LEOPOLDO";"Defeito Mecânico no Veículo";"Tombamento";"Com Vítimas Feridas";"Pleno dia";"Crescente";"Céu Claro";"Dupla";"Reta";"Sim";1;0;1;0;0;0;1;1;-29,7868;-51,16349;"SPRF-RS";"DEL01-RS";"UOP02-DEL01-RS"
250521;2019-11-19;"terça-feira";"07:30:00";"SP";116;270;"TABOAO DA SERRA";"Desobediência às normas de trânsito pelo condutor";"Colisão lateral";"Com Vítimas Feridas";"Pleno dia";"Decrescente";"Céu Claro";"Dupla";"Reta";"Sim";4;0;1;0;3;0;1;2;-23,61799728;-46,79677694;"SPRF-SP";"DEL04-SP";"UOP01-DEL04-SP"
250522;2019-11-19;"terça-feira";"07:35:00";"SC";470;123;"IBIRAMA";"Velocidade Incompatível";"Tombamento";"Com Vítimas Feridas";"Pleno dia";"Crescente";"Sol";"Simples";"Curva";"Não";1;0;1;0;0;0;1;1;-27,106783;-49,522049;"SPRF-SC";"DEL04-SC";"UOP02-DEL04-SC"
250523;2019-11-19;"terça-feira";"07:50:00";"SC";101;197;"BIGUACU";"Desobediência às normas de trânsito pelo condutor";"Colisão lateral";"Com Vítimas Feridas";"Pleno dia";"Crescente";"Céu Claro";"Dupla";"Declive";"Sim";2;0;0;1;1;0;1;2;-27,51844497;-48,63848496;"SPRF-SC";"DEL01-SC";"UOP01-DEL01-SC"
250524;2019-11-19;"terça-feira";"08:10:00";"DF";20;10,8;"BRASILIA";"Falta de Atenção à Condução";"Colisão transversal";"Com Vítimas Feridas";"Pleno dia";"Decrescente";"Sol";"Dupla";"Reta";"Sim";2;0;1;0;1;0;1;2;-15,650243;-47,773872;"SPRF-DF";"DEL02-DF";"UOP01-DEL02-DF"
250525;2019-11-19;"terça-feira";"07:15:00";"RN";101;106;"PARNAMIRIM";"Ingestão de Álcool";"Colisão transversal";"Sem Vítimas";"Pleno dia";"Crescente";"Céu Claro";"Dupla";"Viaduto";"Sim";2;0;0;0;2;0;0;2;-5,91056401;-35,26130795;"SPRF-RN";"DEL01-RN";"UOP01-DEL01-RN"
250526;2019-10-10;"quinta-feira";"09:00:00";"SC";280;197;"MAFRA";"Desobediência às normas de trânsito pelo condutor";"Colisão transversal";"Com Vítimas Feridas";"Pleno dia";"Crescente";"Céu Claro";"Simples";"Interseção de Vias";"Não";4;0;2;2;0;0;4;2;-26,17476903;-50,03999949;"SPRF-SC";"DEL06-SC";"UOP01-DEL06-SC"
250527;2019-11-19;"terça-feira";"08:00:00";"SC";101;38;"JOINVILLE";"Defeito Mecânico no Veículo";"Capotamento";"Com Vítimas Feridas";"Pleno dia";"Crescente";"Sol";"Dupla";"Reta";"Sim";1;0;1;0;0;0;1;1;-26,25472505;-48,90561309;"SPRF-SC";"DEL03-SC";"UOP01-DEL03-SC"
250528;2019-11-19;"terça-feira";"06:40:00";"MG";262;443;"NOVA SERRANA";"Falta de Atenção à Condução";"Colisão traseira";"Com Vítimas Feridas";"Pleno dia";"Crescente";"Sol";"Dupla";"Reta";"Sim";2;0;0;1;1;0;1;2;-19,88065393;-44,92197102;"SPRF-MG";"DEL08-MG";"UOP03-DEL08-MG"
250529;2019-11-19;"terça-feira";"08:00:00";"GO";153;508,9;"APARECIDA DE GOIANIA";"Falta de Atenção à Condução";"Colisão traseira";"Com Vítimas Feridas";"Pleno dia";"Decrescente";"Céu Claro";"Múltipla";"Declive";"Não";2;0;0;1;1;0;1;2;-16,7804;-49,2371;"SPRF-GO";"DEL01-GO";"UOP03-DEL01-GO"
250530;2019-11-19;"terça-feira";"05:25:00";"MT";174;125;"MIRASSOL DOESTE";"Falta de Atenção à Condução";"Colisão lateral";"Sem Vítimas";"Amanhecer";"Decrescente";"Céu Claro";"Simples";"Reta";"Não";3;0;0;0;3;0;0;2;-15,81797387;-58,08754385;"SPRF-MT";"DEL03-MT";"UOP01-DEL03-MT"
250531;2019-11-19;"terça-feira";"07:55:00";"SC";101;136;"BALNEARIO CAMBORIU";"Falta de Atenção à Condução";"Tombamento";"Com Vítimas Feridas";"Pleno dia";"Decrescente";"Céu Claro";"Dupla";"Reta";"Sim";1;0;1;0;0;0;1;1;-27,008113;-48,617245;"SPRF-SC";"DEL04-SC";"UOP03-DEL04-SC"
250532;2019-11-19;"terça-feira";"08:40:00";"ES";101;268;"SERRA";"Falta de Atenção à Condução";"Colisão traseira";"Com Vítimas Feridas";"Pleno dia";"Crescente";"Nublado";"Dupla";"Reta";"Sim";2;0;0;1;1;0;1;2;-20,20842;-40,269405;"SPRF-ES";"DEL02-ES";"UOP01-DEL02-ES"
250533;2019-11-19;"terça-feira";"07:20:00";"MT";70;517;"VARZEA GRANDE";"Falta de Atenção à Condução";"Colisão transversal";"Com Vítimas Feridas";"Pleno dia";"Crescente";"Céu Claro";"Simples";"Interseção de Vias";"Sim";2;0;2;0;0;0;2;2;-15,70237468;-56,15936279;"SPRF-MT";"DEL01-MT";"DEL2/4-UOP02/MT"
250535;2019-11-19;"terça-feira";"09:19:00";"RN";101;107;"PARNAMIRIM";"Falta de Atenção à Condução";"Colisão lateral";"Com Vítimas Feridas";"Pleno dia";"Decrescente";"Céu Claro";"Simples";"Reta";"Sim";3;0;1;0;1;1;1;2;-5,91920796;-35,26412409;"SPRF-RN";"DEL01-RN";"UOP01-DEL01-RN"
250536;2019-11-19;"terça-feira";"07:40:00";"PB";230;317,9;"SAO MAMEDE";"Condutor Dormindo";"Saída de leito carroçável";"Com Vítimas Feridas";"Pleno dia";"Crescente";"Céu Claro";"Simples";"Declive";"Não";1;0;1;0;0;0;1;1;-6,9543;-37,1244;"SPRF-PB";"DEL03-PB";"UOP01-DEL03-PB"
250537;2019-06-09;"domingo";"22:30:00";"MG";267;270;"AIURUOCA";"Falta de Atenção à Condução";"Colisão transversal";"Com Vítimas Feridas";"Plena Noite";"Crescente";"Ignorado";"Simples";"Interseção de Vias";"Não";2;0;0;1;0;1;1;2;-21,93457025;-44,64149997;"SPRF-MG";"DEL05-MG";"UOP01-DEL17-MG"
250538;2019-11-19;"terça-feira";"08:30:00";"MG";381;915;"CAMANDUCAIA";"Defeito Mecânico no Veículo";"Tombamento";"Com Vítimas Feridas";"Pleno dia";"Decrescente";"Nublado";"Dupla";"Reta";"Não";2;0;2;0;0;0;2;1;-22,73168759;-46,13512236;"SPRF-MG";"DEL16-MG";"UOP03-DEL16-MG"
250539;2019-11-19;"terça-feira";"08:00:00";"MG";50;184,8;"UBERABA";"Defeito Mecânico no Veículo";"Tombamento";"Com Vítimas Feridas";"Pleno dia";"Crescente";"Céu Claro";"Dupla";"Reta";"Sim";2;0;2;0;0;0;2;1;-19,80945315;-47,90078523;"SPRF-MG";"DEL13-MG";"UOP01-DEL13-MG"
250540;2019-11-19;"terça-feira";"10:00:00";"CE";116;11;"FORTALEZA";"Pista Escorregadia";"Queda de ocupante de veículo";"Com Vítimas Feridas";"Pleno dia";"Decrescente";"Sol";"Dupla";"Curva";"Sim";1;0;1;0;0;0;1;1;-3,84394724;-38,49891546;"SPRF-CE";"DEL01-CE";"UOP02-DEL01-CE"
250542;2019-11-19;"terça-feira";"10:20:00";"SC";470;70,9;"INDAIAL";"Desobediência às normas de trânsito pelo condutor";"Colisão transversal";"Com Vítimas Feridas";"Pleno dia";"Crescente";"Sol";"Simples";"Reta;Em Obras";"Sim";2;0;1;0;1;0;1;2;-26,889374;-49,254478;"SPRF-SC";"DEL04-SC";"UOP01-DEL04-SC"
250543;2019-11-19;"terça-feira";"09:50:00";"GO";30;22;"FORMOSA";"Velocidade Incompatível";"Tombamento";"Com Vítimas Feridas";"Pleno dia";"Crescente";"Céu Claro";"Dupla";"Interseção de Vias";"Sim";2;0;2;0;0;0;2;1;-15,546948;-47,164692;"SPRF-DF";"DEL02-DF";"UOP01-DEL02-DF"
250545;2019-07-22;"segunda-feira";"20:50:00";"PR";476;138;"CURITIBA";"Falta de Atenção à Condução";"Colisão transversal";"Com Vítimas Feridas";"Plena Noite";"Crescente";"Céu Claro";"Simples";"Interseção de Vias";"Sim";2;0;0;1;0;1;1;2;-25,505564;-49,283417;"SPRF-PR";"DEL01-PR";"UOP03-DEL01-PR"
250546;2019-11-19;"terça-feira";"09:50:00";"RJ";101;99;"CAMPOS DOS GOYTACAZES";"Defeito na Via";"Colisão com objeto estático";"Sem Vítimas";"Pleno dia";"Decrescente";"Chuva";"Dupla";"Curva";"Não";1;0;0;0;1;0;0;1;-21,8758198;-41,5832851;"SPRF-RJ";"DEL08-RJ";"UOP02-DEL08-RJ"
250547;2019-11-19;"terça-feira";"10:45:00";"SC";101;209;"SAO JOSE";"Falta de Atenção à Condução";"Colisão lateral";"Com Vítimas Feridas";"Pleno dia";"Decrescente";"Céu Claro";"Dupla";"Reta";"Não";2;0;1;0;1;0;1;2;-27,61000542;-48,63895057;"SPRF-SC";"DEL01-SC";"UOP01-DEL01-SC"
250548;2019-11-19;"terça-feira";"09:40:00";"PI";343;553,9;"AMARANTE";"Avarias e/ou desgaste excessivo no pneu";"Colisão com objeto estático";"Com Vítimas Feridas";"Pleno dia";"Crescente";"Céu Claro";"Simples";"Reta";"Não";4;0;4;0;0;0;4;1;-6,626734;-42,837376;"SPRF-PI";"DEL03-PI";"UOP01-DEL03-PI"
250549;2019-11-19;"terça-feira";"10:50:00";"ES";101;1;"SERRA";"Falta de Atenção à Condução";"Tombamento";"Com Vítimas Feridas";"Pleno dia";"Crescente";"Nublado";"Dupla";"Reta";"Sim";1;0;0;1;0;0;1;1;-20,129093;-40,308125;"SPRF-ES";"DEL02-ES";"UOP01-DEL02-ES"
250550;2019-11-19;"terça-feira";"11:20:00";"CE";116;16;"FORTALEZA";"Velocidade Incompatível";"Colisão traseira";"Com Vítimas Feridas";"Pleno dia";"Decrescente";"Céu Claro";"Dupla";"Reta";"Sim";4;0;2;0;1;1;2;3;-3,88732794;-38,50185439;"SPRF-CE";"DEL01-CE";"UOP02-DEL01-CE"
250551;2019-11-19;"terça-feira";"11:20:00";"RN";101;138,6;"ARES";"Falta de Atenção à Condução";"Queda de ocupante de veículo";"Com Vítimas Feridas";"Pleno dia";"Decrescente";"Sol";"Dupla";"Reta";"Não";2;0;2;0;0;0;2;1;-6,1884521;-35,2132263;"SPRF-RN";"DEL01-RN";"UOP01-DEL01-RN"
250552;2019-11-19;"terça-feira";"09:30:00";"SP";116;493;"CAJATI";"Mal Súbito";"Saída de leito carroçável";"Com Vítimas Fatais";"Pleno dia";"Decrescente";"Nublado";"Dupla";"Reta";"Não";3;3;0;0;0;0;0;1;-24,74366848;-48,14208621;"SPRF-SP";"DEL05-SP";"UAP01-DEL05-SP"
250553;2019-11-19;"terça-feira";"11:50:00";"MG";381;451,3;"SABARA";"Desobediência às normas de trânsito pelo condutor";"Colisão transversal";"Com Vítimas Feridas";"Pleno dia";"Crescente";"Nublado";"Simples";"Interseção de Vias;Curva";"Sim";2;0;1;0;1;0;1;2;-19,83832024;-43,8806931;"SPRF-MG";"DEL01-MG";"UOP01-DEL01-MG"
250554;2019-11-19;"terça-feira";"09:30:00";"SC";101;111,8;"NAVEGANTES";"Falta de Atenção à Condução";"Colisão traseira";"Com Vítimas Feridas";"Pleno dia";"Crescente";"Sol";"Dupla";"Ponte;Reta";"Sim";3;0;1;0;2;0;1;3;-26,83955734;-48,71418074;"SPRF-SC";"DEL04-SC";"UOP04-DEL04-SC"
250555;2019-11-15;"sexta-feira";"12:00:00";"SC";282;129,5;"BOM RETIRO";"Ingestão de Álcool";"Colisão lateral";"Sem Vítimas";"Pleno dia";"Decrescente";"Céu Claro";"Simples";"Reta";"Não";7;0;0;0;7;0;0;2;-27,800129;-49,496468;"SPRF-SC";"DEL05-SC";"UOP01-DEL05-SC"
250557;2019-11-19;"terça-feira";"12:00:00";"SP";116;144,9;"SAO JOSE DOS CAMPOS";"Desobediência às normas de trânsito pelo condutor";"Colisão lateral";"Com Vítimas Feridas";"Pleno dia";"Crescente";"Céu Claro";"Múltipla";"Reta";"Sim";3;0;1;0;2;0;1;3;-23,18274416;-45,84633592;"SPRF-SP";"DEL02-SP";"UOP01-DEL02-SP"
250560;2019-11-19;"terça-feira";"11:55:00";"RS";116;264;"CANOAS";"Defeito Mecânico no Veículo";"Colisão traseira";"Com Vítimas Feridas";"Pleno dia";"Decrescente";"Sol";"Múltipla";"Reta";"Sim";2;0;1;1;0;0;2;2;-29,914435;-51,17754495;"SPRF-RS";"DEL01-RS";"UOP01-DEL01-RS"
250561;2019-11-19;"terça-feira";"12:20:00";"CE";222;150;"IRAUCUBA";"Velocidade Incompatível";"Colisão lateral";"Sem Vítimas";"Pleno dia";"Crescente";"Sol";"Simples";"Interseção de Vias";"Sim";2;0;0;0;2;0;0;2;-3,74733622;-39,79027813;"SPRF-CE";"DEL04-CE";"UOP03-DEL04-CE"
250562;2019-11-19;"terça-feira";"09:15:00";"RO";319;61;"PORTO VELHO";"Falta de Atenção à Condução";"Colisão lateral";"Com Vítimas Feridas";"Pleno dia";"Decrescente";"Céu Claro";"Dupla";"Reta";"Sim";3;0;2;0;1;0;2;2;-8,766685;-63,884052;"SPRF-RO";"DEL01-RO";"UOP01-DEL01-RO"
250563;2019-11-19;"terça-feira";"13:30:00";"RS";116;38,9;"VACARIA";"Falta de Atenção à Condução";"Colisão transversal";"Com Vítimas Feridas";"Pleno dia";"Decrescente";"Céu Claro";"Simples";"Reta;Interseção de Vias";"Sim";2;0;0;1;1;0;1;2;-28,50548;-50,92516;"SPRF-RS";"DEL05-RS";"UOP03-DEL05-RS"
250565;2019-11-19;"terça-feira";"10:50:00";"SP";116;74,2;"APARECIDA";"Defeito na Via";"Danos eventuais";"Sem Vítimas";"Pleno dia";"Crescente";"Céu Claro";"Dupla";"Reta";"Não";2;0;0;0;2;0;0;1;-22,87353809;-45,25320023;"SPRF-SP";"DEL08-SP";"UOP01-DEL08-SP"
250567;2019-10-22;"terça-feira";"20:50:00";"SP";153;14,8;"NOVA GRANADA";"Falta de Atenção à Condução";"Colisão com objeto estático";"Sem Vítimas";"Plena Noite";"Crescente";"Céu Claro";"Simples";"Ponte";"Sim";1;0;0;0;1;0;0;1;-20,41481389;-49,26025307;"SPRF-SP";"DEL09-SP";"UOP01-DEL09-SP"
250569;2019-11-19;"terça-feira";"09:10:00";"MT";174;113,7;"MIRASSOL DOESTE";"Falta de Atenção à Condução";"Saída de leito carroçável";"Com Vítimas Feridas";"Pleno dia";"Decrescente";"Céu Claro";"Simples";"Reta";"Não";1;0;0;1;0;0;1;1;-15,819792;-57,993498;"SPRF-MT";"DEL03-MT";"UOP01-DEL03-MT"
250570;2019-11-19;"terça-feira";"12:30:00";"MA";230;404;"BALSAS";"Falta de Atenção à Condução";"Colisão transversal";"Com Vítimas Feridas";"Pleno dia";"Crescente";"Céu Claro";"Simples";"Interseção de Vias";"Sim";4;0;1;1;2;0;2;2;-7,52339895;-46,04122203;"SPRF-MA";"DEL05-MA";"UOP01-DEL05-MA"
250573;2019-11-19;"terça-feira";"14:15:00";"PE";423;95,9;"GARANHUNS";"Falta de Atenção à Condução";"Tombamento";"Com Vítimas Feridas";"Pleno dia";"Decrescente";"Céu Claro";"Simples";"Interseção de Vias";"Sim";1;0;1;0;0;0;1;1;-8,87945117;-36,48572001;"SPRF-PE";"DEL03-PE";"UOP01-DEL03-PE"
250574;2019-11-19;"terça-feira";"14:00:00";"SC";101;194,5;"BIGUACU";"Falta de Atenção à Condução";"Colisão traseira";"Com Vítimas Feridas";"Pleno dia";"Decrescente";"Céu Claro";"Dupla";"Reta";"Sim";2;0;0;1;1;0;1;2;-27,49815117;-48,65661236;"SPRF-SC";"DEL01-SC";"UOP01-DEL01-SC"
250575;2019-11-19;"terça-feira";"13:20:00";"AL";316;83;"SANTANA DO IPANEMA";"Falta de Atenção à Condução";"Colisão traseira";"Com Vítimas Feridas";"Pleno dia";"Crescente";"Céu Claro";"Dupla";"Reta";"Sim";3;0;1;0;2;0;1;2;-9,366476;-37,260963;"SPRF-AL";"DEL03-AL";"UOP02-DEL03-AL"
250576;2019-11-19;"terça-feira";"14:00:00";"MG";262;124,6;"RIO CASCA";"Falta de Atenção à Condução";"Saída de leito carroçável";"Com Vítimas Feridas";"Pleno dia";"Decrescente";"Céu Claro";"Simples";"Reta";"Não";5;0;2;0;3;0;2;1;-20,2011708;-42,67925669;"SPRF-MG";"DEL03-MG";"UOP03-DEL03-MG"
250577;2019-11-19;"terça-feira";"14:00:00";"DF";70;18,3;"BRASILIA";"Velocidade Incompatível";"Saída de leito carroçável";"Com Vítimas Feridas";"Pleno dia";"Crescente";"Chuva";"Dupla";"Declive;Reta";"Não";2;0;2;0;0;0;2;1;-15,791093;-48,21096;"SPRF-DF";"DEL01-DF";"UOP02-DEL03-DF"
250578;2019-11-19;"terça-feira";"06:40:00";"GO";60;123,4;"TEREZOPOLIS DE GOIAS";"Defeito Mecânico no Veículo";"Tombamento";"Com Vítimas Feridas";"Amanhecer";"Crescente";"Nublado";"Dupla";"Reta";"Não";1;0;1;0;0;0;1;1;-16,5184;-49,1242;"SPRF-GO";"DEL01-GO";"UOP01-DEL01-GO"
250579;2019-11-19;"terça-feira";"11:00:00";"MS";267;508;"JARDIM";"Defeito Mecânico no Veículo";"Saída de leito carroçável";"Com Vítimas Feridas";"Pleno dia";"Crescente";"Céu Claro";"Simples";"Reta";"Não";1;0;1;0;0;0;1;1;-21,46738088;-56,37378504;"SPRF-MS";"DEL05-MS";"UOP01-DEL05-MS"
250580;2019-11-03;"domingo";"22:30:00";"MT";364;188;"RONDONOPOLIS";"Avarias e/ou desgaste excessivo no pneu";"Capotamento";"Com Vítimas Feridas";"Plena Noite";"Crescente";"Céu Claro";"Simples";"Reta";"Não";1;0;1;0;0;0;1;1;-16,56158088;-54,5531929;"SPRF-MT";"DEL02-MT";"UOP01-DEL02-MT"