"id";"data_inversa";"dia_semana";"horario";"uf";"br";"km";"municipio";"causa_acidente";"tipo_acidente";"classificacao_acidente";"fase_dia";"sentido_via";"condicao_metereologica";"tipo_pista";"tracado_via";"uso_solo";"pessoas";"mortos";"feridos_leves";"feridos_graves";"ilesos";"ignorados";"feridos";"veiculos";"latitude";"longitude";"regional";"delegacia";"uop"
250697;2019-11-20;"quarta-feira";"07:40:00";"PR";376;159,6;"MARINGA";"Falta de Atenção à Condução";"Colisão transversal";"Com Vítimas Feridas";"Pleno dia";"Crescente";"Céu Claro";"Dupla";"Reta";"Não";2;0;1;0;1;0;1;2;-23,36498136;-52,07632098;"SPRF-PR";"DEL07-PR";"UOP01-DEL09-PR"
250698;2019-11-20;"quarta-feira";"06:45:00";"BA";135;170;"BARREIRAS";"Falta de Atenção à Condução";"Colisão transversal";"Com Vítimas Feridas";"Pleno dia";"Crescente";"Sol";"Simples";"Reta";"Não";2;0;1;0;1;0;1;2;-12,08928691;-44,97287725;"SPRF-BA";"DEL10-BA";"UOP01-DEL10-BA"
250699;2019-11-20;"quarta-feira";"06:10:00";"MS";463;1,4;"DOURADOS";"Desobediência às normas de trânsito pelo condutor";"Colisão transversal";"Com Vítimas Feridas";"Pleno dia";"Crescente";"Sol";"Simples";"Reta";"Sim";2;0;1;0;1;0;1;2;-22,259064;-54,8137;"SPRF-MS";"DEL04-MS";"UOP01-DEL04-MS"
250700;2019-11-19;"terça-feira";"18:30:00";"RJ";116;199;"SEROPEDICA";"Animais na Pista";"Atropelamento de Animal";"Com Vítimas Feridas";"Plena Noite";"Crescente";"Chuva";"Dupla";"Reta";"Sim";1;0;0;1;0;0;1;1;-22,72684432;-43,64537544;"SPRF-RJ";"DEL01-RJ";"UOP03-DEL01-RJ"
250701;2019-11-20;"quarta-feira";"07:30:00";"MG";365;638;"UBERLANDIA";"Não guardar distância de segurança";"Colisão traseira";"Com Vítimas Feridas";"Pleno dia";"Decrescente";"Céu Claro";"Dupla";"Reta";"Não";2;0;1;0;1;0;1;2;-18,89121835;-48,42797405;"SPRF-MG";"DEL15-MG";"UOP01-DEL15-MG"
250703;2019-11-20;"quarta-feira";"06:45:00";"PR";476;125;"CURITIBA";"Defeito na Via";"Queda de ocupante de veículo";"Com Vítimas Feridas";"Pleno dia";"Crescente";"Céu Claro";"Dupla";"Em Obras;Curva";"Sim";2;0;1;0;1;0;1;2;-25,4083;-49,219658;"SPRF-PR";"DEL01-PR";"UOP07-DEL01-PR"
250705;2019-11-20;"quarta-feira";"08:10:00";"GO";153;241;"SAO LUIZ DO NORTE";"Falta de Atenção à Condução";"Colisão transversal";"Sem Vítimas";"Pleno dia";"Crescente";"Nublado";"Simples";"Reta";"Não";4;0;0;0;2;2;0;2;-14,847207;-49,314575;"SPRF-GO";"DEL07-GO";"UOP01-DEL07-GO"
250708;2019-11-20;"quarta-feira";"07:00:00";"SP";116;504;"CAJATI";"Velocidade Incompatível";"Colisão com objeto estático";"Com Vítimas Feridas";"Pleno dia";"Decrescente";"Garoa/Chuvisco";"Simples";"Curva";"Não";2;0;1;0;1;0;1;1;-24,78266496;-48,20865858;"SPRF-SP";"DEL05-SP";"UAP01-DEL05-SP"
250709;2019-11-20;"quarta-feira";"09:00:00";"BA";116;421;"FEIRA DE SANTANA";"Falta de Atenção à Condução";"Queda de ocupante de veículo";"Com Vítimas Feridas";"Pleno dia";"Decrescente";"Sol";"Dupla";"Reta";"Sim";1;0;1;0;0;0;1;1;-12,211936;-38,96567;"SPRF-BA";"DEL02-BA";"UOP01-DEL02-BA"
250710;2019-11-20;"quarta-feira";"08:30:00";"SC";101;201;"SAO JOSE";"Desobediência às normas de trânsito pelo condutor";"Colisão traseira";"Com Vítimas Feridas";"Pleno dia";"Crescente";"Céu Claro";"Dupla";"Viaduto";"Sim";2;0;1;0;0;1;1;2;-27,54836599;-48,61977975;"SPRF-SC";"DEL01-SC";"UOP01-DEL01-SC"
250711;2019-11-19;"terça-feira";"14:00:00";"SC";282;1;"FLORIANOPOLIS";"Falta de Atenção à Condução";"Colisão traseira";"Com Vítimas Feridas";"Pleno dia";"Crescente";"Céu Claro";"Múltipla";"Reta";"Sim";2;0;1;0;1;0;1;2;-27,602955;-48,580509;"SPRF-SC";"DEL01-SC";"UOP01-DEL01-SC"
250712;2019-11-20;"quarta-feira";"02:00:00";"RS";290;291,8;"CACHOEIRA DO SUL";"Condutor Dormindo";"Saída de leito carroçável";"Com Vítimas Fatais";"Plena Noite";"Crescente";"Céu Claro";"Simples";"Curva";"Não";5;3;0;2;0;0;2;1;-30,2901997;-53,14498901;"SPRF-RS";"DEL02-RS";"UOP02-DEL02-RS"
250714;2019-11-20;"quarta-feira";"08:30:00";"RJ";101;256,1;"RIO BONITO";"Condutor Dormindo";"Saída de leito carroçável";"Com Vítimas Feridas";"Pleno dia";"Crescente";"Chuva";"Dupla";"Reta";"Sim";2;0;2;0;0;0;2;1;-22,69621133;-42,56854493;"SPRF-RJ";"DEL02-RJ";"UOP03-DEL02-RJ"
250721;2019-08-20;"terça-feira";"00:00:00";"MG";381;940;"EXTREMA";"Não guardar distância de segurança";"Colisão traseira";"Com Vítimas Feridas";"Plena Noite";"Crescente";"Ignorado";"Dupla";"Curva";"Sim";1;0;1;0;0;0;1;1;-22,82338363;-46,30821538;"SPRF-MG";"DEL16-MG";"UOP03-DEL16-MG"
250722;2019-11-20;"quarta-feira";"10:15:00";"MG";40;773;"JUIZ DE FORA";"Velocidade Incompatível";"Saída de leito carroçável";"Sem Vítimas";"Pleno dia";"Decrescente";"Chuva";"Dupla";"Reta";"Sim";1;0;0;0;1;0;0;1;-21,62581762;-43,45044987;"SPRF-MG";"DEL05-MG";"UOP01-DEL05-MG"
250725;2019-11-20;"quarta-feira";"09:25:00";"RN";101;96;"NATAL";"Falta de Atenção à Condução";"Colisão traseira";"Com Vítimas Feridas";"Pleno dia";"Decrescente";"Sol";"Múltipla";"Reta";"Não";4;0;1;0;3;0;1;3;-5,84949622;-35,20890752;"SPRF-RN";"DEL01-RN";"UOP01-DEL01-RN"
250726;2019-11-20;"quarta-feira";"08:35:00";"SC";101;133,8;"BALNEARIO CAMBORIU";"Falta de Atenção à Condução";"Colisão transversal";"Com Vítimas Feridas";"Pleno dia";"Crescente";"Céu Claro";"Simples";"Rotatória";"Não";2;0;0;1;1;0;1;2;-27,00218;-48,636433;"SPRF-SC";"DEL04-SC";"UOP03-DEL04-SC"
250727;2019-11-20;"quarta-feira";"11:00:00";"SP";116;567;"BARRA DO TURVO";"Velocidade Incompatível";"Tombamento";"Sem Vítimas";"Pleno dia";"Crescente";"Garoa/Chuvisco";"Dupla";"Curva";"Não";1;0;0;0;1;0;0;1;-25,0475499;-48,55355172;"SPRF-SP";"DEL05-SP";"UOP02-DEL05-SP"
250730;2019-11-20;"quarta-feira";"11:30:00";"SP";116;9;"QUELUZ";"Falta de Atenção à Condução";"Colisão com objeto estático";"Com Vítimas Feridas";"Pleno dia";"Crescente";"Céu Claro";"Dupla";"Reta";"Não";2;0;1;0;1;0;1;1;-22,540648;-44,779574;"SPRF-SP";"DEL08-SP";"UOP02-DEL08-SP"
250732;2019-11-20;"quarta-feira";"10:10:00";"RN";427;98,7;"CAICO";"Desobediência às normas de trânsito pelo condutor";"Colisão transversal";"Com Vítimas Feridas";"Pleno dia";"Crescente";"Céu Claro";"Simples";"Reta";"Sim";2;0;1;0;1;0;1;2;-6,46437457;-37,09221145;"SPRF-RN";"DEL03-RN";"UOP01-DEL03-RN"
250733;2019-11-20;"quarta-feira";"10:30:00";"RN";101;96,1;"NATAL";"Falta de Atenção à Condução";"Colisão traseira";"Sem Vítimas";"Pleno dia";"Decrescente";"Céu Claro";"Dupla";"Reta";"Sim";3;0;0;0;3;0;0;3;-5,84949622;-35,20890752;"SPRF-RN";"DEL01-RN";"UOP01-DEL01-RN"
250735;2019-11-20;"quarta-feira";"11:50:00";"MG";40;465,3;"SETE LAGOAS";"Pista Escorregadia";"Saída de leito carroçável";"Com Vítimas Feridas";"Pleno dia";"Decrescente";"Chuva";"Dupla";"Aclive;Reta";"Não";3;0;3;0;0;0;3;1;-19,43835777;-44,33103681;"SPRF-MG";"DEL02-MG";"UOP01-DEL02-MG"
250736;2019-11-20;"quarta-feira";"12:05:00";"DF";251;38;"BRASILIA";"Falta de Atenção à Condução";"Colisão transversal";"Sem Vítimas";"Pleno dia";"Crescente";"Nublado";"Simples";"Curva;Aclive";"Não";2;0;0;0;2;0;0;2;-15,94582;-47,792267;"SPRF-DF";"DEL01-DF";"UOP01-DEL01-DF"
250737;2019-11-20;"quarta-feira";"11:10:00";"SC";282;255,5;"SAO JOSE DO CERRITO";"Falta de Atenção à Condução";"Colisão traseira";"Com Vítimas Feridas";"Pleno dia";"Decrescente";"Sol";"Simples";"Curva";"Sim";2;0;2;0;0;0;2;2;-27,67450385;-50,57728551;"SPRF-SC";"DEL05-SC";"UOP02-DEL05-SC"
250740;2019-11-20;"quarta-feira";"11:00:00";"PR";277;63;"SAO JOSE DOS PINHAIS";"Velocidade Incompatível";"Colisão com objeto estático";"Sem Vítimas";"Pleno dia";"Decrescente";"Céu Claro";"Dupla";"Interseção de Vias";"Sim";3;0;0;0;1;2;0;2;-25,56100984;-49,01719293;"SPRF-PR";"DEL01-PR";"UOP07-DEL01-PR"
250742;2019-11-20;"quarta-feira";"12:30:00";"MG";381;455;"BELO HORIZONTE";"Falta de Atenção à Condução";"Colisão transversal";"Com Vítimas Feridas";"Pleno dia";"Crescente";"Nublado";"Simples";"Reta";"Sim";2;0;0;1;1;0;1;2;-19,85777408;-43,90468298;"SPRF-MG";"DEL01-MG";"UOP01-DEL01-MG"
250743;2019-11-20;"quarta-feira";"11:50:00";"RR";401;5;"CANTA";"Falta de Atenção à Condução";"Colisão traseira";"Com Vítimas Feridas";"Pleno dia";"Crescente";"Céu Claro";"Dupla";"Reta";"Não";4;0;1;0;2;1;1;3;2,78623553;-60,65053801;"SPRF-RR";"DEL01-RR";"UOP01-DEL01-RR"
250744;2019-11-20;"quarta-feira";"13:00:00";"SP";153;194,9;"GETULINA";"Avarias e/ou desgaste excessivo no pneu";"Tombamento";"Com Vítimas Feridas";"Pleno dia";"Decrescente";"Céu Claro";"Simples";"Reta;Declive;Rotatória";"Não";2;0;2;0;0;0;2;1;-21,76958078;-49,88593322;"SPRF-SP";"DEL07-SP";"UOP01-DEL07-SP"
250745;2019-11-20;"quarta-feira";"13:20:00";"PR";277;584;"CASCAVEL";"Não guardar distância de segurança";"Colisão traseira";"Sem Vítimas";"Pleno dia";"Decrescente";"Céu Claro";"Simples";"Reta";"Não";2;0;0;0;2;0;0;2;-24,96684176;-53,40258186;"SPRF-PR";"DEL04-PR";"UOP01-DEL04-PR"
250746;2019-11-20;"quarta-feira";"13:50:00";"PR";376;180,6;"MARINGA";"Não guardar distância de segurança";"Colisão traseira";"Com Vítimas Feridas";"Pleno dia";"Decrescente";"Céu Claro";"Dupla";"Declive";"Sim";2;0;1;0;1;0;1;2;-23,42725352;-51,89512271;"SPRF-PR";"DEL07-PR";"UOP01-DEL09-PR"
250748;2019-11-20;"quarta-feira";"09:00:00";"MA";402;11;"ROSARIO";"Desobediência às normas de trânsito pelo condutor";"Colisão frontal";"Com Vítimas Fatais";"Pleno dia";"Crescente";"Céu Claro";"Simples";"Reta";"Não";3;1;1;0;0;1;1;2;-2,943427;-44,23711;"SPRF-MA";"DEL01-MA";"UOP01-DEL01-MA"
250750;2019-11-20;"quarta-feira";"13:45:00";"BA";116;424;"FEIRA DE SANTANA";"Falta de Atenção à Condução";"Colisão transversal";"Com Vítimas Feridas";"Pleno dia";"Crescente";"Sol";"Simples";"Reta";"Sim";2;0;0;1;1;0;1;2;-12,25301606;-38,9177987;"SPRF-BA";"DEL02-BA";"UOP01-DEL02-BA"
250751;2019-11-20;"quarta-feira";"14:15:00";"GO";70;1,3;"AGUAS LINDAS DE GOIAS";"Falta de Atenção à Condução";"Colisão traseira";"Com Vítimas Feridas";"Pleno dia";"Crescente";"Céu Claro";"Dupla";"Reta";"Não";2;0;1;0;1;0;1;2;-15,77579351;-48,23259001;"SPRF-DF";"DEL01-DF";"UOP02-DEL03-DF"
250752;2019-11-20;"quarta-feira";"13:00:00";"RN";304;76,8;"MOSSORO";"Falta de Atenção à Condução";"Capotamento";"Com Vítimas Feridas";"Pleno dia";"Crescente";"Sol";"Simples";"Reta";"Não";1;0;1;0;0;0;1;1;-5,44441141;-37,19221552;"SPRF-RN";"DEL04-RN";"UOP01-DEL04-RN"
250753;2019-11-20;"quarta-feira";"14:00:00";"SP";116;113,5;"TAUBATE";"Falta de Atenção à Condução";"Colisão com objeto estático";"Com Vítimas Feridas";"Pleno dia";"Crescente";"Céu Claro";"Dupla";"Reta";"Não";3;0;1;0;2;0;1;2;-23,0440828;-45,58041405;"SPRF-SP";"DEL06-SP";"UOP02-DEL02-SP"
250754;2019-11-20;"quarta-feira";"14:35:00";"PE";104;92,9;"AGRESTINA";"Desobediência às normas de trânsito pelo condutor";"Saída de leito carroçável";"Com Vítimas Feridas";"Pleno dia";"Crescente";"Sol";"Simples";"Reta";"Não";4;0;2;0;2;0;2;2;-8,496525;-35,948009;"SPRF-PE";"DEL02-PE";"UOP01-DEL02-PE"
250755;2019-11-20;"quarta-feira";"11:50:00";"SC";101;371;"ICARA";"Condutor Dormindo";"Capotamento";"Com Vítimas Feridas";"Pleno dia";"Crescente";"Sol";"Dupla";"Reta";"Não";2;0;1;0;0;1;1;2;-28,70403682;-49,2008731;"SPRF-SC";"DEL02-SC";"UOP01-DEL02-SC"
250756;2019-10-27;"domingo";"20:30:00";"BA";324;440;"RIACHAO DO JACUIPE";"Falta de Atenção à Condução";"Colisão traseira";"Com Vítimas Feridas";"Plena Noite";"Decrescente";"Céu Claro";"Simples";"Reta";"Não";3;0;1;0;2;0;1;2;-11,81728368;-39,37651582;"SPRF-BA";"DEL02-BA";"UOP01-DEL02-BA"
250757;2019-11-20;"quarta-feira";"14:35:00";"SC";101;205,3;"SAO JOSE";"Não guardar distância de segurança";"Colisão traseira";"Com Vítimas Feridas";"Pleno dia";"Crescente";"Céu Claro";"Dupla";"Reta";"Sim";2;0;1;0;1;0;1;2;-27,58313237;-48,61532885;"SPRF-SC";"DEL01-SC";"UOP01-DEL01-SC"
250759;2019-11-20;"quarta-feira";"14:00:00";"PR";116;100;"SAO JOSE DOS PINHAIS";"Falta de Atenção à Condução";"Queda de ocupante de veículo";"Com Vítimas Feridas";"Pleno dia";"Decrescente";"Céu Claro";"Dupla";"Reta";"Não";1;0;1;0;0;0;1;1;-25,53379421;-49,14663578;"SPRF-PR";"DEL01-PR";"UOP01-DEL01-PR"
250763;2019-11-20;"quarta-feira";"16:00:00";"MG";40;270;"SAO GONCALO DO ABAETE";"Mal Súbito";"Saída de leito carroçável";"Com Vítimas Fatais";"Pleno dia";"Crescente";"Céu Claro";"Simples";"Reta";"Não";1;1;0;0;0;0;0;1;-18,17756133;-45,27818317;"SPRF-MG";"DEL14-MG";"UOP02-DEL14-MG"
250764;2019-11-20;"quarta-feira";"15:55:00";"GO";60;221,6;"CEZARINA";"Desobediência às normas de trânsito pelo condutor";"Colisão traseira";"Sem Vítimas";"Pleno dia";"Crescente";"Chuva";"Dupla";"Aclive";"Não";2;0;0;0;2;0;0;2;-16,9867;-49,7549;"SPRF-GO";"DEL01-GO";"UOP02-DEL01-GO"
250765;2019-11-20;"quarta-feira";"14:30:00";"PA";163;389,7;"ITAITUBA";"Falta de Atenção à Condução";"Saída de leito carroçável";"Com Vítimas Feridas";"Pleno dia";"Decrescente";"Chuva";"Simples";"Curva";"Não";6;0;0;1;4;1;1;2;-6,383812;-55,56663;"SPRF-PA";"DEL05-PA";"UOP01-DEL05-PA"
250768;2019-11-20;"quarta-feira";"15:40:00";"BA";242;414;"SEABRA";"Desobediência às normas de trânsito pelo condutor";"Colisão traseira";"Com Vítimas Feridas";"Pleno dia";"Crescente";"Céu Claro";"Simples";"Reta";"Sim";2;0;0;1;1;0;1;2;-12,43624127;-41,75628662;"SPRF-BA";"DEL06-BA";"UOP01-DEL06-BA"
250769;2019-11-20;"quarta-feira";"16:40:00";"SP";381;33;"ATIBAIA";"Velocidade Incompatível";"Saída de leito carroçável";"Com Vítimas Feridas";"Pleno dia";"Crescente";"Céu Claro";"Dupla";"Curva";"Não";1;0;1;0;0;0;1;1;-23,0728028;-46,56673562;"SPRF-SP";"DEL03-SP";"UOP02-DEL03-SP"
250772;2019-11-20;"quarta-feira";"17:20:00";"RS";116;245;"SAO LEOPOLDO";"Ultrapassagem Indevida";"Queda de ocupante de veículo";"Com Vítimas Feridas";"Pleno dia";"Decrescente";"Céu Claro";"Dupla";"Reta";"Sim";2;0;1;0;1;0;1;1;-29,74980902;-51,15125361;"SPRF-RS";"DEL01-RS";"UOP02-DEL01-RS"
250773;2019-11-20;"quarta-feira";"16:35:00";"RS";386;346,8;"LAJEADO";"Falta de Atenção à Condução";"Colisão traseira";"Com Vítimas Feridas";"Pleno dia";"Decrescente";"Céu Claro";"Dupla";"Reta";"Sim";3;0;1;0;2;0;1;2;-29,446793;-51,974564;"SPRF-RS";"DEL04-RS";"UOP01-DEL04-RS"
250774;2019-11-20;"quarta-feira";"16:00:00";"SC";116;240,5;"LAGES";"Condutor Dormindo";"Saída de leito carroçável";"Com Vítimas Feridas";"Pleno dia";"Decrescente";"Sol";"Simples";"Reta";"Não";2;0;2;0;0;0;2;1;-27,75844898;-50,33475912;"SPRF-SC";"DEL05-SC";"UOP01-DEL05-SC"
250775;2019-11-04;"segunda-feira";"18:30:00";"RN";101;97;"NATAL";"Não guardar distância de segurança";"Engavetamento";"Com Vítimas Feridas";"Plena Noite";"Crescente";"Céu Claro";"Dupla";"Reta";"Sim";3;0;1;0;1;1;1;3;-5,85371613;-35,21111911;"SPRF-RN";"DEL01-RN";"UOP01-DEL01-RN"
250776;2019-11-20;"quarta-feira";"17:20:00";"MT";70;0;"PONTAL DO ARAGUAIA";"Não guardar distância de segurança";"Tombamento";"Com Vítimas Feridas";"Pleno dia";"Crescente";"Garoa/Chuvisco";"Simples";"Reta";"Não";2;0;1;0;1;0;1;1;-15,895538;-52,25599;"SPRF-MT";"DEL07-MT";"UOP01-DEL07-MT"
250779;2019-11-20;"quarta-feira";"18:00:00";"RN";304;296;"MACAIBA";"Desobediência às normas de trânsito pelo condutor";"Colisão lateral";"Com Vítimas Feridas";"Plena Noite";"Crescente";"Céu Claro";"Simples";"Reta";"Não";2;0;1;0;1;0;1;2;-5,86484905;-35,34931012;"SPRF-RN";"DEL01-RN";"UOP02-DEL01-RN"
250781;2019-11-20;"quarta-feira";"16:00:00";"RJ";493;105;"SEROPEDICA";"Defeito Mecânico no Veículo";"Saída de leito carroçável";"Com Vítimas Feridas";"Pleno dia";"Crescente";"Céu Claro";"Dupla";"Reta";"Não";2;0;1;0;1;0;1;1;-22,72852511;-43,71460296;"SPRF-RJ";"DEL03-RJ";"UOP01-DEL03-RJ"
250782;2019-11-20;"quarta-feira";"18:10:00";"SC";470;57;"BLUMENAU";"Desobediência às normas de trânsito pelo condutor";"Colisão transversal";"Com Vítimas Feridas";"Anoitecer";"Crescente";"Nublado";"Simples";"Curva";"Não";2;0;1;0;1;0;1;2;-26,880428;-49,136532;"SPRF-SC";"DEL04-SC";"UOP01-DEL04-SC"
250783;2019-11-20;"quarta-feira";"17:20:00";"MG";40;516;"RIBEIRAO DAS NEVES";"Desobediência às normas de trânsito pelo pedestre";"Atropelamento de Pedestre";"Com Vítimas Feridas";"Pleno dia";"Decrescente";"Nublado";"Dupla";"Reta";"Sim";2;0;1;0;1;0;1;2;-19,81628624;-44,08960124;"SPRF-MG";"DEL01-MG";"UOP02-DEL01-MG"
250784;2019-11-20;"quarta-feira";"17:45:00";"MG";365;618;"UBERLANDIA";"Falta de Atenção à Condução";"Colisão traseira";"Com Vítimas Feridas";"Pleno dia";"Decrescente";"Céu Claro";"Dupla";"Reta";"Sim";2;0;0;1;1;0;1;2;-18,89096479;-48,27070632;"SPRF-MG";"DEL15-MG";"UOP01-DEL15-MG"
250786;2019-11-20;"quarta-feira";"18:20:00";"SC";282;17;"PALHOCA";"Desobediência às normas de trânsito pelo condutor";"Colisão transversal";"Com Vítimas Feridas";"Pleno dia";"Decrescente";"Céu Claro";"Simples";"Reta";"Sim";2;0;0;1;1;0;1;2;-27,665707;-48,688065;"SPRF-SC";"DEL01-SC";"UOP02-DEL01-SC"
250790;2019-11-20;"quarta-feira";"13:45:00";"TO";153;344,9;"GUARAI";"Pista Escorregadia";"Saída de leito carroçável";"Com Vítimas Feridas";"Pleno dia";"Crescente";"Chuva";"Simples";"Reta";"Não";3;0;3;0;0;0;3;1;-8,93560941;-48,50669861;"SPRF-TO";"DEL02-TO";"UOP02-DEL02-TO"
250791;2019-11-20;"quarta-feira";"19:00:00";"SC";101;206;"SAO JOSE";"Desobediência às normas de trânsito pelo condutor";"Colisão traseira";"Com Vítimas Feridas";"Plena Noite";"Crescente";"Céu Claro";"Dupla";"Reta";"Sim";2;0;0;1;1;0;1;2;-27,59193546;-48,61824557;"SPRF-SC";"DEL01-SC";"UOP01-DEL01-SC"
250793;2019-11-20;"quarta-feira";"17:30:00";"SC";101;145;"ITAPEMA";"Falta de Atenção à Condução";"Colisão traseira";"Com Vítimas Feridas";"Anoitecer";"Crescente";"Nublado";"Dupla";"Reta";"Sim";2;0;1;0;1;0;1;2;-27,0659131;-48,5958477;"SPRF-SC";"DEL04-SC";"UOP03-DEL04-SC"
250794;2019-11-20;"quarta-feira";"17:00:00";"MA";222;207,4;"ITAPECURU MIRIM";"Falta de Atenção à Condução";"Colisão frontal";"Com Vítimas Fatais";"Anoitecer";"Decrescente";"Chuva";"Simples";"Reta";"Sim";2;1;0;0;0;1;0;2;-3,39827306;-44,35676617;"SPRF-MA";"DEL01-MA";"UOP02-DEL01-MA"
250796;2019-11-20;"quarta-feira";"17:30:00";"SC";470;108;"APIUNA";"Ingestão de Álcool";"Colisão traseira";"Com Vítimas Feridas";"Pleno dia";"Crescente";"Sol";"Simples";"Reta";"Sim";2;0;1;0;1;0;1;2;-27,08098419;-49,44105148;"SPRF-SC";"DEL04-SC";"UOP02-DEL04-SC"
250797;2019-11-20;"quarta-feira";"19:00:00";"PI";316;11,9;"TERESINA";"Animais na Pista";"Atropelamento de Animal";"Com Vítimas Feridas";"Plena Noite";"Decrescente";"Nublado";"Múltipla";"Reta";"Não";1;0;1;0;0;0;1;1;-5,191739;-42,76076102;"SPRF-PI";"DEL01-PI";"UOP02-DEL01-PI"
250799;2019-11-20;"quarta-feira";"19:45:00";"RS";116;145,7;"CAXIAS DO SUL";"Animais na Pista";"Atropelamento de Animal";"Com Vítimas Feridas";"Plena Noite";"Crescente";"Céu Claro";"Dupla";"Reta";"Sim";3;0;1;0;2;0;1;2;-29,1350217;-51,1302779;"SPRF-RS";"DEL05-RS";"UOP01-DEL05-RS"
250800;2019-11-20;"quarta-feira";"18:45:00";"PI";316;6;"TERESINA";"Não guardar distância de segurança";"Colisão traseira";"Com Vítimas Feridas";"Plena Noite";"Decrescente";"Céu Claro";"Simples";"Reta";"Sim";2;0;1;0;1;0;1;2;-5,14702095;-42,77438982;"SPRF-PI";"DEL01-PI";"UOP02-DEL01-PI"
250802;2019-11-20;"quarta-feira";"18:50:00";"MG";50;166,7;"UBERABA";"Animais na Pista";"Atropelamento de Animal";"Com Vítimas Feridas";"Anoitecer";"Decrescente";"Céu Claro";"Dupla";"Reta";"Sim";1;0;1;0;0;0;1;1;-19,70635447;-47,98446178;"SPRF-MG";"DEL13-MG";"UOP01-DEL13-MG"
250803;2019-11-20;"quarta-feira";"20:00:00";"RS";101;19,2;"TRES CACHOEIRAS";"Falta de Atenção à Condução";"Tombamento";"Com Vítimas Feridas";"Plena Noite";"Decrescente";"Céu Claro";"Simples";"Curva";"Sim";1;0;0;1;0;0;1;1;-29,427122;-49,88327699;"SPRF-RS";"DEL03-RS";"UOP02-DEL03-RS"
250804;2019-11-20;"quarta-feira";"19:10:00";"MS";163;258,2;"DOURADOS";"Falta de Atenção do Pedestre";"Atropelamento de Pedestre";"Com Vítimas Feridas";"Plena Noite";"Decrescente";"Céu Claro";"Dupla";"Rotatória";"Sim";3;0;0;2;1;0;2;2;-22,25801587;-54,78233814;"SPRF-MS";"DEL04-MS";"UOP01-DEL04-MS"
250808;2019-11-20;"quarta-feira";"18:20:00";"RO";364;710;"PORTO VELHO";"Falta de Atenção à Condução";"Colisão transversal";"Com Vítimas Feridas";"Plena Noite";"Decrescente";"Nublado";"Múltipla";"Interseção de Vias";"Sim";3;0;0;1;2;0;1;2;-8,78621576;-63,85712687;"SPRF-RO";"DEL01-RO";"UOP01-DEL01-RO"
250809;2019-11-20;"quarta-feira";"19:30:00";"SP";153;334,7;"SALTO GRANDE";"Defeito Mecânico no Veículo";"Incêndio";"Sem Vítimas";"Plena Noite";"Crescente";"Céu Claro";"Simples";"Declive";"Não";1;0;0;0;1;0;0;1;-22,90622221;-49,88960266;"SPRF-SP";"DEL07-SP";"UOP03-DEL07-SP"
250810;2019-11-20;"quarta-feira";"19:55:00";"GO";60;96,6;"ANAPOLIS";"Mal Súbito";"Colisão lateral";"Com Vítimas Feridas";"Plena Noite";"Crescente";"Ignorado";"Simples";"Reta";"Sim";6;0;1;0;5;0;1;2;-16,371;-48,9422;"SPRF-GO";"DEL02-GO";"UOP01-DEL02-GO"
250811;2019-11-20;"quarta-feira";"18:50:00";"MG";381;491;"BETIM";"Desobediência às normas de trânsito pelo pedestre";"Atropelamento de Pedestre";"Com Vítimas Feridas";"Plena Noite";"Decrescente";"Nublado";"Múltipla";"Reta";"Sim";3;0;3;0;0;0;3;2;-19,97018187;-44,18210416;"SPRF-MG";"DEL01-MG";"UOP03-DEL01-MG"
250812;2019-11-20;"quarta-feira";"18:20:00";"SC";153;67,3;"IRANI";"Ingestão de Álcool";"Tombamento";"Sem Vítimas";"Anoitecer";"Crescente";"Céu Claro";"Simples";"Curva";"Não";1;0;0;0;1;0;0;1;-27,026777;-51,884796;"SPRF-SC";"DEL07-SC";"UOP04-DEL07-SC"
250813;2019-11-20;"quarta-feira";"19:35:00";"RJ";116;174,5;"NOVA IGUACU";"Falta de Atenção à Condução";"Colisão com objeto estático";"Com Vítimas Feridas";"Plena Noite";"Decrescente";"Nublado";"Múltipla";"Declive;Viaduto";"Sim";1;0;1;0;0;0;1;1;-22,76646477;-43,41358958;"SPRF-RJ";"DEL01-RJ";"UOP02-DEL01-RJ"
250815;2019-11-20;"quarta-feira";"20:15:00";"PR";476;142;"CURITIBA";"Falta de Atenção à Condução";"Atropelamento de Pedestre";"Com Vítimas Feridas";"Plena Noite";"Crescente";"Céu Claro";"Dupla";"Interseção de Vias";"Sim";2;0;1;0;0;1;1;2;-25,537161;-49,301632;"SPRF-PR";"DEL01-PR";"UOP03-DEL01-PR"
250817;2019-11-20;"quarta-feira";"19:30:00";"RO";429;165;"SAO MIGUEL DO GUAPORE";"Desobediência às normas de trânsito pelo condutor";"Colisão traseira";"Com Vítimas Feridas";"Plena Noite";"Crescente";"Nublado";"Simples";"Reta";"Não";2;0;0;1;1;0;1;2;-11,704198;-62,76109301;"SPRF-RO";"DEL02-RO";"UOP03-DEL02-RO"