"id";"data_inversa";"dia_semana";"horario";"uf";"br";"km";"municipio";"causa_acidente";"tipo_acidente";"classificacao_acidente";"fase_dia";"sentido_via";"condicao_metereologica";"tipo_pista";"tracado_via";"uso_solo";"pessoas";"mortos";"feridos_leves";"feridos_graves";"ilesos";"ignorados";"feridos";"veiculos";"latitude";"longitude";"regional";"delegacia";"uop"
251087;2019-11-22;"sexta-feira";"07:15:00";"RJ";40;120;"DUQUE DE CAXIAS";"Falta de Atenção à Condução";"Colisão lateral";"Com Vítimas Feridas";"Pleno dia";"Crescente";"Céu Claro";"Múltipla";"Reta";"Sim";2;0;1;0;1;0;1;2;-22,78152321;-43,28591824;"SPRF-RJ";"DEL01-RJ";"UOP01-DEL01-RJ"
251088;2019-11-22;"sexta-feira";"07:00:00";"SP";116;274;"TABOAO DA SERRA";"Falta de Atenção à Condução";"Colisão lateral";"Com Vítimas Feridas";"Pleno dia";"Decrescente";"Céu Claro";"Dupla";"Reta";"Sim";2;0;0;1;0;1;1;2;-23,63445084;-46,82418514;"SPRF-SP";"DEL04-SP";"UOP01-DEL04-SP"
251089;2019-11-22;"sexta-feira";"06:50:00";"SC";101;327,2;"CAPIVARI DE BAIXO";"Não guardar distância de segurança";"Colisão traseira";"Com Vítimas Feridas";"Amanhecer";"Crescente";"Céu Claro";"Múltipla";"Aclive;Reta";"Sim";3;0;1;0;2;0;1;2;-28,43648094;-48,95989307;"SPRF-SC";"DEL02-SC";"UOP01-DEL02-SC"
251090;2019-11-22;"sexta-feira";"05:30:00";"MT";70;520;"VARZEA GRANDE";"Ingestão de Álcool";"Colisão com objeto estático";"Sem Vítimas";"Pleno dia";"Decrescente";"Céu Claro";"Simples";"Reta";"Sim";2;0;0;0;2;0;0;1;-15,6398987;-56,16966248;"SPRF-MT";"DEL01-MT";"DEL2/4-UOP02/MT"
251091;2019-11-22;"sexta-feira";"07:35:00";"PR";277;592;"CASCAVEL";"Falta de Atenção à Condução";"Colisão transversal";"Com Vítimas Feridas";"Pleno dia";"Decrescente";"Céu Claro";"Simples";"Interseção de Vias";"Sim";3;0;2;0;0;1;2;2;-24,98285697;-53,47319399;"SPRF-PR";"DEL04-PR";"UOP01-DEL04-PR"
251092;2019-11-22;"sexta-feira";"07:30:00";"RS";116;257;"ESTEIO";"Falta de Atenção à Condução";"Colisão traseira";"Com Vítimas Feridas";"Pleno dia";"Crescente";"Céu Claro";"Dupla";"Reta";"Sim";2;0;1;0;1;0;1;2;-29,85262195;-51,17968329;"SPRF-RS";"DEL01-RS";"UOP02-DEL01-RS"
251093;2019-11-22;"sexta-feira";"08:00:00";"GO";40;0,5;"VALPARAISO DE GOIAS";"Falta de Atenção à Condução";"Colisão lateral";"Com Vítimas Feridas";"Pleno dia";"Crescente";"Garoa/Chuvisco";"Dupla";"Reta";"Não";2;0;0;1;1;0;1;2;-16,058273;-47,982655;"SPRF-DF";"DEL01-DF";"UOP01-DEL01-DF"
251095;2019-11-22;"sexta-feira";"05:40:00";"RJ";116;169,4;"RIO DE JANEIRO";"Falta de Atenção do Pedestre";"Queda de ocupante de veículo";"Com Vítimas Feridas";"Amanhecer";"Decrescente";"Céu Claro";"Múltipla";"Reta";"Sim";2;0;1;0;1;0;1;2;-22,816206;-43,324463;"SPRF-RJ";"DEL01-RJ";"UOP02-DEL01-RJ"
251096;2019-11-22;"sexta-feira";"06:00:00";"RR";174;485,5;"BOA VISTA";"Fenômenos da Natureza";"Colisão com objeto estático";"Com Vítimas Feridas";"Amanhecer";"Crescente";"Chuva";"Simples";"Reta";"Não";1;0;1;0;0;0;1;1;2,72119325;-60,82297325;"SPRF-RR";"DEL01-RR";"UOP01-DEL01-RR"
251098;2019-11-22;"sexta-feira";"09:00:00";"DF";70;9,1;"BRASILIA";"Falta de Atenção à Condução";"Colisão traseira";"Com Vítimas Feridas";"Pleno dia";"Decrescente";"Garoa/Chuvisco";"Dupla";"Reta";"Sim";3;0;2;0;1;0;2;2;-15,78493381;-48,13218713;"SPRF-DF";"DEL01-DF";"UOP02-DEL03-DF"
251101;2019-11-22;"sexta-feira";"09:00:00";"RS";116;511,8;"PELOTAS";"Falta de Atenção à Condução";"Colisão traseira";"Com Vítimas Feridas";"Pleno dia";"Decrescente";"Nublado";"Dupla";"Reta";"Não";2;0;1;0;1;0;1;2;-31,62896074;-52,32311021;"SPRF-RS";"DEL07-RS";"UOP01-DEL07-RS"
251102;2019-11-21;"quinta-feira";"18:14:00";"MA";230;405;"BALSAS";"Falta de Atenção à Condução";"Colisão transversal";"Com Vítimas Feridas";"Anoitecer";"Crescente";"Garoa/Chuvisco";"Múltipla";"Reta";"Sim";2;0;1;0;0;1;1;2;-7,52133442;-46,04968976;"SPRF-MA";"DEL05-MA";"UOP01-DEL05-MA"
251103;2019-11-22;"sexta-feira";"09:20:00";"SC";101;212;"PALHOCA";"Falta de Atenção à Condução";"Colisão lateral";"Com Vítimas Feridas";"Pleno dia";"Decrescente";"Sol";"Dupla";"Reta";"Não";2;0;0;1;1;0;1;2;-27,62996929;-48,65903871;"SPRF-SC";"DEL01-SC";"UOP02-DEL01-SC"
251104;2019-11-22;"sexta-feira";"08:50:00";"ES";101;294;"CARIACICA";"Falta de Atenção à Condução";"Colisão traseira";"Sem Vítimas";"Pleno dia";"Crescente";"Chuva";"Dupla";"Aclive;Reta";"Sim";2;0;0;0;2;0;0;2;-20,32415948;-40,3952903;"SPRF-ES";"DEL01-ES";"UOP01-DEL01-ES"
251105;2019-11-15;"sexta-feira";"05:00:00";"MT";163;113,9;"RONDONOPOLIS";"Ingestão de Álcool";"Colisão com objeto estático";"Sem Vítimas";"Amanhecer";"Decrescente";"Nublado";"Dupla";"Reta";"Não";2;0;0;0;1;1;0;2;-16,55390587;-54,67507124;"SPRF-MT";"DEL02-MT";"UOP01-DEL02-MT"
251106;2019-11-22;"sexta-feira";"08:45:00";"PI";343;589;"FLORIANO";"Desobediência às normas de trânsito pelo condutor";"Colisão traseira";"Com Vítimas Feridas";"Pleno dia";"Crescente";"Céu Claro";"Simples";"Reta";"Sim";3;0;1;0;2;0;1;2;-6,776695;-43,009346;"SPRF-PI";"DEL03-PI";"UOP01-DEL03-PI"
251107;2019-11-22;"sexta-feira";"09:55:00";"SC";101;215,5;"PALHOCA";"Falta de Atenção à Condução";"Colisão traseira";"Sem Vítimas";"Pleno dia";"Decrescente";"Céu Claro";"Múltipla";"Viaduto";"Sim";2;0;0;0;2;0;0;2;-27,65184843;-48,67604941;"SPRF-SC";"DEL01-SC";"UOP02-DEL01-SC"
251108;2019-09-08;"domingo";"11:20:00";"ES";262;67;"MARECHAL FLORIANO";"Velocidade Incompatível";"Colisão com objeto estático";"Com Vítimas Feridas";"Pleno dia";"Decrescente";"Céu Claro";"Simples";"Curva";"Não";1;0;0;1;0;0;1;1;-20,41526908;-40,84549427;"SPRF-ES";"DEL01-ES";"UOP02-DEL01-ES"
251111;2019-11-22;"sexta-feira";"11:15:00";"SC";101;205;"SAO JOSE";"Desobediência às normas de trânsito pelo condutor";"Atropelamento de Pedestre";"Com Vítimas Feridas";"Pleno dia";"Crescente";"Sol";"Múltipla";"Interseção de Vias";"Sim";2;0;0;1;1;0;1;2;-27,58313237;-48,61532885;"SPRF-SC";"DEL01-SC";"UOP01-DEL01-SC"
251115;2019-09-14;"sábado";"19:27:00";"ES";101;1,3;"CARIACICA";"Falta de Atenção à Condução";"Tombamento";"Com Vítimas Feridas";"Plena Noite";"Crescente";"Nublado";"Dupla";"Reta";"Sim";1;0;0;1;0;0;1;1;-20,33180598;-40,35512393;"SPRF-ES";"DEL04-ES";"UOP02-DEL04-ES"
251116;2019-11-22;"sexta-feira";"10:30:00";"RS";386;112;"CONSTANTINA";"Falta de Atenção do Pedestre";"Atropelamento de Pedestre";"Com Vítimas Feridas";"Pleno dia";"Decrescente";"Céu Claro";"Simples";"Reta";"Não";2;0;0;1;1;0;1;2;-27,819872;-53,038242;"SPRF-RS";"DEL08-RS";"UOP01-DEL08-RS"
251117;2019-11-22;"sexta-feira";"11:00:00";"GO";364;386;"SANTA RITA DO ARAGUAIA";"Desobediência às normas de trânsito pelo condutor";"Colisão transversal";"Com Vítimas Feridas";"Pleno dia";"Crescente";"Céu Claro";"Dupla";"Interseção de Vias";"Sim";2;0;0;1;1;0;1;2;-17,32503033;-53,20721811;"SPRF-GO";"DEL05-GO";"UOP01-DEL05-GO"
251118;2019-08-27;"terça-feira";"17:30:00";"MG";365;552;"ESTRELA DO SUL";"Ultrapassagem Indevida";"Capotamento";"Com Vítimas Feridas";"Anoitecer";"Crescente";"Céu Claro";"Simples";"Reta";"Não";5;0;3;0;1;1;3;2;-18,93028161;-47,70423897;"SPRF-MG";"DEL15-MG";"UOP02-DEL15-MG"
251119;2019-11-22;"sexta-feira";"11:05:00";"SC";101;211;"SAO JOSE";"Falta de Atenção à Condução";"Colisão lateral";"Sem Vítimas";"Pleno dia";"Decrescente";"Céu Claro";"Dupla";"Reta";"Sim";3;0;0;0;3;0;0;3;-27,62329313;-48,65245588;"SPRF-SC";"DEL01-SC";"UOP02-DEL01-SC"
251121;2019-11-22;"sexta-feira";"11:45:00";"SC";101;215;"PALHOCA";"Falta de Atenção à Condução";"Colisão lateral";"Com Vítimas Feridas";"Pleno dia";"Decrescente";"Sol";"Dupla";"Reta";"Não";2;0;1;0;1;0;1;2;-27,65184843;-48,67604941;"SPRF-SC";"DEL01-SC";"UOP02-DEL01-SC"
251122;2019-11-22;"sexta-feira";"10:45:00";"PR";376;489;"PONTA GROSSA";"Falta de Atenção à Condução";"Colisão lateral";"Com Vítimas Feridas";"Pleno dia";"Decrescente";"Céu Claro";"Dupla";"Reta;Em Obras";"Sim";2;0;1;0;1;0;1;2;-25,14172584;-50,1586859;"SPRF-PR";"DEL03-PR";"UOP04-DEL03-PR"
251124;2019-11-22;"sexta-feira";"07:29:00";"PR";376;231;"APUCARANA";"Falta de Atenção à Condução";"Colisão traseira";"Com Vítimas Feridas";"Pleno dia";"Crescente";"Céu Claro";"Dupla";"Reta";"Não";3;0;1;0;2;0;1;2;-23,568266;-51,512928;"SPRF-PR";"DEL07-PR";"UOP03-DEL07-PR"
251125;2019-09-11;"quarta-feira";"04:56:00";"MG";50;68;"UBERLANDIA";"Falta de Atenção à Condução";"Queda de ocupante de veículo";"Com Vítimas Feridas";"Amanhecer";"Crescente";"Ignorado";"Dupla";"Reta";"Sim";2;0;2;0;0;0;2;1;-18,85140204;-48,25345932;"SPRF-MG";"DEL15-MG";"UOP01-DEL15-MG"
251126;2019-11-22;"sexta-feira";"11:05:00";"BA";116;822,2;"VITORIA DA CONQUISTA";"Falta de Atenção à Condução";"Colisão lateral";"Com Vítimas Feridas";"Pleno dia";"Crescente";"Céu Claro";"Dupla";"Reta";"Sim";3;0;2;0;1;0;2;2;-14,8079923;-40,78877284;"SPRF-BA";"DEL08-BA";"UOP01-DEL08-BA"
251127;2019-11-22;"sexta-feira";"11:50:00";"PE";101;75,2;"RECIFE";"Falta de Atenção do Pedestre";"Atropelamento de Pedestre";"Sem Vítimas";"Pleno dia";"Crescente";"Sol";"Dupla";"Reta";"Sim";4;0;0;0;1;3;0;2;-8,10973523;-34,94660151;"SPRF-PE";"DEL01-PE";"UOP01-DEL01-PE"
251128;2019-11-22;"sexta-feira";"06:30:00";"SC";101;248;"PAULO LOPES";"Falta de Atenção à Condução";"Colisão traseira";"Com Vítimas Feridas";"Pleno dia";"Crescente";"Céu Claro";"Dupla";"Reta";"Não";3;0;1;0;2;0;1;2;-27,92619305;-48,65828191;"SPRF-SC";"DEL02-SC";"UOP03-DEL02-SC"
251130;2019-11-22;"sexta-feira";"11:30:00";"GO";60;72,1;"ABADIANIA";"Avarias e/ou desgaste excessivo no pneu";"Tombamento";"Com Vítimas Feridas";"Pleno dia";"Crescente";"Nublado";"Dupla";"Reta";"Não";1;0;1;0;0;0;1;1;-16,2636;-48,764;"SPRF-GO";"DEL02-GO";"UOP01-DEL02-GO"
251132;2019-11-22;"sexta-feira";"12:30:00";"PE";232;124;"CARUARU";"Mal Súbito";"Colisão traseira";"Com Vítimas Feridas";"Pleno dia";"Crescente";"Sol";"Dupla";"Reta";"Não";3;0;1;1;1;0;2;2;-8,3061041;-35,93702498;"SPRF-PE";"DEL02-PE";"UOP03-DEL02-PE"
251134;2019-11-22;"sexta-feira";"12:00:00";"ES";101;65,4;"SAO MATEUS";"Não guardar distância de segurança";"Colisão lateral";"Com Vítimas Feridas";"Pleno dia";"Decrescente";"Nublado";"Dupla";"Reta";"Sim";2;0;0;1;0;1;1;2;-18,70935945;-39,87762087;"SPRF-ES";"DEL04-ES";"UOP02-DEL04-ES"
251136;2019-09-28;"sábado";"18:00:00";"SP";116;109,4;"TAUBATE";"Falta de Atenção à Condução";"Colisão com objeto estático";"Com Vítimas Feridas";"Plena Noite";"Decrescente";"Céu Claro";"Dupla";"Declive";"Sim";3;0;2;0;1;0;2;2;-23,02871304;-45,54517097;"SPRF-SP";"DEL06-SP";"UOP01-DEL06-SP"
251138;2019-11-22;"sexta-feira";"05:00:00";"MG";381;621,4;"OLIVEIRA";"Falta de Atenção à Condução";"Saída de leito carroçável";"Com Vítimas Feridas";"Plena Noite";"Decrescente";"Chuva";"Dupla";"Curva";"Não";1;0;0;1;0;0;1;1;-20,79358497;-44,78938914;"SPRF-MG";"DEL04-MG";"UOP01-DEL04-MG"
251139;2019-11-22;"sexta-feira";"12:10:00";"RJ";101;464;"ANGRA DOS REIS";"Falta de Atenção à Condução";"Saída de leito carroçável";"Com Vítimas Feridas";"Pleno dia";"Decrescente";"Céu Claro";"Simples";"Curva";"Não";2;0;1;0;1;0;1;1;-23,02483492;-44,21971309;"SPRF-RJ";"DEL03-RJ";"UOP03-DEL03-RJ"
251141;2019-11-22;"sexta-feira";"11:20:00";"AC";364;124;"RIO BRANCO";"Falta de Atenção à Condução";"Queda de ocupante de veículo";"Com Vítimas Feridas";"Pleno dia";"Decrescente";"Céu Claro";"Dupla";"Curva";"Sim";1;0;1;0;0;0;1;1;-10,01152469;-67,79140099;"SPRF-AC";"DEL01-AC";"UOP01-DEL01-AC"
251142;2019-11-22;"sexta-feira";"13:10:00";"SP";116;145;"SAO JOSE DOS CAMPOS";"Pista Escorregadia";"Queda de ocupante de veículo";"Com Vítimas Feridas";"Pleno dia";"Crescente";"Céu Claro";"Dupla";"Declive";"Sim";2;0;0;1;1;0;1;1;-23,1869844;-45,8548078;"SPRF-SP";"DEL02-SP";"UOP01-DEL02-SP"
251143;2019-11-22;"sexta-feira";"12:40:00";"PI";343;345,5;"TERESINA";"Desobediência às normas de trânsito pelo condutor";"Colisão transversal";"Com Vítimas Feridas";"Pleno dia";"Crescente";"Nublado";"Simples";"Interseção de Vias";"Sim";3;0;2;0;1;0;2;2;-5,102889;-42,766506;"SPRF-PI";"DEL01-PI";"UOP01-DEL01-PI"
251145;2019-11-22;"sexta-feira";"13:40:00";"SP";116;281;"EMBU DAS ARTES";"Desobediência às normas de trânsito pelo condutor";"Colisão traseira";"Com Vítimas Feridas";"Pleno dia";"Decrescente";"Céu Claro";"Dupla";"Reta";"Sim";2;0;1;0;1;0;1;2;-23,67784787;-46,85769227;"SPRF-SP";"DEL04-SP";"UOP01-DEL04-SP"
251146;2019-11-22;"sexta-feira";"12:45:00";"PR";369;186;"ARAPONGAS";"Falta de Atenção à Condução";"Tombamento";"Com Vítimas Feridas";"Pleno dia";"Decrescente";"Céu Claro";"Simples";"Reta";"Não";1;0;1;0;0;0;1;1;-23,41118809;-51,42781108;"SPRF-PR";"DEL07-PR";"UOP03-DEL07-PR"
251149;2019-11-22;"sexta-feira";"12:00:00";"MT";70;522;"VARZEA GRANDE";"Falta de Atenção à Condução";"Colisão transversal";"Sem Vítimas";"Pleno dia";"Decrescente";"Céu Claro";"Simples";"Reta";"Não";2;0;0;0;2;0;0;2;-15,66566879;-56,18398351;"SPRF-MT";"DEL01-MT";"DEL2/4-UOP02/MT"
251151;2019-11-22;"sexta-feira";"12:40:00";"PR";469;16,9;"FOZ DO IGUACU";"Falta de Atenção à Condução";"Colisão transversal";"Com Vítimas Feridas";"Pleno dia";"Crescente";"Sol";"Simples";"Retorno Regulamentado";"Sim";2;0;1;0;1;0;1;2;-25,5910072;-54,51656342;"SPRF-PR";"DEL05-PR";"UOP04-DEL05-PR"
251154;2019-11-22;"sexta-feira";"13:00:00";"GO";60;395,4;"RIO VERDE";"Falta de Atenção à Condução";"Saída de leito carroçável";"Com Vítimas Feridas";"Pleno dia";"Decrescente";"Céu Claro";"Dupla";"Reta";"Não";3;0;2;0;1;0;2;1;-17,8224;-51,0075;"SPRF-GO";"DEL04-GO";"UOP01-DEL04-GO"
251155;2019-11-22;"sexta-feira";"14:00:00";"SP";116;166;"JACAREI";"Falta de Atenção à Condução";"Queda de ocupante de veículo";"Com Vítimas Feridas";"Pleno dia";"Decrescente";"Céu Claro";"Dupla";"Reta";"Sim";2;0;1;0;1;0;1;1;-23,30055667;-46,01686506;"SPRF-SP";"DEL02-SP";"UOP01-DEL02-SP"
251157;2019-11-22;"sexta-feira";"13:30:00";"PR";163;33,9;"SANTO ANTONIO DO SUDOESTE";"Desobediência às normas de trânsito pelo condutor";"Queda de ocupante de veículo";"Com Vítimas Feridas";"Pleno dia";"Crescente";"Sol";"Simples";"Reta";"Sim";2;0;2;0;0;0;2;1;-26,07293564;-53,71975422;"SPRF-PR";"DEL02-PR";"UOP02-DEL02-PR"
251158;2019-11-22;"sexta-feira";"13:10:00";"MG";354;756,8;"ITAMONTE";"Defeito Mecânico no Veículo";"Colisão frontal";"Com Vítimas Feridas";"Pleno dia";"Decrescente";"Nublado";"Simples";"Curva";"Não";2;0;1;0;1;0;1;2;-22,31636395;-44,85331983;"SPRF-MG";"DEL05-MG";"UOP01-DEL17-MG"
251159;2019-11-22;"sexta-feira";"14:40:00";"SC";470;63,8;"INDAIAL";"Desobediência às normas de trânsito pelo condutor";"Colisão transversal";"Com Vítimas Feridas";"Pleno dia";"Decrescente";"Céu Claro";"Simples";"Reta";"Sim";3;0;1;1;0;1;2;3;-26,872396;-49,19228;"SPRF-SC";"DEL04-SC";"UOP01-DEL04-SC"
251160;2019-11-22;"sexta-feira";"13:30:00";"PE";232;122;"CARUARU";"Desobediência às normas de trânsito pelo condutor";"Colisão traseira";"Sem Vítimas";"Pleno dia";"Crescente";"Sol";"Dupla";"Reta";"Não";5;0;0;0;5;0;0;2;-8,30217741;-35,91946793;"SPRF-PE";"DEL02-PE";"UOP03-DEL02-PE"
251161;2019-11-22;"sexta-feira";"14:30:00";"MG";50;3;"ARAGUARI";"Falta de Atenção à Condução";"Saída de leito carroçável";"Com Vítimas Feridas";"Pleno dia";"Crescente";"Céu Claro";"Múltipla";"Curva";"Não";1;0;1;0;0;0;1;1;-18,44503579;-48,0519047;"SPRF-MG";"DEL15-MG";"UOP02-DEL15-MG"
251162;2019-11-22;"sexta-feira";"14:00:00";"RJ";393;104;"SAPUCAIA";"Falta de Atenção à Condução";"Colisão traseira";"Com Vítimas Feridas";"Pleno dia";"Decrescente";"Nublado";"Simples";"Reta";"Não";2;0;1;0;1;0;1;2;-21,874243;-42,66758;"SPRF-RJ";"DEL06-RJ";"UOP01-DEL05-RJ"
251163;2019-11-22;"sexta-feira";"14:20:00";"PE";101;50,9;"ABREU E LIMA";"Desobediência às normas de trânsito pelo condutor";"Colisão traseira";"Com Vítimas Feridas";"Pleno dia";"Crescente";"Céu Claro";"Dupla";"Reta";"Sim";4;0;1;0;3;0;1;3;-7,90938602;-34,90123228;"SPRF-PE";"DEL01-PE";"UOP02-DEL01-PE"
251166;2019-11-22;"sexta-feira";"11:35:00";"SC";280;5;"SAO FRANCISCO DO SUL";"Falta de Atenção à Condução";"Colisão transversal";"Com Vítimas Feridas";"Pleno dia";"Decrescente";"Sol";"Simples";"Reta";"Sim";2;0;0;1;1;0;1;2;-26,26011706;-48,62571995;"SPRF-SC";"DEL03-SC";"UOP03-DEL03-SC"
251168;2019-11-22;"sexta-feira";"13:00:00";"MS";60;593;"JARDIM";"Falta de Atenção à Condução";"Colisão transversal";"Com Vítimas Feridas";"Pleno dia";"Decrescente";"Céu Claro";"Simples";"Reta";"Sim";2;0;1;0;1;0;1;2;-21,48542331;-56,15040947;"SPRF-MS";"DEL05-MS";"UOP01-DEL05-MS"
251170;2019-11-22;"sexta-feira";"15:01:00";"PE";428;185,8;"PETROLINA";"Desobediência às normas de trânsito pelo condutor";"Colisão transversal";"Com Vítimas Feridas";"Pleno dia";"Crescente";"Céu Claro";"Simples";"Interseção de Vias";"Sim";2;0;1;0;1;0;1;2;-9,34744753;-40,47363281;"SPRF-PE";"DEL06-PE";"UOP01-DEL06-PE"
251171;2019-11-22;"sexta-feira";"15:05:00";"MG";40;469,2;"SETE LAGOAS";"Avarias e/ou desgaste excessivo no pneu";"Saída de leito carroçável";"Com Vítimas Feridas";"Pleno dia";"Decrescente";"Chuva";"Dupla";"Curva";"Sim";1;0;1;0;0;0;1;1;-19,46099279;-44,30121988;"SPRF-MG";"DEL02-MG";"UOP01-DEL02-MG"
251172;2019-11-22;"sexta-feira";"15:40:00";"SC";101;195,8;"BIGUACU";"Ingestão de Álcool";"Capotamento";"Com Vítimas Feridas";"Pleno dia";"Crescente";"Céu Claro";"Dupla";"Reta";"Sim";3;0;1;0;2;0;1;1;-27,5047092;-48,65010819;"SPRF-SC";"DEL01-SC";"UOP01-DEL01-SC"
251174;2019-11-22;"sexta-feira";"15:45:00";"SC";101;135;"BALNEARIO CAMBORIU";"Falta de Atenção à Condução";"Colisão lateral";"Com Vítimas Feridas";"Pleno dia";"Crescente";"Sol";"Simples";"Curva";"Sim";3;0;2;0;1;0;2;2;-27,0050108;-48,62677494;"SPRF-SC";"DEL04-SC";"UOP03-DEL04-SC"
251175;2019-11-22;"sexta-feira";"15:30:00";"MG";262;393;"PARA DE MINAS";"Falta de Atenção à Condução";"Saída de leito carroçável";"Com Vítimas Feridas";"Pleno dia";"Crescente";"Céu Claro";"Dupla";"Reta";"Não";3;0;3;0;0;0;3;1;-19,918104;-44,481613;"SPRF-MG";"DEL01-MG";"UOP03-DEL01-MG"
251177;2019-11-22;"sexta-feira";"16:00:00";"TO";153;274;"BRASILANDIA DO TOCANTINS";"Falta de Atenção à Condução";"Tombamento";"Com Vítimas Feridas";"Pleno dia";"Crescente";"Sol";"Simples";"Reta";"Não";1;0;1;0;0;0;1;1;-8,30094997;-48,47076742;"SPRF-TO";"DEL02-TO";"UOP02-DEL02-TO"
251178;2019-11-22;"sexta-feira";"14:29:00";"AP";156;820;"OIAPOQUE";"Desobediência às normas de trânsito pelo pedestre";"Colisão lateral";"Com Vítimas Feridas";"Pleno dia";"Crescente";"Céu Claro";"Simples";"Reta";"Sim";2;0;1;0;1;0;1;2;3,84027632;-51,82132959;"SPRF-AP";"DEL01-AP";"UOP03-DEL01-AP"
251179;2019-11-22;"sexta-feira";"15:45:00";"GO";60;41,7;"ALEXANIA";"Falta de Atenção à Condução";"Capotamento";"Com Vítimas Feridas";"Pleno dia";"Crescente";"Nublado";"Dupla";"Reta";"Não";1;0;0;1;0;0;1;1;-16,1104;-48,5742;"SPRF-DF";"DEL01-DF";"UOP01-DEL03-DF"
251180;2019-11-22;"sexta-feira";"16:20:00";"SP";116;216;"GUARULHOS";"Falta de Atenção à Condução";"Colisão traseira";"Com Vítimas Feridas";"Pleno dia";"Decrescente";"Céu Claro";"Simples";"Reta";"Não";2;0;1;0;1;0;1;2;-23,45056589;-46,46258105;"SPRF-SP";"DEL01-SP";"UOP01-DEL01-SP"
251182;2019-11-22;"sexta-feira";"16:30:00";"DF";60;29;"BRASILIA";"Falta de Atenção à Condução";"Capotamento";"Com Vítimas Feridas";"Pleno dia";"Crescente";"Céu Claro";"Dupla";"Reta";"Não";1;0;0;1;0;0;1;1;-16,029184;-48,25354;"SPRF-DF";"DEL01-DF";"UOP01-DEL03-DF"
251184;2019-11-22;"sexta-feira";"16:30:00";"SC";282;4,9;"SAO JOSE";"Falta de Atenção à Condução";"Colisão traseira";"Com Vítimas Feridas";"Pleno dia";"Crescente";"Céu Claro";"Múltipla";"Reta";"Sim";3;0;0;1;2;0;1;2;-27,592646;-48,604034;"SPRF-SC";"DEL01-SC";"UOP01-DEL01-SC"
251185;2019-11-22;"sexta-feira";"16:25:00";"ES";101;271,8;"SERRA";"Agressão Externa";"Danos eventuais";"Com Vítimas Feridas";"Pleno dia";"Crescente";"Nublado";"Dupla";"Reta";"Sim";1;0;1;0;0;0;1;1;-20,23267;-40,27658;"SPRF-ES";"DEL02-ES";"UOP01-DEL02-ES"
251186;2019-11-22;"sexta-feira";"16:40:00";"SP";116;271;"TABOAO DA SERRA";"Defeito Mecânico no Veículo";"Queda de ocupante de veículo";"Com Vítimas Feridas";"Pleno dia";"Decrescente";"Nublado";"Dupla";"Reta";"Sim";2;0;2;0;0;0;2;1;-23,61809286;-46,80556302;"SPRF-SP";"DEL04-SP";"UOP01-DEL04-SP"
251188;2019-11-22;"sexta-feira";"14:40:00";"SP";116;421,6;"JUQUIA";"Condutor Dormindo";"Saída de leito carroçável";"Com Vítimas Feridas";"Pleno dia";"Decrescente";"Nublado";"Dupla";"Reta";"Não";2;0;2;0;0;0;2;1;-24,35801488;-47,68588212;"SPRF-SP";"DEL05-SP";"UOP01-DEL05-SP"
251189;2019-11-22;"sexta-feira";"17:00:00";"MG";381;493;"BETIM";"Defeito Mecânico no Veículo";"Tombamento";"Com Vítimas Feridas";"Pleno dia";"Decrescente";"Chuva";"Múltipla";"Reta";"Sim";1;0;1;0;0;0;1;1;-19,97670801;-44,19962698;"SPRF-MG";"DEL01-MG";"UOP03-DEL01-MG"
251190;2019-11-22;"sexta-feira";"17:00:00";"GO";153;515;"APARECIDA DE GOIANIA";"Não guardar distância de segurança";"Colisão traseira";"Com Vítimas Feridas";"Pleno dia";"Decrescente";"Chuva";"Dupla";"Aclive";"Sim";2;0;1;0;1;0;1;2;-16,8413;-49,2454;"SPRF-GO";"DEL01-GO";"UOP03-DEL01-GO"
251191;2019-11-22;"sexta-feira";"16:00:00";"RS";101;43,7;"TERRA DE AREIA";"Falta de Atenção à Condução";"Saída de leito carroçável";"Com Vítimas Feridas";"Pleno dia";"Decrescente";"Chuva";"Dupla";"Reta";"Não";2;0;2;0;0;0;2;1;-29,55749023;-50,0407578;"SPRF-RS";"DEL03-RS";"UOP02-DEL03-RS"
251192;2019-11-22;"sexta-feira";"14:00:00";"RJ";116;80;"TERESOPOLIS";"Falta de Atenção à Condução";"Colisão traseira";"Sem Vítimas";"Pleno dia";"Crescente";"Nublado";"Simples";"Reta";"Não";3;0;0;0;3;0;0;3;-22,39006974;-42,9533628;"SPRF-RJ";"DEL04-RJ";"UOP01-DEL04-RJ"
251193;2019-11-22;"sexta-feira";"16:50:00";"RN";406;167,8;"SAO GONCALO DO AMARANTE";"Mal Súbito";"Queda de ocupante de veículo";"Com Vítimas Feridas";"Pleno dia";"Decrescente";"Céu Claro";"Dupla";"Reta";"Não";2;0;1;0;1;0;1;1;-5,74970173;-35,32342926;"SPRF-RN";"DEL02-RN";"UOP01-DEL02-RN"
251194;2019-11-22;"sexta-feira";"17:25:00";"SP";153;41,8;"ONDA VERDE";"Não guardar distância de segurança";"Colisão traseira";"Com Vítimas Feridas";"Pleno dia";"Crescente";"Céu Claro";"Simples";"Aclive";"Não";4;0;1;0;3;0;1;2;-20,63464176;-49,33792591;"SPRF-SP";"DEL09-SP";"UOP01-DEL09-SP"
251196;2019-11-22;"sexta-feira";"17:05:00";"PR";476;142;"CURITIBA";"Não guardar distância de segurança";"Colisão traseira";"Com Vítimas Feridas";"Pleno dia";"Decrescente";"Sol";"Dupla";"Reta";"Não";2;0;1;0;0;1;1;2;-25,54368054;-49,30664063;"SPRF-PR";"DEL01-PR";"UOP03-DEL01-PR"