"id";"data_inversa";"dia_semana";"horario";"uf";"br";"km";"municipio";"causa_acidente";"tipo_acidente";"classificacao_acidente";"fase_dia";"sentido_via";"condicao_metereologica";"tipo_pista";"tracado_via";"uso_solo";"pessoas";"mortos";"feridos_leves";"feridos_graves";"ilesos";"ignorados";"feridos";"veiculos";"latitude";"longitude";"regional";"delegacia";"uop"
251311;2019-11-23;"sábado";"06:30:00";"SP";381;37,9;"ATIBAIA";"Animais na Pista";"Saída de leito carroçável";"Com Vítimas Feridas";"Pleno dia";"Crescente";"Céu Claro";"Dupla";"Curva";"Sim";2;0;1;0;0;1;1;2;-23,10506237;-46,56881577;"SPRF-SP";"DEL03-SP";"UOP01-DEL03-SP"
251312;2019-11-23;"sábado";"01:15:00";"PR";277;187;"PALMEIRA";"Defeito Mecânico no Veículo";"Saída de leito carroçável";"Sem Vítimas";"Plena Noite";"Crescente";"Ignorado";"Simples";"Reta";"Não";1;0;0;0;1;0;0;1;-25,44375418;-50,17839611;"SPRF-PR";"DEL03-PR";"UOP02-DEL08-PR"
251313;2019-11-23;"sábado";"06:30:00";"RJ";116;177,9;"NOVA IGUACU";"Falta de Atenção à Condução";"Colisão traseira";"Com Vítimas Feridas";"Amanhecer";"Decrescente";"Céu Claro";"Múltipla";"Reta";"Sim";3;0;1;0;2;0;1;3;-22,78055198;-43,39208599;"SPRF-RJ";"DEL01-RJ";"UOP02-DEL01-RJ"
251314;2019-11-23;"sábado";"06:25:00";"MG";381;337;"NOVA ERA";"Velocidade Incompatível";"Colisão frontal";"Com Vítimas Feridas";"Pleno dia";"Crescente";"Chuva";"Simples";"Curva";"Não";2;0;1;1;0;0;2;2;-19,82388218;-43,08235792;"SPRF-MG";"DEL03-MG";"UOP01-DEL03-MG"
251315;2019-11-23;"sábado";"05:50:00";"RJ";101;113;"CAMPOS DOS GOYTACAZES";"Falta de Atenção à Condução";"Colisão traseira";"Com Vítimas Fatais";"Amanhecer";"Decrescente";"Nublado";"Dupla";"Reta";"Não";6;1;0;1;4;0;1;2;-21,97857304;-41,65596496;"SPRF-RJ";"DEL08-RJ";"UOP02-DEL08-RJ"
251316;2019-11-23;"sábado";"07:00:00";"MG";40;779,1;"JUIZ DE FORA";"Falta de Atenção à Condução";"Tombamento";"Com Vítimas Feridas";"Pleno dia";"Decrescente";"Nublado";"Dupla";"Reta";"Não";2;0;2;0;0;0;2;1;-21,82857001;-43,37364401;"SPRF-MG";"DEL05-MG";"UOP01-DEL05-MG"
251319;2019-11-23;"sábado";"06:00:00";"RR";174;504;"BOA VISTA";"Falta de Atenção à Condução";"Saída de leito carroçável";"Com Vítimas Feridas";"Amanhecer";"Decrescente";"Céu Claro";"Dupla";"Reta";"Sim";2;0;1;0;1;0;1;1;2,801374;-60,694801;"SPRF-RR";"DEL01-RR";"UOP01-DEL01-RR"
251321;2019-08-17;"sábado";"10:10:00";"PA";163;999;"SANTAREM";"Falta de Atenção à Condução";"Colisão transversal";"Com Vítimas Feridas";"Pleno dia";"Decrescente";"Céu Claro";"Simples";"Declive";"Não";2;0;1;0;0;1;1;2;-2,48200297;-54,73142511;"SPRF-PA";"DEL05-PA";"UOP01-DEL05-PA"
251322;2019-11-23;"sábado";"04:30:00";"RJ";40;58;"PETROPOLIS";"Falta de Atenção à Condução";"Colisão com objeto estático";"Sem Vítimas";"Amanhecer";"Crescente";"Nublado";"Simples";"Reta";"Não";1;0;0;0;1;0;0;1;-22,378777;-43,131523;"SPRF-RJ";"DEL06-RJ";"UOP01-DEL06-RJ"
251323;2019-11-23;"sábado";"08:00:00";"SC";101;208,5;"SAO JOSE";"Não guardar distância de segurança";"Colisão traseira";"Com Vítimas Feridas";"Pleno dia";"Decrescente";"Céu Claro";"Dupla";"Reta";"Não";1;0;1;0;0;0;1;1;-27,60327979;-48,63201818;"SPRF-SC";"DEL01-SC";"UOP01-DEL01-SC"
251324;2019-11-23;"sábado";"07:30:00";"PR";277;5;"FOZ DO IGUACU";"Ingestão de Álcool";"Colisão traseira";"Sem Vítimas";"Pleno dia";"Decrescente";"Céu Claro";"Dupla";"Reta";"Sim";2;0;0;0;2;0;0;2;-25,46363761;-54,58348989;"SPRF-PR";"DEL05-PR";"UOP03-DEL05-PR"
251325;2019-11-22;"sexta-feira";"15:15:00";"CE";222;314;"TIANGUA";"Desobediência às normas de trânsito pelo condutor";"Colisão transversal";"Com Vítimas Feridas";"Pleno dia";"Decrescente";"Céu Claro";"Simples";"Reta";"Não";2;0;1;0;1;0;1;2;-3,73110045;-41,00095099;"SPRF-CE";"DEL04-CE";"UOP02-DEL04-CE"
251326;2019-11-23;"sábado";"08:20:00";"SP";116;231;"SAO PAULO";"Não guardar distância de segurança";"Colisão traseira";"Com Vítimas Feridas";"Pleno dia";"Crescente";"Sol";"Múltipla";"Reta";"Não";2;0;1;0;0;1;1;2;-23,5290581;-46,59398303;"SPRF-SP";"DEL01-SP";"UOP01-DEL01-SP"
251327;2019-11-23;"sábado";"08:00:00";"MG";365;618;"UBERLANDIA";"Falta de Atenção à Condução";"Colisão traseira";"Com Vítimas Feridas";"Pleno dia";"Crescente";"Céu Claro";"Dupla";"Reta";"Sim";2;0;1;0;1;0;1;2;-18,89816629;-48,24422836;"SPRF-MG";"DEL15-MG";"UOP01-DEL15-MG"
251328;2019-11-23;"sábado";"08:20:00";"SC";282;2;"FLORIANOPOLIS";"Não guardar distância de segurança";"Colisão traseira";"Sem Vítimas";"Pleno dia";"Decrescente";"Céu Claro";"Dupla";"Reta";"Não";3;0;0;0;3;0;0;3;-27,603289;-48,590416;"SPRF-SC";"DEL01-SC";"UOP01-DEL01-SC"
251329;2019-11-19;"terça-feira";"14:35:00";"MG";365;412,7;"PATOS DE MINAS";"Ingestão de Álcool";"Saída de leito carroçável";"Sem Vítimas";"Pleno dia";"Decrescente";"Nublado";"Simples";"Curva";"Não";1;0;0;0;1;0;0;1;-18,663299;-46,526222;"SPRF-MG";"DEL10-MG";"UOP01-DEL10-MG"
251330;2019-11-23;"sábado";"08:15:00";"PR";476;153,4;"ARAUCARIA";"Desobediência às normas de trânsito pelo condutor";"Colisão traseira";"Com Vítimas Feridas";"Pleno dia";"Decrescente";"Nublado";"Dupla";"Reta";"Sim";4;0;2;0;1;1;2;2;-25,577307;-49,392338;"SPRF-PR";"DEL01-PR";"UOP06-DEL01-PR"
251331;2019-11-23;"sábado";"08:30:00";"PR";376;175,1;"MARINGA";"Falta de Atenção à Condução";"Colisão traseira";"Com Vítimas Feridas";"Pleno dia";"Crescente";"Sol";"Múltipla";"Interseção de Vias";"Sim";4;0;1;1;2;0;2;3;-23,41127178;-51,93981886;"SPRF-PR";"DEL07-PR";"UOP01-DEL09-PR"
251333;2019-11-23;"sábado";"08:45:00";"MG";40;614,2;"CONGONHAS";"Desobediência às normas de trânsito pelo condutor";"Colisão transversal";"Com Vítimas Feridas";"Pleno dia";"Crescente";"Nublado";"Simples";"Curva";"Não";4;0;2;0;2;0;2;2;-20,53494504;-43,8213855;"SPRF-MG";"DEL05-MG";"UOP02-DEL05-MG"
251334;2019-11-23;"sábado";"08:50:00";"MG";40;626,7;"CONSELHEIRO LAFAIETE";"Falta de Atenção do Pedestre";"Atropelamento de Pedestre";"Com Vítimas Feridas";"Pleno dia";"Crescente";"Céu Claro";"Simples";"Reta";"Não";2;0;0;1;1;0;1;2;-20,62801922;-43,80896769;"SPRF-MG";"DEL05-MG";"UOP02-DEL05-MG"
251335;2019-11-23;"sábado";"08:30:00";"SP";381;79,8;"SAO PAULO";"Falta de Atenção à Condução";"Tombamento";"Com Vítimas Feridas";"Pleno dia";"Decrescente";"Céu Claro";"Simples";"Curva";"Sim";2;0;2;0;0;0;2;1;-23,40319901;-46,57564699;"SPRF-SP";"DEL03-SP";"UOP01-DEL03-SP"
251336;2019-11-23;"sábado";"07:30:00";"RS";392;242,9;"CACAPAVA DO SUL";"Ingestão de Álcool";"Saída de leito carroçável";"Sem Vítimas";"Pleno dia";"Crescente";"Céu Claro";"Simples";"Reta";"Não";1;0;0;0;1;0;0;1;-30,59768299;-53,37406499;"SPRF-RS";"DEL09-RS";"UOP02-DEL09-RS"
251337;2019-11-23;"sábado";"07:45:00";"GO";20;157,9;"ALVORADA DO NORTE";"Defeito na Via";"Saída de leito carroçável";"Com Vítimas Feridas";"Pleno dia";"Decrescente";"Céu Claro";"Simples";"Reta";"Não";2;0;1;0;1;0;1;1;-14,639812;-46,627869;"SPRF-DF";"DEL02-DF";"UOP03-DEL02-DF"
251338;2019-11-23;"sábado";"09:25:00";"PR";277;63,9;"SAO JOSE DOS PINHAIS";"Falta de Atenção à Condução";"Queda de ocupante de veículo";"Com Vítimas Feridas";"Pleno dia";"Crescente";"Nublado";"Dupla";"Reta";"Não";2;0;0;1;0;1;1;2;-25,56100984;-49,01719293;"SPRF-PR";"DEL01-PR";"UOP07-DEL01-PR"
251339;2019-11-23;"sábado";"07:30:00";"PB";230;162,1;"CAMPINA GRANDE";"Ultrapassagem Indevida";"Colisão frontal";"Com Vítimas Fatais";"Pleno dia";"Crescente";"Céu Claro";"Simples";"Reta";"Sim";5;2;1;0;0;2;1;3;-7,2277;-35,9439;"SPRF-PB";"DEL02-PB";"UOP01-DEL02-PB"
251340;2019-11-23;"sábado";"08:50:00";"GO";153;602;"MORRINHOS";"Animais na Pista";"Saída de leito carroçável";"Com Vítimas Feridas";"Pleno dia";"Decrescente";"Céu Claro";"Dupla";"Declive";"Não";1;0;1;0;0;0;1;1;-17,569;-49,1992;"SPRF-GO";"DEL03-GO";"UOP01-DEL03-GO"
251341;2019-11-23;"sábado";"09:15:00";"CE";222;145;"IRAUCUBA";"Desobediência às normas de trânsito pelo condutor";"Capotamento";"Com Vítimas Feridas";"Pleno dia";"Crescente";"Céu Claro";"Simples";"Reta";"Não";2;0;1;0;1;0;1;2;-3,75614234;-39,74687408;"SPRF-CE";"DEL04-CE";"UOP03-DEL04-CE"
251342;2019-11-23;"sábado";"10:00:00";"ES";101;269;"SERRA";"Sinalização da via insuficiente ou inadequada";"Colisão transversal";"Com Vítimas Feridas";"Pleno dia";"Crescente";"Céu Claro";"Dupla";"Reta";"Não";2;0;2;0;0;0;2;2;-20,21740496;-40,26990578;"SPRF-ES";"DEL02-ES";"UOP01-DEL02-ES"
251344;2019-11-23;"sábado";"10:10:00";"BA";324;563;"SAO SEBASTIAO DO PASSE";"Defeito Mecânico no Veículo";"Saída de leito carroçável";"Com Vítimas Feridas";"Pleno dia";"Crescente";"Céu Claro";"Dupla";"Reta";"Não";3;0;2;0;1;0;2;1;-12,50853675;-38,63200982;"SPRF-BA";"DEL01-BA";"UOP01-DEL01-BA"
251345;2019-11-23;"sábado";"08:50:00";"RS";290;99;"PORTO ALEGRE";"Falta de Atenção à Condução";"Saída de leito carroçável";"Sem Vítimas";"Pleno dia";"Crescente";"Céu Claro";"Dupla";"Reta";"Não";1;0;0;0;0;1;0;1;-29,991756;-51,22699;"SPRF-RS";"DEL01-RS";"UOP01-DEL01-RS"
251346;2019-11-23;"sábado";"10:10:00";"ES";101;125;"SOORETAMA";"Falta de Atenção à Condução";"Colisão com objeto estático";"Com Vítimas Feridas";"Pleno dia";"Crescente";"Céu Claro";"Simples";"Reta";"Não";1;0;1;0;0;0;1;1;-19,18496498;-40,09429827;"SPRF-ES";"DEL04-ES";"UOP01-DEL04-ES"
251347;2019-11-23;"sábado";"09:29:00";"PR";277;729,3;"FOZ DO IGUACU";"Falta de Atenção do Pedestre";"Atropelamento de Pedestre";"Com Vítimas Feridas";"Pleno dia";"Decrescente";"Céu Claro";"Dupla";"Reta";"Sim";2;0;0;1;1;0;1;2;-25,50749887;-54,58379896;"SPRF-PR";"DEL05-PR";"UOP03-DEL05-PR"
251349;2019-11-23;"sábado";"10:25:00";"SC";470;138;"RIO DO SUL";"Falta de Atenção à Condução";"Colisão lateral";"Com Vítimas Feridas";"Pleno dia";"Crescente";"Sol";"Simples";"Rotatória";"Sim";3;0;1;0;2;0;1;2;-27,207214;-49,648476;"SPRF-SC";"DEL04-SC";"UOP02-DEL04-SC"
251350;2019-11-22;"sexta-feira";"20:00:00";"RJ";101;4;"CAMPOS DOS GOYTACAZES";"Fenômenos da Natureza";"Colisão com objeto em movimento";"Com Vítimas Feridas";"Plena Noite";"Decrescente";"Chuva";"Simples";"Reta";"Não";2;0;2;0;0;0;2;1;-21,25155306;-41,32614715;"SPRF-RJ";"DEL08-RJ";"UOP01-DEL08-RJ"
251351;2019-11-23;"sábado";"10:45:00";"PR";376;181;"MARINGA";"Falta de Atenção à Condução";"Queda de ocupante de veículo";"Com Vítimas Feridas";"Pleno dia";"Crescente";"Sol";"Dupla";"Reta";"Sim";1;0;1;0;0;0;1;1;-23,43197477;-51,88671852;"SPRF-PR";"DEL07-PR";"UOP01-DEL09-PR"
251355;2019-11-23;"sábado";"10:00:00";"BA";242;909;"LUIS EDUARDO MAGALHAES";"Pista Escorregadia";"Saída de leito carroçável";"Com Vítimas Feridas";"Pleno dia";"Decrescente";"Chuva";"Simples";"Reta";"Não";1;0;1;0;0;0;1;1;-12,121785;-46,028707;"SPRF-BA";"DEL10-BA";"UOP01-DEL10-BA"
251357;2019-11-23;"sábado";"10:00:00";"RJ";493;0,7;"ITABORAI";"Falta de Atenção à Condução";"Colisão transversal";"Sem Vítimas";"Pleno dia";"Crescente";"Céu Claro";"Simples";"Reta";"Sim";5;0;0;0;4;1;0;3;-22,76521149;-42,92523991;"SPRF-RJ";"DEL02-RJ";"UOP02-DEL02-RJ"
251358;2019-11-23;"sábado";"11:10:00";"PR";272;366;"CAMPO MOURAO";"Animais na Pista";"Atropelamento de Animal";"Com Vítimas Feridas";"Pleno dia";"Crescente";"Sol";"Dupla";"Reta";"Sim";1;0;1;0;0;0;1;1;-24,04638081;-52,39456989;"SPRF-PR";"DEL04-PR";"UOP03-DEL09-PR"
251359;2019-01-01;"terça-feira";"17:00:00";"MT";163;842;"SINOP";"Avarias e/ou desgaste excessivo no pneu";"Saída de leito carroçável";"Com Vítimas Feridas";"Pleno dia";"Crescente";"Ignorado";"Simples";"Reta";"Sim";2;0;2;0;0;0;2;1;-11,81352251;-55,48286982;"SPRF-MT";"DEL06-MT";"UOP02-DEL06-MT"
251360;2019-11-23;"sábado";"11:00:00";"RS";290;30,8;"SANTO ANTONIO DA PATRULHA";"Falta de Atenção à Condução";"Saída de leito carroçável";"Com Vítimas Feridas";"Pleno dia";"Crescente";"Sol";"Múltipla";"Reta";"Não";2;0;1;0;1;0;1;1;-29,883911;-50,565765;"SPRF-RS";"DEL03-RS";"UOP01-DEL03-RS"
251362;2019-11-23;"sábado";"10:25:00";"SC";101;256,5;"PAULO LOPES";"Falta de Atenção à Condução";"Saída de leito carroçável";"Com Vítimas Feridas";"Pleno dia";"Decrescente";"Chuva";"Dupla";"Declive;Reta";"Não";2;0;2;0;0;0;2;1;-27,99409826;-48,68900299;"SPRF-SC";"DEL02-SC";"UOP03-DEL02-SC"
251366;2019-11-23;"sábado";"11:45:00";"SC";470;45;"GASPAR";"Desobediência às normas de trânsito pelo condutor";"Colisão transversal";"Com Vítimas Feridas";"Pleno dia";"Crescente";"Nublado";"Simples";"Curva";"Não";3;0;3;0;0;0;3;2;-26,867064;-49,031109;"SPRF-SC";"DEL04-SC";"UOP01-DEL04-SC"
251368;2019-11-23;"sábado";"11:00:00";"SC";282;642,8;"SAO MIGUEL DO OESTE";"Falta de Atenção à Condução";"Saída de leito carroçável";"Com Vítimas Feridas";"Pleno dia";"Crescente";"Céu Claro";"Simples";"Reta";"Não";1;0;0;1;0;0;1;1;-26,76611186;-53,4839344;"SPRF-SC";"DEL07-SC";"UOP03-DEL07-SC"
251369;2019-11-23;"sábado";"11:00:00";"RS";386;353;"ESTRELA";"Falta de Atenção à Condução";"Colisão traseira";"Com Vítimas Feridas";"Pleno dia";"Crescente";"Céu Claro";"Dupla";"Reta";"Não";3;0;1;0;1;1;1;3;-29,500067;-51,949615;"SPRF-RS";"DEL04-RS";"UOP02-DEL04-RS"
251370;2019-11-23;"sábado";"12:15:00";"PI";343;3,8;"TERESINA";"Falta de Atenção à Condução";"Colisão traseira";"Sem Vítimas";"Pleno dia";"Decrescente";"Céu Claro";"Múltipla";"Reta";"Sim";2;0;0;0;2;0;0;2;-5,089569;-42,802288;"SPRF-PI";"DEL01-PI";"UOP01-DEL01-PI"
251371;2019-11-23;"sábado";"10:50:00";"PB";101;105,6;"ALHANDRA";"Falta de Atenção à Condução";"Saída de leito carroçável";"Sem Vítimas";"Pleno dia";"Decrescente";"Céu Claro";"Dupla";"Curva";"Não";3;0;0;0;0;3;0;1;-7,30814609;-34,94344185;"SPRF-PB";"DEL01-PB";"UOP01-DEL01-PB"
251372;2019-11-23;"sábado";"11:00:00";"MG";381;519;"IGARAPE";"Falta de Atenção à Condução";"Colisão com objeto estático";"Sem Vítimas";"Pleno dia";"Decrescente";"Nublado";"Dupla";"Curva;Declive";"Não";1;0;0;0;1;0;0;1;-20,12834104;-44,30330781;"SPRF-MG";"DEL01-MG";"UOP03-DEL01-MG"
251373;2019-11-23;"sábado";"13:05:00";"RJ";40;119;"DUQUE DE CAXIAS";"Pista Escorregadia";"Tombamento";"Com Vítimas Feridas";"Pleno dia";"Decrescente";"Céu Claro";"Simples";"Curva";"Sim";2;0;0;2;0;0;2;1;-22,76375592;-43,28683062;"SPRF-RJ";"DEL01-RJ";"UOP01-DEL01-RJ"
251374;2019-11-23;"sábado";"11:50:00";"GO";70;62,9;"COCALZINHO DE GOIAS";"Avarias e/ou desgaste excessivo no pneu";"Saída de leito carroçável";"Com Vítimas Feridas";"Pleno dia";"Decrescente";"Sol";"Simples";"Aclive;Reta";"Não";4;0;1;2;1;0;3;1;-15,76610978;-48,7240671;"SPRF-DF";"DEL01-DF";"UOP02-DEL03-DF"
251375;2019-11-23;"sábado";"12:20:00";"PE";232;408,4;"SERRA TALHADA";"Falta de Atenção à Condução";"Colisão transversal";"Com Vítimas Feridas";"Pleno dia";"Decrescente";"Céu Claro";"Simples";"Reta";"Sim";3;0;0;2;0;1;2;2;-7,98371447;-38,28047709;"SPRF-PE";"DEL04-PE";"UOP01-DEL04-PE"
251376;2019-11-23;"sábado";"13:40:00";"GO";20;98,5;"VILA BOA";"Velocidade Incompatível";"Saída de leito carroçável";"Sem Vítimas";"Pleno dia";"Decrescente";"Chuva";"Simples";"Reta";"Não";1;0;0;0;1;0;0;1;-14,960622;-47,004494;"SPRF-DF";"DEL02-DF";"UOP01-DEL02-DF"
251377;2019-11-23;"sábado";"12:30:00";"SC";282;636;"DESCANSO";"Defeito Mecânico no Veículo";"Incêndio";"Sem Vítimas";"Pleno dia";"Crescente";"Céu Claro";"Simples";"Reta";"Não";2;0;0;0;2;0;0;1;-26,813717;-53,435055;"SPRF-SC";"DEL07-SC";"UOP03-DEL07-SC"
251378;2019-11-23;"sábado";"13:50:00";"PR";376;221,5;"CAMBIRA";"Falta de Atenção à Condução";"Saída de leito carroçável";"Com Vítimas Feridas";"Pleno dia";"Crescente";"Sol";"Dupla";"Aclive;Curva";"Não";1;0;0;1;0;0;1;1;-23,6025168;-51,59917831;"SPRF-PR";"DEL07-PR";"UOP03-DEL07-PR"
251379;2019-11-23;"sábado";"13:10:00";"MG";381;687;"LAVRAS";"Velocidade Incompatível";"Colisão com objeto estático";"Com Vítimas Feridas";"Pleno dia";"Decrescente";"Chuva";"Dupla";"Curva";"Não";1;0;1;0;0;0;1;1;-21,20874401;-45,12332598;"SPRF-MG";"DEL04-MG";"UOP02-DEL04-MG"
251380;2019-11-23;"sábado";"13:35:00";"PR";277;124;"BALSA NOVA";"Falta de Atenção à Condução";"Colisão transversal";"Com Vítimas Feridas";"Pleno dia";"Decrescente";"Chuva";"Simples";"Curva";"Não";4;0;3;0;1;0;3;2;-25,46971762;-49,59762812;"SPRF-PR";"DEL01-PR";"UOP06-DEL01-PR"
251381;2019-11-23;"sábado";"13:40:00";"RS";101;46;"TERRA DE AREIA";"Falta de Atenção à Condução";"Colisão transversal";"Com Vítimas Feridas";"Pleno dia";"Decrescente";"Nublado";"Simples";"Reta";"Sim";2;0;0;1;1;0;1;2;-29,57664003;-50,06327396;"SPRF-RS";"DEL03-RS";"UOP02-DEL03-RS"
251382;2019-11-23;"sábado";"11:45:00";"RS";287;473;"SAO BORJA";"Defeito Mecânico no Veículo";"Queda de ocupante de veículo";"Com Vítimas Feridas";"Pleno dia";"Decrescente";"Céu Claro";"Simples";"Reta";"Não";1;0;1;0;0;0;1;1;-28,99038283;-55,49684055;"SPRF-RS";"DEL12-RS";"UOP01-DEL12-RS"
251387;2019-11-23;"sábado";"06:30:00";"SC";101;264,6;"GAROPABA";"Condutor Dormindo";"Saída de leito carroçável";"Com Vítimas Feridas";"Amanhecer";"Crescente";"Nublado";"Dupla";"Curva";"Não";1;0;0;1;0;0;1;1;-28,05149404;-48,71632789;"SPRF-SC";"DEL02-SC";"UOP03-DEL02-SC"
251388;2019-11-23;"sábado";"14:00:00";"RS";386;398;"TRIUNFO";"Defeito na Via";"Tombamento";"Com Vítimas Feridas";"Pleno dia";"Crescente";"Céu Claro";"Dupla";"Reta";"Não";2;0;0;1;0;1;1;2;-29,743687;-51,617054;"SPRF-RS";"DEL04-RS";"UOP02-DEL04-RS"
251389;2019-11-23;"sábado";"13:00:00";"RO";319;62;"PORTO VELHO";"Falta de Atenção à Condução";"Colisão lateral";"Com Vítimas Feridas";"Pleno dia";"Crescente";"Céu Claro";"Dupla";"Interseção de Vias";"Sim";2;0;1;0;1;0;1;2;-8,766685;-63,884052;"SPRF-RO";"DEL01-RO";"UOP01-DEL01-RO"
251390;2019-11-23;"sábado";"14:00:00";"MG";381;441,2;"SABARA";"Desobediência às normas de trânsito pelo condutor";"Colisão transversal";"Com Vítimas Feridas";"Pleno dia";"Decrescente";"Nublado";"Simples";"Reta";"Não";4;0;1;2;1;0;3;2;-19,80952785;-43,77144098;"SPRF-MG";"DEL01-MG";"UOP01-DEL01-MG"
251391;2019-11-23;"sábado";"14:30:00";"MG";40;773,3;"JUIZ DE FORA";"Velocidade Incompatível";"Colisão transversal";"Com Vítimas Feridas";"Pleno dia";"Decrescente";"Nublado";"Simples";"Interseção de Vias";"Sim";5;0;1;0;4;0;1;2;-21,64596057;-43,43421221;"SPRF-MG";"DEL05-MG";"UOP01-DEL05-MG"
251392;2019-11-23;"sábado";"14:20:00";"MG";251;517,2;"MONTES CLAROS";"Desobediência às normas de trânsito pelo condutor";"Colisão traseira";"Com Vítimas Feridas";"Pleno dia";"Decrescente";"Céu Claro";"Simples";"Reta";"Não";4;0;1;0;3;0;1;2;-16,66154421;-43,76055398;"SPRF-MG";"DEL12-MG";"UOP01-DEL12-MG"
251394;2019-09-15;"domingo";"15:00:00";"MG";116;467,1;"TARUMIRIM";"Não guardar distância de segurança";"Colisão traseira";"Com Vítimas Feridas";"Pleno dia";"Crescente";"Céu Claro";"Simples";"Aclive";"Não";6;0;1;1;4;0;2;3;-19,29347636;-42,07682165;"SPRF-MG";"DEL06-MG";"UOP02-DEL06-MG"
251395;2019-11-23;"sábado";"15:19:00";"SC";470;38;"GASPAR";"Mal Súbito";"Colisão frontal";"Com Vítimas Feridas";"Pleno dia";"Crescente";"Nublado";"Simples";"Reta";"Não";3;0;0;1;2;0;1;3;-26,904108;-48,980164;"SPRF-SC";"DEL04-SC";"UOP01-DEL04-SC"
251396;2019-11-23;"sábado";"14:50:00";"RJ";101;301;"SAO GONCALO";"Defeito Mecânico no Veículo";"Tombamento";"Com Vítimas Feridas";"Pleno dia";"Decrescente";"Nublado";"Dupla";"Reta";"Sim";2;0;1;0;1;0;1;1;-22,77857497;-42,95745101;"SPRF-RJ";"DEL02-RJ";"UOP02-DEL02-RJ"
251397;2019-11-23;"sábado";"14:50:00";"RS";386;338;"LAJEADO";"Falta de Atenção à Condução";"Engavetamento";"Com Vítimas Feridas";"Pleno dia";"Decrescente";"Nublado";"Simples";"Reta";"Não";5;0;2;0;3;0;2;4;-29,40421704;-52,03630328;"SPRF-RS";"DEL04-RS";"UOP01-DEL04-RS"
251399;2019-11-23;"sábado";"15:00:00";"PR";116;44;"CAMPINA GRANDE DO SUL";"Falta de Atenção à Condução";"Colisão com objeto estático";"Com Vítimas Feridas";"Pleno dia";"Crescente";"Nublado";"Dupla";"Curva";"Não";3;0;1;0;2;0;1;1;-25,1882321;-48,88492529;"SPRF-PR";"DEL01-PR";"UOP02-DEL01-PR"
251400;2019-11-23;"sábado";"15:15:00";"RS";290;33,6;"SANTO ANTONIO DA PATRULHA";"Falta de Atenção à Condução";"Saída de leito carroçável";"Com Vítimas Feridas";"Pleno dia";"Crescente";"Nublado";"Múltipla";"Reta";"Não";3;0;3;0;0;0;3;1;-29,885815;-50,586334;"SPRF-RS";"DEL03-RS";"UOP01-DEL03-RS"
251401;2019-11-23;"sábado";"15:40:00";"SC";101;206,4;"SAO JOSE";"Falta de Atenção à Condução";"Colisão lateral";"Com Vítimas Feridas";"Pleno dia";"Decrescente";"Nublado";"Múltipla";"Interseção de Vias";"Sim";5;0;1;0;4;0;1;3;-27,59648195;-48,61942112;"SPRF-SC";"DEL01-SC";"UOP01-DEL01-SC"
251404;2019-11-23;"sábado";"16:00:00";"SP";116;198;"ARUJA";"Falta de Atenção à Condução";"Capotamento";"Com Vítimas Feridas";"Pleno dia";"Decrescente";"Nublado";"Múltipla";"Curva";"Não";2;0;1;0;1;0;1;1;-23,399937;-46,302038;"SPRF-SP";"DEL01-SP";"UOP02-DEL01-SP"
251407;2019-11-23;"sábado";"16:00:00";"CE";20;202;"BOA VIAGEM";"Ingestão de Álcool";"Atropelamento de Pedestre";"Com Vítimas Feridas";"Pleno dia";"Crescente";"Céu Claro";"Simples";"Curva";"Sim";2;0;1;0;1;0;1;2;-5,13728811;-39,73839081;"SPRF-CE";"DEL02-CE";"UOP02-DEL02-CE"
251408;2019-10-13;"domingo";"09:55:00";"GO";153;542;"HIDROLANDIA";"Falta de Atenção à Condução";"Engavetamento";"Sem Vítimas";"Pleno dia";"Decrescente";"Sol";"Dupla";"Reta";"Não";6;0;0;0;6;0;0;6;-17,0727;-49,2238;"SPRF-GO";"DEL01-GO";"UOP03-DEL01-GO"
251409;2019-11-23;"sábado";"16:20:00";"RJ";493;15;"MAGE";"Falta de Atenção à Condução";"Colisão lateral";"Com Vítimas Feridas";"Pleno dia";"Crescente";"Nublado";"Simples";"Curva";"Não";2;0;1;0;1;0;1;2;-22,66366037;-42,99583197;"SPRF-RJ";"DEL04-RJ";"UOP02-DEL04-RJ"
251411;2019-11-23;"sábado";"14:12:00";"SC";470;121;"IBIRAMA";"Velocidade Incompatível";"Capotamento";"Com Vítimas Feridas";"Pleno dia";"Decrescente";"Chuva";"Simples";"Curva";"Não";4;0;3;0;0;1;3;3;-27,095861;-49,526859;"SPRF-SC";"DEL04-SC";"UOP02-DEL04-SC"
251413;2019-11-23;"sábado";"14:40:00";"PR";476;124,2;"CURITIBA";"Não guardar distância de segurança";"Colisão traseira";"Com Vítimas Feridas";"Pleno dia";"Crescente";"Chuva";"Dupla";"Curva;Em Obras;Declive";"Sim";3;0;0;1;2;0;1;3;-25,399845;-49,215855;"SPRF-PR";"DEL01-PR";"UOP07-DEL01-PR"
251415;2019-11-23;"sábado";"16:40:00";"PR";376;238;"APUCARANA";"Animais na Pista";"Tombamento";"Com Vítimas Feridas";"Pleno dia";"Crescente";"Céu Claro";"Simples";"Reta";"Não";2;0;2;0;0;0;2;1;-23,5821404;-51,45390599;"SPRF-PR";"DEL07-PR";"UOP03-DEL07-PR"
251416;2019-11-23;"sábado";"13:25:00";"SC";470;142,5;"RIO DO SUL";"Velocidade Incompatível";"Colisão lateral";"Com Vítimas Fatais";"Pleno dia";"Decrescente";"Nublado";"Simples";"Curva";"Não";3;2;0;0;1;0;0;3;-27,229801;-49,6693;"SPRF-SC";"DEL04-SC";"UOP02-DEL04-SC"