"id";"data_inversa";"dia_semana";"horario";"uf";"br";"km";"municipio";"causa_acidente";"tipo_acidente";"classificacao_acidente";"fase_dia";"sentido_via";"condicao_metereologica";"tipo_pista";"tracado_via";"uso_solo";"pessoas";"mortos";"feridos_leves";"feridos_graves";"ilesos";"ignorados";"feridos";"veiculos";"latitude";"longitude";"regional";"delegacia";"uop"
251417;2019-11-23;"sábado";"15:45:00";"MG";262;415;"IGARATINGA";"Pista Escorregadia";"Saída de leito carroçável";"Com Vítimas Feridas";"Pleno dia";"Crescente";"Chuva";"Dupla";"Reta";"Não";3;0;0;2;1;0;2;1;-19,90748652;-44,67151073;"SPRF-MG";"DEL08-MG";"UOP03-DEL08-MG"
251418;2019-11-23;"sábado";"17:15:00";"PE";101;45,9;"IGARASSU";"Desobediência às normas de trânsito pelo condutor";"Atropelamento de Pedestre";"Com Vítimas Feridas";"Pleno dia";"Crescente";"Céu Claro";"Múltipla";"Reta";"Sim";5;0;0;4;1;0;4;2;-7,86521297;-34,90715176;"SPRF-PE";"DEL01-PE";"UOP02-DEL01-PE"
251422;2019-11-23;"sábado";"16:30:00";"RO";319;57,7;"PORTO VELHO";"Falta de Atenção à Condução";"Colisão lateral";"Com Vítimas Feridas";"Pleno dia";"Decrescente";"Céu Claro";"Simples";"Reta";"Sim";2;0;1;0;1;0;1;2;-8,739714;-63,93214024;"SPRF-RO";"DEL01-RO";"UOP01-DEL01-RO"
251423;2019-11-23;"sábado";"16:40:00";"SP";116;316,5;"JUQUITIBA";"Pista Escorregadia";"Tombamento";"Com Vítimas Feridas";"Pleno dia";"Decrescente";"Chuva";"Dupla";"Reta";"Não";1;0;1;0;0;0;1;1;-23,91054997;-46,99149375;"SPRF-SP";"DEL04-SP";"UOP03-DEL04-SP"
251424;2019-11-23;"sábado";"18:00:00";"PE";101;43,2;"IGARASSU";"Falta de Atenção à Condução";"Colisão frontal";"Com Vítimas Feridas";"Plena Noite";"Crescente";"Céu Claro";"Simples";"Reta";"Sim";3;0;0;1;2;0;1;2;-7,85012;-34,909462;"SPRF-PE";"DEL01-PE";"UOP02-DEL01-PE"
251427;2019-11-23;"sábado";"18:35:00";"RS";285;448;"IJUI";"Falta de Atenção à Condução";"Saída de leito carroçável";"Com Vítimas Feridas";"Pleno dia";"Decrescente";"Céu Claro";"Simples";"Reta";"Não";1;0;1;0;0;0;1;1;-28,365269;-53,812302;"SPRF-RS";"DEL10-RS";"UOP01-DEL10-RS"
251429;2019-11-23;"sábado";"18:30:00";"MG";40;806,3;"MATIAS BARBOSA";"Pista Escorregadia";"Colisão com objeto estático";"Com Vítimas Feridas";"Plena Noite";"Decrescente";"Garoa/Chuvisco";"Dupla";"Curva";"Não";1;0;1;0;0;0;1;1;-21,86659197;-43,361643;"SPRF-MG";"DEL05-MG";"UOP01-DEL05-MG"
251430;2019-11-23;"sábado";"19:00:00";"ES";101;268,1;"SERRA";"Desobediência às normas de trânsito pelo condutor";"Colisão lateral";"Com Vítimas Feridas";"Plena Noite";"Decrescente";"Vento";"Dupla";"Reta";"Sim";3;0;0;1;0;2;1;3;-20,20842;-40,269405;"SPRF-ES";"DEL02-ES";"UOP01-DEL02-ES"
251432;2019-11-23;"sábado";"18:15:00";"MS";262;487;"ANASTACIO";"Falta de Atenção à Condução";"Tombamento";"Com Vítimas Feridas";"Anoitecer";"Decrescente";"Nublado";"Simples";"Rotatória";"Sim";2;0;2;0;0;0;2;1;-20,49923847;-55,78743696;"SPRF-MS";"DEL03-MS";"UOP01-DEL03-MS"
251433;2019-11-23;"sábado";"18:00:00";"BA";110;323;"ALAGOINHAS";"Defeito Mecânico no Veículo";"Incêndio";"Sem Vítimas";"Anoitecer";"Crescente";"Céu Claro";"Simples";"Aclive";"Não";1;0;0;0;1;0;0;1;-12,04064462;-38,36413644;"SPRF-BA";"DEL01-BA";"UOP04-DEL01-BA"
251434;2019-11-23;"sábado";"16:30:00";"SC";282;304,9;"VARGEM";"Falta de Atenção à Condução";"Colisão com objeto estático";"Com Vítimas Feridas";"Pleno dia";"Crescente";"Sol";"Simples";"Curva";"Não";1;0;1;0;0;0;1;1;-27,496103;-50,940418;"SPRF-SC";"DEL07-SC";"UOP06-DEL07-SC"
251435;2019-11-23;"sábado";"19:30:00";"CE";222;4,9;"CAUCAIA";"Falta de Atenção à Condução";"Colisão lateral";"Com Vítimas Feridas";"Plena Noite";"Decrescente";"Céu Claro";"Dupla";"Reta";"Sim";3;0;1;0;2;0;1;2;-3,74164754;-38,60449792;"SPRF-CE";"DEL01-CE";"UOP01-DEL01-CE"
251436;2019-11-23;"sábado";"19:30:00";"RJ";493;22;"MAGE";"Sinalização da via insuficiente ou inadequada";"Colisão frontal";"Com Vítimas Feridas";"Plena Noite";"Crescente";"Chuva";"Simples";"Curva";"Não";4;0;1;0;2;1;1;2;-22,659311;-43,053303;"SPRF-RJ";"DEL04-RJ";"UOP02-DEL04-RJ"
251437;2019-11-23;"sábado";"18:15:00";"PR";116;26;"CAMPINA GRANDE DO SUL";"Pista Escorregadia";"Capotamento";"Sem Vítimas";"Plena Noite";"Decrescente";"Chuva";"Dupla";"Curva;Declive";"Não";1;0;0;0;0;1;0;1;-25,10683694;-48,785333;"SPRF-PR";"DEL01-PR";"UOP02-DEL01-PR"
251438;2019-11-23;"sábado";"19:20:00";"PI";343;341,9;"TERESINA";"Defeito na Via";"Queda de ocupante de veículo";"Com Vítimas Feridas";"Plena Noite";"Crescente";"Céu Claro";"Simples";"Reta";"Sim";1;0;1;0;0;0;1;1;-5,08092186;-42,75000583;"SPRF-PI";"DEL01-PI";"UOP01-DEL01-PI"
251439;2019-11-23;"sábado";"20:25:00";"RJ";40;113;"DUQUE DE CAXIAS";"Velocidade Incompatível";"Capotamento";"Com Vítimas Feridas";"Plena Noite";"Crescente";"Chuva";"Múltipla";"Aclive";"Sim";1;0;0;1;0;0;1;1;-22,70948502;-43,29040354;"SPRF-RJ";"DEL01-RJ";"UOP01-DEL01-RJ"
251440;2019-11-23;"sábado";"20:30:00";"MG";381;862,3;"POUSO ALEGRE";"Velocidade Incompatível";"Colisão com objeto estático";"Com Vítimas Fatais";"Plena Noite";"Decrescente";"Chuva";"Dupla";"Aclive;Curva";"Não";4;1;1;2;0;0;3;2;-22,33458629;-45,92163552;"SPRF-MG";"DEL16-MG";"UOP01-DEL16-MG"
251441;2019-11-23;"sábado";"20:00:00";"MG";365;871;"SANTA VITORIA";"Desobediência às normas de trânsito pelo condutor";"Colisão frontal";"Com Vítimas Feridas";"Plena Noite";"Crescente";"Céu Claro";"Simples";"Reta";"Não";2;0;1;1;0;0;2;2;-19,045431;-50,496178;"SPRF-MG";"DEL15-MG";"UOP03-DEL15-MG"
251442;2019-11-23;"sábado";"19:40:00";"PR";116;110,5;"CURITIBA";"Condutor Dormindo";"Saída de leito carroçável";"Com Vítimas Feridas";"Plena Noite";"Crescente";"Nublado";"Dupla";"Reta";"Sim";4;0;4;0;0;0;4;1;-25,56201879;-49,26014293;"SPRF-PR";"DEL01-PR";"UOP06-DEL01-PR"
251443;2019-11-23;"sábado";"19:30:00";"PI";407;428;"PICOS";"Ingestão de Álcool";"Colisão transversal";"Com Vítimas Feridas";"Plena Noite";"Decrescente";"Céu Claro";"Simples";"Declive";"Sim";2;0;0;1;1;0;1;2;-7,11675111;-41,40735611;"SPRF-PI";"DEL04-PI";"UOP01-DEL04-PI"
251445;2019-11-23;"sábado";"18:50:00";"PE";232;409;"SERRA TALHADA";"Ingestão de Álcool";"Colisão traseira";"Sem Vítimas";"Plena Noite";"Decrescente";"Céu Claro";"Simples";"Reta";"Sim";2;0;0;0;1;1;0;2;-7,981944;-38,289467;"SPRF-PE";"DEL04-PE";"UOP01-DEL04-PE"
251446;2019-11-23;"sábado";"19:25:00";"MS";163;672;"RIO VERDE DE MATO GROSSO";"Defeito Mecânico no Veículo";"Incêndio";"Sem Vítimas";"Plena Noite";"Decrescente";"Nublado";"Simples";"Reta";"Não";33;0;0;0;33;0;0;1;-18,99092807;-54,83044287;"SPRF-MS";"DEL06-MS";"UOP02-DEL06-MS"
251447;2019-11-23;"sábado";"19:55:00";"CE";222;1;"FORTALEZA";"Não guardar distância de segurança";"Colisão traseira";"Sem Vítimas";"Plena Noite";"Crescente";"Céu Claro";"Múltipla";"Reta";"Sim";3;0;0;0;3;0;0;3;-3,73755038;-38,57815417;"SPRF-CE";"DEL01-CE";"UOP01-DEL01-CE"
251448;2019-11-23;"sábado";"19:10:00";"MG";381;488;"BETIM";"Falta de Atenção à Condução";"Tombamento";"Com Vítimas Feridas";"Plena Noite";"Decrescente";"Nublado";"Dupla";"Aclive;Reta";"Sim";1;0;1;0;0;0;1;1;-19,95721985;-44,12340581;"SPRF-MG";"DEL01-MG";"UOP03-DEL01-MG"
251450;2019-11-23;"sábado";"19:30:00";"BA";324;622;"SALVADOR";"Falta de Atenção à Condução";"Colisão traseira";"Sem Vítimas";"Plena Noite";"Crescente";"Céu Claro";"Múltipla";"Aclive;Reta";"Sim";2;0;0;0;2;0;0;2;-12,91888605;-38,46502095;"SPRF-BA";"DEL01-BA";"UOP01-DEL01-BA"
251451;2019-11-23;"sábado";"21:00:00";"PR";476;123;"CURITIBA";"Falta de Atenção à Condução";"Colisão traseira";"Com Vítimas Feridas";"Plena Noite";"Decrescente";"Garoa/Chuvisco";"Dupla";"Reta";"Sim";2;0;1;0;1;0;1;2;-25,392904;-49,209557;"SPRF-PR";"DEL01-PR";"UOP07-DEL01-PR"
251455;2019-10-18;"sexta-feira";"17:15:00";"PA";316;74;"SAO FRANCISCO DO PARA";"Falta de Atenção à Condução";"Colisão lateral";"Sem Vítimas";"Pleno dia";"Crescente";"Céu Claro";"Simples";"Reta";"Não";3;0;0;0;3;0;0;3;-1,29131621;-47,83082209;"SPRF-PA";"DEL01-PA";"UOP01-DEL01-PA"
251458;2019-11-23;"sábado";"21:50:00";"GO";40;11,4;"LUZIANIA";"Falta de Atenção do Pedestre";"Atropelamento de Pedestre";"Com Vítimas Feridas";"Plena Noite";"Crescente";"Céu Claro";"Dupla";"Reta";"Sim";2;0;0;1;1;0;1;2;-16,138336;-47,951644;"SPRF-DF";"DEL01-DF";"UOP01-DEL01-DF"
251459;2019-11-23;"sábado";"21:30:00";"MG";262;525,2;"LUZ";"Velocidade Incompatível";"Saída de leito carroçável";"Com Vítimas Feridas";"Plena Noite";"Crescente";"Chuva";"Simples";"Reta";"Não";1;0;1;0;0;0;1;1;-19,78382658;-45,69591522;"SPRF-MG";"DEL08-MG";"UOP02-DEL08-MG"
251460;2019-11-23;"sábado";"21:20:00";"RJ";40;113;"DUQUE DE CAXIAS";"Falta de Atenção à Condução";"Colisão com objeto estático";"Com Vítimas Feridas";"Plena Noite";"Crescente";"Chuva";"Múltipla";"Reta";"Não";2;0;1;0;1;0;1;1;-22,70948502;-43,29040354;"SPRF-RJ";"DEL01-RJ";"UOP01-DEL01-RJ"
251461;2019-11-23;"sábado";"15:45:00";"RJ";116;214;"PARACAMBI";"Falta de Atenção à Condução";"Queda de ocupante de veículo";"Com Vítimas Feridas";"Pleno dia";"Crescente";"Nublado";"Dupla";"Reta";"Não";1;0;1;0;0;0;1;1;-22,713438;-43,734085;"SPRF-RJ";"DEL01-RJ";"UOP03-DEL01-RJ"
251463;2019-11-23;"sábado";"20:30:00";"SP";116;485;"CAJATI";"Falta de Atenção à Condução";"Saída de leito carroçável";"Com Vítimas Feridas";"Plena Noite";"Decrescente";"Chuva";"Dupla";"Curva";"Não";2;0;2;0;0;0;2;1;-24,72233538;-48,08267355;"SPRF-SP";"DEL05-SP";"UAP01-DEL05-SP"
251465;2019-11-23;"sábado";"22:00:00";"BA";324;626;"SALVADOR";"Falta de Atenção à Condução";"Colisão traseira";"Com Vítimas Feridas";"Plena Noite";"Decrescente";"Céu Claro";"Dupla";"Reta";"Sim";2;0;1;0;0;1;1;2;-12,95020997;-38,47073108;"SPRF-BA";"DEL01-BA";"UOP01-DEL01-BA"
251466;2019-11-23;"sábado";"21:30:00";"RN";110;49,3;"MOSSORO";"Desobediência às normas de trânsito pelo condutor";"Colisão transversal";"Sem Vítimas";"Plena Noite";"Decrescente";"Céu Claro";"Dupla";"Retorno Regulamentado";"Sim";2;0;0;0;1;1;0;2;-5,21645975;-37,32927128;"SPRF-RN";"DEL04-RN";"UOP01-DEL04-RN"
251467;2019-11-23;"sábado";"22:00:00";"ES";101;262;"SERRA";"Falta de Atenção à Condução";"Colisão traseira";"Com Vítimas Feridas";"Plena Noite";"Crescente";"Chuva";"Dupla";"Reta";"Sim";3;0;0;1;2;0;1;3;-20,1572331;-40,27678329;"SPRF-ES";"DEL02-ES";"UOP01-DEL02-ES"
251468;2019-11-23;"sábado";"21:05:00";"MG";381;887;"ESTIVA";"Velocidade Incompatível";"Saída de leito carroçável";"Com Vítimas Feridas";"Plena Noite";"Decrescente";"Nublado";"Dupla";"Reta";"Sim";3;0;3;0;0;0;3;1;-22,56149195;-46,0408143;"SPRF-MG";"DEL16-MG";"UOP01-DEL16-MG"
251469;2019-11-23;"sábado";"19:45:00";"PR";277;2,1;"PARANAGUA";"Falta de Atenção do Pedestre";"Atropelamento de Pedestre";"Com Vítimas Feridas";"Plena Noite";"Decrescente";"Chuva";"Simples";"Rotatória";"Sim";2;0;1;0;1;0;1;2;-25,568198;-48,615292;"SPRF-PR";"DEL01-PR";"UOP05-DEL01-PR"
251470;2019-11-23;"sábado";"22:10:00";"ES";262;46;"MARECHAL FLORIANO";"Falta de Atenção à Condução";"Colisão frontal";"Com Vítimas Feridas";"Plena Noite";"Decrescente";"Chuva";"Simples";"Reta";"Sim";2;0;0;1;1;0;1;2;-20,40565705;-40,67280081;"SPRF-ES";"DEL01-ES";"UOP01-DEL01-ES"
251471;2019-11-23;"sábado";"20:50:00";"MS";267;481;"GUIA LOPES DA LAGUNA";"Falta de Atenção à Condução";"Colisão transversal";"Com Vítimas Feridas";"Plena Noite";"Crescente";"Céu Claro";"Simples";"Reta";"Sim";2;0;1;0;1;0;1;2;-21,478745;-56,13899;"SPRF-MS";"DEL05-MS";"UOP01-DEL05-MS"
251473;2019-11-23;"sábado";"19:50:00";"MG";262;36,4;"MANHUACU";"Falta de Atenção à Condução";"Colisão transversal";"Com Vítimas Feridas";"Plena Noite";"Crescente";"Chuva";"Múltipla";"Rotatória";"Sim";2;0;1;0;1;0;1;2;-20,25932046;-42,02298331;"SPRF-MG";"DEL06-MG";"UOP03-DEL06-MG"
251474;2019-11-23;"sábado";"22:30:00";"ES";101;262;"SERRA";"Desobediência às normas de trânsito pelo condutor";"Colisão transversal";"Com Vítimas Feridas";"Plena Noite";"Crescente";"Chuva";"Dupla";"Reta";"Sim";3;0;0;2;1;0;2;2;-20,1572331;-40,27678329;"SPRF-ES";"DEL02-ES";"UOP01-DEL02-ES"
251475;2019-11-23;"sábado";"20:00:00";"MT";364;203;"RONDONOPOLIS";"Falta de Atenção do Pedestre";"Atropelamento de Pedestre";"Com Vítimas Feridas";"Plena Noite";"Decrescente";"Céu Claro";"Dupla";"Retorno Regulamentado;Viaduto";"Sim";1;0;1;0;0;0;1;1;-16,47555256;-54,65344724;"SPRF-MT";"DEL02-MT";"UOP01-DEL02-MT"
251477;2019-11-23;"sábado";"21:45:00";"BA";116;11;"VITORIA DA CONQUISTA";"Não guardar distância de segurança";"Colisão traseira";"Com Vítimas Feridas";"Plena Noite";"Crescente";"Céu Claro";"Simples";"Reta";"Não";2;0;1;0;1;0;1;2;-14,87269005;-40,87146543;"SPRF-BA";"DEL08-BA";"UOP01-DEL08-BA"
251478;2019-11-23;"sábado";"22:35:00";"RS";116;243;"SAO LEOPOLDO";"Falta de Atenção à Condução";"Colisão com objeto estático";"Sem Vítimas";"Plena Noite";"Crescente";"Céu Claro";"Dupla";"Reta";"Sim";1;0;0;0;1;0;0;1;-29,73196199;-51,14952004;"SPRF-RS";"DEL01-RS";"UOP02-DEL01-RS"
251480;2019-11-23;"sábado";"19:00:00";"MA";135;1;"SAO LUIS";"Ingestão de Álcool";"Colisão traseira";"Com Vítimas Feridas";"Plena Noite";"Decrescente";"Céu Claro";"Dupla";"Reta";"Sim";3;0;1;0;2;0;1;2;-2,58917895;-44,24423719;"SPRF-MA";"DEL01-MA";"UOP01-DEL01-MA"
251481;2019-11-23;"sábado";"22:00:00";"SC";280;56,6;"GUARAMIRIM";"Desobediência às normas de trânsito pelo condutor";"Colisão transversal";"Com Vítimas Feridas";"Plena Noite";"Decrescente";"Céu Claro";"Simples";"Reta";"Não";2;0;1;0;1;0;1;2;-26,47947677;-49,00298702;"SPRF-SC";"DEL03-SC";"UOP03-DEL03-SC"
251482;2019-11-23;"sábado";"22:50:00";"SC";101;265,7;"PAULO LOPES";"Falta de Atenção à Condução";"Saída de leito carroçável";"Com Vítimas Feridas";"Plena Noite";"Crescente";"Nublado";"Dupla";"Reta";"Não";2;0;2;0;0;0;2;1;-28,06001385;-48,71690948;"SPRF-SC";"DEL02-SC";"UOP03-DEL02-SC"
251483;2019-11-23;"sábado";"19:00:00";"PI";230;176;"SAO JOAO DA VARJOTA";"Falta de Atenção à Condução";"Atropelamento de Pedestre";"Com Vítimas Fatais";"Plena Noite";"Crescente";"Céu Claro";"Simples";"Reta";"Não";2;1;0;1;0;0;1;2;-6,93705565;-41,95573183;"SPRF-PI";"DEL04-PI";"UOP01-DEL04-PI"
251484;2019-11-23;"sábado";"23:00:00";"RN";101;79;"SAO GONCALO DO AMARANTE";"Ingestão de Álcool";"Tombamento";"Com Vítimas Feridas";"Plena Noite";"Crescente";"Céu Claro";"Dupla";"Reta";"Sim";1;0;0;1;0;0;1;1;-5,74962896;-35,28918369;"SPRF-RN";"DEL02-RN";"UOP01-DEL02-RN"
251485;2019-11-23;"sábado";"20:30:00";"SC";282;499;"XANXERE";"Falta de Atenção à Condução";"Saída de leito carroçável";"Com Vítimas Feridas";"Plena Noite";"Decrescente";"Céu Claro";"Simples";"Retorno Regulamentado";"Sim";1;0;1;0;0;0;1;1;-26,880869;-52,363121;"SPRF-SC";"DEL07-SC";"UOP01-DEL07-SC"
251486;2019-11-23;"sábado";"21:50:00";"SC";282;501,3;"XANXERE";"Falta de Atenção à Condução";"Colisão transversal";"Com Vítimas Feridas";"Plena Noite";"Crescente";"Céu Claro";"Dupla";"Interseção de Vias";"Sim";3;0;1;0;2;0;1;2;-26,882715;-52,381729;"SPRF-SC";"DEL07-SC";"UOP01-DEL07-SC"
251491;2019-11-23;"sábado";"23:50:00";"RJ";493;52;"DUQUE DE CAXIAS";"Falta de Atenção à Condução";"Colisão com objeto estático";"Com Vítimas Feridas";"Plena Noite";"Crescente";"Chuva";"Dupla";"Retorno Regulamentado";"Não";2;0;1;0;1;0;1;1;-22,672089;-43,285053;"SPRF-RJ";"DEL01-RJ";"UOP01-DEL01-RJ"
251493;2019-11-23;"sábado";"22:15:00";"RS";392;18;"RIO GRANDE";"Desobediência às normas de trânsito pelo condutor";"Colisão transversal";"Com Vítimas Feridas";"Plena Noite";"Decrescente";"Céu Claro";"Dupla";"Reta";"Sim";3;0;1;0;2;0;1;2;-32,09017991;-52,17651198;"SPRF-RS";"DEL07-RS";"UOP02-DEL07-RS"
251494;2019-11-23;"sábado";"23:30:00";"PE";232;334,2;"CUSTODIA";"Ingestão de Álcool";"Colisão traseira";"Com Vítimas Feridas";"Plena Noite";"Crescente";"Céu Claro";"Simples";"Reta";"Sim";2;0;1;0;1;0;1;2;-8,08713014;-37,63719862;"SPRF-PE";"DEL03-PE";"UOP02-DEL03-PE"
251495;2019-11-23;"sábado";"21:00:00";"SC";158;135,6;"PALMITOS";"Falta de Atenção à Condução";"Saída de leito carroçável";"Com Vítimas Feridas";"Plena Noite";"Crescente";"Céu Claro";"Simples";"Curva";"Não";1;0;1;0;0;0;1;1;-27,07840798;-53,22784419;"SPRF-SC";"DEL07-SC";"UOP02-DEL07-SC"
251496;2019-11-24;"domingo";"00:05:00";"SP";381;38;"ATIBAIA";"Falta de Atenção à Condução";"Saída de leito carroçável";"Com Vítimas Feridas";"Plena Noite";"Crescente";"Chuva";"Dupla";"Reta";"Não";1;0;1;0;0;0;1;1;-23,1133221;-46,57174974;"SPRF-SP";"DEL03-SP";"UOP01-DEL03-SP"
251498;2019-11-23;"sábado";"23:00:00";"MS";163;773,5;"COXIM";"Falta de Atenção à Condução";"Saída de leito carroçável";"Com Vítimas Feridas";"Plena Noite";"Crescente";"Céu Claro";"Simples";"Reta;Aclive";"Não";2;0;1;1;0;0;2;1;-18,142483;-54,685004;"SPRF-MS";"DEL06-MS";"UOP01-DEL06-MS"
251500;2019-11-23;"sábado";"22:40:00";"MS";163;564,5;"BANDEIRANTES";"Ingestão de Álcool";"Saída de leito carroçável";"Sem Vítimas";"Plena Noite";"Crescente";"Céu Claro";"Simples";"Reta";"Não";1;0;0;0;1;0;0;1;-19,78437199;-54,36537203;"SPRF-MS";"DEL01-MS";"UOP02-DEL01-MS"
251502;2019-11-23;"sábado";"21:05:00";"ES";101;272,2;"SERRA";"Desobediência às normas de trânsito pelo condutor";"Colisão com objeto estático";"Sem Vítimas";"Plena Noite";"Decrescente";"Chuva";"Dupla";"Reta";"Não";1;0;0;0;0;1;0;1;-20,22104632;-40,2901268;"SPRF-ES";"DEL02-ES";"UOP01-DEL02-ES"
251503;2019-11-23;"sábado";"21:00:00";"RJ";116;302,5;"RESENDE";"Ingestão de Álcool";"Colisão com objeto estático";"Sem Vítimas";"Plena Noite";"Crescente";"Chuva";"Dupla";"Reta";"Sim";1;0;0;0;1;0;0;1;-22,45364576;-44,37040802;"SPRF-RJ";"DEL07-RJ";"DEL5/7-UOP03/RJ"
251504;2019-11-23;"sábado";"13:20:00";"MA";10;249,2;"IMPERATRIZ";"Falta de Atenção à Condução";"Colisão transversal";"Com Vítimas Feridas";"Pleno dia";"Decrescente";"Céu Claro";"Simples";"Reta";"Sim";2;0;1;0;1;0;1;2;-5,558508;-47,45417;"SPRF-MA";"DEL04-MA";"UOP01-DEL04-MA"
251505;2019-11-23;"sábado";"23:15:00";"RS";158;192;"CRUZ ALTA";"Agressão Externa";"Saída de leito carroçável";"Sem Vítimas";"Plena Noite";"Crescente";"Céu Claro";"Simples";"Curva";"Não";1;0;0;0;0;1;0;1;-28,62091091;-53,57035257;"SPRF-RS";"DEL10-RS";"UOP02-DEL10-RS"
251506;2019-11-24;"domingo";"01:05:00";"PR";116;65;"CAMPINA GRANDE DO SUL";"Falta de Atenção à Condução";"Saída de leito carroçável";"Com Vítimas Feridas";"Plena Noite";"Crescente";"Nublado";"Dupla";"Curva";"Não";1;0;1;0;0;0;1;1;-25,31031746;-49,00207969;"SPRF-PR";"DEL01-PR";"UOP02-DEL01-PR"
251507;2019-11-24;"domingo";"01:45:00";"MG";381;884,6;"ESTIVA";"Velocidade Incompatível";"Saída de leito carroçável";"Sem Vítimas";"Plena Noite";"Crescente";"Chuva";"Dupla";"Curva";"Não";1;0;0;0;0;1;0;1;-22,49781318;-46,0137409;"SPRF-MG";"DEL16-MG";"UOP01-DEL16-MG"
251508;2019-11-24;"domingo";"00:09:00";"RJ";40;59;"PETROPOLIS";"Velocidade Incompatível";"Capotamento";"Sem Vítimas";"Plena Noite";"Decrescente";"Chuva";"Dupla";"Curva";"Sim";1;0;0;0;1;0;0;1;-22,38628773;-43,13543464;"SPRF-RJ";"DEL06-RJ";"UOP01-DEL06-RJ"
251509;2019-11-24;"domingo";"02:15:00";"SP";116;50,9;"LORENA";"Desobediência às normas de trânsito pelo pedestre";"Atropelamento de Pedestre";"Com Vítimas Fatais";"Plena Noite";"Crescente";"Nublado";"Dupla";"Reta";"Sim";2;1;0;0;1;0;0;2;-22,73603721;-45,08433485;"SPRF-SP";"DEL08-SP";"UOP01-DEL08-SP"
251511;2019-11-24;"domingo";"01:30:00";"SP";116;274;"TABOAO DA SERRA";"Velocidade Incompatível";"Colisão traseira";"Sem Vítimas";"Plena Noite";"Decrescente";"Chuva";"Dupla";"Reta";"Sim";2;0;0;0;1;1;0;2;-23,617817;-46,797572;"SPRF-SP";"DEL04-SP";"UOP01-DEL04-SP"
251512;2019-11-24;"domingo";"00:30:00";"MS";163;0;"MUNDO NOVO";"Condutor Dormindo";"Colisão com objeto estático";"Sem Vítimas";"Plena Noite";"Crescente";"Céu Claro";"Simples";"Curva";"Não";1;0;0;0;1;0;0;1;-24,00366571;-54,32171887;"SPRF-MS";"DEL09-MS";"UOP02-DEL09-MS"
251513;2019-11-24;"domingo";"03:05:00";"PR";153;361;"RIO AZUL";"Condutor Dormindo";"Colisão lateral";"Com Vítimas Feridas";"Plena Noite";"Decrescente";"Nublado";"Simples";"Reta;Declive";"Não";2;0;0;2;0;0;2;2;-25,68138885;-50,75860977;"SPRF-PR";"DEL03-PR";"UOP02-DEL08-PR"
251514;2019-11-24;"domingo";"00:20:00";"SC";116;255,3;"LAGES";"Falta de Atenção à Condução";"Saída de leito carroçável";"Com Vítimas Feridas";"Plena Noite";"Crescente";"Céu Claro";"Simples";"Reta";"Não";2;0;1;1;0;0;2;1;-27,87404015;-50,40241986;"SPRF-SC";"DEL05-SC";"UOP02-DEL05-SC"
251515;2019-11-23;"sábado";"23:35:00";"MA";316;622,2;"TIMON";"Falta de Atenção à Condução";"Colisão frontal";"Com Vítimas Feridas";"Plena Noite";"Crescente";"Céu Claro";"Simples";"Curva";"Sim";2;0;0;1;1;0;1;2;-5,13176535;-42,81951427;"SPRF-MA";"DEL03-MA";"UOP02-DEL03-MA"
251517;2019-11-24;"domingo";"02:00:00";"SC";282;329;"CAMPOS NOVOS";"Animais na Pista";"Saída de leito carroçável";"Com Vítimas Feridas";"Plena Noite";"Crescente";"Céu Claro";"Simples";"Reta";"Não";1;0;1;0;0;0;1;1;-27,380089;-51,097698;"SPRF-SC";"DEL07-SC";"UOP06-DEL07-SC"
251518;2019-11-24;"domingo";"03:00:00";"RJ";101;316;"SAO GONCALO";"Falta de Atenção à Condução";"Saída de leito carroçável";"Sem Vítimas";"Plena Noite";"Crescente";"Chuva";"Dupla";"Reta";"Sim";3;0;0;0;3;0;0;1;-22,82835879;-43,09208739;"SPRF-RJ";"DEL02-RJ";"UOP02-DEL02-RJ"
251519;2019-11-24;"domingo";"00:23:00";"SC";282;581,5;"PINHALZINHO";"Desobediência às normas de trânsito pelo condutor";"Colisão frontal";"Com Vítimas Feridas";"Plena Noite";"Decrescente";"Céu Claro";"Simples";"Aclive;Curva";"Não";5;0;0;4;1;0;4;3;-26,828749;-52,997929;"SPRF-SC";"DEL07-SC";"UOP02-DEL07-SC"
251520;2019-11-24;"domingo";"03:30:00";"SC";101;415,1;"ARARANGUA";"Ingestão de Álcool";"Colisão com objeto estático";"Sem Vítimas";"Plena Noite";"Decrescente";"Ignorado";"Dupla";"Curva";"Sim";1;0;0;0;1;0;0;1;-28,96040535;-49,51653267;"SPRF-SC";"DEL02-SC";"UOP02-DEL02-SC"
251521;2019-11-24;"domingo";"01:20:00";"MG";381;928,9;"ITAPEVA";"Velocidade Incompatível";"Colisão com objeto estático";"Sem Vítimas";"Plena Noite";"Decrescente";"Nublado";"Dupla";"Reta";"Não";1;0;0;0;0;1;0;1;-22,77083959;-46,23332262;"SPRF-MG";"DEL16-MG";"UOP03-DEL16-MG"
251522;2019-11-24;"domingo";"03:10:00";"MG";40;716,9;"BARBACENA";"Ingestão de Álcool";"Saída de leito carroçável";"Com Vítimas Feridas";"Plena Noite";"Crescente";"Chuva";"Dupla";"Curva";"Não";1;0;1;0;0;0;1;1;-21,25119862;-43,67826339;"SPRF-MG";"DEL05-MG";"UOP01-DEL05-MG"