"id";"data_inversa";"dia_semana";"horario";"uf";"br";"km";"municipio";"causa_acidente";"tipo_acidente";"classificacao_acidente";"fase_dia";"sentido_via";"condicao_metereologica";"tipo_pista";"tracado_via";"uso_solo";"pessoas";"mortos";"feridos_leves";"feridos_graves";"ilesos";"ignorados";"feridos";"veiculos";"latitude";"longitude";"regional";"delegacia";"uop"
251626;2019-11-24;"domingo";"15:35:00";"GO";20;90,2;"VILA BOA";"Pista Escorregadia";"Capotamento";"Com Vítimas Feridas";"Pleno dia";"Decrescente";"Chuva";"Simples";"Reta";"Não";3;0;3;0;0;0;3;1;-15,02026;-47,046417;"SPRF-DF";"DEL02-DF";"UOP01-DEL02-DF"
251627;2019-11-24;"domingo";"16:00:00";"RS";158;366;"DILERMANDO DE AGUIAR";"Falta de Atenção à Condução";"Colisão traseira";"Com Vítimas Feridas";"Pleno dia";"Decrescente";"Céu Claro";"Simples";"Reta";"Não";5;0;1;0;4;0;1;2;-29,82333684;-54,14367916;"SPRF-RS";"DEL09-RS";"UOP01-DEL09-RS"
251628;2019-11-24;"domingo";"15:25:00";"MG";381;893,7;"CAMBUI";"Condutor Dormindo";"Saída de leito carroçável";"Com Vítimas Feridas";"Pleno dia";"Crescente";"Céu Claro";"Dupla";"Curva";"Não";1;0;1;0;0;0;1;1;-22,57275882;-46,04247898;"SPRF-MG";"DEL16-MG";"UOP03-DEL16-MG"
251629;2019-11-24;"domingo";"15:55:00";"PR";376;252,8;"CALIFORNIA";"Ingestão de Álcool";"Colisão com objeto estático";"Sem Vítimas";"Pleno dia";"Decrescente";"Céu Claro";"Dupla";"Reta";"Não";2;0;0;0;2;0;0;1;-23,630501;-51,377894;"SPRF-PR";"DEL07-PR";"UOP03-DEL07-PR"
251630;2019-11-24;"domingo";"15:40:00";"PB";101;91,2;"JOAO PESSOA";"Ultrapassagem Indevida";"Tombamento";"Com Vítimas Feridas";"Pleno dia";"Crescente";"Céu Claro";"Dupla";"Reta";"Sim";3;0;2;0;0;1;2;2;-7,18826412;-34,90308264;"SPRF-PB";"DEL01-PB";"UOP01-DEL01-PB"
251632;2019-11-24;"domingo";"16:10:00";"PR";467;109,9;"CASCAVEL";"Falta de Atenção à Condução";"Tombamento";"Com Vítimas Feridas";"Pleno dia";"Crescente";"Céu Claro";"Simples";"Reta";"Sim";2;0;1;1;0;0;2;1;-24,9299;-53,4505;"SPRF-PR";"DEL04-PR";"UOP01-DEL04-PR"
251635;2019-11-24;"domingo";"15:00:00";"MG";381;419;"CAETE";"Velocidade Incompatível";"Colisão frontal";"Com Vítimas Feridas";"Pleno dia";"Decrescente";"Chuva";"Simples";"Declive;Em Obras";"Não";6;0;4;1;1;0;5;3;-19,77066812;-43,64873289;"SPRF-MG";"DEL01-MG";"UOP01-DEL01-MG"
251636;2019-11-24;"domingo";"16:15:00";"RS";116;243,5;"SAO LEOPOLDO";"Não guardar distância de segurança";"Colisão traseira";"Sem Vítimas";"Pleno dia";"Crescente";"Sol";"Múltipla";"Aclive";"Sim";3;0;0;0;3;0;0;3;-29,73044791;-51,14943808;"SPRF-RS";"DEL01-RS";"UOP02-DEL01-RS"
251637;2019-11-24;"domingo";"13:50:00";"RR";174;709;"PACARAIMA";"Falta de Atenção do Pedestre";"Atropelamento de Pedestre";"Com Vítimas Fatais";"Pleno dia";"Crescente";"Céu Claro";"Simples";"Declive;Reta";"Não";6;1;0;0;3;2;0;2;4,436359;-61,114746;"SPRF-RR";"DEL01-RR";"UOP02-DEL01-RR"
251638;2019-11-24;"domingo";"17:01:00";"PB";230;15;"JOAO PESSOA";"Ingestão de Álcool";"Colisão com objeto estático";"Com Vítimas Feridas";"Pleno dia";"Crescente";"Céu Claro";"Dupla";"Reta;Aclive";"Sim";1;0;1;0;0;0;1;1;-7,093;-34,8482;"SPRF-PB";"DEL01-PB";"UOP01-DEL01-PB"
251639;2019-11-24;"domingo";"16:30:00";"SC";470;58,1;"BLUMENAU";"Falta de Atenção à Condução";"Colisão traseira";"Sem Vítimas";"Pleno dia";"Decrescente";"Céu Claro";"Simples";"Reta";"Não";3;0;0;0;3;0;0;2;-26,883879;-49,145622;"SPRF-SC";"DEL04-SC";"UOP01-DEL04-SC"
251640;2019-11-24;"domingo";"17:00:00";"SC";470;85,8;"RODEIO";"Desobediência às normas de trânsito pelo condutor";"Colisão transversal";"Com Vítimas Feridas";"Anoitecer";"Decrescente";"Céu Claro";"Simples";"Reta";"Sim";4;0;3;0;1;0;3;2;-26,956114;-49,350414;"SPRF-SC";"DEL04-SC";"UOP01-DEL04-SC"
251641;2019-11-24;"domingo";"15:45:00";"BA";101;906;"IBIRAPUA";"Ingestão de Álcool";"Queda de ocupante de veículo";"Com Vítimas Feridas";"Pleno dia";"Decrescente";"Nublado";"Simples";"Curva";"Não";1;0;1;0;0;0;1;1;-17,7703;-39,77546;"SPRF-BA";"DEL09-BA";"UOP02-DEL09-BA"
251642;2019-11-24;"domingo";"16:30:00";"SP";116;134,5;"SAO JOSE DOS CAMPOS";"Falta de Atenção à Condução";"Colisão traseira";"Com Vítimas Feridas";"Pleno dia";"Crescente";"Céu Claro";"Simples";"Reta";"Sim";3;0;1;0;2;0;1;2;-23,1402216;-45,7617252;"SPRF-SP";"DEL06-SP";"UOP02-DEL02-SP"
251643;2019-11-24;"domingo";"16:30:00";"PR";376;162,5;"MARINGA";"Ingestão de Álcool";"Saída de leito carroçável";"Sem Vítimas";"Pleno dia";"Crescente";"Céu Claro";"Dupla";"Declive";"Não";1;0;0;0;1;0;0;1;-23,37710685;-52,04510993;"SPRF-PR";"DEL07-PR";"UOP01-DEL09-PR"
251645;2019-11-24;"domingo";"16:50:00";"SP";116;189;"SANTA ISABEL";"Falta de Atenção à Condução";"Colisão traseira";"Sem Vítimas";"Pleno dia";"Crescente";"Nublado";"Dupla";"Reta";"Não";3;0;0;0;3;0;0;2;-23,36435234;-46,22488684;"SPRF-SP";"DEL02-SP";"UOP01-DEL02-SP"
251646;2019-11-24;"domingo";"16:30:00";"SC";280;226,9;"TRES BARRAS";"Ingestão de Álcool";"Colisão com objeto estático";"Com Vítimas Feridas";"Pleno dia";"Crescente";"Céu Claro";"Simples";"Ponte";"Não";1;0;1;0;0;0;1;1;-26,18105839;-50,32269294;"SPRF-SC";"DEL06-SC";"UOP04-DEL06-SC"
251647;2019-11-24;"domingo";"17:00:00";"RN";101;159,9;"CANGUARETAMA";"Ingestão de Álcool";"Colisão frontal";"Com Vítimas Feridas";"Anoitecer";"Decrescente";"Céu Claro";"Simples";"Reta";"Sim";3;0;3;0;0;0;3;2;-6,36674;-35,15527;"SPRF-RN";"DEL01-RN";"UOP01-DEL01-RN"
251649;2019-11-24;"domingo";"17:25:00";"AL";104;54,9;"MURICI";"Defeito Mecânico no Veículo";"Colisão transversal";"Com Vítimas Feridas";"Pleno dia";"Decrescente";"Sol";"Simples";"Reta";"Não";5;0;0;3;2;0;3;2;-9,27415995;-35,96520211;"SPRF-AL";"DEL01-AL";"UOP02-DEL01-AL"
251650;2019-11-24;"domingo";"17:10:00";"PI";316;7;"TERESINA";"Desobediência às normas de trânsito pelo condutor";"Colisão transversal";"Com Vítimas Feridas";"Pleno dia";"Crescente";"Sol";"Simples";"Declive";"Sim";2;0;1;0;1;0;1;2;-5,14702095;-42,77438982;"SPRF-PI";"DEL01-PI";"UOP02-DEL01-PI"
251651;2019-11-24;"domingo";"17:10:00";"BA";110;188;"RIBEIRA DO POMBAL";"Falta de Atenção à Condução";"Colisão transversal";"Com Vítimas Feridas";"Pleno dia";"Decrescente";"Céu Claro";"Simples";"Reta";"Não";4;0;3;0;1;0;3;2;-11,00255002;-38,51520531;"SPRF-BA";"DEL07-BA";"UOP02-DEL07-BA"
251652;2019-11-24;"domingo";"16:28:00";"MG";40;455,4;"CAETANOPOLIS";"Avarias e/ou desgaste excessivo no pneu";"Colisão traseira";"Sem Vítimas";"Pleno dia";"Decrescente";"Chuva";"Dupla";"Reta;Declive";"Não";2;0;0;0;2;0;0;2;-19,35767518;-44,34735515;"SPRF-MG";"DEL02-MG";"UOP01-DEL02-MG"
251653;2019-11-24;"domingo";"16:30:00";"MG";40;509,7;"RIBEIRAO DAS NEVES";"Agressão Externa";"Saída de leito carroçável";"Com Vítimas Feridas";"Pleno dia";"Decrescente";"Nublado";"Dupla";"Reta";"Não";3;0;2;0;1;0;2;1;-19,76728744;-44,12855905;"SPRF-MG";"DEL01-MG";"UOP02-DEL01-MG"
251654;2019-11-24;"domingo";"17:15:00";"SC";116;213;"PONTE ALTA";"Ingestão de Álcool";"Colisão traseira";"Com Vítimas Feridas";"Pleno dia";"Crescente";"Céu Claro";"Múltipla";"Reta";"Não";4;0;2;0;2;0;2;3;-27,52555618;-50,36559279;"SPRF-SC";"DEL05-SC";"UOP03-DEL05-SC"
251655;2019-11-24;"domingo";"15:50:00";"SC";116;221;"CORREIA PINTO";"Desobediência às normas de trânsito pelo condutor";"Colisão transversal";"Sem Vítimas";"Pleno dia";"Decrescente";"Céu Claro";"Simples";"Reta;Interseção de Vias";"Sim";3;0;0;0;3;0;0;3;-27,58573399;-50,36555188;"SPRF-SC";"DEL05-SC";"UOP03-DEL05-SC"
251656;2019-11-24;"domingo";"16:40:00";"GO";414;410;"ABADIANIA";"Falta de Atenção à Condução";"Colisão transversal";"Com Vítimas Feridas";"Pleno dia";"Decrescente";"Céu Claro";"Simples";"Reta";"Não";2;0;1;0;1;0;1;2;-16,05858626;-48,85401759;"SPRF-GO";"DEL02-GO";"UOP01-DEL02-GO"
251657;2019-11-24;"domingo";"17:45:00";"MG";381;315;"NOVA ERA";"Velocidade Incompatível";"Capotamento";"Com Vítimas Feridas";"Anoitecer";"Decrescente";"Céu Claro";"Simples";"Curva";"Não";4;0;4;0;0;0;4;1;-19,66929625;-42,96941229;"SPRF-MG";"DEL03-MG";"UOP02-DEL03-MG"
251658;2019-11-24;"domingo";"15:20:00";"RN";304;24;"MOSSORO";"Falta de Atenção à Condução";"Saída de leito carroçável";"Com Vítimas Feridas";"Pleno dia";"Crescente";"Céu Claro";"Simples";"Curva";"Não";2;0;1;0;1;0;1;1;-5,06488233;-37,33287055;"SPRF-RN";"DEL04-RN";"UOP02-DEL04-RN"
251659;2019-11-24;"domingo";"12:15:00";"ES";101;147;"LINHARES";"Falta de Atenção à Condução";"Colisão com objeto estático";"Sem Vítimas";"Pleno dia";"Crescente";"Sol";"Simples";"Reta";"Sim";1;0;0;0;1;0;0;1;-19,37887202;-40,06657892;"SPRF-ES";"DEL04-ES";"UOP01-DEL04-ES"
251660;2019-11-24;"domingo";"17:50:00";"ES";101;182,2;"ARACRUZ";"Pista Escorregadia";"Colisão transversal";"Com Vítimas Fatais";"Anoitecer";"Crescente";"Garoa/Chuvisco";"Simples";"Curva";"Não";6;1;0;5;0;0;5;2;-19,6386808;-40,23155029;"SPRF-ES";"DEL04-ES";"UOP01-DEL04-ES"
251662;2019-11-24;"domingo";"17:55:00";"GO";153;560,7;"PROFESSOR JAMIL";"Velocidade Incompatível";"Saída de leito carroçável";"Com Vítimas Feridas";"Pleno dia";"Crescente";"Chuva";"Dupla";"Reta";"Não";3;0;2;1;0;0;3;1;-17,2174;-49,2288;"SPRF-GO";"DEL03-GO";"UOP01-DEL03-GO"
251664;2019-11-24;"domingo";"17:45:00";"RS";116;230,6;"IVOTI";"Desobediência às normas de trânsito pelo condutor";"Colisão transversal";"Com Vítimas Feridas";"Pleno dia";"Crescente";"Céu Claro";"Simples";"Retorno Regulamentado";"Sim";2;0;1;0;1;0;1;2;-29,62222179;-51,13039371;"SPRF-RS";"DEL01-RS";"UOP02-DEL01-RS"
251665;2019-11-24;"domingo";"17:50:00";"BA";242;860;"BARREIRAS";"Pista Escorregadia";"Engavetamento";"Com Vítimas Feridas";"Anoitecer";"Crescente";"Chuva";"Simples";"Reta";"Não";3;0;1;0;2;0;1;3;-12,064309;-45,589056;"SPRF-BA";"DEL10-BA";"UOP01-DEL10-BA"
251666;2019-11-24;"domingo";"17:00:00";"PR";369;138;"IBIPORA";"Ingestão de Álcool";"Colisão transversal";"Com Vítimas Feridas";"Pleno dia";"Decrescente";"Céu Claro";"Múltipla";"Interseção de Vias";"Sim";5;0;1;0;4;0;1;2;-23,27368247;-51,0561651;"SPRF-PR";"DEL07-PR";"UOP01-DEL07-PR"
251667;2019-11-24;"domingo";"17:00:00";"SP";116;83;"ROSEIRA";"Falta de Atenção à Condução";"Colisão lateral";"Sem Vítimas";"Pleno dia";"Crescente";"Céu Claro";"Dupla";"Reta";"Não";2;0;0;0;2;0;0;2;-22,91346033;-45,32740983;"SPRF-SP";"DEL06-SP";"UOP01-DEL06-SP"
251669;2019-11-24;"domingo";"15:00:00";"RJ";116;256;"PIRAI";"Defeito Mecânico no Veículo";"Saída de leito carroçável";"Com Vítimas Feridas";"Pleno dia";"Crescente";"Nublado";"Múltipla";"Reta";"Não";1;0;0;1;0;0;1;1;-22,58449025;-44,00458394;"SPRF-RJ";"DEL07-RJ";"UOP02-DEL07-RJ"
251670;2019-11-24;"domingo";"18:10:00";"RS";386;204,8;"VICTOR GRAEFF";"Velocidade Incompatível";"Saída de leito carroçável";"Com Vítimas Feridas";"Pleno dia";"Crescente";"Céu Claro";"Simples";"Reta";"Não";3;0;3;0;0;0;3;1;-28,49846199;-52,64513543;"SPRF-RS";"DEL04-RS";"UOP03-DEL04-RS"
251671;2019-11-16;"sábado";"19:30:00";"SP";116;300;"SAO LOURENCO DA SERRA";"Falta de Atenção à Condução";"Colisão com objeto estático";"Sem Vítimas";"Plena Noite";"Decrescente";"Céu Claro";"Dupla";"Reta";"Não";1;0;0;0;0;1;0;1;-23,80425272;-46,92143625;"SPRF-SP";"DEL04-SP";"UOP01-DEL04-SP"
251673;2019-11-24;"domingo";"18:00:00";"BA";101;885;"IBIRAPUA";"Pista Escorregadia";"Queda de ocupante de veículo";"Com Vítimas Feridas";"Plena Noite";"Decrescente";"Chuva";"Simples";"Curva";"Não";1;0;1;0;0;0;1;1;-17,80731692;-39,78310431;"SPRF-BA";"DEL09-BA";"UOP02-DEL09-BA"
251674;2019-11-24;"domingo";"18:30:00";"PB";101;82;"BAYEUX";"Restrição de Visibilidade";"Atropelamento de Pedestre";"Com Vítimas Fatais";"Plena Noite";"Crescente";"Céu Claro";"Dupla";"Reta";"Sim";4;1;0;0;1;2;0;3;-7,1301727;-34,9353997;"SPRF-PB";"DEL01-PB";"UOP01-DEL01-PB"
251675;2019-11-24;"domingo";"18:50:00";"SP";116;230;"SAO PAULO";"Falta de Atenção à Condução";"Colisão lateral";"Com Vítimas Feridas";"Plena Noite";"Crescente";"Céu Claro";"Múltipla";"Reta";"Sim";3;0;1;0;2;0;1;2;-23,52251783;-46,5855702;"SPRF-SP";"DEL01-SP";"UOP01-DEL01-SP"
251676;2019-11-24;"domingo";"17:35:00";"SC";101;149,5;"ITAPEMA";"Falta de Atenção à Condução";"Tombamento";"Com Vítimas Feridas";"Pleno dia";"Decrescente";"Céu Claro";"Dupla";"Reta";"Sim";2;0;1;0;1;0;1;1;-27,1089649;-48,61277586;"SPRF-SC";"DEL04-SC";"UOP03-DEL04-SC"
251677;2019-11-24;"domingo";"17:40:00";"SC";282;512,3;"XANXERE";"Ingestão de Álcool";"Colisão lateral";"Com Vítimas Feridas";"Pleno dia";"Decrescente";"Céu Claro";"Simples";"Reta";"Não";6;0;2;0;4;0;2;3;-26,910799;-52,472099;"SPRF-SC";"DEL07-SC";"UOP01-DEL07-SC"
251678;2019-11-24;"domingo";"17:20:00";"MG";262;584;"CAMPOS ALTOS";"Velocidade Incompatível";"Saída de leito carroçável";"Com Vítimas Feridas";"Pleno dia";"Decrescente";"Chuva";"Simples";"Curva";"Não";5;0;3;1;1;0;4;1;-19,65530504;-46,08642825;"SPRF-MG";"DEL08-MG";"UOP02-DEL08-MG"
251679;2019-11-24;"domingo";"16:05:00";"SC";282;504,4;"XANXERE";"Ingestão de Álcool";"Saída de leito carroçável";"Com Vítimas Feridas";"Pleno dia";"Decrescente";"Céu Claro";"Múltipla";"Reta;Declive";"Sim";1;0;0;1;0;0;1;1;-26,884279;-52,408466;"SPRF-SC";"DEL07-SC";"UOP01-DEL07-SC"
251680;2019-11-24;"domingo";"18:25:00";"BA";116;823,4;"VITORIA DA CONQUISTA";"Defeito Mecânico no Veículo";"Incêndio";"Sem Vítimas";"Plena Noite";"Crescente";"Nublado";"Dupla";"Reta";"Sim";1;0;0;0;1;0;0;1;-14,8166973;-40,80546484;"SPRF-BA";"DEL08-BA";"UOP01-DEL08-BA"
251682;2019-11-24;"domingo";"17:30:00";"BA";110;279,9;"INHAMBUPE";"Ultrapassagem Indevida";"Colisão lateral";"Com Vítimas Feridas";"Anoitecer";"Crescente";"Céu Claro";"Simples";"Reta";"Não";7;0;6;0;1;0;6;3;-11,68955736;-38,31893921;"SPRF-BA";"DEL01-BA";"UOP04-DEL01-BA"
251683;2019-11-24;"domingo";"17:45:00";"RJ";393;181;"PARAIBA DO SUL";"Velocidade Incompatível";"Tombamento";"Com Vítimas Feridas";"Pleno dia";"Crescente";"Nublado";"Simples";"Curva";"Não";1;0;0;1;0;0;1;1;-22,13626025;-43,25137178;"SPRF-RJ";"DEL05-RJ";"UOP03-DEL05-RJ"
251684;2019-11-24;"domingo";"16:40:00";"PR";476;88;"BOCAIUVA DO SUL";"Velocidade Incompatível";"Saída de leito carroçável";"Com Vítimas Feridas";"Pleno dia";"Crescente";"Nublado";"Simples";"Curva";"Não";2;0;1;0;1;0;1;1;-25,179029;-49,118553;"SPRF-PR";"DEL01-PR";"UOP07-DEL01-PR"
251685;2019-11-24;"domingo";"17:50:00";"MT";70;510;"CUIABA";"Defeito Mecânico no Veículo";"Queda de ocupante de veículo";"Com Vítimas Feridas";"Plena Noite";"Crescente";"Nublado";"Simples";"Reta";"Não";1;0;1;0;0;0;1;1;-15,65051022;-55,99823809;"SPRF-MT";"DEL02-MT";"UOP02-DEL01-MT"
251687;2019-11-24;"domingo";"19:00:00";"GO";153;498;"GOIANIA";"Não guardar distância de segurança";"Colisão traseira";"Com Vítimas Feridas";"Plena Noite";"Crescente";"Chuva";"Dupla";"Reta";"Sim";4;0;1;0;3;0;1;4;-16,6939;-49,2321;"SPRF-GO";"DEL01-GO";"UOP01-DEL01-GO"
251688;2019-11-24;"domingo";"19:00:00";"BA";116;356;"SERRINHA";"Ingestão de Álcool";"Atropelamento de Animal";"Com Vítimas Feridas";"Plena Noite";"Crescente";"Céu Claro";"Simples";"Reta";"Não";2;0;1;0;1;0;1;2;-11,64321505;-38,98662592;"SPRF-BA";"DEL02-BA";"UOP01-DEL02-BA"
251690;2019-11-24;"domingo";"18:50:00";"ES";262;158,6;"IBATIBA";"Velocidade Incompatível";"Saída de leito carroçável";"Sem Vítimas";"Plena Noite";"Crescente";"Nublado";"Múltipla";"Reta;Declive;Em Obras";"Sim";3;0;0;0;0;3;0;3;-20,23111383;-41,49626094;"SPRF-ES";"DEL01-ES";"UOP02-DEL01-ES"
251692;2019-11-24;"domingo";"18:45:00";"PI";343;306,6;"ALTOS";"Falta de Atenção à Condução";"Colisão frontal";"Com Vítimas Feridas";"Plena Noite";"Decrescente";"Céu Claro";"Simples";"Reta";"Sim";2;0;1;1;0;0;2;2;-5,03907511;-42,45338738;"SPRF-PI";"DEL01-PI";"UOP01-DEL01-PI"
251693;2019-11-24;"domingo";"20:00:00";"SC";101;211,1;"PALHOCA";"Não guardar distância de segurança";"Colisão traseira";"Com Vítimas Feridas";"Plena Noite";"Decrescente";"Céu Claro";"Dupla";"Reta";"Sim";6;0;4;0;2;0;4;3;-27,62379571;-48,65261614;"SPRF-SC";"DEL01-SC";"UOP02-DEL01-SC"
251694;2019-11-24;"domingo";"19:30:00";"PR";469;17;"FOZ DO IGUACU";"Desobediência às normas de trânsito pelo condutor";"Colisão frontal";"Com Vítimas Feridas";"Plena Noite";"Decrescente";"Céu Claro";"Dupla";"Interseção de Vias";"Sim";3;0;2;0;1;0;2;2;-25,5906;-54,5172;"SPRF-PR";"DEL05-PR";"UOP04-DEL05-PR"
251695;2019-11-24;"domingo";"18:10:00";"PB";230;407;"POMBAL";"Falta de Atenção à Condução";"Colisão frontal";"Com Vítimas Feridas";"Anoitecer";"Crescente";"Céu Claro";"Simples";"Reta";"Sim";2;0;1;0;1;0;1;2;-6,766388;-37,794824;"SPRF-PB";"DEL03-PB";"UOP02-DEL03-PB"
251696;2019-11-24;"domingo";"19:05:00";"MT";174;8;"PONTES E LACERDA";"Animais na Pista";"Atropelamento de Animal";"Com Vítimas Feridas";"Plena Noite";"Crescente";"Céu Claro";"Simples";"Curva";"Não";2;0;2;0;0;0;2;1;-15,20482897;-59,36634064;"SPRF-MT";"DEL04-MT";"UOP01-DEL04-MT"
251697;2019-11-24;"domingo";"19:22:00";"PR";277;1,3;"FOZ DO IGUACU";"Desobediência às normas de trânsito pelo condutor";"Colisão traseira";"Com Vítimas Feridas";"Anoitecer";"Crescente";"Céu Claro";"Dupla";"Reta;Interseção de Vias";"Sim";3;0;0;2;0;1;2;2;-25,4949363;-54,58335226;"SPRF-PR";"DEL05-PR";"UOP03-DEL05-PR"
251698;2019-11-24;"domingo";"19:25:00";"PI";343;343,5;"TERESINA";"Ingestão de Álcool";"Colisão transversal";"Sem Vítimas";"Plena Noite";"Crescente";"Céu Claro";"Simples";"Rotatória";"Sim";2;0;0;0;2;0;0;2;-5,087362;-42,757851;"SPRF-PI";"DEL01-PI";"UOP01-DEL01-PI"
251699;2019-11-24;"domingo";"20:30:00";"GO";70;2,9;"AGUAS LINDAS DE GOIAS";"Falta de Atenção do Pedestre";"Atropelamento de Pedestre";"Com Vítimas Fatais";"Plena Noite";"Crescente";"Céu Claro";"Dupla";"Reta";"Sim";3;1;0;1;1;0;1;2;-15,767021;-48,229945;"SPRF-DF";"DEL01-DF";"UOP02-DEL03-DF"
251700;2019-11-24;"domingo";"16:20:00";"PE";423;94;"GARANHUNS";"Desobediência às normas de trânsito pelo condutor";"Colisão traseira";"Sem Vítimas";"Pleno dia";"Crescente";"Céu Claro";"Simples";"Reta";"Sim";3;0;0;0;2;1;0;3;-8,874732;-36,46946;"SPRF-PE";"DEL03-PE";"UOP01-DEL03-PE"
251701;2019-11-24;"domingo";"08:20:00";"RS";285;557,5;"SAO LUIZ GONZAGA";"Desobediência às normas de trânsito pelo condutor";"Colisão traseira";"Com Vítimas Fatais";"Plena Noite";"Decrescente";"Céu Claro";"Simples";"Reta";"Não";1;1;0;0;0;0;0;1;-28,419415;-54,875294;"SPRF-RS";"DEL10-RS";"UOP01-DEL10-RS"
251702;2019-11-24;"domingo";"19:30:00";"RJ";101;205;"CASIMIRO DE ABREU";"Ingestão de álcool e/ou substâncias psicoativas pelo pedestre";"Colisão frontal";"Com Vítimas Feridas";"Plena Noite";"Crescente";"Céu Claro";"Simples";"Reta";"Sim";8;0;7;0;1;0;7;3;-22,47576149;-42,19220996;"SPRF-RJ";"DEL02-RJ";"UOP04-DEL08-RJ"
251703;2019-11-24;"domingo";"20:20:00";"MA";135;1,1;"SAO LUIS";"Desobediência às normas de trânsito pelo condutor";"Colisão transversal";"Sem Vítimas";"Plena Noite";"Decrescente";"Céu Claro";"Dupla";"Reta";"Sim";2;0;0;0;2;0;0;2;-2,53073;-44,3068;"SPRF-MA";"DEL01-MA";"UOP01-DEL01-MA"
251704;2019-11-24;"domingo";"17:15:00";"PR";369;178;"ROLANDIA";"Defeito Mecânico no Veículo";"Queda de ocupante de veículo";"Com Vítimas Feridas";"Pleno dia";"Decrescente";"Céu Claro";"Dupla";"Reta";"Sim";2;0;2;0;0;0;2;1;-23,35032872;-51,3861841;"SPRF-PR";"DEL07-PR";"UOP01-DEL07-PR"
251708;2019-11-24;"domingo";"21:10:00";"SP";381;86;"GUARULHOS";"Defeito Mecânico no Veículo";"Colisão lateral";"Com Vítimas Feridas";"Plena Noite";"Crescente";"Nublado";"Dupla";"Reta";"Sim";3;0;1;0;2;0;1;2;-23,45930499;-46,57161179;"SPRF-SP";"DEL03-SP";"UOP01-DEL03-SP"
251709;2019-11-24;"domingo";"21:30:00";"PE";232;158,2;"TACAIMBO";"Desobediência às normas de trânsito pelo condutor";"Colisão frontal";"Com Vítimas Fatais";"Plena Noite";"Crescente";"Céu Claro";"Simples";"Reta";"Não";2;1;0;0;1;0;0;2;-8,33051268;-36,23532702;"SPRF-PE";"DEL02-PE";"UOP03-DEL02-PE"
251710;2019-11-24;"domingo";"21:00:00";"GO";452;3;"RIO VERDE";"Ingestão de Álcool";"Saída de leito carroçável";"Com Vítimas Feridas";"Plena Noite";"Decrescente";"Céu Claro";"Múltipla";"Declive;Retorno Regulamentado;Curva";"Não";2;0;1;0;1;0;1;1;-17,80066089;-50,87743393;"SPRF-GO";"DEL04-GO";"UOP01-DEL04-GO"
251711;2019-11-24;"domingo";"22:00:00";"MG";381;361;"JOAO MONLEVADE";"Ingestão de Álcool";"Saída de leito carroçável";"Com Vítimas Feridas";"Plena Noite";"Crescente";"Nublado";"Simples";"Reta";"Sim";6;0;4;2;0;0;6;1;-19,85881293;-43,234108;"SPRF-MG";"DEL03-MG";"UOP01-DEL03-MG"
251713;2019-11-24;"domingo";"16:10:00";"SC";282;281,4;"SAO JOSE DO CERRITO";"Desobediência às normas de trânsito pelo condutor";"Colisão transversal";"Sem Vítimas";"Pleno dia";"Crescente";"Céu Claro";"Simples";"Retorno Regulamentado";"Sim";2;0;0;0;1;1;0;2;-27,580057;-50,76429;"SPRF-SC";"DEL05-SC";"UOP02-DEL05-SC"
251714;2019-11-24;"domingo";"22:10:00";"RJ";101;286,4;"ITABORAI";"Defeito Mecânico no Veículo";"Colisão com objeto estático";"Com Vítimas Feridas";"Plena Noite";"Decrescente";"Céu Claro";"Dupla";"Reta";"Não";4;0;1;0;3;0;1;1;-22,75409331;-42,82491696;"SPRF-RJ";"DEL02-RJ";"UOP03-DEL02-RJ"
251716;2019-11-24;"domingo";"19:30:00";"GO";60;97;"ANAPOLIS";"Falta de Atenção à Condução";"Saída de leito carroçável";"Sem Vítimas";"Plena Noite";"Crescente";"Garoa/Chuvisco";"Dupla";"Reta";"Sim";1;0;0;0;0;1;0;1;-16,3774;-48,9483;"SPRF-GO";"DEL02-GO";"UOP01-DEL02-GO"
251717;2019-11-24;"domingo";"21:44:00";"SC";470;29,2;"GASPAR";"Velocidade Incompatível";"Saída de leito carroçável";"Sem Vítimas";"Plena Noite";"Crescente";"Céu Claro";"Dupla";"Reta";"Não";1;0;0;0;0;1;0;1;-26,89362;-48,903973;"SPRF-SC";"DEL04-SC";"UOP01-DEL04-SC"
251719;2019-11-24;"domingo";"20:30:00";"PA";316;31;"SANTA IZABEL DO PARA";"Ingestão de Álcool";"Colisão frontal";"Com Vítimas Feridas";"Plena Noite";"Crescente";"Céu Claro";"Dupla";"Curva";"Não";3;0;1;1;1;0;2;2;-1,3025866;-48,1965672;"SPRF-PA";"DEL01-PA";"UOP01-DEL01-PA"
251720;2019-11-24;"domingo";"23:00:00";"SC";101;123;"ITAJAI";"Desobediência às normas de trânsito pelo condutor";"Colisão transversal";"Com Vítimas Feridas";"Plena Noite";"Crescente";"Nublado";"Simples";"Interseção de Vias";"Sim";3;0;2;0;1;0;2;2;-26,93668609;-48,69876905;"SPRF-SC";"DEL04-SC";"UOP04-DEL04-SC"
251722;2019-11-24;"domingo";"22:20:00";"MT";174;303,7;"PONTES E LACERDA";"Animais na Pista";"Atropelamento de Animal";"Com Vítimas Feridas";"Plena Noite";"Decrescente";"Céu Claro";"Simples";"Reta";"Não";2;0;1;1;0;0;2;1;-15,11904685;-59,3140529;"SPRF-MT";"DEL04-MT";"UOP01-DEL04-MT"