"id";"data_inversa";"dia_semana";"horario";"uf";"br";"km";"municipio";"causa_acidente";"tipo_acidente";"classificacao_acidente";"fase_dia";"sentido_via";"condicao_metereologica";"tipo_pista";"tracado_via";"uso_solo";"pessoas";"mortos";"feridos_leves";"feridos_graves";"ilesos";"ignorados";"feridos";"veiculos";"latitude";"longitude";"regional";"delegacia";"uop"
251824;2019-09-22;"domingo";"17:30:00";"MG";381;939;"EXTREMA";"Não guardar distância de segurança";"Colisão traseira";"Com Vítimas Feridas";"Pleno dia";"Decrescente";"Céu Claro";"Dupla";"Reta";"Não";3;0;1;0;2;0;1;3;-22,84701434;-46,33321175;"SPRF-MG";"DEL16-MG";"UOP03-DEL16-MG"
251827;2019-11-25;"segunda-feira";"13:00:00";"PE";101;81,1;"JABOATAO DOS GUARARAPES";"Falta de Atenção à Condução";"Colisão lateral";"Com Vítimas Feridas";"Pleno dia";"Crescente";"Céu Claro";"Simples";"Curva";"Sim";2;0;1;0;1;0;1;2;-8,17054197;-34,93875504;"SPRF-PE";"DEL01-PE";"UOP03-DEL01-PE"
251829;2019-11-25;"segunda-feira";"12:50:00";"PR";376;179,1;"MARINGA";"Desobediência às normas de trânsito pelo condutor";"Colisão transversal";"Com Vítimas Feridas";"Pleno dia";"Crescente";"Céu Claro";"Dupla";"Desvio Temporário;Interseção de Vias";"Sim";2;0;1;0;1;0;1;2;-23,42244278;-51,90360392;"SPRF-PR";"DEL07-PR";"UOP01-DEL09-PR"
251830;2019-11-14;"quinta-feira";"06:50:00";"PR";277;660;"MATELANDIA";"Pista Escorregadia";"Colisão com objeto estático";"Com Vítimas Feridas";"Amanhecer";"Decrescente";"Chuva";"Dupla";"Curva";"Não";2;0;2;0;0;0;2;1;-25,25136237;-53,99027796;"SPRF-PR";"DEL05-PR";"UOP02-DEL05-PR"
251831;2019-10-27;"domingo";"20:40:00";"RO";364;519,7;"ARIQUEMES";"Falta de Atenção à Condução";"Colisão com objeto estático";"Sem Vítimas";"Plena Noite";"Decrescente";"Chuva";"Simples";"Em Obras";"Não";2;0;0;0;2;0;0;1;-9,88261372;-63,05740356;"SPRF-RO";"DEL03-RO";"UOP01-DEL03-RO"
251832;2019-11-25;"segunda-feira";"07:20:00";"BA";110;376;"SAO SEBASTIAO DO PASSE";"Velocidade Incompatível";"Saída de leito carroçável";"Com Vítimas Feridas";"Pleno dia";"Decrescente";"Céu Claro";"Simples";"Declive;Reta";"Não";4;0;4;0;0;0;4;1;-12,41579896;-38,47467614;"SPRF-BA";"DEL01-BA";"UOP01-DEL01-BA"
251834;2019-11-20;"quarta-feira";"06:45:00";"SC";282;1,9;"FLORIANOPOLIS";"Falta de Atenção à Condução";"Colisão lateral";"Com Vítimas Feridas";"Pleno dia";"Decrescente";"Céu Claro";"Múltipla";"Reta";"Sim";3;0;1;0;1;1;1;3;-27,60358437;-48,58810365;"SPRF-SC";"DEL01-SC";"UOP01-DEL01-SC"
251835;2019-11-10;"domingo";"07:12:00";"AL";101;246;"PORTO REAL DO COLEGIO";"Desobediência às normas de trânsito pelo condutor";"Colisão lateral";"Com Vítimas Feridas";"Pleno dia";"Decrescente";"Céu Claro";"Simples";"Curva";"Não";3;0;1;0;2;0;1;2;-10,19162376;-36,82542061;"SPRF-AL";"DEL02-AL";"UOP02-DEL02-AL"
251838;2019-11-21;"quinta-feira";"22:30:00";"MG";116;414,5;"GOVERNADOR VALADARES";"Falta de Atenção à Condução";"Engavetamento";"Com Vítimas Feridas";"Plena Noite";"Crescente";"Céu Claro";"Simples";"Reta";"Sim";3;0;1;0;2;0;1;2;-18,88102703;-41,95910802;"SPRF-MG";"DEL06-MG";"UOP01-DEL06-MG"
251840;2019-11-25;"segunda-feira";"14:00:00";"PE";428;153,5;"PETROLINA";"Defeito Mecânico no Veículo";"Capotamento";"Com Vítimas Feridas";"Pleno dia";"Crescente";"Céu Claro";"Simples";"Reta";"Não";1;0;1;0;0;0;1;1;-9,09314887;-40,32502723;"SPRF-PE";"DEL06-PE";"UOP01-DEL06-PE"
251841;2019-11-20;"quarta-feira";"13:25:00";"MG";153;95;"PRATA";"Falta de Atenção à Condução";"Colisão lateral";"Com Vítimas Feridas";"Pleno dia";"Crescente";"Céu Claro";"Simples";"Reta;Aclive";"Não";3;0;1;0;2;0;1;2;-19,1858341;-48,94751032;"SPRF-MG";"DEL15-MG";"UOP03-DEL15-MG"
251843;2019-11-25;"segunda-feira";"09:00:00";"MG";262;810,1;"UBERABA";"Defeito Mecânico no Veículo";"Tombamento";"Com Vítimas Feridas";"Pleno dia";"Decrescente";"Sol";"Dupla";"Retorno Regulamentado";"Sim";1;0;1;0;0;0;1;1;-19,76051836;-48,04440502;"SPRF-MG";"DEL13-MG";"UOP01-DEL13-MG"
251844;2019-11-25;"segunda-feira";"10:30:00";"PR";376;4,6;"APUCARANA";"Desobediência às normas de trânsito pelo condutor";"Colisão traseira";"Com Vítimas Feridas";"Pleno dia";"Decrescente";"Sol";"Dupla";"Reta";"Sim";3;0;1;1;1;0;2;2;-23,552391;-51,448089;"SPRF-PR";"DEL07-PR";"UOP03-DEL07-PR"
251845;2019-11-25;"segunda-feira";"13:30:00";"RJ";40;89;"PETROPOLIS";"Velocidade Incompatível";"Colisão com objeto estático";"Com Vítimas Feridas";"Pleno dia";"Decrescente";"Nublado";"Simples";"Aclive;Curva";"Não";2;0;2;0;0;0;2;1;-22,55509941;-43,23588967;"SPRF-RJ";"DEL06-RJ";"UOP01-DEL06-RJ"
251846;2019-02-10;"domingo";"23:45:00";"RJ";116;179,9;"NOVA IGUACU";"Velocidade Incompatível";"Colisão com objeto estático";"Sem Vítimas";"Plena Noite";"Decrescente";"Céu Claro";"Dupla";"Interseção de Vias";"Sim";1;0;0;0;0;1;0;1;-22,769873;-43,408077;"SPRF-RJ";"DEL01-RJ";"UOP02-DEL01-RJ"
251847;2019-10-26;"sábado";"14:15:00";"SP";116;326;"JUQUITIBA";"Falta de Atenção à Condução";"Colisão traseira";"Com Vítimas Feridas";"Pleno dia";"Crescente";"Sol";"Dupla";"Reta";"Sim";2;0;1;0;1;0;1;2;-23,93901304;-47,06241203;"SPRF-SP";"DEL04-SP";"UOP03-DEL04-SP"
251848;2019-11-25;"segunda-feira";"14:30:00";"GO";60;229,9;"CEZARINA";"Velocidade Incompatível";"Colisão com objeto estático";"Com Vítimas Feridas";"Pleno dia";"Crescente";"Chuva";"Dupla";"Curva;Declive";"Não";1;0;1;0;0;0;1;1;-17,0484;-49,7858;"SPRF-GO";"DEL01-GO";"UOP02-DEL01-GO"
251849;2019-10-11;"sexta-feira";"17:30:00";"PR";476;135;"CURITIBA";"Falta de Atenção do Pedestre";"Atropelamento de Pedestre";"Com Vítimas Feridas";"Pleno dia";"Decrescente";"Sol";"Múltipla";"Reta";"Sim";2;0;0;1;1;0;1;2;-25,483786;-49,265808;"SPRF-PR";"DEL01-PR";"UOP03-DEL01-PR"
251850;2019-09-07;"sábado";"07:20:00";"MG";365;11;"MONTES CLAROS";"Falta de Atenção do Pedestre";"Atropelamento de Pedestre";"Com Vítimas Feridas";"Pleno dia";"Crescente";"Ignorado";"Simples";"Curva";"Não";2;0;1;0;0;1;1;2;-16,83940793;-43,96033008;"SPRF-MG";"DEL12-MG";"UOP01-DEL12-MG"
251852;2019-11-15;"sexta-feira";"04:50:00";"GO";153;94,7;"MARA ROSA";"Condutor Dormindo";"Saída de leito carroçável";"Com Vítimas Fatais";"Plena Noite";"Crescente";"Céu Claro";"Simples";"Reta";"Não";2;1;0;0;0;1;0;2;-14,029192;-49,08828;"SPRF-GO";"DEL07-GO";"UOP01-DEL07-GO"
251853;2019-11-25;"segunda-feira";"14:35:00";"PB";101;9;"MAMANGUAPE";"Falta de Atenção à Condução";"Saída de leito carroçável";"Com Vítimas Feridas";"Pleno dia";"Decrescente";"Céu Claro";"Dupla";"Reta";"Não";2;0;2;0;0;0;2;1;-6,57453301;-35,14429822;"SPRF-PB";"DEL01-PB";"UOP04-DEL01-PB"
251856;2019-10-15;"terça-feira";"13:30:00";"PA";422;41;"TUCURUI";"Desobediência às normas de trânsito pelo condutor";"Colisão frontal";"Com Vítimas Feridas";"Pleno dia";"Crescente";"Céu Claro";"Simples";"Aclive;Curva";"Não";2;0;1;0;0;1;1;2;-3,99075786;-49,76294838;"SPRF-PA";"DEL03-PA";"UOP01-DEL03-PA"
251858;2019-05-08;"quarta-feira";"18:45:00";"RJ";393;222;"VASSOURAS";"Falta de Atenção à Condução";"Queda de ocupante de veículo";"Com Vítimas Feridas";"Anoitecer";"Decrescente";"Céu Claro";"Simples";"Reta";"Não";2;0;2;0;0;0;2;1;-22,32635987;-43,53667408;"SPRF-RJ";"DEL05-RJ";"UOP03-DEL05-RJ"
251859;2019-11-22;"sexta-feira";"18:30:00";"AC";364;139;"RIO BRANCO";"Falta de Atenção à Condução";"Colisão transversal";"Com Vítimas Feridas";"Plena Noite";"Decrescente";"Céu Claro";"Dupla";"Rotatória";"Sim";3;0;2;0;1;0;2;2;-9,95359291;-67,86119892;"SPRF-AC";"DEL01-AC";"UOP01-DEL01-AC"
251861;2019-11-24;"domingo";"03:15:00";"RR";401;0;"BOA VISTA";"Objeto estático sobre o leito carroçável";"Colisão com objeto estático";"Com Vítimas Feridas";"Plena Noite";"Decrescente";"Céu Claro";"Dupla";"Interseção de Vias";"Sim";2;0;1;0;1;0;1;1;2,8061678;-60,68998;"SPRF-RR";"DEL01-RR";"UOP01-DEL01-RR"
251862;2019-11-25;"segunda-feira";"15:30:00";"MG";40;742,5;"SANTOS DUMONT";"Falta de Atenção à Condução";"Colisão com objeto estático";"Com Vítimas Feridas";"Pleno dia";"Decrescente";"Céu Claro";"Simples";"Curva";"Não";1;0;1;0;0;0;1;1;-21,410777;-43,56679;"SPRF-MG";"DEL05-MG";"UOP01-DEL05-MG"
251865;2019-11-25;"segunda-feira";"16:15:00";"PI";343;26,5;"PARNAIBA";"Falta de Atenção à Condução";"Colisão transversal";"Com Vítimas Feridas";"Pleno dia";"Decrescente";"Céu Claro";"Simples";"Reta";"Sim";2;0;1;0;1;0;1;2;-3,034567;-41,77211;"SPRF-PI";"DEL05-PI";"UOP01-DEL05-PI"
251867;2019-11-22;"sexta-feira";"05:00:00";"RS";290;93;"PORTO ALEGRE";"Defeito Mecânico no Veículo";"Queda de ocupante de veículo";"Com Vítimas Feridas";"Amanhecer";"Decrescente";"Garoa/Chuvisco";"Dupla";"Reta";"Sim";1;0;1;0;0;0;1;1;-29,970839;-51,187725;"SPRF-RS";"DEL01-RS";"UOP01-DEL01-RS"
251868;2019-11-25;"segunda-feira";"15:00:00";"GO";153;507,3;"APARECIDA DE GOIANIA";"Ingestão de Álcool";"Colisão com objeto estático";"Sem Vítimas";"Pleno dia";"Decrescente";"Nublado";"Dupla";"Viaduto";"Sim";1;0;0;0;1;0;0;1;-16,7715;-49,2387;"SPRF-GO";"DEL01-GO";"UOP03-DEL01-GO"
251870;2019-11-25;"segunda-feira";"16:15:00";"GO";50;120,1;"IPAMERI";"Pista Escorregadia";"Saída de leito carroçável";"Com Vítimas Feridas";"Pleno dia";"Decrescente";"Chuva";"Dupla";"Reta";"Não";2;0;2;0;0;0;2;1;-16,9309;-47,7117;"SPRF-GO";"DEL06-GO";"UOP01-DEL06-GO"
251871;2019-11-25;"segunda-feira";"15:40:00";"GO";60;102,3;"GOIANAPOLIS";"Avarias e/ou desgaste excessivo no pneu";"Saída de leito carroçável";"Com Vítimas Feridas";"Pleno dia";"Crescente";"Chuva";"Dupla";"Reta";"Não";2;0;1;0;1;0;1;1;-16,406;-48,9831;"SPRF-GO";"DEL02-GO";"UOP01-DEL02-GO"
251872;2019-11-25;"segunda-feira";"16:20:00";"CE";222;6;"CAUCAIA";"Desobediência às normas de trânsito pelo condutor";"Colisão transversal";"Com Vítimas Feridas";"Pleno dia";"Crescente";"Céu Claro";"Múltipla";"Reta";"Sim";3;0;2;0;1;0;2;2;-3,7462407;-38,62402439;"SPRF-CE";"DEL01-CE";"UOP01-DEL01-CE"
251874;2019-11-25;"segunda-feira";"16:00:00";"MG";381;487;"BETIM";"Falta de Atenção à Condução";"Queda de ocupante de veículo";"Com Vítimas Feridas";"Pleno dia";"Decrescente";"Céu Claro";"Dupla";"Aclive";"Não";2;0;2;0;0;0;2;1;-19,95586853;-44,14609501;"SPRF-MG";"DEL01-MG";"UOP03-DEL01-MG"
251876;2019-11-25;"segunda-feira";"17:05:00";"SE";101;51,5;"CARMOPOLIS";"Velocidade Incompatível";"Colisão frontal";"Com Vítimas Feridas";"Pleno dia";"Decrescente";"Céu Claro";"Simples";"Desvio Temporário";"Não";3;0;2;0;1;0;2;2;-10,61909194;-36,9820081;"SPRF-SE";"DEL02-SE";"UOP02-DEL02-SE"
251878;2019-11-25;"segunda-feira";"16:30:00";"SP";116;181,6;"SANTA ISABEL";"Defeito Mecânico no Veículo";"Colisão com objeto em movimento";"Com Vítimas Feridas";"Pleno dia";"Crescente";"Nublado";"Dupla";"Reta";"Não";1;0;1;0;0;0;1;1;-23,34071022;-46,15361889;"SPRF-SP";"DEL02-SP";"UOP01-DEL02-SP"
251879;2019-11-25;"segunda-feira";"16:30:00";"RS";290;97;"PORTO ALEGRE";"Falta de Atenção à Condução";"Queda de ocupante de veículo";"Com Vítimas Feridas";"Pleno dia";"Decrescente";"Céu Claro";"Dupla";"Reta";"Não";1;0;1;0;0;0;1;1;-29,997789;-51,20779;"SPRF-RS";"DEL01-RS";"UOP01-DEL01-RS"
251880;2019-11-25;"segunda-feira";"17:04:00";"MT";70;2,3;"BARRA DO GARCAS";"Falta de Atenção à Condução";"Colisão traseira";"Com Vítimas Feridas";"Pleno dia";"Decrescente";"Céu Claro";"Simples";"Reta";"Sim";2;0;1;0;1;0;1;2;-15,88749699;-52,26810568;"SPRF-MT";"DEL07-MT";"UOP01-DEL07-MT"
251881;2019-11-25;"segunda-feira";"17:10:00";"SC";101;214;"PALHOCA";"Desobediência às normas de trânsito pelo condutor";"Tombamento";"Com Vítimas Feridas";"Pleno dia";"Crescente";"Céu Claro";"Múltipla";"Reta";"Sim";2;0;1;0;1;0;1;2;-27,64443;-48,67057;"SPRF-SC";"DEL01-SC";"UOP02-DEL01-SC"
251882;2019-11-25;"segunda-feira";"17:50:00";"CE";222;0,1;"CAUCAIA";"Falta de Atenção à Condução";"Saída de leito carroçável";"Com Vítimas Feridas";"Anoitecer";"Crescente";"Céu Claro";"Múltipla";"Curva";"Sim";1;0;0;1;0;0;1;1;-3,74346;-38,6179;"SPRF-CE";"DEL01-CE";"UOP01-DEL01-CE"
251884;2019-11-25;"segunda-feira";"00:10:00";"PI";343;501,9;"AMARANTE";"Sinalização da via insuficiente ou inadequada";"Capotamento";"Com Vítimas Feridas";"Plena Noite";"Crescente";"Céu Claro";"Simples";"Declive";"Não";2;0;2;0;0;0;2;1;-6,24724;-42,811012;"SPRF-PI";"DEL03-PI";"UOP01-DEL03-PI"
251885;2019-11-25;"segunda-feira";"17:45:00";"SC";101;206,1;"SAO JOSE";"Falta de Atenção à Condução";"Colisão traseira";"Com Vítimas Feridas";"Pleno dia";"Crescente";"Céu Claro";"Múltipla";"Reta";"Sim";3;0;1;0;2;0;1;3;-27,59193546;-48,61824557;"SPRF-SC";"DEL01-SC";"UOP01-DEL01-SC"
251886;2019-11-25;"segunda-feira";"17:30:00";"RJ";40;121;"DUQUE DE CAXIAS";"Falta de Atenção à Condução";"Colisão traseira";"Sem Vítimas";"Pleno dia";"Decrescente";"Céu Claro";"Múltipla";"Interseção de Vias";"Sim";3;0;0;0;3;0;0;2;-22,78185499;-43,28571273;"SPRF-RJ";"DEL01-RJ";"UOP01-DEL01-RJ"
251888;2019-11-25;"segunda-feira";"18:00:00";"DF";20;7;"BRASILIA";"Não guardar distância de segurança";"Colisão traseira";"Com Vítimas Feridas";"Pleno dia";"Crescente";"Nublado";"Dupla";"Reta";"Sim";2;0;1;0;1;0;1;2;-15,662208;-47,799866;"SPRF-DF";"DEL02-DF";"UOP01-DEL02-DF"
251889;2019-11-25;"segunda-feira";"17:45:00";"MG";365;622;"UBERLANDIA";"Falta de Atenção à Condução";"Colisão lateral";"Com Vítimas Feridas";"Pleno dia";"Crescente";"Nublado";"Dupla";"Curva";"Sim";2;0;2;0;0;0;2;1;-18,90751667;-48,29937209;"SPRF-MG";"DEL15-MG";"UOP01-DEL15-MG"
251891;2019-11-25;"segunda-feira";"17:30:00";"MG";365;17,8;"MONTES CLAROS";"Defeito Mecânico no Veículo";"Incêndio";"Sem Vítimas";"Pleno dia";"Crescente";"Céu Claro";"Simples";"Aclive;Curva";"Não";1;0;0;0;1;0;0;1;-16,87724015;-43,993381;"SPRF-MG";"DEL12-MG";"UOP01-DEL12-MG"
251892;2019-11-25;"segunda-feira";"18:40:00";"ES";101;266,5;"SERRA";"Desobediência às normas de trânsito pelo pedestre";"Atropelamento de Pedestre";"Com Vítimas Feridas";"Plena Noite";"Crescente";"Céu Claro";"Múltipla";"Reta";"Sim";2;0;0;1;1;0;1;2;-20,190199;-40,26828891;"SPRF-ES";"DEL02-ES";"UOP01-DEL02-ES"
251893;2019-11-25;"segunda-feira";"17:00:00";"RJ";101;479,8;"ANGRA DOS REIS";"Desobediência às normas de trânsito pelo condutor";"Tombamento";"Com Vítimas Feridas";"Pleno dia";"Crescente";"Céu Claro";"Simples";"Reta";"Não";2;0;2;0;0;0;2;1;-23,00854164;-44,27562028;"SPRF-RJ";"DEL03-RJ";"UOP03-DEL03-RJ"
251894;2019-11-25;"segunda-feira";"18:30:00";"ES";262;172;"IBATIBA";"Desobediência às normas de trânsito pelo condutor";"Colisão frontal";"Com Vítimas Fatais";"Anoitecer";"Decrescente";"Nublado";"Simples";"Reta";"Não";48;1;38;9;0;0;47;2;-20,2686973;-41,6059273;"SPRF-ES";"DEL01-ES";"UOP02-DEL01-ES"
251895;2019-11-25;"segunda-feira";"17:45:00";"RJ";116;167,3;"SAO JOAO DE MERITI";"Falta de Atenção à Condução";"Colisão traseira";"Com Vítimas Feridas";"Anoitecer";"Crescente";"Céu Claro";"Múltipla";"Reta";"Sim";2;0;1;0;1;0;1;2;-22,81803977;-43,30787252;"SPRF-RJ";"DEL01-RJ";"UOP02-DEL01-RJ"
251896;2019-11-25;"segunda-feira";"18:30:00";"PR";116;119;"CURITIBA";"Falta de Atenção à Condução";"Colisão traseira";"Com Vítimas Feridas";"Pleno dia";"Crescente";"Céu Claro";"Dupla";"Reta";"Não";3;0;1;0;2;0;1;2;-25,54456009;-49,30146002;"SPRF-PR";"DEL01-PR";"UOP03-DEL01-PR"
251897;2019-11-25;"segunda-feira";"18:30:00";"RJ";101;65,5;"CAMPOS DOS GOYTACAZES";"Desobediência às normas de trânsito pelo condutor";"Atropelamento de Pedestre";"Com Vítimas Feridas";"Plena Noite";"Crescente";"Nublado";"Simples";"Reta";"Sim";2;0;1;0;0;1;1;2;-21,75371806;-41,344292;"SPRF-RJ";"DEL08-RJ";"UOP02-DEL08-RJ"
251899;2019-11-25;"segunda-feira";"18:45:00";"RJ";116;166;"RIO DE JANEIRO";"Defeito Mecânico no Veículo";"Incêndio";"Sem Vítimas";"Plena Noite";"Crescente";"Nublado";"Múltipla";"Reta";"Sim";1;0;0;0;1;0;0;1;-22,81560263;-43,30051808;"SPRF-RJ";"DEL01-RJ";"UOP02-DEL01-RJ"
251900;2019-11-25;"segunda-feira";"18:22:00";"PR";476;133;"CURITIBA";"Falta de Atenção à Condução";"Colisão traseira";"Com Vítimas Feridas";"Pleno dia";"Crescente";"Céu Claro";"Múltipla";"Reta";"Sim";3;0;1;0;2;0;1;2;-25,469219;-49,254143;"SPRF-PR";"DEL01-PR";"UOP03-DEL01-PR"
251901;2019-11-25;"segunda-feira";"16:30:00";"GO";158;23,9;"BOM JARDIM DE GOIAS";"Ingestão de Álcool";"Saída de leito carroçável";"Com Vítimas Feridas";"Pleno dia";"Crescente";"Céu Claro";"Simples";"Reta";"Não";1;0;1;0;0;0;1;1;-16,05698603;-52,17118359;"SPRF-GO";"DEL04-GO";"UOP01-DEL04-GO"
251902;2019-11-25;"segunda-feira";"17:40:00";"MG";381;490;"BETIM";"Falta de Atenção à Condução";"Colisão com objeto estático";"Com Vítimas Feridas";"Pleno dia";"Crescente";"Céu Claro";"Dupla";"Reta";"Sim";4;0;1;0;3;0;1;4;-19,96502819;-44,17422195;"SPRF-MG";"DEL01-MG";"UOP03-DEL01-MG"
251903;2019-11-25;"segunda-feira";"18:50:00";"RJ";116;164;"RIO DE JANEIRO";"Falta de Atenção à Condução";"Colisão lateral";"Com Vítimas Feridas";"Plena Noite";"Crescente";"Céu Claro";"Múltipla";"Reta";"Sim";3;0;1;0;2;0;1;2;-22,81074068;-43,28844363;"SPRF-RJ";"DEL01-RJ";"UOP01-DEL01-RJ"
251904;2019-11-25;"segunda-feira";"17:20:00";"GO";153;502,9;"GOIANIA";"Falta de Atenção à Condução";"Colisão traseira";"Sem Vítimas";"Anoitecer";"Crescente";"Ignorado";"Dupla";"Reta";"Sim";2;0;0;0;0;2;0;2;-16,7287;-49,2424;"SPRF-GO";"DEL01-GO";"UOP01-DEL01-GO"
251905;2019-11-25;"segunda-feira";"18:50:00";"CE";116;10;"FORTALEZA";"Falta de Atenção à Condução";"Colisão traseira";"Com Vítimas Feridas";"Plena Noite";"Crescente";"Céu Claro";"Dupla";"Reta";"Sim";2;0;1;0;0;1;1;2;-3,83603805;-38,5027281;"SPRF-CE";"DEL01-CE";"UOP02-DEL01-CE"
251906;2019-11-25;"segunda-feira";"18:55:00";"SP";101;47,2;"UBATUBA";"Falta de Atenção à Condução";"Colisão transversal";"Com Vítimas Feridas";"Plena Noite";"Crescente";"Nublado";"Simples";"Reta";"Sim";2;0;2;0;0;0;2;2;-23,429897;-45,082436;"SPRF-SP";"DEL06-SP";"UOP01-DEL06-SP"
251907;2019-11-25;"segunda-feira";"19:30:00";"MG";251;521,3;"MONTES CLAROS";"Animais na Pista";"Atropelamento de Animal";"Com Vítimas Feridas";"Plena Noite";"Decrescente";"Nublado";"Simples";"Reta;Declive";"Não";2;0;2;0;0;0;2;1;-16,67039297;-43,79223002;"SPRF-MG";"DEL12-MG";"UOP01-DEL12-MG"
251908;2019-11-25;"segunda-feira";"19:25:00";"RJ";40;110;"DUQUE DE CAXIAS";"Desobediência às normas de trânsito pelo condutor";"Colisão transversal";"Com Vítimas Feridas";"Plena Noite";"Decrescente";"Céu Claro";"Múltipla";"Reta";"Sim";2;0;1;0;1;0;1;2;-22,68289906;-43,28549346;"SPRF-RJ";"DEL01-RJ";"UOP01-DEL01-RJ"
251909;2019-11-25;"segunda-feira";"18:20:00";"PR";476;133;"CURITIBA";"Falta de Atenção à Condução";"Colisão transversal";"Com Vítimas Feridas";"Plena Noite";"Decrescente";"Nublado";"Múltipla";"Reta";"Sim";2;0;1;0;1;0;1;2;-25,47433381;-49,25771445;"SPRF-PR";"DEL01-PR";"UOP03-DEL01-PR"
251910;2019-11-25;"segunda-feira";"18:50:00";"CE";222;161,5;"IRAUCUBA";"Restrição de Visibilidade";"Colisão traseira";"Com Vítimas Feridas";"Plena Noite";"Crescente";"Céu Claro";"Simples";"Reta";"Não";2;0;0;1;0;1;1;2;-3,73794175;-39,88547224;"SPRF-CE";"DEL04-CE";"UOP03-DEL04-CE"
251911;2019-11-25;"segunda-feira";"18:10:00";"MS";463;64;"PONTA PORA";"Falta de Atenção à Condução";"Colisão transversal";"Com Vítimas Feridas";"Pleno dia";"Crescente";"Céu Claro";"Simples";"Reta";"Não";2;0;0;1;1;0;1;2;-22,4264481;-55,3580409;"SPRF-MS";"DEL04-MS";"UOP03-DEL04-MS"
251912;2019-11-25;"segunda-feira";"19:00:00";"RS";116;266;"CANOAS";"Não guardar distância de segurança";"Colisão lateral";"Com Vítimas Feridas";"Plena Noite";"Decrescente";"Nublado";"Simples";"Reta";"Sim";2;0;1;0;1;0;1;2;-29,93242399;-51,17742077;"SPRF-RS";"DEL01-RS";"UOP01-DEL01-RS"
251913;2019-11-25;"segunda-feira";"18:40:00";"RO";364;14,9;"VILHENA";"Falta de Atenção à Condução";"Colisão transversal";"Com Vítimas Feridas";"Plena Noite";"Crescente";"Céu Claro";"Simples";"Rotatória";"Sim";3;0;2;0;1;0;2;2;-12,73898138;-60,13911417;"SPRF-RO";"DEL04-RO";"UOP01-DEL04-RO"
251914;2019-11-25;"segunda-feira";"18:10:00";"SP";116;283;"EMBU DAS ARTES";"Falta de Atenção à Condução";"Colisão traseira";"Com Vítimas Feridas";"Pleno dia";"Decrescente";"Nublado";"Dupla";"Reta";"Não";4;0;2;0;2;0;2;2;-23,69297005;-46,86352786;"SPRF-SP";"DEL04-SP";"UOP01-DEL04-SP"
251917;2019-11-25;"segunda-feira";"17:00:00";"PA";230;116;"MARABA";"Desobediência às normas de trânsito pelo condutor";"Colisão transversal";"Com Vítimas Feridas";"Anoitecer";"Crescente";"Céu Claro";"Dupla";"Interseção de Vias";"Sim";2;0;1;0;1;0;1;2;-5,35947454;-49,08301084;"SPRF-PA";"DEL03-PA";"UOP01-DEL03-PA"
251919;2019-11-25;"segunda-feira";"20:30:00";"RS";287;280;"SAO PEDRO DO SUL";"Falta de Atenção à Condução";"Tombamento";"Com Vítimas Feridas";"Plena Noite";"Crescente";"Nublado";"Dupla";"Reta";"Sim";1;0;1;0;0;0;1;1;-29,6410317;-54,17002483;"SPRF-RS";"DEL09-RS";"UOP01-DEL09-RS"
251920;2019-11-25;"segunda-feira";"18:00:00";"MA";10;252,1;"IMPERATRIZ";"Falta de Atenção à Condução";"Colisão traseira";"Com Vítimas Feridas";"Plena Noite";"Decrescente";"Céu Claro";"Simples";"Reta";"Sim";3;0;2;0;1;0;2;2;-5,53562;-47,469585;"SPRF-MA";"DEL04-MA";"UOP01-DEL04-MA"
251921;2019-11-25;"segunda-feira";"17:15:00";"BA";110;314;"ALAGOINHAS";"Defeito Mecânico no Veículo";"Queda de ocupante de veículo";"Com Vítimas Feridas";"Anoitecer";"Crescente";"Nublado";"Simples";"Reta";"Sim";2;0;2;0;0;0;2;1;-12,02618331;-38,36746191;"SPRF-BA";"DEL01-BA";"UOP04-DEL01-BA"
251922;2019-04-20;"sábado";"22:45:00";"SC";101;199,8;"SAO JOSE";"Desobediência às normas de trânsito pelo condutor";"Colisão com objeto estático";"Com Vítimas Fatais";"Plena Noite";"Crescente";"Céu Claro";"Múltipla";"Curva";"Sim";3;1;0;0;0;2;0;2;-27,53413705;-48,63003205;"SPRF-SC";"DEL01-SC";"UOP01-DEL01-SC"
251923;2019-11-25;"segunda-feira";"20:40:00";"CE";222;20,5;"CAUCAIA";"Falta de Atenção à Condução";"Saída de leito carroçável";"Com Vítimas Fatais";"Plena Noite";"Crescente";"Céu Claro";"Dupla";"Rotatória";"Não";1;1;0;0;0;0;0;1;-3,73715313;-38,74293507;"SPRF-CE";"DEL01-CE";"UOP01-DEL01-CE"
251926;2019-11-25;"segunda-feira";"15:50:00";"AC";317;109,8;"SENADOR GUIOMARD";"Falta de Atenção à Condução";"Saída de leito carroçável";"Com Vítimas Feridas";"Pleno dia";"Crescente";"Céu Claro";"Simples";"Reta";"Não";1;0;1;0;0;0;1;1;-10,29467307;-67,6932464;"SPRF-AC";"DEL01-AC";"UOP01-DEL01-AC"
251927;2019-11-25;"segunda-feira";"15:00:00";"SC";282;130,2;"BOM RETIRO";"Ingestão de Álcool";"Colisão lateral";"Sem Vítimas";"Pleno dia";"Decrescente";"Sol";"Simples";"Reta";"Não";2;0;0;0;2;0;0;2;-27,80421664;-49,50697683;"SPRF-SC";"DEL05-SC";"UOP01-DEL05-SC"