"id";"data_inversa";"dia_semana";"horario";"uf";"br";"km";"municipio";"causa_acidente";"tipo_acidente";"classificacao_acidente";"fase_dia";"sentido_via";"condicao_metereologica";"tipo_pista";"tracado_via";"uso_solo";"pessoas";"mortos";"feridos_leves";"feridos_graves";"ilesos";"ignorados";"feridos";"veiculos";"latitude";"longitude";"regional";"delegacia";"uop"
251928;2019-11-25;"segunda-feira";"19:45:00";"AM";174;1003,8;"PRESIDENTE FIGUEIREDO";"Defeito na Via";"Tombamento";"Com Vítimas Feridas";"Plena Noite";"Decrescente";"Céu Claro";"Simples";"Reta";"Não";2;0;2;0;0;0;2;1;-1,943688;-60,043849;"SPRF-AM";"DEL01-AM";"UOP02-DEL01-AM"
251929;2019-11-25;"segunda-feira";"20:30:00";"GO";70;7,1;"AGUAS LINDAS DE GOIAS";"Ingestão de Álcool";"Colisão lateral";"Sem Vítimas";"Plena Noite";"Decrescente";"Nublado";"Dupla";"Reta";"Sim";2;0;0;0;2;0;0;2;-15,74347772;-48,26845407;"SPRF-DF";"DEL01-DF";"UOP02-DEL03-DF"
251930;2019-11-25;"segunda-feira";"19:15:00";"GO";153;505;"GOIANIA";"Falta de Atenção à Condução";"Queda de ocupante de veículo";"Com Vítimas Feridas";"Plena Noite";"Crescente";"Céu Claro";"Dupla";"Reta";"Sim";1;0;1;0;0;0;1;1;-16,7537;-49,2411;"SPRF-GO";"DEL01-GO";"UOP01-DEL01-GO"
251932;2019-11-25;"segunda-feira";"21:40:00";"SC";101;181,3;"BIGUACU";"Ingestão de Álcool";"Queda de ocupante de veículo";"Com Vítimas Feridas";"Plena Noite";"Decrescente";"Céu Claro";"Simples";"Reta";"Não";1;0;1;0;0;0;1;1;-27,38958699;-48,63197593;"SPRF-SC";"DEL01-SC";"UOP01-DEL01-SC"
251934;2019-11-25;"segunda-feira";"20:30:00";"RJ";393;291;"BARRA MANSA";"Falta de Atenção à Condução";"Colisão transversal";"Com Vítimas Feridas";"Plena Noite";"Crescente";"Céu Claro";"Simples";"Reta";"Sim";3;0;1;0;2;0;1;2;-22,5139475;-44,10074013;"SPRF-RJ";"DEL05-RJ";"UOP04-DEL05-RJ"
251935;2019-11-25;"segunda-feira";"20:30:00";"BA";101;518;"BUERAREMA";"Falta de Atenção à Condução";"Colisão traseira";"Sem Vítimas";"Plena Noite";"Decrescente";"Nublado";"Simples";"Reta";"Não";2;0;0;0;2;0;0;2;-15,04943399;-39,33441913;"SPRF-BA";"DEL05-BA";"UOP01-DEL05-BA"
251936;2019-11-25;"segunda-feira";"12:05:00";"SC";280;171;"MAFRA";"Falta de Atenção à Condução";"Colisão traseira";"Sem Vítimas";"Pleno dia";"Crescente";"Céu Claro";"Simples";"Interseção de Vias";"Sim";2;0;0;0;2;0;0;2;-26,14204337;-49,81667743;"SPRF-SC";"DEL06-SC";"UOP01-DEL06-SC"
251939;2019-11-25;"segunda-feira";"19:07:00";"BA";101;580;"CAMACAN";"Animais na Pista";"Atropelamento de Animal";"Com Vítimas Feridas";"Plena Noite";"Crescente";"Garoa/Chuvisco";"Simples";"Reta";"Não";2;0;1;0;1;0;1;1;-15,36178402;-39,4989884;"SPRF-BA";"DEL05-BA";"UOP02-DEL05-BA"
251940;2019-11-25;"segunda-feira";"22:10:00";"PR";116;110;"CURITIBA";"Defeito Mecânico no Veículo";"Queda de ocupante de veículo";"Sem Vítimas";"Plena Noite";"Decrescente";"Céu Claro";"Dupla";"Reta";"Sim";1;0;0;0;1;0;0;1;-25,56429139;-49,25087214;"SPRF-PR";"DEL01-PR";"UOP06-DEL01-PR"
251941;2019-11-25;"segunda-feira";"22:10:00";"SC";101;329,8;"TUBARAO";"Objeto estático sobre o leito carroçável";"Colisão com objeto estático";"Com Vítimas Feridas";"Plena Noite";"Decrescente";"Céu Claro";"Dupla";"Reta";"Não";1;0;1;0;0;0;1;1;-28,44404822;-48,96611372;"SPRF-SC";"DEL02-SC";"UOP01-DEL02-SC"
251943;2019-11-25;"segunda-feira";"22:30:00";"RJ";101;95;"CAMPOS DOS GOYTACAZES";"Velocidade Incompatível";"Saída de leito carroçável";"Com Vítimas Feridas";"Plena Noite";"Crescente";"Nublado";"Dupla";"Curva";"Não";1;0;1;0;0;0;1;1;-21,86957661;-41,5470863;"SPRF-RJ";"DEL08-RJ";"UOP02-DEL08-RJ"
251944;2019-11-25;"segunda-feira";"22:25:00";"MG";381;485;"BETIM";"Velocidade Incompatível";"Colisão com objeto estático";"Com Vítimas Feridas";"Plena Noite";"Decrescente";"Céu Claro";"Múltipla";"Curva";"Sim";1;0;0;1;0;0;1;1;-19,95566131;-44,09635305;"SPRF-MG";"DEL01-MG";"UOP03-DEL01-MG"
251945;2019-07-09;"terça-feira";"07:15:00";"PR";277;12;"PARANAGUA";"Defeito Mecânico no Veículo";"Queda de ocupante de veículo";"Com Vítimas Feridas";"Amanhecer";"Decrescente";"Céu Claro";"Dupla";"Reta";"Não";1;0;0;1;0;0;1;1;-25,5640193;-48,6329055;"SPRF-PR";"DEL01-PR";"UOP05-DEL01-PR"
251946;2019-11-25;"segunda-feira";"22:40:00";"MG";146;545,5;"MUZAMBINHO";"Ingestão de Álcool";"Colisão com objeto estático";"Com Vítimas Feridas";"Plena Noite";"Decrescente";"Céu Claro";"Simples";"Reta";"Não";2;0;2;0;0;0;2;1;-21,35988211;-46,47230512;"SPRF-MG";"DEL16-MG";"UOP01-DEL09-MG"
251947;2019-11-25;"segunda-feira";"23:40:00";"PR";376;176,8;"MARINGA";"Falta de Atenção do Pedestre";"Atropelamento de Pedestre";"Com Vítimas Feridas";"Pleno dia";"Decrescente";"Céu Claro";"Dupla";"Interseção de Vias";"Sim";2;0;1;0;1;0;1;2;-23,41269173;-51,93158327;"SPRF-PR";"DEL07-PR";"UOP01-DEL09-PR"
251948;2019-11-25;"segunda-feira";"23:25:00";"PE";101;59,5;"RECIFE";"Falta de Atenção do Pedestre";"Atropelamento de Pedestre";"Com Vítimas Fatais";"Plena Noite";"Crescente";"Céu Claro";"Dupla";"Reta";"Não";2;1;0;0;1;0;0;2;-7,97708575;-34,92607318;"SPRF-PE";"DEL01-PE";"UOP02-DEL01-PE"
251949;2019-11-25;"segunda-feira";"23:45:00";"GO";153;617,3;"MORRINHOS";"Animais na Pista";"Saída de leito carroçável";"Com Vítimas Feridas";"Plena Noite";"Crescente";"Céu Claro";"Dupla";"Reta;Declive";"Não";1;0;1;0;0;0;1;1;-17,6951;-49,1559;"SPRF-GO";"DEL03-GO";"UOP01-DEL03-GO"
251952;2019-11-26;"terça-feira";"00:09:00";"MG";381;949,7;"EXTREMA";"Condutor Dormindo";"Saída de leito carroçável";"Com Vítimas Feridas";"Plena Noite";"Crescente";"Ignorado";"Dupla";"Reta";"Não";3;0;2;0;0;1;2;2;-22,87479042;-46,36655782;"SPRF-MG";"DEL16-MG";"UOP03-DEL16-MG"
251954;2019-10-30;"quarta-feira";"20:10:00";"GO";153;511;"APARECIDA DE GOIANIA";"Desobediência às normas de trânsito pelo condutor";"Colisão transversal";"Com Vítimas Feridas";"Plena Noite";"Decrescente";"Chuva";"Dupla";"Reta";"Sim";3;0;0;1;2;0;1;2;-16,8067;-49,2394;"SPRF-GO";"DEL01-GO";"UOP03-DEL01-GO"
251955;2019-11-26;"terça-feira";"00:10:00";"PR";116;136;"MANDIRITUBA";"Velocidade Incompatível";"Colisão traseira";"Com Vítimas Feridas";"Plena Noite";"Crescente";"Céu Claro";"Dupla";"Reta";"Sim";2;0;1;0;1;0;1;2;-25,69308504;-49,31768479;"SPRF-PR";"DEL01-PR";"UOP03-DEL01-PR"
251960;2019-11-26;"terça-feira";"02:20:00";"RS";290;13,5;"SANTO ANTONIO DA PATRULHA";"Falta de Atenção à Condução";"Saída de leito carroçável";"Sem Vítimas";"Plena Noite";"Decrescente";"Céu Claro";"Dupla";"Curva";"Não";1;0;0;0;0;1;0;1;-29,875334;-50,396614;"SPRF-RS";"DEL03-RS";"UOP01-DEL03-RS"
251962;2019-11-26;"terça-feira";"03:00:00";"GO";20;87;"FORMOSA";"Falta de Atenção do Pedestre";"Atropelamento de Pedestre";"Sem Vítimas";"Plena Noite";"Crescente";"Chuva";"Simples";"Reta";"Sim";1;0;0;0;1;0;0;1;-15,04263;-47,062229;"SPRF-DF";"DEL02-DF";"UOP01-DEL02-DF"
251964;2019-11-25;"segunda-feira";"23:45:00";"MA";135;89;"ITAPECURU MIRIM";"Ingestão de Álcool";"Saída de leito carroçável";"Com Vítimas Fatais";"Plena Noite";"Crescente";"Céu Claro";"Simples";"Reta";"Sim";1;1;0;0;0;0;0;1;-3,29082605;-44,3737793;"SPRF-MA";"DEL01-MA";"UOP02-DEL01-MA"
251965;2019-11-25;"segunda-feira";"21:15:00";"RS";116;142,3;"CAXIAS DO SUL";"Ingestão de Álcool";"Colisão lateral";"Sem Vítimas";"Plena Noite";"Decrescente";"Céu Claro";"Dupla";"Interseção de Vias";"Sim";2;0;0;0;2;0;0;2;-29,11866814;-51,11685276;"SPRF-RS";"DEL05-RS";"UOP01-DEL05-RS"
251966;2019-11-26;"terça-feira";"04:45:00";"GO";60;165,6;"GOIANIA";"Ingestão de Álcool";"Colisão traseira";"Com Vítimas Feridas";"Pleno dia";"Decrescente";"Ignorado";"Dupla";"Reta";"Sim";2;0;1;0;1;0;1;2;-16,71294565;-49,35783863;"SPRF-GO";"DEL01-GO";"UOP02-DEL01-GO"
251968;2019-11-25;"segunda-feira";"18:40:00";"RS";116;91,5;"CAMPESTRE DA SERRA";"Falta de Atenção à Condução";"Saída de leito carroçável";"Com Vítimas Feridas";"Plena Noite";"Decrescente";"Céu Claro";"Simples";"Curva";"Não";1;0;1;0;0;0;1;1;-28,86918963;-51,11955903;"SPRF-RS";"DEL05-RS";"UOP03-DEL05-RS"
251969;2019-11-26;"terça-feira";"06:15:00";"SC";101;144,3;"ITAPEMA";"Defeito Mecânico no Veículo";"Colisão com objeto em movimento";"Com Vítimas Feridas";"Amanhecer";"Decrescente";"Sol";"Dupla";"Aclive";"Sim";1;0;0;1;0;0;1;1;-27,0732659;-48,59672716;"SPRF-SC";"DEL04-SC";"UOP03-DEL04-SC"
251970;2019-11-26;"terça-feira";"05:40:00";"PB";101;89;"JOAO PESSOA";"Pista Escorregadia";"Tombamento";"Com Vítimas Feridas";"Pleno dia";"Decrescente";"Nublado";"Simples";"Curva";"Sim";2;0;2;0;0;0;2;1;-7,16567815;-34,89447897;"SPRF-PB";"DEL01-PB";"UOP01-DEL01-PB"
251971;2019-11-26;"terça-feira";"05:50:00";"PB";101;89;"JOAO PESSOA";"Pista Escorregadia";"Tombamento";"Com Vítimas Feridas";"Pleno dia";"Decrescente";"Nublado";"Simples";"Interseção de Vias;Curva";"Sim";1;0;1;0;0;0;1;1;-7,1651;-34,8941;"SPRF-PB";"DEL01-PB";"UOP01-DEL01-PB"
251973;2019-11-26;"terça-feira";"06:20:00";"PR";116;124;"CURITIBA";"Falta de Atenção à Condução";"Colisão lateral";"Com Vítimas Feridas";"Pleno dia";"Crescente";"Nublado";"Dupla";"Reta";"Sim";2;0;1;0;1;0;1;2;-25,58620703;-49,31436887;"SPRF-PR";"DEL01-PR";"UOP03-DEL01-PR"
251974;2019-11-26;"terça-feira";"06:50:00";"SC";101;216;"PALHOCA";"Falta de Atenção à Condução";"Colisão traseira";"Com Vítimas Feridas";"Pleno dia";"Decrescente";"Céu Claro";"Dupla";"Reta";"Sim";3;0;1;0;2;0;1;2;-27,65981409;-48,67747798;"SPRF-SC";"DEL01-SC";"UOP02-DEL01-SC"
251975;2019-11-26;"terça-feira";"05:10:00";"BA";110;367;"CATU";"Pista Escorregadia";"Saída de leito carroçável";"Com Vítimas Feridas";"Amanhecer";"Crescente";"Chuva";"Simples";"Curva";"Sim";1;0;1;0;0;0;1;1;-12,36377158;-38,38919163;"SPRF-BA";"DEL01-BA";"UOP04-DEL01-BA"
251977;2019-11-25;"segunda-feira";"20:30:00";"MS";0;0;"NAVIRAI";"Pista Escorregadia";"Colisão com objeto estático";"Sem Vítimas";"Plena Noite";"Não Informado";"Céu Claro";"Simples";"Curva";"Não";2;0;0;0;2;0;0;1;-23,25506801;-53,71768087;"SPRF-PR";"DEL06-PR";"UOP03-DEL06-PR"
251978;2019-11-26;"terça-feira";"07:15:00";"PE";101;70,6;"RECIFE";"Falta de Atenção à Condução";"Colisão lateral";"Com Vítimas Feridas";"Pleno dia";"Crescente";"Sol";"Dupla";"Reta";"Sim";2;0;1;0;1;0;1;2;-8,06776119;-34,94265074;"SPRF-PE";"DEL01-PE";"UOP01-DEL01-PE"
251980;2019-11-26;"terça-feira";"06:15:00";"PR";116;4;"CAMPINA GRANDE DO SUL";"Condutor Dormindo";"Capotamento";"Com Vítimas Feridas";"Amanhecer";"Crescente";"Nublado";"Dupla";"Reta";"Sim";2;0;1;0;1;0;1;1;-25,3629;-49,0822;"SPRF-PR";"DEL01-PR";"UOP01-DEL01-PR"
251981;2019-11-26;"terça-feira";"07:25:00";"SE";235;25;"AREIA BRANCA";"Falta de Atenção à Condução";"Colisão traseira";"Sem Vítimas";"Pleno dia";"Decrescente";"Céu Claro";"Simples";"Reta";"Não";2;0;0;0;2;0;0;2;-10,810429;-37,259205;"SPRF-SE";"DEL01-SE";"UOP02-DEL01-SE"
251982;2019-11-26;"terça-feira";"07:00:00";"MG";40;513;"RIBEIRAO DAS NEVES";"Não guardar distância de segurança";"Colisão traseira";"Com Vítimas Feridas";"Pleno dia";"Crescente";"Céu Claro";"Dupla";"Reta";"Não";2;0;1;0;1;0;1;2;-19,7970544;-44,1080512;"SPRF-MG";"DEL01-MG";"UOP02-DEL01-MG"
251983;2019-11-26;"terça-feira";"07:00:00";"RJ";465;20;"NOVA IGUACU";"Desobediência às normas de trânsito pelo condutor";"Colisão lateral";"Com Vítimas Feridas";"Amanhecer";"Crescente";"Céu Claro";"Simples";"Reta";"Sim";2;0;1;0;1;0;1;2;-22,846828;-43,605339;"SPRF-RJ";"DEL01-RJ";"UOP03-DEL01-RJ"
251984;2019-11-26;"terça-feira";"08:25:00";"RS";285;459;"IJUI";"Falta de Atenção à Condução";"Colisão transversal";"Com Vítimas Feridas";"Pleno dia";"Crescente";"Nublado";"Simples";"Reta";"Sim";2;0;1;0;1;0;1;2;-28,409056;-53,902336;"SPRF-RS";"DEL10-RS";"UOP01-DEL10-RS"
251985;2019-04-10;"quarta-feira";"23:48:00";"GO";40;4,2;"VALPARAISO DE GOIAS";"Desobediência às normas de trânsito pelo condutor";"Colisão lateral";"Com Vítimas Feridas";"Plena Noite";"Crescente";"Céu Claro";"Dupla";"Curva";"Sim";2;0;0;1;0;1;1;2;-16,085241;-47,986752;"SPRF-DF";"DEL01-DF";"UOP01-DEL01-DF"
251986;2019-11-26;"terça-feira";"08:15:00";"RJ";101;287;"ITABORAI";"Defeito Mecânico no Veículo";"Queda de ocupante de veículo";"Com Vítimas Feridas";"Pleno dia";"Crescente";"Céu Claro";"Dupla";"Reta";"Sim";1;0;1;0;0;0;1;1;-22,75517486;-42,83462502;"SPRF-RJ";"DEL02-RJ";"UOP03-DEL02-RJ"
251988;2019-11-26;"terça-feira";"07:20:00";"RJ";101;330;"RIO DE JANEIRO";"Falta de Atenção à Condução";"Colisão traseira";"Com Vítimas Feridas";"Pleno dia";"Crescente";"Nublado";"Dupla";"Reta";"Não";2;0;1;0;1;0;1;2;-22,8684989;-43,18548699;"SPRF-RJ";"DEL02-RJ";"UOP02-DEL02-RJ"
251989;2019-11-26;"terça-feira";"08:10:00";"SC";163;69,5;"SAO MIGUEL DO OESTE";"Falta de Atenção à Condução";"Colisão transversal";"Com Vítimas Feridas";"Pleno dia";"Crescente";"Nublado";"Dupla";"Reta";"Sim";3;0;1;0;2;0;1;2;-26,74132699;-53,50120591;"SPRF-SC";"DEL07-SC";"UOP03-DEL07-SC"
251991;2019-11-26;"terça-feira";"08:02:00";"MG";116;703;"MURIAE";"Falta de Atenção à Condução";"Tombamento";"Com Vítimas Feridas";"Pleno dia";"Decrescente";"Nublado";"Simples";"Interseção de Vias";"Sim";2;0;2;0;0;0;2;1;-21,11182184;-42,38088911;"SPRF-MG";"DEL07-MG";"UOP02-DEL07-MG"
251994;2019-11-26;"terça-feira";"10:00:00";"MG";40;694,3;"ALFREDO VASCONCELOS";"Mal Súbito";"Colisão lateral";"Com Vítimas Feridas";"Pleno dia";"Decrescente";"Céu Claro";"Simples";"Reta";"Sim";3;0;2;0;0;1;2;3;-21,132076;-43,76202;"SPRF-MG";"DEL05-MG";"UOP02-DEL05-MG"
251996;2019-11-26;"terça-feira";"09:50:00";"PB";101;0,3;"MATARACA";"Falta de Atenção à Condução";"Saída de leito carroçável";"Sem Vítimas";"Pleno dia";"Decrescente";"Céu Claro";"Dupla";"Declive;Curva";"Não";1;0;0;0;1;0;0;1;-6,505327;-35,111233;"SPRF-PB";"DEL01-PB";"UOP04-DEL01-PB"
252002;2019-11-26;"terça-feira";"10:55:00";"SC";101;16,7;"GARUVA";"Velocidade Incompatível";"Colisão com objeto estático";"Com Vítimas Feridas";"Pleno dia";"Decrescente";"Céu Claro";"Dupla";"Reta";"Não";4;0;2;0;2;0;2;1;-26,11427473;-48,87647034;"SPRF-SC";"DEL03-SC";"UOP01-DEL03-SC"
252004;2019-11-26;"terça-feira";"11:40:00";"PR";376;672;"TIJUCAS DO SUL";"Falta de Atenção à Condução";"Colisão com objeto estático";"Sem Vítimas";"Pleno dia";"Crescente";"Nublado";"Dupla";"Reta;Declive";"Não";2;0;0;0;2;0;0;1;-25,89358488;-48,93146782;"SPRF-PR";"DEL01-PR";"UOP04-DEL01-PR"
252010;2019-11-26;"terça-feira";"12:30:00";"RS";116;247,2;"SAO LEOPOLDO";"Desobediência às normas de trânsito pelo condutor";"Colisão lateral";"Com Vítimas Feridas";"Pleno dia";"Decrescente";"Céu Claro";"Dupla";"Reta";"Não";2;0;1;0;1;0;1;2;-29,758751;-51,15186806;"SPRF-RS";"DEL01-RS";"UOP02-DEL01-RS"
252012;2019-11-26;"terça-feira";"12:40:00";"SC";101;206;"SAO JOSE";"Falta de Atenção do Pedestre";"Atropelamento de Pedestre";"Com Vítimas Feridas";"Pleno dia";"Decrescente";"Nublado";"Dupla";"Reta";"Sim";2;0;1;0;1;0;1;2;-27,59193546;-48,61824557;"SPRF-SC";"DEL01-SC";"UOP01-DEL01-SC"
252013;2019-11-26;"terça-feira";"12:50:00";"PR";277;101;"CURITIBA";"Não guardar distância de segurança";"Colisão lateral";"Com Vítimas Feridas";"Pleno dia";"Decrescente";"Céu Claro";"Dupla";"Reta";"Não";2;0;0;1;1;0;1;2;-25,52228492;-49,3331539;"SPRF-PR";"DEL01-PR";"UOP06-DEL01-PR"
252018;2019-10-23;"quarta-feira";"02:45:00";"PI";135;428,3;"MONTE ALEGRE DO PIAUI";"Defeito na Via";"Tombamento";"Com Vítimas Fatais";"Plena Noite";"Decrescente";"Nevoeiro/Neblina";"Simples";"Reta";"Não";8;4;2;2;0;0;4;1;-9,529557;-44,740753;"SPRF-PI";"DEL03-PI";"UOP02-DEL03-PI"
252022;2019-11-26;"terça-feira";"08:20:00";"PI";316;19,5;"TERESINA";"Defeito Mecânico no Veículo";"Queda de ocupante de veículo";"Com Vítimas Feridas";"Pleno dia";"Decrescente";"Céu Claro";"Simples";"Reta";"Não";2;0;2;0;0;0;2;1;-5,25133097;-42,73007082;"SPRF-PI";"DEL01-PI";"UOP02-DEL01-PI"
252024;2019-11-26;"terça-feira";"10:00:00";"PR";277;242;"IRATI";"Desobediência às normas de trânsito pelo condutor";"Colisão com objeto estático";"Sem Vítimas";"Pleno dia";"Decrescente";"Nublado";"Simples";"Interseção de Vias";"Não";1;0;0;0;1;0;0;1;-25,46419687;-50,56581801;"SPRF-PR";"DEL03-PR";"UOP02-DEL08-PR"
252025;2019-11-26;"terça-feira";"11:00:00";"PA";222;239,4;"MARABA";"Falta de Atenção à Condução";"Colisão lateral";"Com Vítimas Feridas";"Pleno dia";"Crescente";"Sol";"Dupla";"Ponte";"Sim";4;0;0;2;0;2;2;3;-5,302089;-49,0723;"SPRF-PA";"DEL03-PA";"UOP01-DEL03-PA"
252026;2019-11-26;"terça-feira";"14:20:00";"PR";163;285;"MARECHAL CANDIDO RONDON";"Falta de Atenção à Condução";"Colisão frontal";"Com Vítimas Feridas";"Pleno dia";"Crescente";"Céu Claro";"Simples";"Reta";"Sim";2;0;0;1;1;0;1;2;-24,56309791;-54,03506398;"SPRF-PR";"DEL06-PR";"UOP02-DEL06-PR"
252027;2019-11-26;"terça-feira";"14:20:00";"GO";364;355;"MINEIROS";"Falta de Atenção à Condução";"Capotamento";"Com Vítimas Feridas";"Pleno dia";"Crescente";"Chuva";"Simples";"Declive";"Não";1;0;1;0;0;0;1;1;-17,378584;-52,949085;"SPRF-GO";"DEL05-GO";"UOP01-DEL05-GO"
252028;2019-11-15;"sexta-feira";"23:00:00";"SC";282;496,6;"XANXERE";"Ingestão de Álcool";"Colisão traseira";"Com Vítimas Fatais";"Plena Noite";"Crescente";"Céu Claro";"Simples";"Reta";"Não";8;1;0;5;2;0;5;3;-26,878679;-52,335735;"SPRF-SC";"DEL07-SC";"UOP01-DEL07-SC"
252029;2019-11-26;"terça-feira";"14:10:00";"PR";376;116,4;"ALTO PARANA";"Defeito Mecânico no Veículo";"Tombamento";"Com Vítimas Feridas";"Pleno dia";"Crescente";"Céu Claro";"Dupla";"Declive";"Não";2;0;2;0;0;0;2;1;-23,105795;-52,347626;"SPRF-PR";"DEL07-PR";"UOP02-DEL09-PR"
252030;2019-11-22;"sexta-feira";"23:00:00";"MG";381;485,7;"BETIM";"Velocidade Incompatível";"Colisão com objeto estático";"Com Vítimas Feridas";"Plena Noite";"Decrescente";"Chuva";"Dupla";"Reta";"Sim";1;0;1;0;0;0;1;1;-19,95659361;-44,12622893;"SPRF-MG";"DEL01-MG";"UOP03-DEL01-MG"
252031;2019-11-26;"terça-feira";"15:15:00";"RN";406;154,8;"CEARA-MIRIM";"Velocidade Incompatível";"Capotamento";"Com Vítimas Feridas";"Pleno dia";"Decrescente";"Céu Claro";"Simples";"Reta";"Não";1;0;0;1;0;0;1;1;-5,67079426;-35,40552534;"SPRF-RN";"DEL02-RN";"UOP01-DEL02-RN"
252032;2019-11-26;"terça-feira";"14:50:00";"RS";116;265;"CANOAS";"Falta de Atenção à Condução";"Colisão lateral";"Com Vítimas Feridas";"Pleno dia";"Crescente";"Nublado";"Múltipla";"Reta";"Sim";2;0;1;0;0;1;1;2;-29,92342302;-51,17780944;"SPRF-RS";"DEL01-RS";"UOP01-DEL01-RS"
252033;2019-11-26;"terça-feira";"13:30:00";"RS";392;264,8;"CACAPAVA DO SUL";"Pista Escorregadia";"Saída de leito carroçável";"Com Vítimas Feridas";"Pleno dia";"Crescente";"Chuva";"Simples";"Curva;Declive";"Não";1;0;1;0;0;0;1;1;-30,44201571;-53,49405942;"SPRF-RS";"DEL09-RS";"UOP02-DEL09-RS"
252034;2019-11-15;"sexta-feira";"07:10:00";"SC";282;533,9;"CHAPECO";"Velocidade Incompatível";"Colisão frontal";"Com Vítimas Feridas";"Pleno dia";"Crescente";"Céu Claro";"Simples";"Curva";"Não";3;0;1;0;2;0;1;2;-26,995323;-52,625305;"SPRF-SC";"DEL07-SC";"UOP01-DEL07-SC"
252035;2019-11-26;"terça-feira";"13:30:00";"RJ";40;119,6;"DUQUE DE CAXIAS";"Mal Súbito";"Atropelamento de Pedestre";"Com Vítimas Fatais";"Pleno dia";"Crescente";"Céu Claro";"Dupla";"Reta";"Sim";8;1;2;1;4;0;3;5;-22,76375592;-43,28683062;"SPRF-RJ";"DEL01-RJ";"UOP01-DEL01-RJ"
252036;2019-11-10;"domingo";"14:45:00";"RS";290;9,5;"OSORIO";"Desobediência às normas de trânsito pelo condutor";"Saída de leito carroçável";"Com Vítimas Feridas";"Pleno dia";"Decrescente";"Chuva";"Múltipla";"Reta";"Não";3;0;2;0;1;0;2;1;-29,89350381;-50,354864;"SPRF-RS";"DEL03-RS";"UOP01-DEL03-RS"
252037;2019-11-26;"terça-feira";"15:00:00";"RJ";101;318;"SAO GONCALO";"Condutor Dormindo";"Engavetamento";"Sem Vítimas";"Pleno dia";"Crescente";"Céu Claro";"Dupla";"Reta";"Sim";3;0;0;0;3;0;0;3;-22,84562994;-43,09841211;"SPRF-RJ";"DEL02-RJ";"UOP02-DEL02-RJ"
252039;2019-11-26;"terça-feira";"11:00:00";"BA";101;366;"GANDU";"Falta de Atenção à Condução";"Colisão frontal";"Com Vítimas Feridas";"Pleno dia";"Crescente";"Sol";"Simples";"Reta";"Sim";2;0;1;0;1;0;1;2;-13,8794079;-39,48850281;"SPRF-BA";"DEL05-BA";"UOP03-DEL05-BA"
252040;2019-10-01;"terça-feira";"18:30:00";"PR";476;124,7;"CURITIBA";"Desobediência às normas de trânsito pelo condutor";"Atropelamento de Pedestre";"Com Vítimas Feridas";"Anoitecer";"Decrescente";"Céu Claro";"Dupla";"Reta";"Sim";2;0;1;0;1;0;1;2;-25,40101348;-49,21587467;"SPRF-PR";"DEL01-PR";"UOP07-DEL01-PR"
252041;2019-11-26;"terça-feira";"16:15:00";"PR";369;156,2;"LONDRINA";"Desobediência às normas de trânsito pelo condutor";"Colisão transversal";"Com Vítimas Feridas";"Pleno dia";"Decrescente";"Nublado";"Dupla";"Interseção de Vias";"Sim";2;0;2;0;0;0;2;2;-23,29156253;-51,21776283;"SPRF-PR";"DEL07-PR";"UOP01-DEL07-PR"
252042;2019-11-26;"terça-feira";"15:15:00";"MT";163;838;"SINOP";"Desobediência às normas de trânsito pelo condutor";"Colisão transversal";"Com Vítimas Feridas";"Pleno dia";"Crescente";"Céu Claro";"Simples";"Interseção de Vias";"Sim";3;0;2;0;1;0;2;2;-11,960007;-55,516914;"SPRF-MT";"DEL06-MT";"UOP02-DEL06-MT"
252043;2019-11-26;"terça-feira";"15:40:00";"RN";101;163;"CANGUARETAMA";"Falta de Atenção à Condução";"Colisão traseira";"Com Vítimas Feridas";"Pleno dia";"Decrescente";"Céu Claro";"Dupla";"Reta";"Não";3;0;1;0;2;0;1;2;-6,393516;-35,13976;"SPRF-RN";"DEL01-RN";"UOP01-DEL01-RN"
252045;2019-11-26;"terça-feira";"15:15:00";"SP";101;48,8;"UBATUBA";"Desobediência às normas de trânsito pelo condutor";"Colisão transversal";"Com Vítimas Feridas";"Pleno dia";"Crescente";"Céu Claro";"Simples";"Reta";"Sim";2;0;2;0;0;0;2;2;-23,44578595;-45,08213997;"SPRF-SP";"DEL06-SP";"UOP01-DEL06-SP"
252048;2019-11-26;"terça-feira";"15:55:00";"PR";376;3;"SAO JOSE DOS PINHAIS";"Ingestão de Álcool";"Colisão lateral";"Com Vítimas Feridas";"Pleno dia";"Crescente";"Nublado";"Dupla";"Reta";"Sim";2;0;1;0;1;0;1;2;-25,5307;-49,1958;"SPRF-PR";"DEL01-PR";"UOP01-DEL01-PR"
252049;2019-11-26;"terça-feira";"16:30:00";"ES";101;279,7;"SERRA";"Velocidade Incompatível";"Tombamento";"Com Vítimas Feridas";"Pleno dia";"Decrescente";"Nublado";"Dupla";"Curva";"Não";2;0;2;0;0;0;2;1;-20,21828666;-40,34895595;"SPRF-ES";"DEL02-ES";"UOP01-DEL02-ES"
252052;2019-11-26;"terça-feira";"17:05:00";"GO";40;0,2;"VALPARAISO DE GOIAS";"Falta de Atenção à Condução";"Colisão transversal";"Com Vítimas Feridas";"Pleno dia";"Decrescente";"Céu Claro";"Dupla";"Reta";"Sim";3;0;1;0;2;0;1;2;-16,06117603;-47,98312068;"SPRF-DF";"DEL01-DF";"UOP01-DEL01-DF"