"id";"data_inversa";"dia_semana";"horario";"uf";"br";"km";"municipio";"causa_acidente";"tipo_acidente";"classificacao_acidente";"fase_dia";"sentido_via";"condicao_metereologica";"tipo_pista";"tracado_via";"uso_solo";"pessoas";"mortos";"feridos_leves";"feridos_graves";"ilesos";"ignorados";"feridos";"veiculos";"latitude";"longitude";"regional";"delegacia";"uop"
252054;2019-11-26;"terça-feira";"17:20:00";"MG";116;115;"ITAOBIM";"Velocidade Incompatível";"Colisão traseira";"Com Vítimas Feridas";"Pleno dia";"Crescente";"Céu Claro";"Simples";"Reta";"Sim";3;0;2;0;0;1;2;2;-16,55656498;-41,50192905;"SPRF-MG";"DEL11-MG";"UOP02-DEL11-MG"
252056;2019-11-26;"terça-feira";"17:35:00";"RN";101;99;"PARNAMIRIM";"Desobediência às normas de trânsito pelo condutor";"Colisão transversal";"Com Vítimas Feridas";"Anoitecer";"Decrescente";"Céu Claro";"Dupla";"Reta";"Sim";2;0;1;0;0;1;1;2;-5,87359183;-35,22063023;"SPRF-RN";"DEL01-RN";"UOP01-DEL01-RN"
252057;2019-11-26;"terça-feira";"17:20:00";"PR";376;183,2;"MARINGA";"Falta de Atenção à Condução";"Colisão traseira";"Com Vítimas Feridas";"Pleno dia";"Crescente";"Sol";"Dupla";"Reta";"Sim";2;0;1;0;1;0;1;2;-23,44159097;-51,87067398;"SPRF-PR";"DEL07-PR";"UOP01-DEL09-PR"
252058;2019-11-26;"terça-feira";"17:40:00";"SP";116;150;"SAO JOSE DOS CAMPOS";"Falta de Atenção à Condução";"Colisão lateral";"Com Vítimas Feridas";"Anoitecer";"Decrescente";"Céu Claro";"Simples";"Reta";"Sim";2;0;1;0;1;0;1;2;-23,21335525;-45,8930588;"SPRF-SP";"DEL02-SP";"UOP01-DEL02-SP"
252059;2019-11-25;"segunda-feira";"05:50:00";"MA";10;271,5;"IMPERATRIZ";"Condutor Dormindo";"Saída de leito carroçável";"Com Vítimas Feridas";"Amanhecer";"Decrescente";"Céu Claro";"Simples";"Reta";"Não";8;0;5;0;0;3;5;1;-5,364944;-47,480766;"SPRF-MA";"DEL04-MA";"UOP01-DEL04-MA"
252060;2019-11-26;"terça-feira";"13:45:00";"SP";116;471,2;"JACUPIRANGA";"Falta de Atenção à Condução";"Saída de leito carroçável";"Com Vítimas Feridas";"Pleno dia";"Decrescente";"Nublado";"Dupla";"Reta";"Não";1;0;1;0;0;0;1;1;-24,65864797;-47,96724403;"SPRF-SP";"DEL05-SP";"UAP01-DEL05-SP"
252061;2019-11-26;"terça-feira";"17:45:00";"AP";156;820,6;"OIAPOQUE";"Falta de Atenção à Condução";"Colisão traseira";"Com Vítimas Feridas";"Pleno dia";"Decrescente";"Céu Claro";"Simples";"Interseção de Vias";"Sim";2;0;1;0;1;0;1;2;3,83878842;-51,81774523;"SPRF-AP";"DEL01-AP";"UOP03-DEL01-AP"
252066;2019-11-26;"terça-feira";"17:30:00";"MG";381;479,5;"CONTAGEM";"Desobediência às normas de trânsito pelo condutor";"Colisão traseira";"Com Vítimas Feridas";"Anoitecer";"Decrescente";"Céu Claro";"Dupla";"Reta";"Sim";2;0;1;0;1;0;1;2;-19,95889605;-44,069202;"SPRF-MG";"DEL01-MG";"UOP03-DEL01-MG"
252067;2019-11-26;"terça-feira";"17:50:00";"PB";230;10;"CABEDELO";"Não guardar distância de segurança";"Colisão traseira";"Com Vítimas Feridas";"Anoitecer";"Crescente";"Céu Claro";"Dupla";"Reta";"Sim";3;0;2;0;1;0;2;2;-7,05866171;-34,85069459;"SPRF-PB";"DEL01-PB";"UOP01-DEL01-PB"
252068;2019-11-26;"terça-feira";"16:00:00";"PR";467;80,3;"CASCAVEL";"Pista Escorregadia";"Saída de leito carroçável";"Com Vítimas Feridas";"Pleno dia";"Decrescente";"Chuva";"Dupla";"Curva";"Não";1;0;1;0;0;0;1;1;-24,7875;-53,6778;"SPRF-PR";"DEL04-PR";"UOP01-DEL04-PR"
252069;2019-11-26;"terça-feira";"15:00:00";"PR";467;91;"CASCAVEL";"Pista Escorregadia";"Saída de leito carroçável";"Com Vítimas Feridas";"Pleno dia";"Crescente";"Chuva";"Dupla";"Curva";"Não";1;0;1;0;0;0;1;1;-24,8515;-53,6035;"SPRF-PR";"DEL04-PR";"UOP01-DEL04-PR"
252070;2019-11-26;"terça-feira";"18:50:00";"SC";470;142;"RIO DO SUL";"Velocidade Incompatível";"Colisão com objeto estático";"Com Vítimas Feridas";"Plena Noite";"Decrescente";"Chuva";"Simples";"Curva";"Não";2;0;1;0;1;0;1;1;-27,229801;-49,6693;"SPRF-SC";"DEL04-SC";"UOP02-DEL04-SC"
252072;2019-11-26;"terça-feira";"19:15:00";"BA";116;422;"FEIRA DE SANTANA";"Falta de Atenção à Condução";"Engavetamento";"Sem Vítimas";"Plena Noite";"Crescente";"Chuva";"Simples";"Reta";"Sim";3;0;0;0;3;0;0;3;-12,23122884;-38,96857023;"SPRF-BA";"DEL02-BA";"UOP01-DEL02-BA"
252073;2019-11-26;"terça-feira";"18:50:00";"SC";470;142;"RIO DO SUL";"Defeito na Via";"Saída de leito carroçável";"Com Vítimas Feridas";"Plena Noite";"Decrescente";"Chuva";"Simples";"Curva";"Não";1;0;1;0;0;0;1;1;-27,229801;-49,6693;"SPRF-SC";"DEL04-SC";"UOP02-DEL04-SC"
252074;2019-11-26;"terça-feira";"19:20:00";"SC";470;90,1;"ASCURRA";"Velocidade Incompatível";"Capotamento";"Com Vítimas Feridas";"Plena Noite";"Decrescente";"Garoa/Chuvisco";"Simples";"Curva";"Não";1;0;1;0;0;0;1;1;-26,97231673;-49,36671942;"SPRF-SC";"DEL04-SC";"UOP01-DEL04-SC"
252076;2019-11-26;"terça-feira";"17:00:00";"MG";40;672,8;"CARANDAI";"Falta de Atenção à Condução";"Colisão transversal";"Com Vítimas Feridas";"Pleno dia";"Decrescente";"Nublado";"Simples";"Curva";"Não";2;0;0;1;1;0;1;2;-20,981935;-43,781046;"SPRF-MG";"DEL05-MG";"UOP02-DEL05-MG"
252077;2019-11-26;"terça-feira";"19:40:00";"PA";163;997;"SANTAREM";"Desobediência às normas de trânsito pelo condutor";"Colisão transversal";"Com Vítimas Feridas";"Plena Noite";"Decrescente";"Céu Claro";"Simples";"Aclive;Curva";"Não";2;0;2;0;0;0;2;2;-2,49783536;-54,73382218;"SPRF-PA";"DEL05-PA";"UOP01-DEL05-PA"
252079;2019-11-26;"terça-feira";"19:10:00";"PR";116;118,7;"CURITIBA";"Falta de Atenção à Condução";"Colisão lateral";"Com Vítimas Feridas";"Plena Noite";"Crescente";"Nublado";"Dupla";"Reta";"Sim";2;0;1;0;1;0;1;2;-25,57340555;-49,31155812;"SPRF-PR";"DEL01-PR";"UOP03-DEL01-PR"
252080;2019-11-26;"terça-feira";"20:00:00";"PR";476;141;"CURITIBA";"Falta de Atenção à Condução";"Colisão traseira";"Com Vítimas Feridas";"Plena Noite";"Crescente";"Nublado";"Dupla";"Interseção de Vias";"Sim";2;0;1;0;1;0;1;2;-25,54319834;-49,30613302;"SPRF-PR";"DEL01-PR";"UOP03-DEL01-PR"
252085;2019-11-26;"terça-feira";"20:30:00";"MG";381;453,5;"SABARA";"Falta de Atenção à Condução";"Colisão lateral";"Sem Vítimas";"Plena Noite";"Crescente";"Céu Claro";"Simples";"Reta";"Sim";2;0;0;0;2;0;0;2;-19,85197588;-43,88851019;"SPRF-MG";"DEL01-MG";"UOP01-DEL01-MG"
252086;2019-11-26;"terça-feira";"18:40:00";"MT";163;74,5;"RONDONOPOLIS";"Defeito Mecânico no Veículo";"Incêndio";"Sem Vítimas";"Plena Noite";"Decrescente";"Nublado";"Dupla";"Reta;Aclive";"Não";1;0;0;0;1;0;0;1;-16,86819309;-54,71048071;"SPRF-MT";"DEL02-MT";"DEL2/2-UOP02/MT"
252087;2019-11-26;"terça-feira";"20:10:00";"SC";101;320;"PESCARIA BRAVA";"Falta de Atenção do Pedestre";"Atropelamento de Pedestre";"Com Vítimas Fatais";"Plena Noite";"Crescente";"Garoa/Chuvisco";"Múltipla";"Reta";"Não";3;1;0;0;1;1;0;2;-28,42800492;-48,88171497;"SPRF-SC";"DEL02-SC";"UOP01-DEL02-SC"
252091;2019-11-22;"sexta-feira";"22:35:00";"PR";272;566,6;"GUAIRA";"Objeto estático sobre o leito carroçável";"Colisão com objeto estático";"Sem Vítimas";"Plena Noite";"Decrescente";"Céu Claro";"Simples";"Reta";"Não";2;0;0;0;2;0;0;1;-24,09647349;-54,20729189;"SPRF-PR";"DEL06-PR";"UAP01-DEL06-PR"
252092;2019-11-26;"terça-feira";"22:00:00";"ES";101;2;"SERRA";"Defeito na Via";"Tombamento";"Com Vítimas Feridas";"Plena Noite";"Decrescente";"Nublado";"Dupla";"Reta";"Sim";2;0;2;0;0;0;2;1;-20,24901153;-40,28532028;"SPRF-ES";"DEL02-ES";"UOP01-DEL02-ES"
252096;2019-11-26;"terça-feira";"22:30:00";"ES";101;256;"SERRA";"Desobediência às normas de trânsito pelo condutor";"Colisão lateral";"Com Vítimas Feridas";"Plena Noite";"Decrescente";"Nublado";"Dupla";"Aclive;Reta";"Sim";2;0;1;0;0;1;1;2;-20,119123;-40,311005;"SPRF-ES";"DEL02-ES";"UOP01-DEL02-ES"
252098;2019-11-26;"terça-feira";"22:00:00";"MG";381;296;"ANTONIO DIAS";"Defeito Mecânico no Veículo";"Capotamento";"Com Vítimas Feridas";"Plena Noite";"Decrescente";"Nublado";"Simples";"Curva";"Não";1;0;1;0;0;0;1;1;-19,63789898;-42,82118797;"SPRF-MG";"DEL03-MG";"UOP02-DEL03-MG"
252100;2019-11-26;"terça-feira";"21:30:00";"RR";174;475;"BOA VISTA";"Velocidade Incompatível";"Colisão traseira";"Com Vítimas Fatais";"Plena Noite";"Decrescente";"Céu Claro";"Simples";"Reta";"Não";2;1;0;1;0;0;1;1;2,662302;-60,872585;"SPRF-RR";"DEL01-RR";"UOP01-DEL01-RR"
252101;2019-11-26;"terça-feira";"18:45:00";"RR";174;514;"BOA VISTA";"Velocidade Incompatível";"Colisão traseira";"Com Vítimas Feridas";"Plena Noite";"Crescente";"Céu Claro";"Simples";"Reta";"Não";2;0;1;1;0;0;2;2;2,921912;-60,712013;"SPRF-RR";"DEL01-RR";"UOP01-DEL01-RR"
252102;2019-11-26;"terça-feira";"21:15:00";"RO";364;525;"ARIQUEMES";"Animais na Pista";"Atropelamento de Animal";"Sem Vítimas";"Plena Noite";"Decrescente";"Céu Claro";"Simples";"Curva";"Não";4;0;0;0;4;0;0;1;-9,83672925;-63,0659194;"SPRF-RO";"DEL03-RO";"UOP01-DEL03-RO"
252105;2019-11-26;"terça-feira";"21:50:00";"SC";470;180;"POUSO REDONDO";"Ingestão de Álcool";"Colisão traseira";"Sem Vítimas";"Plena Noite";"Decrescente";"Nevoeiro/Neblina";"Simples";"Reta";"Não";3;0;0;0;3;0;0;3;-27,249525;-49,987041;"SPRF-SC";"DEL04-SC";"UOP02-DEL04-SC"
252106;2019-11-27;"quarta-feira";"00:30:00";"MG";365;453,6;"GUIMARANIA";"Animais na Pista";"Atropelamento de Animal";"Sem Vítimas";"Plena Noite";"Decrescente";"Ignorado";"Simples";"Reta";"Não";2;0;0;0;2;0;0;1;-18,84138673;-46,85468408;"SPRF-MG";"DEL10-MG";"UOP01-DEL10-MG"
252108;2019-11-26;"terça-feira";"23:51:00";"MG";40;506;"RIBEIRAO DAS NEVES";"Desobediência às normas de trânsito pelo condutor";"Atropelamento de Pedestre";"Com Vítimas Feridas";"Plena Noite";"Decrescente";"Nublado";"Dupla";"Reta";"Sim";3;0;2;0;1;0;2;2;-19,74716686;-44,14731173;"SPRF-MG";"DEL02-MG";"UOP01-DEL02-MG"
252110;2019-11-27;"quarta-feira";"00:55:00";"SC";470;21,7;"ILHOTA";"Falta de Atenção à Condução";"Colisão transversal";"Com Vítimas Feridas";"Plena Noite";"Decrescente";"Chuva";"Simples";"Interseção de Vias";"Não";2;0;2;0;0;0;2;2;-26,88104312;-48,83766174;"SPRF-SC";"DEL04-SC";"UOP04-DEL04-SC"
252111;2019-11-27;"quarta-feira";"01:00:00";"SP";116;398;"MIRACATU";"Falta de Atenção à Condução";"Tombamento";"Com Vítimas Feridas";"Plena Noite";"Crescente";"Nublado";"Dupla";"Reta";"Não";1;0;0;1;0;0;1;1;-24,30141628;-47,48527586;"SPRF-SP";"DEL04-SP";"UOP02-DEL04-SP"
252113;2019-11-26;"terça-feira";"15:30:00";"PI";135;582;"CORRENTE";"Defeito na Via";"Saída de leito carroçável";"Com Vítimas Feridas";"Pleno dia";"Crescente";"Chuva";"Simples";"Reta";"Não";4;0;2;0;2;0;2;1;-10,37061994;-45,16516453;"SPRF-PI";"DEL03-PI";"UOP02-DEL03-PI"
252114;2019-11-27;"quarta-feira";"00:40:00";"MS";262;326,3;"CAMPO GRANDE";"Defeito Mecânico no Veículo";"Queda de ocupante de veículo";"Com Vítimas Feridas";"Plena Noite";"Decrescente";"Nublado";"Simples";"Reta";"Sim";1;0;1;0;0;0;1;1;-20,46867409;-54,53455902;"SPRF-MS";"DEL01-MS";"UOP01-DEL01-MS"
252117;2019-11-27;"quarta-feira";"02:30:00";"PI";343;346,6;"TERESINA";"Desobediência às normas de trânsito pelo condutor";"Atropelamento de Pedestre";"Com Vítimas Fatais";"Plena Noite";"Decrescente";"Céu Claro";"Simples";"Reta";"Não";2;1;0;0;0;1;0;2;-5,110751;-42,770531;"SPRF-PI";"DEL01-PI";"UOP01-DEL01-PI"
252119;2019-11-27;"quarta-feira";"05:00:00";"CE";222;3;"CAUCAIA";"Falta de Atenção do Pedestre";"Atropelamento de Pedestre";"Com Vítimas Fatais";"Pleno dia";"Decrescente";"Céu Claro";"Dupla";"Reta";"Sim";2;1;0;1;0;0;1;2;-3,736507;-38,65337;"SPRF-CE";"DEL01-CE";"UOP01-DEL01-CE"
252121;2019-11-27;"quarta-feira";"04:45:00";"GO";153;501;"GOIANIA";"Agressão Externa";"Colisão com objeto em movimento";"Sem Vítimas";"Amanhecer";"Decrescente";"Nublado";"Dupla";"Reta";"Sim";1;0;0;0;1;0;0;1;-16,7189;-49,2382;"SPRF-GO";"DEL01-GO";"UOP01-DEL01-GO"
252125;2019-11-27;"quarta-feira";"05:10:00";"SC";101;56,7;"JOINVILLE";"Avarias e/ou desgaste excessivo no pneu";"Capotamento";"Com Vítimas Feridas";"Amanhecer";"Crescente";"Chuva";"Dupla";"Reta";"Não";1;0;1;0;0;0;1;1;-26,43207484;-48,82263984;"SPRF-SC";"DEL03-SC";"UOP01-DEL03-SC"
252135;2019-11-27;"quarta-feira";"06:25:00";"CE";116;7;"FORTALEZA";"Desobediência às normas de trânsito pelo condutor";"Tombamento";"Com Vítimas Feridas";"Pleno dia";"Crescente";"Céu Claro";"Simples";"Curva";"Sim";3;0;2;0;1;0;2;2;-3,81073099;-38,50074867;"SPRF-CE";"DEL01-CE";"UOP02-DEL01-CE"
252136;2019-11-27;"quarta-feira";"07:00:00";"PE";232;9,2;"JABOATAO DOS GUARARAPES";"Não guardar distância de segurança";"Colisão traseira";"Sem Vítimas";"Pleno dia";"Crescente";"Sol";"Dupla";"Reta";"Sim";2;0;0;0;2;0;0;2;-8,07764447;-34,97863609;"SPRF-PE";"DEL01-PE";"UOP01-DEL01-PE"
252137;2019-11-27;"quarta-feira";"06:50:00";"CE";116;3;"FORTALEZA";"Falta de Atenção à Condução";"Colisão traseira";"Com Vítimas Feridas";"Pleno dia";"Decrescente";"Céu Claro";"Múltipla";"Reta";"Sim";3;0;0;1;2;0;1;2;-3,77866493;-38,51490171;"SPRF-CE";"DEL01-CE";"UOP02-DEL01-CE"
252138;2019-11-27;"quarta-feira";"07:00:00";"ES";101;70,2;"SAO MATEUS";"Falta de Atenção à Condução";"Colisão lateral";"Com Vítimas Feridas";"Pleno dia";"Crescente";"Céu Claro";"Simples";"Reta";"Sim";2;0;1;1;0;0;2;2;-18,74453703;-39,86164665;"SPRF-ES";"DEL04-ES";"UOP02-DEL04-ES"
252139;2019-11-27;"quarta-feira";"06:00:00";"PI";316;289;"DOM EXPEDITO LOPES";"Falta de Atenção à Condução";"Colisão transversal";"Com Vítimas Feridas";"Pleno dia";"Crescente";"Céu Claro";"Simples";"Reta";"Não";2;0;0;1;1;0;1;2;-6,9914097;-41,62679567;"SPRF-PI";"DEL04-PI";"UOP01-DEL04-PI"
252140;2019-11-27;"quarta-feira";"06:30:00";"SC";280;100;"SAO BENTO DO SUL";"Velocidade Incompatível";"Saída de leito carroçável";"Com Vítimas Feridas";"Pleno dia";"Decrescente";"Chuva";"Simples";"Curva";"Não";2;0;2;0;0;0;2;1;-26,37158361;-49,33137101;"SPRF-SC";"DEL06-SC";"UOP03-DEL06-SC"
252142;2019-11-11;"segunda-feira";"04:05:00";"CE";116;62,3;"CHOROZINHO";"Desobediência às normas de trânsito pelo condutor";"Colisão lateral";"Com Vítimas Feridas";"Plena Noite";"Crescente";"Céu Claro";"Simples";"Reta";"Não";5;0;0;2;3;0;2;2;-4,2640181;-38,48896668;"SPRF-CE";"DEL03-CE";"UOP02-DEL03-CE"
252143;2019-11-27;"quarta-feira";"07:00:00";"GO";60;386,1;"RIO VERDE";"Falta de Atenção à Condução";"Colisão lateral";"Com Vítimas Feridas";"Pleno dia";"Decrescente";"Céu Claro";"Dupla";"Reta;Aclive";"Não";3;0;1;1;1;0;2;3;-17,8029;-50,9205;"SPRF-GO";"DEL04-GO";"UOP01-DEL04-GO"
252144;2019-11-27;"quarta-feira";"07:44:00";"RS";290;112;"ELDORADO DO SUL";"Falta de Atenção à Condução";"Colisão traseira";"Com Vítimas Feridas";"Pleno dia";"Decrescente";"Chuva";"Dupla";"Reta";"Não";2;0;2;0;0;0;2;2;-30,040455;-51,329193;"SPRF-RS";"DEL02-RS";"UOP01-DEL02-RS"
252145;2019-11-27;"quarta-feira";"07:45:00";"MG";381;500,5;"BETIM";"Falta de Atenção à Condução";"Colisão lateral";"Com Vítimas Feridas";"Pleno dia";"Decrescente";"Céu Claro";"Múltipla";"Aclive;Reta";"Não";2;0;1;0;0;1;1;2;-20,02513493;-44,23112709;"SPRF-MG";"DEL01-MG";"UOP03-DEL01-MG"
252146;2019-11-27;"quarta-feira";"07:46:00";"SP";116;230;"SAO PAULO";"Falta de Atenção à Condução";"Colisão traseira";"Com Vítimas Feridas";"Amanhecer";"Crescente";"Nublado";"Múltipla";"Reta";"Sim";3;0;1;0;1;1;1;2;-23,52251783;-46,5855702;"SPRF-SP";"DEL01-SP";"UOP01-DEL01-SP"
252147;2019-11-27;"quarta-feira";"06:30:00";"MG";381;263;"CORONEL FABRICIANO";"Falta de Atenção à Condução";"Colisão traseira";"Com Vítimas Feridas";"Pleno dia";"Decrescente";"Céu Claro";"Simples";"Reta";"Não";2;0;0;1;1;0;1;2;-19,53293653;-42,58558273;"SPRF-MG";"DEL03-MG";"UOP02-DEL03-MG"
252148;2019-11-27;"quarta-feira";"08:00:00";"SP";116;226;"SAO PAULO";"Não guardar distância de segurança";"Colisão traseira";"Com Vítimas Feridas";"Pleno dia";"Decrescente";"Nublado";"Múltipla";"Reta";"Não";2;0;1;0;0;1;1;2;-23,49102507;-46,54878195;"SPRF-SP";"DEL01-SP";"UOP01-DEL01-SP"
252149;2019-11-27;"quarta-feira";"06:50:00";"BA";367;62,9;"PORTO SEGURO";"Desobediência às normas de trânsito pelo condutor";"Colisão traseira";"Com Vítimas Feridas";"Pleno dia";"Crescente";"Sol";"Simples";"Reta";"Não";2;0;0;1;1;0;1;2;-16,3932599;-39,40101004;"SPRF-BA";"DEL09-BA";"UOP01-DEL09-BA"
252150;2019-11-27;"quarta-feira";"08:00:00";"SC";470;140,8;"RIO DO SUL";"Desobediência às normas de trânsito pelo condutor";"Colisão lateral";"Com Vítimas Feridas";"Pleno dia";"Decrescente";"Nublado";"Dupla";"Aclive";"Sim";2;0;1;0;0;1;1;2;-27,20613877;-49,64668036;"SPRF-SC";"DEL04-SC";"UOP02-DEL04-SC"
252152;2019-11-27;"quarta-feira";"06:55:00";"CE";20;424;"FORTALEZA";"Falta de Atenção à Condução";"Colisão traseira";"Sem Vítimas";"Pleno dia";"Decrescente";"Céu Claro";"Dupla";"Reta;Em Obras";"Não";2;0;0;0;2;0;0;2;-3,76999035;-38,67006282;"SPRF-CE";"DEL01-CE";"UOP02-DEL01-CE"
252153;2019-11-27;"quarta-feira";"08:00:00";"MG";381;915;"CAMANDUCAIA";"Defeito Mecânico no Veículo";"Incêndio";"Sem Vítimas";"Pleno dia";"Crescente";"Nublado";"Dupla";"Reta";"Não";1;0;0;0;1;0;0;1;-22,7046406;-46,11913642;"SPRF-MG";"DEL16-MG";"UOP03-DEL16-MG"
252154;2019-07-07;"domingo";"21:16:00";"MG";116;470;"DOM CAVATI";"Falta de Atenção à Condução";"Tombamento";"Com Vítimas Feridas";"Plena Noite";"Crescente";"Céu Claro";"Simples";"Reta";"Não";2;0;0;2;0;0;2;1;-19,31645798;-42,07362474;"SPRF-MG";"DEL06-MG";"UOP02-DEL06-MG"
252155;2019-11-27;"quarta-feira";"09:00:00";"BA";242;892;"LUIS EDUARDO MAGALHAES";"Falta de Atenção à Condução";"Colisão frontal";"Com Vítimas Feridas";"Pleno dia";"Decrescente";"Céu Claro";"Simples";"Reta";"Não";2;0;1;1;0;0;2;2;-12,10164086;-45,87195396;"SPRF-BA";"DEL10-BA";"UOP01-DEL10-BA"
252158;2019-11-27;"quarta-feira";"09:00:00";"CE";116;6;"FORTALEZA";"Falta de Atenção à Condução";"Colisão transversal";"Com Vítimas Feridas";"Pleno dia";"Crescente";"Céu Claro";"Simples";"Reta";"Sim";2;0;1;0;0;1;1;2;-3,802624;-38,50400499;"SPRF-CE";"DEL01-CE";"UOP02-DEL01-CE"
252161;2019-11-27;"quarta-feira";"08:40:00";"RS";290;95;"PORTO ALEGRE";"Falta de Atenção à Condução";"Colisão lateral";"Com Vítimas Feridas";"Pleno dia";"Crescente";"Nublado";"Dupla";"Reta";"Sim";2;0;1;0;1;0;1;2;-29,982832;-51,201572;"SPRF-RS";"DEL01-RS";"UOP01-DEL01-RS"
252162;2019-11-27;"quarta-feira";"08:30:00";"MG";381;501;"BETIM";"Velocidade Incompatível";"Colisão traseira";"Com Vítimas Feridas";"Pleno dia";"Decrescente";"Céu Claro";"Dupla";"Reta";"Não";6;0;1;0;5;0;1;5;-20,01077434;-44,21825409;"SPRF-MG";"DEL01-MG";"UOP03-DEL01-MG"
252163;2019-11-27;"quarta-feira";"08:28:00";"SP";116;115,1;"TAUBATE";"Defeito Mecânico no Veículo";"Tombamento";"Com Vítimas Feridas";"Pleno dia";"Crescente";"Céu Claro";"Dupla";"Reta";"Sim";1;0;1;0;0;0;1;1;-23,0496047;-45,59973712;"SPRF-SP";"DEL06-SP";"UOP02-DEL02-SP"
252164;2019-11-27;"quarta-feira";"09:20:00";"RS";290;96;"PORTO ALEGRE";"Não guardar distância de segurança";"Colisão traseira";"Com Vítimas Feridas";"Pleno dia";"Crescente";"Garoa/Chuvisco";"Múltipla";"Reta";"Sim";2;0;0;1;1;0;1;2;-29,992107;-51,204525;"SPRF-RS";"DEL01-RS";"UOP01-DEL01-RS"
252165;2019-11-26;"terça-feira";"18:00:00";"RJ";116;165;"RIO DE JANEIRO";"Falta de Atenção à Condução";"Colisão traseira";"Com Vítimas Feridas";"Plena Noite";"Crescente";"Céu Claro";"Múltipla";"Reta";"Não";1;0;1;0;0;0;1;1;-22,81548519;-43,29087405;"SPRF-RJ";"DEL01-RJ";"UOP02-DEL01-RJ"
252166;2019-11-27;"quarta-feira";"08:00:00";"MG";381;428,2;"CAETE";"Defeito na Via";"Tombamento";"Com Vítimas Feridas";"Pleno dia";"Crescente";"Céu Claro";"Simples";"Curva";"Sim";2;0;0;1;0;1;1;2;-19,79567606;-43,67708892;"SPRF-MG";"DEL01-MG";"UOP01-DEL01-MG"
252170;2019-11-27;"quarta-feira";"09:00:00";"RO";364;343;"JI-PARANA";"Falta de Atenção à Condução";"Colisão lateral";"Com Vítimas Feridas";"Pleno dia";"Crescente";"Céu Claro";"Dupla";"Reta";"Sim";2;0;0;1;1;0;1;2;-10,87878519;-61,94499012;"SPRF-RO";"DEL02-RO";"UOP01-DEL02-RO"
252171;2019-11-27;"quarta-feira";"08:10:00";"PR";116;26,4;"CAMPINA GRANDE DO SUL";"Defeito Mecânico no Veículo";"Saída de leito carroçável";"Sem Vítimas";"Pleno dia";"Decrescente";"Chuva";"Dupla";"Curva;Declive";"Não";4;0;0;0;4;0;0;1;-25,10683694;-48,785333;"SPRF-PR";"DEL01-PR";"UOP02-DEL01-PR"
252173;2019-03-31;"domingo";"14:40:00";"PR";277;97;"CURITIBA";"Desobediência às normas de trânsito pelo condutor";"Colisão lateral";"Com Vítimas Feridas";"Pleno dia";"Decrescente";"Céu Claro";"Dupla";"Reta";"Sim";4;0;1;1;1;1;2;3;-25,54577186;-49,29537197;"SPRF-PR";"DEL01-PR";"UOP06-DEL01-PR"
252174;2019-11-27;"quarta-feira";"09:30:00";"SC";280;70;"JARAGUA DO SUL";"Falta de Atenção à Condução";"Colisão lateral";"Com Vítimas Feridas";"Pleno dia";"Crescente";"Chuva";"Simples";"Reta";"Não";4;0;3;0;1;0;3;2;-26,46522052;-49,12675918;"SPRF-SC";"DEL03-SC";"UOP03-DEL03-SC"
252176;2019-11-27;"quarta-feira";"10:35:00";"PE";408;95,1;"SAO LOURENCO DA MATA";"Agressão Externa";"Saída de leito carroçável";"Com Vítimas Feridas";"Pleno dia";"Decrescente";"Céu Claro";"Dupla";"Reta;Declive";"Sim";1;0;0;1;0;0;1;1;-8,01186091;-35,04237616;"SPRF-PE";"DEL01-PE";"UOP01-DEL01-PE"
252179;2019-11-27;"quarta-feira";"08:00:00";"RO";364;713;"PORTO VELHO";"Falta de Atenção à Condução";"Colisão transversal";"Com Vítimas Feridas";"Pleno dia";"Crescente";"Nublado";"Dupla";"Interseção de Vias";"Sim";2;0;1;0;1;0;1;2;-8,77331583;-63,87969248;"SPRF-RO";"DEL01-RO";"UOP01-DEL01-RO"
252180;2019-11-27;"quarta-feira";"08:10:00";"PR";116;17;"ANTONINA";"Falta de Atenção à Condução";"Colisão com objeto estático";"Com Vítimas Feridas";"Pleno dia";"Crescente";"Chuva";"Dupla";"Curva";"Não";1;0;1;0;0;0;1;1;-25,10305915;-48,70103892;"SPRF-PR";"DEL01-PR";"UOP02-DEL01-PR"
252181;2019-11-27;"quarta-feira";"10:20:00";"PA";316;52;"CASTANHAL";"Falta de Atenção à Condução";"Tombamento";"Com Vítimas Feridas";"Pleno dia";"Crescente";"Céu Claro";"Dupla";"Reta";"Não";1;0;1;0;0;0;1;1;-1,30732485;-48,02586802;"SPRF-PA";"DEL01-PA";"UOP01-DEL01-PA"
252183;2019-11-27;"quarta-feira";"08:00:00";"SC";282;260;"SAO JOSE DO CERRITO";"Objeto estático sobre o leito carroçável";"Saída de leito carroçável";"Com Vítimas Feridas";"Pleno dia";"Decrescente";"Nublado";"Simples";"Reta";"Não";1;0;1;0;0;0;1;1;-27,644962;-50,59391;"SPRF-SC";"DEL05-SC";"UOP02-DEL05-SC"
252184;2019-11-27;"quarta-feira";"11:00:00";"SP";116;224,1;"GUARULHOS";"Falta de Atenção à Condução";"Colisão traseira";"Com Vítimas Feridas";"Pleno dia";"Crescente";"Nublado";"Múltipla";"Reta";"Sim";3;0;1;0;2;0;1;2;-23,48071896;-46,53271603;"SPRF-SP";"DEL01-SP";"UOP01-DEL01-SP"