"id";"data_inversa";"dia_semana";"horario";"uf";"br";"km";"municipio";"causa_acidente";"tipo_acidente";"classificacao_acidente";"fase_dia";"sentido_via";"condicao_metereologica";"tipo_pista";"tracado_via";"uso_solo";"pessoas";"mortos";"feridos_leves";"feridos_graves";"ilesos";"ignorados";"feridos";"veiculos";"latitude";"longitude";"regional";"delegacia";"uop"
252185;2019-11-27;"quarta-feira";"08:15:00";"SC";282;89;"ALFREDO WAGNER";"Ultrapassagem Indevida";"Saída de leito carroçável";"Sem Vítimas";"Pleno dia";"Decrescente";"Nublado";"Simples";"Curva";"Não";1;0;0;0;1;0;0;1;-27,677973;-49,215893;"SPRF-SC";"DEL01-SC";"UOP03-DEL01-SC"
252186;2019-11-27;"quarta-feira";"10:25:00";"PR";376;425;"TIBAGI";"Falta de Atenção à Condução";"Saída de leito carroçável";"Sem Vítimas";"Pleno dia";"Decrescente";"Nublado";"Simples";"Curva";"Não";1;0;0;0;1;0;0;1;-24,7589837;-50,53031553;"SPRF-PR";"DEL03-PR";"UOP02-DEL03-PR"
252188;2019-11-27;"quarta-feira";"09:45:00";"PA";316;35,1;"SANTA IZABEL DO PARA";"Desobediência às normas de trânsito pelo condutor";"Colisão transversal";"Com Vítimas Feridas";"Pleno dia";"Crescente";"Nublado";"Dupla";"Reta";"Sim";2;0;1;0;1;0;1;2;-1,29146197;-48,164561;"SPRF-PA";"DEL01-PA";"UOP01-DEL01-PA"
252191;2019-11-27;"quarta-feira";"08:10:00";"RJ";101;329;"RIO DE JANEIRO";"Não guardar distância de segurança";"Colisão lateral";"Com Vítimas Feridas";"Pleno dia";"Crescente";"Sol";"Múltipla";"Reta";"Não";3;0;1;0;2;0;1;2;-22,86939305;-43,175642;"SPRF-RJ";"DEL02-RJ";"UOP02-DEL02-RJ"
252192;2019-11-27;"quarta-feira";"11:55:00";"SC";470;52,8;"BLUMENAU";"Falta de Atenção à Condução";"Colisão lateral";"Com Vítimas Feridas";"Pleno dia";"Decrescente";"Nublado";"Simples";"Rotatória";"Sim";3;0;0;1;1;1;1;3;-26,862286;-49,093903;"SPRF-SC";"DEL04-SC";"UOP01-DEL04-SC"
252194;2019-11-27;"quarta-feira";"07:30:00";"BA";110;136;"CICERO DANTAS";"Pista Escorregadia";"Saída de leito carroçável";"Sem Vítimas";"Pleno dia";"Crescente";"Chuva";"Simples";"Aclive;Curva";"Sim";1;0;0;0;1;0;0;1;-10,58317696;-38,37435277;"SPRF-BA";"DEL07-BA";"UOP02-DEL07-BA"
252195;2019-11-27;"quarta-feira";"12:00:00";"PR";369;112;"URAI";"Pista Escorregadia";"Capotamento";"Com Vítimas Feridas";"Pleno dia";"Decrescente";"Chuva";"Simples";"Reta";"Não";1;0;1;0;0;0;1;1;-23,27337648;-50,81777573;"SPRF-PR";"DEL07-PR";"UOP05-DEL07-PR"
252196;2019-11-27;"quarta-feira";"12:00:00";"MG";116;275,6;"TEOFILO OTONI";"Falta de Atenção à Condução";"Colisão traseira";"Com Vítimas Feridas";"Pleno dia";"Decrescente";"Sol";"Simples";"Reta";"Sim";3;0;1;0;2;0;1;3;-17,84235093;-41,51410418;"SPRF-MG";"DEL11-MG";"UOP01-DEL11-MG"
252198;2019-11-26;"terça-feira";"20:30:00";"BA";242;312;"ANDARAI";"Pista Escorregadia";"Tombamento";"Com Vítimas Feridas";"Plena Noite";"Crescente";"Chuva";"Simples";"Reta";"Não";3;0;3;0;0;0;3;1;-12,45893011;-40,99413001;"SPRF-BA";"DEL06-BA";"UOP01-DEL06-BA"
252199;2019-11-27;"quarta-feira";"11:15:00";"RO";364;711;"PORTO VELHO";"Desobediência às normas de trânsito pelo condutor";"Colisão transversal";"Sem Vítimas";"Pleno dia";"Decrescente";"Nublado";"Simples";"Reta";"Sim";2;0;0;0;2;0;0;2;-8,78153947;-63,86531369;"SPRF-RO";"DEL01-RO";"UOP01-DEL01-RO"
252201;2019-11-27;"quarta-feira";"12:20:00";"PR";376;162;"MARINGA";"Falta de Atenção à Condução";"Saída de leito carroçável";"Com Vítimas Feridas";"Pleno dia";"Crescente";"Chuva";"Dupla";"Reta";"Não";1;0;1;0;0;0;1;1;-23,37710685;-52,04510993;"SPRF-PR";"DEL07-PR";"UOP01-DEL09-PR"
252203;2019-11-27;"quarta-feira";"13:00:00";"PR";272;367;"CAMPO MOURAO";"Desobediência às normas de trânsito pelo condutor";"Colisão traseira";"Com Vítimas Feridas";"Pleno dia";"Decrescente";"Garoa/Chuvisco";"Dupla";"Reta";"Sim";3;0;1;1;1;0;2;3;-24,05063682;-52,40169964;"SPRF-PR";"DEL04-PR";"UOP03-DEL09-PR"
252204;2019-11-27;"quarta-feira";"12:40:00";"GO";60;431;"RIO VERDE";"Fenômenos da Natureza";"Saída de leito carroçável";"Com Vítimas Feridas";"Pleno dia";"Crescente";"Chuva";"Dupla";"Reta";"Não";1;0;1;0;0;0;1;1;-17,8266;-51,3385;"SPRF-GO";"DEL04-GO";"UOP01-DEL04-GO"
252205;2019-11-27;"quarta-feira";"12:40:00";"RS";116;263;"CANOAS";"Falta de Atenção à Condução";"Queda de ocupante de veículo";"Com Vítimas Feridas";"Pleno dia";"Decrescente";"Nublado";"Dupla";"Reta";"Sim";2;0;1;0;1;0;1;2;-29,90545398;-51,17674031;"SPRF-RS";"DEL01-RS";"UOP01-DEL01-RS"
252206;2019-11-27;"quarta-feira";"06:40:00";"BA";101;168;"CONCEICAO DO JACUIPE";"Ultrapassagem Indevida";"Colisão com objeto estático";"Sem Vítimas";"Pleno dia";"Decrescente";"Nublado";"Simples";"Viaduto";"Não";1;0;0;0;1;0;0;1;-12,36016643;-38,82534027;"SPRF-BA";"DEL01-BA";"UOP03-DEL01-BA"
252207;2019-11-27;"quarta-feira";"11:15:00";"MG";381;154;"GOVERNADOR VALADARES";"Restrição de Visibilidade";"Colisão transversal";"Com Vítimas Feridas";"Pleno dia";"Crescente";"Céu Claro";"Simples";"Reta";"Sim";3;0;2;0;1;0;2;2;-18,88666107;-42,00230199;"SPRF-MG";"DEL06-MG";"UOP01-DEL06-MG"
252211;2019-11-27;"quarta-feira";"12:15:00";"SP";116;513,1;"CAJATI";"Velocidade Incompatível";"Colisão com objeto estático";"Com Vítimas Feridas";"Pleno dia";"Decrescente";"Garoa/Chuvisco";"Simples";"Curva";"Não";3;0;1;0;2;0;1;1;-24,84695478;-48,2144022;"SPRF-SP";"DEL05-SP";"UAP01-DEL05-SP"
252212;2019-11-14;"quinta-feira";"19:52:00";"SC";101;37,4;"JOINVILLE";"Não guardar distância de segurança";"Engavetamento";"Com Vítimas Feridas";"Plena Noite";"Decrescente";"Nublado";"Dupla";"Reta";"Não";4;0;1;0;3;0;1;3;-26,25050176;-48,90863867;"SPRF-SC";"DEL03-SC";"UOP01-DEL03-SC"
252213;2019-11-27;"quarta-feira";"12:50:00";"RS";116;151,4;"CAXIAS DO SUL";"Velocidade Incompatível";"Saída de leito carroçável";"Com Vítimas Feridas";"Pleno dia";"Crescente";"Chuva";"Dupla";"Curva";"Sim";2;0;1;0;1;0;1;2;-29,17694502;-51,16173896;"SPRF-RS";"DEL05-RS";"UOP01-DEL05-RS"
252214;2019-11-27;"quarta-feira";"10:30:00";"GO";153;73,6;"PORANGATU";"Defeito Mecânico no Veículo";"Saída de leito carroçável";"Com Vítimas Fatais";"Pleno dia";"Crescente";"Céu Claro";"Simples";"Reta";"Não";2;1;0;1;0;0;1;1;-13,475327;-49,136101;"SPRF-GO";"DEL07-GO";"UOP01-DEL07-GO"
252218;2019-11-27;"quarta-feira";"13:50:00";"SC";101;136;"BALNEARIO CAMBORIU";"Falta de Atenção à Condução";"Tombamento";"Com Vítimas Feridas";"Pleno dia";"Decrescente";"Nublado";"Dupla";"Curva";"Não";2;0;1;0;1;0;1;2;-27,008113;-48,617245;"SPRF-SC";"DEL04-SC";"UOP03-DEL04-SC"
252219;2019-11-27;"quarta-feira";"14:00:00";"RJ";101;322,5;"NITEROI";"Falta de Atenção à Condução";"Colisão traseira";"Com Vítimas Feridas";"Pleno dia";"Decrescente";"Sol";"Dupla";"Curva";"Sim";2;0;1;0;1;0;1;2;-22,878923;-43,110676;"SPRF-RJ";"DEL02-RJ";"UOP02-DEL02-RJ"
252221;2019-11-27;"quarta-feira";"13:25:00";"RN";406;170;"SAO GONCALO DO AMARANTE";"Não guardar distância de segurança";"Colisão traseira";"Com Vítimas Feridas";"Pleno dia";"Crescente";"Céu Claro";"Dupla";"Retorno Regulamentado";"Sim";2;0;1;0;1;0;1;2;-5,75872063;-35,29921986;"SPRF-RN";"DEL02-RN";"UOP01-DEL02-RN"
252222;2019-11-27;"quarta-feira";"14:05:00";"GO";60;358;"SANTO ANTONIO DA BARRA";"Pista Escorregadia";"Saída de leito carroçável";"Com Vítimas Feridas";"Pleno dia";"Decrescente";"Chuva";"Dupla";"Retorno Regulamentado";"Não";1;0;1;0;0;0;1;1;-17,6147;-50,7544;"SPRF-GO";"DEL04-GO";"UOP01-DEL04-GO"
252223;2019-11-27;"quarta-feira";"12:30:00";"PR";277;33;"MORRETES";"Pista Escorregadia";"Colisão com objeto estático";"Com Vítimas Feridas";"Pleno dia";"Decrescente";"Chuva";"Dupla";"Curva";"Não";3;0;2;1;0;0;3;1;-25,547373;-48,790559;"SPRF-PR";"DEL01-PR";"UOP05-DEL01-PR"
252224;2019-11-27;"quarta-feira";"13:50:00";"SC";470;16,2;"ILHOTA";"Ultrapassagem Indevida";"Colisão lateral";"Com Vítimas Feridas";"Pleno dia";"Crescente";"Nublado";"Simples";"Reta";"Não";3;0;2;0;1;0;2;2;-26,843019;-48,794434;"SPRF-SC";"DEL04-SC";"UOP04-DEL04-SC"
252225;2019-11-27;"quarta-feira";"14:30:00";"PE";101;49,7;"ABREU E LIMA";"Desobediência às normas de trânsito pelo condutor";"Colisão transversal";"Com Vítimas Feridas";"Pleno dia";"Crescente";"Céu Claro";"Simples";"Reta";"Sim";2;0;0;1;1;0;1;2;-7,9005152;-34,90180641;"SPRF-PE";"DEL01-PE";"UOP02-DEL01-PE"
252227;2019-11-27;"quarta-feira";"14:50:00";"DF";20;16,2;"BRASILIA";"Velocidade Incompatível";"Saída de leito carroçável";"Com Vítimas Feridas";"Pleno dia";"Crescente";"Chuva";"Dupla";"Declive";"Não";1;0;1;0;0;0;1;1;-15,625675;-47,725159;"SPRF-DF";"DEL02-DF";"UOP01-DEL02-DF"
252230;2019-11-27;"quarta-feira";"14:45:00";"TO";153;141,3;"ARAGUAINA";"Desobediência às normas de trânsito pelo condutor";"Colisão lateral";"Com Vítimas Feridas";"Pleno dia";"Crescente";"Nublado";"Dupla";"Rotatória";"Sim";2;0;1;0;1;0;1;2;-7,17785009;-48,22179437;"SPRF-TO";"DEL02-TO";"UOP01-DEL02-TO"
252231;2019-11-27;"quarta-feira";"15:05:00";"ES";101;263;"SERRA";"Agressão Externa";"Tombamento";"Com Vítimas Feridas";"Pleno dia";"Decrescente";"Nublado";"Dupla";"Reta";"Não";2;0;1;0;0;1;1;2;-20,16554736;-40,27301648;"SPRF-ES";"DEL02-ES";"UOP01-DEL02-ES"
252233;2019-11-27;"quarta-feira";"15:00:00";"RJ";40;124;"RIO DE JANEIRO";"Falta de Atenção à Condução";"Colisão traseira";"Com Vítimas Feridas";"Pleno dia";"Crescente";"Céu Claro";"Dupla";"Reta";"Sim";2;0;1;0;1;0;1;2;-22,807953;-43,289124;"SPRF-RJ";"DEL01-RJ";"UOP01-DEL01-RJ"
252234;2019-11-27;"quarta-feira";"15:20:00";"RS";285;293;"PASSO FUNDO";"Falta de Atenção à Condução";"Colisão lateral";"Com Vítimas Feridas";"Pleno dia";"Crescente";"Céu Claro";"Dupla";"Reta";"Não";2;0;1;0;1;0;1;2;-28,236645;-52,375156;"SPRF-RS";"DEL08-RS";"UOP03-DEL08-RS"
252237;2019-11-27;"quarta-feira";"13:50:00";"GO";60;386;"RIO VERDE";"Falta de Atenção à Condução";"Queda de ocupante de veículo";"Com Vítimas Feridas";"Pleno dia";"Crescente";"Céu Claro";"Dupla";"Declive";"Sim";1;0;1;0;0;0;1;1;-17,8029;-50,9205;"SPRF-GO";"DEL04-GO";"UOP01-DEL04-GO"
252240;2019-11-27;"quarta-feira";"15:30:00";"MG";381;437,7;"SABARA";"Defeito Mecânico no Veículo";"Tombamento";"Com Vítimas Feridas";"Pleno dia";"Decrescente";"Sol";"Simples";"Reta";"Não";2;0;2;0;0;0;2;1;-19,80933086;-43,76826997;"SPRF-MG";"DEL01-MG";"UOP01-DEL01-MG"
252242;2019-11-27;"quarta-feira";"13:10:00";"SC";280;99;"SAO BENTO DO SUL";"Falta de Atenção à Condução";"Saída de leito carroçável";"Com Vítimas Feridas";"Pleno dia";"Decrescente";"Nublado";"Simples";"Curva";"Não";1;0;1;0;0;0;1;1;-26,37531616;-49,32563746;"SPRF-SC";"DEL06-SC";"UOP03-DEL06-SC"
252243;2019-11-27;"quarta-feira";"16:00:00";"RJ";40;125;"DUQUE DE CAXIAS";"Defeito Mecânico no Veículo";"Incêndio";"Sem Vítimas";"Pleno dia";"Decrescente";"Céu Claro";"Dupla";"Reta";"Sim";1;0;0;0;1;0;0;1;-22,81487101;-43,28828833;"SPRF-RJ";"DEL01-RJ";"UOP01-DEL01-RJ"
252245;2019-11-27;"quarta-feira";"15:35:00";"PR";163;295;"MARECHAL CANDIDO RONDON";"Desobediência às normas de trânsito pelo condutor";"Queda de ocupante de veículo";"Com Vítimas Feridas";"Pleno dia";"Crescente";"Chuva";"Simples";"Reta";"Não";2;0;1;0;1;0;1;2;-24,51801217;-54,08950493;"SPRF-PR";"DEL06-PR";"UOP02-DEL06-PR"
252246;2019-11-27;"quarta-feira";"13:30:00";"MT";364;258,2;"JUSCIMEIRA";"Falta de Atenção à Condução";"Atropelamento de Pedestre";"Com Vítimas Feridas";"Pleno dia";"Decrescente";"Céu Claro";"Simples";"Reta";"Sim";2;0;1;0;1;0;1;2;-16,056505;-54,88351;"SPRF-MT";"DEL02-MT";"UOP02-DEL05-MT"
252247;2019-11-27;"quarta-feira";"15:40:00";"RS";471;178,9;"RIO PARDO";"Desobediência às normas de trânsito pelo condutor";"Colisão frontal";"Com Vítimas Feridas";"Pleno dia";"Crescente";"Céu Claro";"Simples";"Reta";"Não";4;0;2;0;2;0;2;3;-30,058243;-52,367111;"SPRF-RS";"DEL02-RS";"UOP02-DEL02-RS"
252248;2019-11-27;"quarta-feira";"16:10:00";"PR";469;15,6;"FOZ DO IGUACU";"Falta de Atenção à Condução";"Colisão frontal";"Com Vítimas Feridas";"Pleno dia";"Crescente";"Nublado";"Simples";"Interseção de Vias";"Sim";2;0;1;0;1;0;1;2;-25,5813;-54,5315;"SPRF-PR";"DEL05-PR";"UOP04-DEL05-PR"
252249;2019-11-27;"quarta-feira";"16:10:00";"PR";467;98,9;"CASCAVEL";"Velocidade Incompatível";"Saída de leito carroçável";"Sem Vítimas";"Pleno dia";"Crescente";"Chuva";"Dupla";"Reta";"Não";1;0;0;0;1;0;0;1;-24,8897;-53,5525;"SPRF-PR";"DEL04-PR";"UOP05-DEL05-PR"
252250;2019-11-27;"quarta-feira";"16:30:00";"SP";116;503;"CAJATI";"Pista Escorregadia";"Capotamento";"Com Vítimas Feridas";"Pleno dia";"Crescente";"Chuva";"Simples";"Curva";"Não";1;0;1;0;0;0;1;1;-24,77541893;-48,20947907;"SPRF-SP";"DEL05-SP";"UAP01-DEL05-SP"
252252;2019-11-27;"quarta-feira";"15:00:00";"SC";470;12;"NAVEGANTES";"Falta de Atenção à Condução";"Colisão transversal";"Sem Vítimas";"Pleno dia";"Crescente";"Nublado";"Simples";"Curva";"Não";2;0;0;0;2;0;0;2;-26,835169;-48,757267;"SPRF-SC";"DEL04-SC";"UOP04-DEL04-SC"
252253;2019-11-27;"quarta-feira";"13:40:00";"MT";364;258;"JUSCIMEIRA";"Falta de Atenção à Condução";"Atropelamento de Pedestre";"Com Vítimas Feridas";"Pleno dia";"Decrescente";"Nublado";"Simples";"Reta";"Sim";2;0;1;0;0;1;1;2;-16,056505;-54,88351;"SPRF-MT";"DEL02-MT";"UOP02-DEL05-MT"
252254;2019-10-26;"sábado";"16:20:00";"RJ";356;150;"CAMPOS DOS GOYTACAZES";"Falta de Atenção à Condução";"Colisão lateral";"Com Vítimas Feridas";"Pleno dia";"Crescente";"Nublado";"Simples";"Reta";"Não";3;0;2;0;1;0;2;2;-21,76605928;-41,27368309;"SPRF-RJ";"DEL08-RJ";"UOP02-DEL08-RJ"
252255;2019-11-27;"quarta-feira";"16:10:00";"MG";40;502,2;"ESMERALDAS";"Defeito Mecânico no Veículo";"Tombamento";"Com Vítimas Feridas";"Pleno dia";"Crescente";"Céu Claro";"Dupla";"Aclive;Reta";"Sim";2;0;1;1;0;0;2;1;-19,71466;-44,16023;"SPRF-MG";"DEL02-MG";"UOP01-DEL02-MG"
252259;2019-11-27;"quarta-feira";"17:15:00";"SC";282;52;"AGUAS MORNAS";"Falta de Atenção à Condução";"Saída de leito carroçável";"Com Vítimas Feridas";"Pleno dia";"Decrescente";"Chuva";"Simples";"Curva;Declive";"Não";2;0;2;0;0;0;2;1;-27,696936;-48,964138;"SPRF-SC";"DEL01-SC";"UOP03-DEL01-SC"
252260;2019-11-27;"quarta-feira";"17:15:00";"RN";101;84;"SAO GONCALO DO AMARANTE";"Desobediência às normas de trânsito pelo condutor";"Colisão traseira";"Sem Vítimas";"Anoitecer";"Crescente";"Céu Claro";"Dupla";"Reta";"Não";2;0;0;0;2;0;0;2;-5,774175;-35,2578;"SPRF-RN";"DEL02-RN";"UOP01-DEL02-RN"
252261;2019-11-27;"quarta-feira";"16:50:00";"PI";343;348,7;"TERESINA";"Falta de Atenção à Condução";"Colisão transversal";"Com Vítimas Feridas";"Pleno dia";"Crescente";"Céu Claro";"Simples";"Reta";"Sim";2;0;0;1;1;0;1;2;-5,118706;-42,786411;"SPRF-PI";"DEL01-PI";"UOP01-DEL01-PI"
252262;2019-11-27;"quarta-feira";"16:20:00";"SP";488;3,2;"APARECIDA";"Desobediência às normas de trânsito pelo condutor";"Colisão lateral";"Sem Vítimas";"Pleno dia";"Crescente";"Nublado";"Dupla";"Reta";"Sim";3;0;0;0;0;3;0;3;-22,8561072;-45,2442956;"SPRF-SP";"DEL08-SP";"UOP01-DEL08-SP"
252263;2019-11-27;"quarta-feira";"17:20:00";"ES";101;287;"CARIACICA";"Defeito Mecânico no Veículo";"Tombamento";"Com Vítimas Feridas";"Pleno dia";"Crescente";"Céu Claro";"Dupla";"Reta";"Sim";2;0;2;0;0;0;2;1;-20,26493528;-40,38471702;"SPRF-ES";"DEL01-ES";"UOP01-DEL01-ES"
252264;2019-11-27;"quarta-feira";"17:20:00";"RJ";116;207;"SEROPEDICA";"Falta de Atenção à Condução";"Colisão transversal";"Com Vítimas Feridas";"Pleno dia";"Crescente";"Céu Claro";"Dupla";"Reta";"Não";2;0;0;1;1;0;1;2;-22,72454443;-43,66145706;"SPRF-RJ";"DEL01-RJ";"UOP03-DEL01-RJ"
252265;2019-11-27;"quarta-feira";"17:00:00";"RJ";101;329;"NITEROI";"Falta de Atenção à Condução";"Colisão traseira";"Com Vítimas Feridas";"Anoitecer";"Decrescente";"Céu Claro";"Múltipla";"Reta";"Não";2;0;1;0;1;0;1;2;-22,86939305;-43,175642;"SPRF-RJ";"DEL02-RJ";"UOP02-DEL02-RJ"
252267;2019-11-27;"quarta-feira";"18:00:00";"PR";476;126;"CURITIBA";"Falta de Atenção à Condução";"Colisão traseira";"Com Vítimas Feridas";"Pleno dia";"Crescente";"Céu Claro";"Múltipla";"Reta";"Sim";3;0;1;0;2;0;1;3;-25,416758;-49,223446;"SPRF-PR";"DEL01-PR";"UOP07-DEL01-PR"
252268;2019-10-25;"sexta-feira";"04:50:00";"PR";277;78;"SAO JOSE DOS PINHAIS";"Falta de Atenção à Condução";"Colisão traseira";"Com Vítimas Feridas";"Plena Noite";"Decrescente";"Céu Claro";"Dupla";"Reta";"Sim";2;0;0;1;1;0;1;2;-25,48596837;-49,18478945;"SPRF-PR";"DEL01-PR";"UOP01-DEL01-PR"
252269;2019-11-27;"quarta-feira";"17:45:00";"PB";101;88,3;"JOAO PESSOA";"Desobediência às normas de trânsito pelo condutor";"Colisão lateral";"Com Vítimas Feridas";"Pleno dia";"Crescente";"Céu Claro";"Dupla";"Reta";"Sim";2;0;1;0;1;0;1;2;-7,16470016;-34,89993643;"SPRF-PB";"DEL01-PB";"UOP01-DEL01-PB"
252270;2019-11-27;"quarta-feira";"15:10:00";"RS";472;438;"ITAQUI";"Defeito na Via";"Saída de leito carroçável";"Sem Vítimas";"Pleno dia";"Decrescente";"Céu Claro";"Simples";"Reta";"Não";3;0;0;0;3;0;0;1;-28,93281596;-56,11123804;"SPRF-RS";"DEL12-RS";"UOP01-DEL12-RS"
252271;2019-11-27;"quarta-feira";"12:00:00";"BA";242;371,8;"PALMEIRAS";"Pista Escorregadia";"Saída de leito carroçável";"Com Vítimas Feridas";"Pleno dia";"Crescente";"Chuva";"Simples";"Curva";"Não";1;0;0;1;0;0;1;1;-12,46028502;-41,47741502;"SPRF-BA";"DEL06-BA";"UOP01-DEL06-BA"
252273;2019-11-27;"quarta-feira";"18:05:00";"PB";230;21;"JOAO PESSOA";"Falta de Atenção do Pedestre";"Colisão traseira";"Com Vítimas Feridas";"Plena Noite";"Decrescente";"Céu Claro";"Dupla";"Reta";"Sim";2;0;1;0;1;0;1;2;-7,1415;-34,8519;"SPRF-PB";"DEL01-PB";"UOP01-DEL01-PB"
252274;2019-11-27;"quarta-feira";"18:05:00";"SC";101;328,5;"CAPIVARI DE BAIXO";"Não guardar distância de segurança";"Tombamento";"Com Vítimas Feridas";"Pleno dia";"Decrescente";"Nublado";"Dupla";"Reta";"Não";1;0;1;0;0;0;1;1;-28,43648094;-48,95989307;"SPRF-SC";"DEL02-SC";"UOP01-DEL02-SC"
252275;2019-11-27;"quarta-feira";"18:35:00";"SC";101;330,7;"TUBARAO";"Falta de Atenção à Condução";"Colisão traseira";"Com Vítimas Feridas";"Pleno dia";"Decrescente";"Céu Claro";"Dupla";"Reta";"Não";6;0;2;0;4;0;2;3;-28,45115639;-48,97286879;"SPRF-SC";"DEL02-SC";"UOP01-DEL02-SC"
252276;2019-11-27;"quarta-feira";"16:44:00";"MS";163;500,8;"JARAGUARI";"Ingestão de Álcool";"Saída de leito carroçável";"Sem Vítimas";"Pleno dia";"Decrescente";"Garoa/Chuvisco";"Simples";"Reta";"Não";1;0;0;0;1;0;0;1;-20,316613;-54,51347;"SPRF-MS";"DEL01-MS";"UOP02-DEL01-MS"
252277;2019-11-27;"quarta-feira";"18:10:00";"PR";476;135;"CURITIBA";"Falta de Atenção à Condução";"Colisão traseira";"Com Vítimas Feridas";"Pleno dia";"Crescente";"Nublado";"Múltipla";"Reta";"Sim";2;0;0;1;1;0;1;2;-25,49103793;-49,27212596;"SPRF-PR";"DEL01-PR";"UOP03-DEL01-PR"
252278;2019-11-27;"quarta-feira";"18:55:00";"SC";470;145,2;"RIO DO SUL";"Falta de Atenção à Condução";"Colisão transversal";"Com Vítimas Feridas";"Plena Noite";"Crescente";"Nublado";"Simples";"Curva";"Sim";2;0;1;0;1;0;1;2;-27,23313126;-49,67272997;"SPRF-SC";"DEL04-SC";"UOP02-DEL04-SC"
252280;2019-11-27;"quarta-feira";"18:30:00";"PR";277;726;"FOZ DO IGUACU";"Pista Escorregadia";"Queda de ocupante de veículo";"Com Vítimas Feridas";"Anoitecer";"Crescente";"Nublado";"Dupla";"Rotatória;Curva;Retorno Regulamentado;Interseção de Vias";"Sim";2;0;1;0;1;0;1;1;-25,5106015;-54,55481999;"SPRF-PR";"DEL05-PR";"UOP03-DEL05-PR"
252281;2019-11-11;"segunda-feira";"05:45:00";"SC";470;3;"NAVEGANTES";"Pista Escorregadia";"Tombamento";"Com Vítimas Feridas";"Amanhecer";"Decrescente";"Garoa/Chuvisco";"Simples";"Rotatória";"Sim";1;0;1;0;0;0;1;1;-26,861937;-48,681618;"SPRF-SC";"DEL04-SC";"UOP04-DEL04-SC"
252282;2019-11-27;"quarta-feira";"13:55:00";"MG";381;854;"POUSO ALEGRE";"Falta de Atenção à Condução";"Queda de ocupante de veículo";"Com Vítimas Feridas";"Pleno dia";"Crescente";"Céu Claro";"Dupla";"Reta";"Não";1;0;0;1;0;0;1;1;-22,31374792;-45,90405426;"SPRF-MG";"DEL16-MG";"UOP01-DEL16-MG"
252283;2019-11-27;"quarta-feira";"19:20:00";"SC";470;2,9;"NAVEGANTES";"Ingestão de Substâncias Psicoativas";"Colisão frontal";"Com Vítimas Feridas";"Plena Noite";"Crescente";"Nublado";"Simples";"Reta";"Não";3;0;1;0;2;0;1;2;-26,868551;-48,674831;"SPRF-SC";"DEL04-SC";"UOP04-DEL04-SC"
252284;2019-11-27;"quarta-feira";"18:45:00";"TO";153;141,3;"ARAGUAINA";"Desobediência às normas de trânsito pelo condutor";"Atropelamento de Pedestre";"Com Vítimas Feridas";"Plena Noite";"Decrescente";"Nublado";"Dupla";"Reta";"Sim";2;0;1;0;1;0;1;2;-7,17828652;-48,22152615;"SPRF-TO";"DEL02-TO";"UOP01-DEL02-TO"
252285;2019-11-27;"quarta-feira";"17:20:00";"RO";364;15;"VILHENA";"Falta de Atenção à Condução";"Colisão traseira";"Com Vítimas Feridas";"Pleno dia";"Decrescente";"Céu Claro";"Dupla";"Rotatória";"Sim";2;0;1;0;1;0;1;2;-12,73672751;-60,14804088;"SPRF-RO";"DEL04-RO";"UOP01-DEL04-RO"
252286;2019-11-27;"quarta-feira";"19:20:00";"ES";101;414,5;"CACHOEIRO DE ITAPEMIRIM";"Não guardar distância de segurança";"Colisão transversal";"Com Vítimas Feridas";"Plena Noite";"Crescente";"Céu Claro";"Simples";"Curva";"Não";2;0;0;1;0;1;1;2;-20,92675045;-41,07871771;"SPRF-ES";"DEL03-ES";"UOP02-DEL03-ES"
252287;2019-11-27;"quarta-feira";"19:45:00";"PR";376;180,4;"MARINGA";"Não guardar distância de segurança";"Colisão traseira";"Com Vítimas Feridas";"Plena Noite";"Crescente";"Nublado";"Dupla";"Viaduto";"Sim";2;0;1;0;1;0;1;2;-23,42725352;-51,89512271;"SPRF-PR";"DEL07-PR";"UOP01-DEL09-PR"
252288;2019-11-27;"quarta-feira";"19:40:00";"RJ";101;59;"CAMPOS DOS GOYTACAZES";"Falta de Atenção à Condução";"Colisão transversal";"Com Vítimas Feridas";"Plena Noite";"Crescente";"Nublado";"Simples";"Reta";"Sim";2;0;2;0;0;0;2;2;-21,71366497;-41,30861915;"SPRF-RJ";"DEL08-RJ";"UOP01-DEL08-RJ"
252289;2019-11-27;"quarta-feira";"19:30:00";"PE";101;48;"ABREU E LIMA";"Falta de Atenção à Condução";"Atropelamento de Pedestre";"Com Vítimas Feridas";"Plena Noite";"Decrescente";"Vento";"Múltipla";"Reta";"Sim";2;0;0;1;1;0;1;2;-7,89174705;-34,9033493;"SPRF-PE";"DEL01-PE";"UOP02-DEL01-PE"
252290;2019-11-27;"quarta-feira";"19:15:00";"SP";381;22;"BRAGANCA PAULISTA";"Pista Escorregadia";"Saída de leito carroçável";"Com Vítimas Feridas";"Pleno dia";"Crescente";"Chuva";"Dupla";"Interseção de Vias";"Não";1;0;0;1;0;0;1;1;-22,99697186;-46,5163051;"SPRF-SP";"DEL03-SP";"UOP02-DEL03-SP"
252292;2019-11-27;"quarta-feira";"19:15:00";"DF";20;20,8;"BRASILIA";"Falta de Atenção à Condução";"Atropelamento de Pedestre";"Com Vítimas Feridas";"Plena Noite";"Crescente";"Nublado";"Dupla";"Aclive";"Sim";2;0;1;0;1;0;1;2;-15,607905;-47,692791;"SPRF-DF";"DEL02-DF";"UOP01-DEL02-DF"