"id";"data_inversa";"dia_semana";"horario";"uf";"br";"km";"municipio";"causa_acidente";"tipo_acidente";"classificacao_acidente";"fase_dia";"sentido_via";"condicao_metereologica";"tipo_pista";"tracado_via";"uso_solo";"pessoas";"mortos";"feridos_leves";"feridos_graves";"ilesos";"ignorados";"feridos";"veiculos";"latitude";"longitude";"regional";"delegacia";"uop"
252420;2019-11-28;"quinta-feira";"13:15:00";"MG";381;533,4;"ITATIAIUCU";"Velocidade Incompatível";"Saída de leito carroçável";"Sem Vítimas";"Pleno dia";"Crescente";"Chuva";"Dupla";"Curva";"Sim";1;0;0;0;1;0;0;1;-20,1744466;-44,37588215;"SPRF-MG";"DEL04-MG";"UOP03-DEL04-MG"
252423;2019-11-28;"quinta-feira";"12:15:00";"RJ";40;121;"DUQUE DE CAXIAS";"Não guardar distância de segurança";"Colisão traseira";"Com Vítimas Feridas";"Pleno dia";"Decrescente";"Nublado";"Múltipla";"Reta";"Sim";2;0;1;0;1;0;1;2;-22,78185499;-43,28571273;"SPRF-RJ";"DEL01-RJ";"UOP01-DEL01-RJ"
252424;2019-11-28;"quinta-feira";"14:02:00";"PR";376;226,7;"CAMBIRA";"Falta de Atenção à Condução";"Queda de ocupante de veículo";"Com Vítimas Feridas";"Pleno dia";"Decrescente";"Céu Claro";"Dupla";"Curva";"Não";1;0;0;1;0;0;1;1;-23,57667294;-51,55279908;"SPRF-PR";"DEL07-PR";"UOP03-DEL07-PR"
252425;2019-11-28;"quinta-feira";"13:40:00";"MG";50;144,5;"UBERABA";"Velocidade Incompatível";"Saída de leito carroçável";"Com Vítimas Feridas";"Pleno dia";"Crescente";"Chuva";"Dupla";"Reta";"Não";2;0;2;0;0;0;2;1;-19,51129203;-48,04264209;"SPRF-MG";"DEL13-MG";"UOP01-DEL13-MG"
252427;2019-11-28;"quinta-feira";"13:20:00";"BA";101;119;"ALAGOINHAS";"Defeito na Via";"Saída de leito carroçável";"Com Vítimas Feridas";"Pleno dia";"Crescente";"Nublado";"Simples";"Reta";"Não";2;0;1;0;1;0;1;1;-12,15909821;-38,55596797;"SPRF-BA";"DEL01-BA";"UOP04-DEL01-BA"
252429;2019-11-28;"quinta-feira";"14:12:00";"SC";280;125,7;"RIO NEGRINHO";"Falta de Atenção à Condução";"Colisão frontal";"Com Vítimas Feridas";"Pleno dia";"Crescente";"Céu Claro";"Simples";"Reta";"Sim";2;0;0;1;1;0;1;2;-26,23946022;-49,50503826;"SPRF-SC";"DEL06-SC";"UOP03-DEL06-SC"
252431;2019-11-28;"quinta-feira";"15:00:00";"MG";365;621;"UBERLANDIA";"Falta de Atenção à Condução";"Queda de ocupante de veículo";"Com Vítimas Feridas";"Pleno dia";"Decrescente";"Nublado";"Dupla";"Reta";"Sim";1;0;1;0;0;0;1;1;-18,9048022;-48,29052803;"SPRF-MG";"DEL15-MG";"UOP01-DEL15-MG"
252433;2019-11-28;"quinta-feira";"15:00:00";"PE";232;8,4;"RECIFE";"Falta de Atenção à Condução";"Colisão traseira";"Sem Vítimas";"Pleno dia";"Decrescente";"Sol";"Múltipla";"Desvio Temporário";"Sim";3;0;0;0;3;0;0;3;-8,07583727;-34,97015791;"SPRF-PE";"DEL01-PE";"UOP01-DEL01-PE"
252434;2019-11-28;"quinta-feira";"14:00:00";"RJ";116;299;"RESENDE";"Falta de Atenção à Condução";"Colisão com objeto estático";"Com Vítimas Feridas";"Pleno dia";"Decrescente";"Nublado";"Dupla";"Reta";"Sim";2;0;2;0;0;0;2;1;-22,45153554;-44,34627905;"SPRF-RJ";"DEL07-RJ";"DEL5/7-UOP03/RJ"
252435;2019-11-28;"quinta-feira";"12:25:00";"MS";262;142,3;"AGUA CLARA";"Mal Súbito";"Tombamento";"Com Vítimas Feridas";"Pleno dia";"Crescente";"Céu Claro";"Simples";"Declive";"Sim";1;0;1;0;0;0;1;1;-20,44575266;-52,86327124;"SPRF-MS";"DEL07-MS";"UOP02-DEL07-MS"
252437;2019-01-01;"terça-feira";"23:46:00";"GO";153;497;"GOIANIA";"Falta de Atenção à Condução";"Queda de ocupante de veículo";"Sem Vítimas";"Plena Noite";"Crescente";"Céu Claro";"Dupla";"Declive";"Sim";1;0;0;0;0;1;0;1;-16,6854;-49,2338;"SPRF-GO";"DEL01-GO";"UOP01-DEL01-GO"
252441;2019-11-28;"quinta-feira";"15:30:00";"MG";381;937,1;"EXTREMA";"Velocidade Incompatível";"Saída de leito carroçável";"Com Vítimas Feridas";"Pleno dia";"Decrescente";"Chuva";"Dupla";"Curva";"Não";1;0;1;0;0;0;1;1;-22,81236001;-46,2843096;"SPRF-MG";"DEL16-MG";"UOP03-DEL16-MG"
252445;2019-11-28;"quinta-feira";"16:15:00";"MG";381;729,8;"CARMO DA CACHOEIRA";"Velocidade Incompatível";"Colisão com objeto estático";"Sem Vítimas";"Pleno dia";"Decrescente";"Chuva";"Dupla";"Curva";"Não";1;0;0;0;1;0;0;1;-21,53065495;-45,23082007;"SPRF-MG";"DEL04-MG";"UOP02-DEL04-MG"
252447;2019-11-28;"quinta-feira";"16:30:00";"RS";116;260,5;"CANOAS";"Não guardar distância de segurança";"Colisão traseira";"Com Vítimas Feridas";"Pleno dia";"Decrescente";"Céu Claro";"Dupla";"Reta";"Não";5;0;1;1;3;0;2;2;-29,879208;-51,18045622;"SPRF-RS";"DEL01-RS";"UOP01-DEL01-RS"
252448;2019-11-28;"quinta-feira";"15:27:00";"MG";381;627;"OLIVEIRA";"Falta de Atenção à Condução";"Colisão lateral";"Com Vítimas Feridas";"Pleno dia";"Decrescente";"Chuva";"Dupla";"Reta";"Não";3;0;1;0;2;0;1;2;-20,82916917;-44,81714594;"SPRF-MG";"DEL04-MG";"UOP01-DEL04-MG"
252449;2019-11-28;"quinta-feira";"12:00:00";"MG";40;627,5;"CONSELHEIRO LAFAIETE";"Desobediência às normas de trânsito pelo condutor";"Colisão transversal";"Com Vítimas Feridas";"Pleno dia";"Crescente";"Nublado";"Simples";"Reta";"Sim";2;0;1;0;1;0;1;2;-20,64441866;-43,81111178;"SPRF-MG";"DEL05-MG";"UOP02-DEL05-MG"
252452;2019-11-28;"quinta-feira";"17:00:00";"CE";222;0,2;"FORTALEZA";"Não guardar distância de segurança";"Colisão traseira";"Com Vítimas Feridas";"Pleno dia";"Crescente";"Céu Claro";"Dupla";"Reta";"Sim";2;0;1;0;1;0;1;2;-3,7367737;-38,56923;"SPRF-CE";"DEL01-CE";"UOP01-DEL01-CE"
252453;2019-11-28;"quinta-feira";"16:45:00";"PB";101;98;"ALHANDRA";"Falta de Atenção à Condução";"Colisão traseira";"Com Vítimas Feridas";"Anoitecer";"Decrescente";"Céu Claro";"Dupla";"Reta";"Não";2;0;1;0;1;0;1;2;-7,24692282;-34,93113937;"SPRF-PB";"DEL01-PB";"UOP01-DEL01-PB"
252457;2019-11-28;"quinta-feira";"17:40:00";"SC";101;288,3;"IMBITUBA";"Falta de Atenção à Condução";"Colisão traseira";"Com Vítimas Feridas";"Anoitecer";"Decrescente";"Céu Claro";"Simples";"Interseção de Vias";"Sim";2;0;0;1;1;0;1;2;-28,24598003;-48,70010284;"SPRF-SC";"DEL02-SC";"UOP03-DEL02-SC"
252458;2019-11-28;"quinta-feira";"16:30:00";"MS";60;347,6;"CAMPO GRANDE";"Falta de Atenção à Condução";"Tombamento";"Com Vítimas Feridas";"Pleno dia";"Crescente";"Céu Claro";"Simples";"Rotatória";"Não";1;0;0;1;0;0;1;1;-20,477694;-54,749947;"SPRF-MS";"DEL01-MS";"UOP03-DEL01-MS"
252459;2019-11-28;"quinta-feira";"17:35:00";"MG";50;186,2;"UBERABA";"Defeito Mecânico no Veículo";"Tombamento";"Com Vítimas Feridas";"Pleno dia";"Decrescente";"Chuva";"Dupla";"Reta";"Não";2;0;2;0;0;0;2;1;-19,82427948;-47,89099538;"SPRF-MG";"DEL13-MG";"UOP01-DEL13-MG"
252460;2019-11-28;"quinta-feira";"17:55:00";"GO";60;97,8;"ANAPOLIS";"Desobediência às normas de trânsito pelo condutor";"Colisão transversal";"Com Vítimas Feridas";"Pleno dia";"Crescente";"Céu Claro";"Dupla";"Reta";"Sim";2;0;0;1;1;0;1;2;-16,38211476;-48,95296454;"SPRF-GO";"DEL02-GO";"UOP01-DEL02-GO"
252463;2019-11-28;"quinta-feira";"13:10:00";"SC";282;579,4;"PINHALZINHO";"Velocidade Incompatível";"Saída de leito carroçável";"Com Vítimas Fatais";"Pleno dia";"Crescente";"Sol";"Simples";"Reta";"Sim";2;1;1;0;0;0;1;1;-26,82767069;-53,00002098;"SPRF-SC";"DEL07-SC";"UOP02-DEL07-SC"
252464;2019-11-28;"quinta-feira";"18:15:00";"AL";104;25,5;"UNIAO DOS PALMARES";"Falta de Atenção à Condução";"Colisão com objeto estático";"Com Vítimas Feridas";"Plena Noite";"Crescente";"Céu Claro";"Simples";"Ponte";"Sim";3;0;2;1;0;0;3;1;-9,0901211;-36,05202248;"SPRF-AL";"DEL01-AL";"UOP02-DEL01-AL"
252467;2019-11-28;"quinta-feira";"18:30:00";"PI";316;6,8;"TERESINA";"Ingestão de Álcool";"Colisão lateral";"Com Vítimas Feridas";"Plena Noite";"Crescente";"Céu Claro";"Simples";"Reta";"Sim";2;0;1;0;1;0;1;2;-5,14702095;-42,77438982;"SPRF-PI";"DEL01-PI";"UOP02-DEL01-PI"
252468;2019-11-28;"quinta-feira";"18:25:00";"ES";101;144,6;"LINHARES";"Falta de Atenção à Condução";"Colisão transversal";"Com Vítimas Feridas";"Plena Noite";"Crescente";"Céu Claro";"Múltipla";"Reta";"Sim";3;0;3;0;0;0;3;2;-19,35913756;-40,0644967;"SPRF-ES";"DEL04-ES";"UOP01-DEL04-ES"
252469;2019-11-26;"terça-feira";"16:30:00";"RS";386;154;"ALMIRANTE TAMANDARE DO SUL";"Pista Escorregadia";"Colisão frontal";"Sem Vítimas";"Pleno dia";"Decrescente";"Chuva";"Simples";"Reta";"Não";2;0;0;0;2;0;0;2;-28,111137;-52,860538;"SPRF-RS";"DEL08-RS";"UOP01-DEL08-RS"
252471;2019-11-28;"quinta-feira";"16:25:00";"RO";364;253;"CACOAL";"Pista Escorregadia";"Saída de leito carroçável";"Com Vítimas Feridas";"Pleno dia";"Decrescente";"Chuva";"Simples";"Reta";"Não";2;0;1;0;1;0;1;1;-11,43672682;-61,58825899;"SPRF-RO";"DEL02-RO";"UOP02-DEL02-RO"
252472;2019-11-28;"quinta-feira";"18:50:00";"ES";101;268,1;"SERRA";"Falta de Atenção à Condução";"Colisão traseira";"Com Vítimas Feridas";"Plena Noite";"Decrescente";"Céu Claro";"Múltipla";"Reta";"Não";3;0;1;1;1;0;2;2;-20,20842;-40,269405;"SPRF-ES";"DEL02-ES";"UOP01-DEL02-ES"
252473;2019-11-28;"quinta-feira";"18:45:00";"RN";101;95,4;"NATAL";"Não guardar distância de segurança";"Colisão lateral";"Com Vítimas Feridas";"Plena Noite";"Crescente";"Céu Claro";"Dupla";"Reta";"Sim";2;0;1;0;0;1;1;2;-5,84076841;-35,21035949;"SPRF-RN";"DEL01-RN";"UOP01-DEL01-RN"
252475;2019-11-28;"quinta-feira";"18:45:00";"BA";324;5;"FEIRA DE SANTANA";"Falta de Atenção à Condução";"Colisão lateral";"Com Vítimas Feridas";"Plena Noite";"Crescente";"Céu Claro";"Dupla";"Reta";"Sim";2;0;1;0;1;0;1;2;-12,267113;-38,966988;"SPRF-BA";"DEL02-BA";"UOP01-DEL02-BA"
252476;2019-11-28;"quinta-feira";"18:00:00";"RJ";116;230,1;"PIRAI";"Fenômenos da Natureza";"Tombamento";"Com Vítimas Feridas";"Plena Noite";"Decrescente";"Chuva";"Dupla";"Curva";"Não";2;0;1;0;1;0;1;1;-22,65208783;-43,82143902;"SPRF-RJ";"DEL07-RJ";"UOP01-DEL07-RJ"
252477;2019-11-28;"quinta-feira";"17:45:00";"SC";101;129;"BALNEARIO CAMBORIU";"Defeito Mecânico no Veículo";"Tombamento";"Com Vítimas Feridas";"Pleno dia";"Crescente";"Nublado";"Dupla";"Reta";"Não";1;0;1;0;0;0;1;1;-26,98064277;-48,6790679;"SPRF-SC";"DEL04-SC";"UOP03-DEL04-SC"
252480;2019-11-28;"quinta-feira";"19:00:00";"MG";40;508,8;"RIBEIRAO DAS NEVES";"Falta de Atenção à Condução";"Colisão transversal";"Com Vítimas Feridas";"Plena Noite";"Crescente";"Chuva";"Dupla";"Retorno Regulamentado";"Sim";3;0;1;0;2;0;1;2;-19,76061249;-44,1347544;"SPRF-MG";"DEL01-MG";"UOP02-DEL01-MG"
252481;2019-11-28;"quinta-feira";"19:15:00";"RN";101;101,8;"PARNAMIRIM";"Defeito na Via";"Queda de ocupante de veículo";"Com Vítimas Feridas";"Plena Noite";"Crescente";"Céu Claro";"Dupla";"Reta";"Sim";1;0;1;0;0;0;1;1;-5,88681084;-35,23143404;"SPRF-RN";"DEL01-RN";"UOP01-DEL01-RN"
252482;2019-11-28;"quinta-feira";"18:50:00";"SP";116;219,2;"GUARULHOS";"Falta de Atenção à Condução";"Colisão traseira";"Com Vítimas Feridas";"Anoitecer";"Crescente";"Nublado";"Simples";"Reta";"Não";2;0;1;0;0;1;1;2;-23,46143954;-46,48885316;"SPRF-SP";"DEL01-SP";"UOP01-DEL01-SP"
252483;2019-11-28;"quinta-feira";"19:00:00";"MG";381;503;"BETIM";"Pista Escorregadia";"Colisão com objeto estático";"Sem Vítimas";"Anoitecer";"Decrescente";"Chuva";"Dupla";"Curva";"Sim";1;0;0;0;1;0;0;1;-20,02661436;-44,23210857;"SPRF-MG";"DEL01-MG";"UOP03-DEL01-MG"
252484;2019-11-28;"quinta-feira";"19:30:00";"PA";222;236;"MARABA";"Ingestão de Álcool";"Colisão transversal";"Sem Vítimas";"Plena Noite";"Crescente";"Céu Claro";"Simples";"Reta";"Sim";3;0;0;0;3;0;0;2;-5,285714;-49,07513;"SPRF-PA";"DEL03-PA";"UOP01-DEL03-PA"
252486;2019-11-28;"quinta-feira";"17:06:00";"MG";381;938;"EXTREMA";"Restrição de Visibilidade";"Colisão traseira";"Sem Vítimas";"Pleno dia";"Decrescente";"Céu Claro";"Dupla";"Curva";"Não";5;0;0;0;5;0;0;2;-22,81755944;-46,29462719;"SPRF-MG";"DEL16-MG";"UOP03-DEL16-MG"
252489;2019-11-28;"quinta-feira";"19:10:00";"GO";50;279;"CATALAO";"Falta de Atenção à Condução";"Colisão transversal";"Com Vítimas Feridas";"Plena Noite";"Decrescente";"Chuva";"Simples";"Reta";"Sim";4;0;2;0;2;0;2;2;-18,1739;-47,9289;"SPRF-GO";"DEL06-GO";"UOP01-DEL06-GO"
252490;2019-11-28;"quinta-feira";"18:40:00";"BA";101;506;"ITABUNA";"Objeto estático sobre o leito carroçável";"Colisão traseira";"Com Vítimas Feridas";"Plena Noite";"Crescente";"Céu Claro";"Simples";"Reta";"Sim";1;0;1;0;0;0;1;1;-14,80230987;-39,2927742;"SPRF-BA";"DEL05-BA";"UOP01-DEL05-BA"
252492;2019-11-28;"quinta-feira";"19:30:00";"RN";427;48,7;"JARDIM DO SERIDO";"Condutor Dormindo";"Capotamento";"Com Vítimas Feridas";"Plena Noite";"Crescente";"Céu Claro";"Simples";"Reta";"Não";1;0;1;0;0;0;1;1;-6,56342498;-36,721362;"SPRF-RN";"DEL03-RN";"UOP01-DEL03-RN"
252493;2019-11-28;"quinta-feira";"17:20:00";"MG";381;712,9;"CARMO DA CACHOEIRA";"Velocidade Incompatível";"Colisão com objeto estático";"Com Vítimas Feridas";"Pleno dia";"Decrescente";"Chuva";"Dupla";"Reta;Aclive";"Não";3;0;1;0;2;0;1;2;-21,39692643;-45,20681689;"SPRF-MG";"DEL04-MG";"UOP02-DEL04-MG"
252494;2019-11-28;"quinta-feira";"20:10:00";"SC";101;210,5;"SAO JOSE";"Falta de Atenção à Condução";"Colisão lateral";"Com Vítimas Feridas";"Plena Noite";"Crescente";"Nublado";"Múltipla";"Reta";"Sim";2;0;1;0;1;0;1;2;-27,62073478;-48,6496979;"SPRF-SC";"DEL01-SC";"UOP01-DEL01-SC"
252495;2019-11-28;"quinta-feira";"19:15:00";"PI";407;443,7;"GEMINIANO";"Animais na Pista";"Atropelamento de Animal";"Com Vítimas Feridas";"Plena Noite";"Crescente";"Céu Claro";"Simples";"Reta";"Não";1;0;1;0;0;0;1;1;-7,2030835;-41,30156238;"SPRF-PI";"DEL04-PI";"UOP01-DEL04-PI"
252496;2019-11-28;"quinta-feira";"16:45:00";"RJ";116;216;"PARACAMBI";"Pista Escorregadia";"Colisão com objeto estático";"Com Vítimas Feridas";"Pleno dia";"Decrescente";"Chuva";"Múltipla";"Reta";"Sim";1;0;0;1;0;0;1;1;-22,69005226;-43,79390717;"SPRF-RJ";"DEL01-RJ";"UOP03-DEL01-RJ"
252497;2019-11-28;"quinta-feira";"16:05:00";"MG";381;533,4;"ITATIAIUCU";"Velocidade Incompatível";"Saída de leito carroçável";"Com Vítimas Feridas";"Pleno dia";"Crescente";"Chuva";"Dupla";"Curva";"Sim";3;0;1;0;2;0;1;1;-20,17426533;-44,37590361;"SPRF-MG";"DEL04-MG";"UOP03-DEL04-MG"
252501;2019-11-28;"quinta-feira";"20:40:00";"MG";40;455,5;"CAETANOPOLIS";"Restrição de Visibilidade";"Colisão traseira";"Com Vítimas Feridas";"Plena Noite";"Decrescente";"Chuva";"Dupla";"Reta;Declive";"Não";5;0;2;1;2;0;3;2;-19,359108;-44,344353;"SPRF-MG";"DEL02-MG";"UOP01-DEL02-MG"
252502;2019-11-28;"quinta-feira";"20:40:00";"SC";470;84,5;"RODEIO";"Ingestão de Álcool";"Saída de leito carroçável";"Sem Vítimas";"Plena Noite";"Decrescente";"Céu Claro";"Simples";"Reta";"Não";1;0;0;0;1;0;0;1;-26,96137;-49,342415;"SPRF-SC";"DEL04-SC";"UOP01-DEL04-SC"
252505;2019-11-28;"quinta-feira";"20:45:00";"BA";324;617,9;"SALVADOR";"Desobediência às normas de trânsito pelo pedestre";"Atropelamento de Pedestre";"Com Vítimas Fatais";"Plena Noite";"Crescente";"Nublado";"Múltipla";"Reta";"Sim";5;1;0;0;3;1;0;2;-12,8860325;-38,43806469;"SPRF-BA";"DEL01-BA";"UOP01-DEL01-BA"
252506;2019-11-28;"quinta-feira";"20:45:00";"SC";101;315,6;"LAGUNA";"Defeito Mecânico no Veículo";"Colisão transversal";"Com Vítimas Feridas";"Plena Noite";"Decrescente";"Céu Claro";"Simples";"Reta";"Não";2;0;0;1;1;0;1;2;-28,43182664;-48,83913159;"SPRF-SC";"DEL02-SC";"UOP01-DEL02-SC"
252508;2019-11-28;"quinta-feira";"21:00:00";"PR";277;608;"SANTA TEREZA DO OESTE";"Desobediência às normas de trânsito pelo condutor";"Colisão traseira";"Com Vítimas Feridas";"Plena Noite";"Decrescente";"Céu Claro";"Simples";"Reta";"Não";3;0;2;0;1;0;2;2;-25,04299405;-53,60478197;"SPRF-PR";"DEL05-PR";"UOP02-DEL05-PR"
252509;2019-11-28;"quinta-feira";"19:50:00";"PR";116;119;"CURITIBA";"Objeto estático sobre o leito carroçável";"Queda de ocupante de veículo";"Com Vítimas Feridas";"Plena Noite";"Crescente";"Nublado";"Dupla";"Reta";"Sim";1;0;1;0;0;0;1;1;-25,54456009;-49,30146002;"SPRF-PR";"DEL01-PR";"UOP03-DEL01-PR"
252510;2019-11-28;"quinta-feira";"17:50:00";"RO";364;504;"ARIQUEMES";"Falta de Atenção à Condução";"Colisão traseira";"Com Vítimas Feridas";"Anoitecer";"Crescente";"Chuva";"Simples";"Reta";"Não";6;0;4;0;2;0;4;2;-10,00474102;-63,00712403;"SPRF-RO";"DEL03-RO";"UOP01-DEL03-RO"
252512;2019-11-28;"quinta-feira";"17:50:00";"RJ";40;117;"DUQUE DE CAXIAS";"Falta de Atenção à Condução";"Queda de ocupante de veículo";"Com Vítimas Feridas";"Anoitecer";"Crescente";"Garoa/Chuvisco";"Múltipla";"Reta";"Sim";2;0;1;0;0;1;1;2;-22,745676;-43,2881;"SPRF-RJ";"DEL01-RJ";"UOP01-DEL01-RJ"
252513;2019-11-28;"quinta-feira";"18:30:00";"MG";116;275,6;"TEOFILO OTONI";"Falta de Atenção à Condução";"Colisão traseira";"Sem Vítimas";"Plena Noite";"Decrescente";"Nublado";"Dupla";"Reta";"Sim";3;0;0;0;3;0;0;3;-17,84235093;-41,51410418;"SPRF-MG";"DEL11-MG";"UOP01-DEL11-MG"
252514;2019-11-28;"quinta-feira";"21:15:00";"RJ";40;50;"PETROPOLIS";"Desobediência às normas de trânsito pelo condutor";"Tombamento";"Com Vítimas Feridas";"Plena Noite";"Crescente";"Chuva";"Dupla";"Reta";"Não";1;0;0;1;0;0;1;1;-22,31806204;-43,13158166;"SPRF-RJ";"DEL06-RJ";"UOP01-DEL06-RJ"
252516;2019-11-28;"quinta-feira";"14:40:00";"RJ";40;121;"DUQUE DE CAXIAS";"Falta de Atenção à Condução";"Colisão traseira";"Com Vítimas Feridas";"Pleno dia";"Decrescente";"Chuva";"Dupla";"Reta";"Sim";4;0;1;0;2;1;1;3;-22,7907619;-43,28572512;"SPRF-RJ";"DEL01-RJ";"UOP01-DEL01-RJ"
252518;2019-11-28;"quinta-feira";"18:50:00";"RJ";101;431;"MANGARATIBA";"Velocidade Incompatível";"Colisão com objeto estático";"Com Vítimas Feridas";"Plena Noite";"Crescente";"Chuva";"Simples";"Curva;Declive";"Não";1;0;1;0;0;0;1;1;-22,93294782;-44,02006891;"SPRF-RJ";"DEL03-RJ";"UOP01-DEL03-RJ"
252520;2019-11-28;"quinta-feira";"21:30:00";"MG";50;79,3;"UBERLANDIA";"Ingestão de Álcool";"Saída de leito carroçável";"Com Vítimas Feridas";"Plena Noite";"Crescente";"Chuva";"Dupla";"Reta";"Sim";2;0;2;0;0;0;2;1;-18,95030638;-48,2183665;"SPRF-MG";"DEL15-MG";"UOP01-DEL15-MG"
252522;2019-11-28;"quinta-feira";"20:45:00";"MG";40;709,2;"BARBACENA";"Pista Escorregadia";"Saída de leito carroçável";"Com Vítimas Feridas";"Plena Noite";"Crescente";"Chuva";"Dupla";"Reta";"Não";2;0;2;0;0;0;2;1;-21,24249015;-43,72298753;"SPRF-MG";"DEL05-MG";"UOP02-DEL05-MG"
252523;2019-11-28;"quinta-feira";"22:00:00";"MG";381;487;"BETIM";"Velocidade Incompatível";"Colisão com objeto estático";"Sem Vítimas";"Plena Noite";"Decrescente";"Chuva";"Dupla";"Reta";"Sim";1;0;0;0;1;0;0;1;-19,95586853;-44,14609501;"SPRF-MG";"DEL01-MG";"UOP03-DEL01-MG"
252524;2019-11-28;"quinta-feira";"20:30:00";"RS";116;427;"CRISTAL";"Falta de Atenção do Pedestre";"Atropelamento de Pedestre";"Com Vítimas Feridas";"Plena Noite";"Crescente";"Ignorado";"Simples";"Reta";"Sim";7;0;1;1;1;4;2;2;-30,99035;-52,038357;"SPRF-RS";"DEL02-RS";"UOP03-DEL02-RS"
252525;2019-11-28;"quinta-feira";"22:30:00";"PB";230;22,7;"JOAO PESSOA";"Desobediência às normas de trânsito pelo condutor";"Colisão traseira";"Com Vítimas Feridas";"Plena Noite";"Crescente";"Céu Claro";"Dupla";"Reta";"Sim";4;0;2;1;0;1;3;3;-7,1495;-34,8517;"SPRF-PB";"DEL01-PB";"UOP01-DEL01-PB"
252526;2019-11-28;"quinta-feira";"22:30:00";"SP";116;221,2;"GUARULHOS";"Falta de Atenção à Condução";"Colisão lateral";"Com Vítimas Feridas";"Plena Noite";"Decrescente";"Nublado";"Múltipla";"Reta";"Sim";2;0;1;0;1;0;1;2;-23,46802395;-46,50704901;"SPRF-SP";"DEL01-SP";"UOP01-DEL01-SP"
252531;2019-11-28;"quinta-feira";"20:30:00";"SC";101;109,9;"PENHA";"Falta de Atenção à Condução";"Colisão traseira";"Com Vítimas Feridas";"Plena Noite";"Crescente";"Nublado";"Dupla";"Reta";"Não";4;0;1;0;1;2;1;3;-26,83467869;-48,70535374;"SPRF-SC";"DEL03-SC";"UOP02-DEL03-SC"
252534;2019-11-28;"quinta-feira";"23:35:00";"SC";101;208,3;"SAO JOSE";"Falta de Atenção à Condução";"Tombamento";"Com Vítimas Feridas";"Plena Noite";"Decrescente";"Céu Claro";"Dupla";"Reta";"Sim";1;0;1;0;0;0;1;1;-27,60327979;-48,63201818;"SPRF-SC";"DEL01-SC";"UOP01-DEL01-SC"
252535;2019-11-27;"quarta-feira";"09:40:00";"RJ";101;473;"ANGRA DOS REIS";"Falta de Atenção à Condução";"Colisão frontal";"Com Vítimas Feridas";"Pleno dia";"Decrescente";"Céu Claro";"Simples";"Interseção de Vias";"Sim";3;0;1;0;2;0;1;2;-22,98960623;-44,24168693;"SPRF-RJ";"DEL03-RJ";"UOP03-DEL03-RJ"
252537;2019-11-29;"sexta-feira";"00:00:00";"MG";50;12;"ARAGUARI";"Falta de Atenção à Condução";"Colisão traseira";"Com Vítimas Feridas";"Plena Noite";"Decrescente";"Chuva";"Simples";"Rotatória";"Não";2;0;1;0;0;1;1;2;-18,52177385;-48,04049838;"SPRF-MG";"DEL15-MG";"UOP02-DEL15-MG"
252538;2019-11-28;"quinta-feira";"23:25:00";"RS";392;273,5;"SAO SEPE";"Falta de Atenção à Condução";"Saída de leito carroçável";"Com Vítimas Feridas";"Plena Noite";"Decrescente";"Céu Claro";"Simples";"Viaduto;Reta;Declive;Interseção de Vias";"Não";3;0;3;0;0;0;3;1;-30,36707982;-53,5169419;"SPRF-RS";"DEL09-RS";"UOP02-DEL09-RS"
252539;2019-11-29;"sexta-feira";"00:30:00";"TO";153;138;"ARAGUAINA";"Ingestão de Álcool";"Colisão transversal";"Com Vítimas Feridas";"Plena Noite";"Decrescente";"Céu Claro";"Simples";"Reta";"Não";3;0;2;0;1;0;2;2;-7,15509994;-48,20416232;"SPRF-TO";"DEL02-TO";"UOP01-DEL02-TO"
252541;2019-11-29;"sexta-feira";"00:30:00";"MG";262;399,5;"PARA DE MINAS";"Falta de Atenção do Pedestre";"Atropelamento de Pedestre";"Com Vítimas Feridas";"Plena Noite";"Decrescente";"Chuva";"Dupla";"Reta";"Sim";2;0;0;1;1;0;1;2;-19,88630407;-44,60000753;"SPRF-MG";"DEL01-MG";"UOP03-DEL01-MG"
252542;2019-11-29;"sexta-feira";"00:45:00";"DF";80;30,2;"BRASILIA";"Condutor Dormindo";"Colisão traseira";"Com Vítimas Feridas";"Plena Noite";"Decrescente";"Nublado";"Simples";"Curva";"Não";1;0;1;0;0;0;1;1;-15,586337;-48,188095;"SPRF-DF";"DEL01-DF";"UOP02-DEL03-DF"
252544;2019-11-28;"quinta-feira";"19:30:00";"MG";40;633;"CONSELHEIRO LAFAIETE";"Falta de Atenção à Condução";"Colisão lateral";"Com Vítimas Feridas";"Plena Noite";"Decrescente";"Nublado";"Simples";"Interseção de Vias";"Sim";2;0;1;0;1;0;1;2;-20,68168197;-43,79419779;"SPRF-MG";"DEL05-MG";"UOP02-DEL05-MG"
252546;2019-11-29;"sexta-feira";"00:05:00";"RJ";116;188;"QUEIMADOS";"Falta de Atenção à Condução";"Saída de leito carroçável";"Sem Vítimas";"Plena Noite";"Crescente";"Chuva";"Dupla";"Reta";"Sim";1;0;0;0;1;0;0;1;-22,73656002;-43,54010138;"SPRF-RJ";"DEL01-RJ";"UOP02-DEL01-RJ"
252549;2019-11-14;"quinta-feira";"20:15:00";"DF";60;0,6;"BRASILIA";"Falta de Atenção à Condução";"Colisão traseira";"Com Vítimas Feridas";"Plena Noite";"Crescente";"Céu Claro";"Dupla";"Reta";"Sim";2;0;1;0;1;0;1;2;-15,882499;-48,060212;"SPRF-DF";"DEL01-DF";"UOP01-DEL03-DF"