"id";"data_inversa";"dia_semana";"horario";"uf";"br";"km";"municipio";"causa_acidente";"tipo_acidente";"classificacao_acidente";"fase_dia";"sentido_via";"condicao_metereologica";"tipo_pista";"tracado_via";"uso_solo";"pessoas";"mortos";"feridos_leves";"feridos_graves";"ilesos";"ignorados";"feridos";"veiculos";"latitude";"longitude";"regional";"delegacia";"uop"
252550;2019-11-28;"quinta-feira";"18:32:00";"SC";101;98,4;"BALNEARIO PICARRAS";"Falta de Atenção à Condução";"Queda de ocupante de veículo";"Com Vítimas Feridas";"Anoitecer";"Decrescente";"Nublado";"Múltipla";"Reta";"Sim";1;0;1;0;0;0;1;1;-26,73760897;-48,69918789;"SPRF-SC";"DEL03-SC";"UOP02-DEL03-SC"
252552;2019-11-29;"sexta-feira";"03:50:00";"PR";277;5;"PARANAGUA";"Ingestão de Álcool";"Colisão traseira";"Sem Vítimas";"Plena Noite";"Decrescente";"Vento";"Dupla";"Reta";"Não";2;0;0;0;2;0;0;2;-25,568198;-48,615292;"SPRF-PR";"DEL01-PR";"UOP05-DEL01-PR"
252555;2019-11-29;"sexta-feira";"04:51:00";"PB";230;26;"JOAO PESSOA";"Animais na Pista";"Atropelamento de Animal";"Com Vítimas Feridas";"Amanhecer";"Decrescente";"Céu Claro";"Dupla";"Reta";"Sim";1;0;1;0;0;0;1;1;-7,1693;-34,8782;"SPRF-PB";"DEL01-PB";"UOP01-DEL01-PB"
252556;2019-11-28;"quinta-feira";"17:25:00";"PR";277;729;"FOZ DO IGUACU";"Ingestão de Álcool";"Saída de leito carroçável";"Sem Vítimas";"Pleno dia";"Crescente";"Céu Claro";"Dupla";"Retorno Regulamentado";"Sim";1;0;0;0;1;0;0;1;-25,50749887;-54,58379896;"SPRF-PR";"DEL05-PR";"UOP03-DEL05-PR"
252559;2019-11-28;"quinta-feira";"16:29:00";"AC";364;121;"RIO BRANCO";"Não guardar distância de segurança";"Tombamento";"Com Vítimas Feridas";"Pleno dia";"Crescente";"Nublado";"Dupla";"Reta";"Sim";1;0;1;0;0;0;1;1;-10,01150719;-67,76567817;"SPRF-AC";"DEL01-AC";"UOP01-DEL01-AC"
252560;2019-11-29;"sexta-feira";"00:25:00";"AC";364;141,1;"RIO BRANCO";"Falta de Atenção à Condução";"Colisão com objeto estático";"Sem Vítimas";"Plena Noite";"Decrescente";"Céu Claro";"Dupla";"Rotatória";"Sim";1;0;0;0;0;1;0;1;-9,94129109;-67,87649632;"SPRF-AC";"DEL01-AC";"UOP01-DEL01-AC"
252561;2019-11-29;"sexta-feira";"05:50:00";"RS";116;297,8;"GUAIBA";"Animais na Pista";"Saída de leito carroçável";"Sem Vítimas";"Amanhecer";"Decrescente";"Céu Claro";"Dupla";"Reta";"Sim";1;0;0;0;1;0;0;1;-30,09753097;-51,34302937;"SPRF-RS";"DEL02-RS";"UOP01-DEL02-RS"
252566;2019-11-28;"quinta-feira";"23:25:00";"AP";210;1;"MACAPA";"Falta de Atenção à Condução";"Colisão traseira";"Com Vítimas Feridas";"Plena Noite";"Crescente";"Céu Claro";"Dupla";"Reta";"Sim";1;0;0;1;0;0;1;1;0,07780012;-51,06097;"SPRF-AP";"DEL01-AP";"UOP01-DEL01-AP"
252567;2019-11-25;"segunda-feira";"17:30:00";"RS";290;52;"GLORINHA";"Falta de Atenção à Condução";"Colisão lateral";"Com Vítimas Feridas";"Pleno dia";"Crescente";"Sol";"Dupla";"Reta";"Não";5;0;3;0;2;0;3;2;-29,911516;-50,777485;"SPRF-RS";"DEL03-RS";"UOP01-DEL03-RS"
252569;2019-11-29;"sexta-feira";"07:30:00";"DF";70;9,4;"BRASILIA";"Desobediência às normas de trânsito pelo condutor";"Colisão traseira";"Com Vítimas Feridas";"Pleno dia";"Decrescente";"Céu Claro";"Dupla";"Reta";"Sim";5;0;3;0;2;0;3;3;-15,784615;-48,132023;"SPRF-DF";"DEL01-DF";"UOP02-DEL03-DF"
252570;2019-11-29;"sexta-feira";"07:00:00";"MG";381;487,7;"BETIM";"Pista Escorregadia";"Colisão lateral";"Com Vítimas Feridas";"Pleno dia";"Crescente";"Chuva";"Dupla";"Declive;Curva";"Sim";3;0;1;0;1;1;1;3;-19,95586853;-44,14609501;"SPRF-MG";"DEL01-MG";"UOP03-DEL01-MG"
252572;2019-11-29;"sexta-feira";"07:00:00";"MG";381;331;"NOVA ERA";"Velocidade Incompatível";"Saída de leito carroçável";"Com Vítimas Feridas";"Pleno dia";"Crescente";"Chuva";"Dupla";"Curva";"Não";2;0;1;0;1;0;1;1;-19,76142385;-43,04748427;"SPRF-MG";"DEL03-MG";"UOP01-DEL03-MG"
252573;2019-11-29;"sexta-feira";"07:20:00";"GO";60;387;"RIO VERDE";"Defeito Mecânico no Veículo";"Tombamento";"Com Vítimas Feridas";"Pleno dia";"Crescente";"Nublado";"Dupla";"Reta";"Sim";1;0;0;1;0;0;1;1;-17,8098;-50,9267;"SPRF-GO";"DEL04-GO";"UOP01-DEL04-GO"
252575;2019-11-29;"sexta-feira";"07:40:00";"SC";470;83,6;"RODEIO";"Falta de Atenção à Condução";"Colisão lateral";"Com Vítimas Feridas";"Pleno dia";"Decrescente";"Sol";"Simples";"Reta";"Não";2;0;1;0;1;0;1;2;-26,96227854;-49,33882713;"SPRF-SC";"DEL04-SC";"UOP01-DEL04-SC"
252576;2019-11-29;"sexta-feira";"07:20:00";"SC";101;116;"ITAJAI";"Desobediência às normas de trânsito pelo condutor";"Colisão traseira";"Com Vítimas Feridas";"Pleno dia";"Crescente";"Nublado";"Dupla";"Reta";"Sim";3;0;1;0;2;0;1;3;-26,87905605;-48,72603512;"SPRF-SC";"DEL04-SC";"UOP04-DEL04-SC"
252577;2019-11-29;"sexta-feira";"07:50:00";"MG";381;329;"NOVA ERA";"Falta de Atenção à Condução";"Colisão traseira";"Com Vítimas Feridas";"Pleno dia";"Decrescente";"Chuva";"Dupla";"Aclive;Reta";"Não";2;0;0;1;1;0;1;2;-19,78359101;-43,0443485;"SPRF-MG";"DEL03-MG";"UOP01-DEL03-MG"
252578;2019-11-29;"sexta-feira";"05:40:00";"PR";369;150,1;"LONDRINA";"Ingestão de Álcool";"Colisão traseira";"Sem Vítimas";"Amanhecer";"Decrescente";"Nublado";"Dupla";"Interseção de Vias";"Sim";3;0;0;0;3;0;0;3;-23,29287481;-51,16279721;"SPRF-PR";"DEL07-PR";"UOP01-DEL07-PR"
252579;2019-11-29;"sexta-feira";"07:00:00";"PR";277;75;"SAO JOSE DOS PINHAIS";"Não guardar distância de segurança";"Colisão traseira";"Com Vítimas Feridas";"Pleno dia";"Crescente";"Sol";"Dupla";"Reta";"Sim";5;0;1;0;4;0;1;4;-25,51327981;-49,12433291;"SPRF-PR";"DEL01-PR";"UOP01-DEL01-PR"
252580;2019-11-29;"sexta-feira";"06:20:00";"SC";470;174,7;"POUSO REDONDO";"Falta de Atenção à Condução";"Colisão transversal";"Com Vítimas Feridas";"Pleno dia";"Crescente";"Sol";"Simples";"Reta";"Não";2;0;0;1;1;0;1;2;-27,258179;-49,929146;"SPRF-SC";"DEL04-SC";"UOP02-DEL04-SC"
252582;2019-11-29;"sexta-feira";"07:05:00";"SC";101;208,8;"SAO JOSE";"Falta de Atenção à Condução";"Colisão lateral";"Com Vítimas Feridas";"Pleno dia";"Decrescente";"Céu Claro";"Múltipla";"Reta";"Não";2;0;1;0;1;0;1;2;-27,60327979;-48,63201818;"SPRF-SC";"DEL01-SC";"UOP01-DEL01-SC"
252584;2019-11-29;"sexta-feira";"08:00:00";"ES";101;267;"SERRA";"Não guardar distância de segurança";"Colisão lateral";"Com Vítimas Feridas";"Pleno dia";"Crescente";"Nublado";"Dupla";"Reta";"Sim";2;0;1;0;1;0;1;2;-20,19930999;-40,26884609;"SPRF-ES";"DEL02-ES";"UOP01-DEL02-ES"
252585;2019-11-29;"sexta-feira";"07:00:00";"MG";381;331;"NOVA ERA";"Velocidade Incompatível";"Saída de leito carroçável";"Com Vítimas Feridas";"Pleno dia";"Crescente";"Chuva";"Dupla";"Curva";"Não";1;0;0;1;0;0;1;1;-19,76167723;-43,0473163;"SPRF-MG";"DEL03-MG";"UOP01-DEL03-MG"
252586;2019-11-29;"sexta-feira";"07:49:00";"PI";343;340,6;"TERESINA";"Não guardar distância de segurança";"Colisão traseira";"Sem Vítimas";"Pleno dia";"Crescente";"Céu Claro";"Simples";"Declive";"Sim";3;0;0;0;3;0;0;3;-5,07587802;-42,73915529;"SPRF-PI";"DEL01-PI";"UOP01-DEL01-PI"
252587;2019-11-29;"sexta-feira";"07:50:00";"PR";116;115;"CURITIBA";"Falta de Atenção à Condução";"Colisão lateral";"Com Vítimas Feridas";"Pleno dia";"Crescente";"Céu Claro";"Múltipla";"Reta";"Não";2;0;1;0;1;0;1;2;-25,54437751;-49,30252612;"SPRF-PR";"DEL01-PR";"UOP06-DEL01-PR"
252588;2019-11-29;"sexta-feira";"07:40:00";"RJ";393;248,7;"BARRA DO PIRAI";"Desobediência às normas de trânsito pelo condutor";"Colisão transversal";"Com Vítimas Feridas";"Pleno dia";"Decrescente";"Sol";"Simples";"Reta";"Não";2;0;1;0;1;0;1;2;-22,43017988;-43,74389791;"SPRF-RJ";"DEL05-RJ";"UOP04-DEL05-RJ"
252589;2019-11-29;"sexta-feira";"08:35:00";"GO";70;13;"AGUAS LINDAS DE GOIAS";"Condutor Dormindo";"Capotamento";"Com Vítimas Feridas";"Pleno dia";"Crescente";"Céu Claro";"Dupla";"Reta";"Sim";1;0;1;0;0;0;1;1;-15,74489239;-48,31832762;"SPRF-DF";"DEL01-DF";"UOP02-DEL03-DF"
252590;2019-11-29;"sexta-feira";"07:05:00";"PR";277;84;"SAO JOSE DOS PINHAIS";"Falta de Atenção à Condução";"Colisão traseira";"Com Vítimas Feridas";"Pleno dia";"Crescente";"Céu Claro";"Dupla";"Reta";"Sim";2;0;0;1;1;0;1;2;-25,568939;-49,181978;"SPRF-PR";"DEL01-PR";"UOP06-DEL01-PR"
252591;2019-11-29;"sexta-feira";"08:10:00";"RJ";40;109;"DUQUE DE CAXIAS";"Pista Escorregadia";"Queda de ocupante de veículo";"Com Vítimas Feridas";"Pleno dia";"Crescente";"Nublado";"Dupla";"Reta";"Sim";1;0;1;0;0;0;1;1;-22,67374628;-43,28638368;"SPRF-RJ";"DEL01-RJ";"UOP01-DEL01-RJ"
252594;2019-11-29;"sexta-feira";"08:00:00";"PR";476;141;"CURITIBA";"Falta de Atenção à Condução";"Colisão traseira";"Com Vítimas Feridas";"Pleno dia";"Decrescente";"Céu Claro";"Dupla";"Reta";"Sim";2;0;1;0;1;0;1;2;-25,528614;-49,298798;"SPRF-PR";"DEL01-PR";"UOP03-DEL01-PR"
252595;2019-11-29;"sexta-feira";"08:20:00";"RS";386;435;"NOVA SANTA RITA";"Falta de Atenção à Condução";"Colisão transversal";"Com Vítimas Feridas";"Pleno dia";"Crescente";"Céu Claro";"Simples";"Reta";"Não";3;0;2;0;1;0;2;2;-29,846369;-51,275738;"SPRF-RS";"DEL04-RS";"UOP02-DEL04-RS"
252597;2019-11-29;"sexta-feira";"08:55:00";"RN";406;162,8;"SAO GONCALO DO AMARANTE";"Não guardar distância de segurança";"Colisão traseira";"Com Vítimas Feridas";"Pleno dia";"Crescente";"Céu Claro";"Simples";"Reta";"Não";3;0;1;0;2;0;1;3;-5,7280941;-35,36099113;"SPRF-RN";"DEL02-RN";"UOP01-DEL02-RN"
252598;2019-11-29;"sexta-feira";"09:15:00";"RN";226;175,5;"CURRAIS NOVOS";"Desobediência às normas de trânsito pelo condutor";"Colisão transversal";"Com Vítimas Feridas";"Pleno dia";"Decrescente";"Sol";"Dupla";"Rotatória";"Sim";3;0;3;0;0;0;3;2;-6,257745;-36,510166;"SPRF-RN";"DEL03-RN";"UOP02-DEL03-RN"
252599;2019-11-29;"sexta-feira";"09:10:00";"RS";290;91;"PORTO ALEGRE";"Falta de Atenção à Condução";"Colisão transversal";"Com Vítimas Feridas";"Pleno dia";"Decrescente";"Céu Claro";"Múltipla";"Retorno Regulamentado";"Sim";2;0;1;0;1;0;1;2;-29,969055;-51,167439;"SPRF-RS";"DEL01-RS";"UOP01-DEL01-RS"
252600;2019-07-25;"quinta-feira";"18:00:00";"BA";367;69;"PORTO SEGURO";"Defeito na Via";"Tombamento";"Com Vítimas Feridas";"Anoitecer";"Crescente";"Céu Claro";"Simples";"Reta";"Não";1;0;0;1;0;0;1;1;-16,3925741;-39,45796095;"SPRF-BA";"DEL09-BA";"UOP01-DEL09-BA"
252601;2019-11-29;"sexta-feira";"09:30:00";"SC";101;145;"ITAPEMA";"Não guardar distância de segurança";"Engavetamento";"Com Vítimas Feridas";"Pleno dia";"Decrescente";"Céu Claro";"Múltipla";"Aclive";"Sim";6;0;2;0;4;0;2;3;-27,08139206;-48,60130993;"SPRF-SC";"DEL04-SC";"UOP03-DEL04-SC"
252602;2019-11-29;"sexta-feira";"08:15:00";"RJ";101;320;"NITEROI";"Falta de Atenção à Condução";"Colisão traseira";"Com Vítimas Feridas";"Pleno dia";"Crescente";"Nublado";"Simples";"Reta";"Sim";2;0;1;0;1;0;1;2;-22,86171098;-43,10714015;"SPRF-RJ";"DEL02-RJ";"UOP02-DEL02-RJ"
252603;2019-11-29;"sexta-feira";"09:15:00";"PB";230;24;"JOAO PESSOA";"Falta de Atenção à Condução";"Colisão lateral";"Com Vítimas Feridas";"Pleno dia";"Decrescente";"Céu Claro";"Dupla";"Viaduto";"Sim";2;0;0;1;0;1;1;2;-7,1637;-34,8618;"SPRF-PB";"DEL01-PB";"UOP01-DEL01-PB"
252604;2019-11-29;"sexta-feira";"08:10:00";"SP";381;89;"SAO PAULO";"Falta de Atenção à Condução";"Colisão traseira";"Com Vítimas Feridas";"Pleno dia";"Crescente";"Céu Claro";"Dupla";"Reta";"Sim";2;0;1;0;1;0;1;2;-23,48469299;-46,55983288;"SPRF-SP";"DEL03-SP";"UOP01-DEL03-SP"
252605;2019-11-29;"sexta-feira";"08:30:00";"MT";364;342;"SANTO ANTONIO DO LEVERGER";"Desobediência às normas de trânsito pelo condutor";"Queda de ocupante de veículo";"Com Vítimas Feridas";"Pleno dia";"Crescente";"Céu Claro";"Dupla";"Declive;Curva";"Não";1;0;1;0;0;0;1;1;-15,82665672;-55,5089038;"SPRF-MT";"DEL02-MT";"UOP02-DEL01-MT"
252608;2019-11-29;"sexta-feira";"07:50:00";"PR";369;159,3;"CAMBE";"Não guardar distância de segurança";"Colisão traseira";"Com Vítimas Feridas";"Pleno dia";"Decrescente";"Sol";"Dupla";"Reta;Aclive";"Sim";3;0;1;0;1;1;1;3;-23,28376458;-51,24594748;"SPRF-PR";"DEL07-PR";"UOP01-DEL07-PR"
252610;2019-11-29;"sexta-feira";"09:00:00";"CE";222;0,6;"FORTALEZA";"Defeito Mecânico no Veículo";"Tombamento";"Com Vítimas Feridas";"Pleno dia";"Decrescente";"Céu Claro";"Múltipla";"Reta";"Sim";2;0;2;0;0;0;2;1;-3,7367737;-38,56923;"SPRF-CE";"DEL01-CE";"UOP01-DEL01-CE"
252612;2019-11-29;"sexta-feira";"09:50:00";"MG";381;532;"ITATIAIUCU";"Velocidade Incompatível";"Capotamento";"Com Vítimas Feridas";"Pleno dia";"Crescente";"Chuva";"Dupla";"Curva";"Não";2;0;0;1;1;0;1;1;-20,1904316;-44,38268793;"SPRF-MG";"DEL04-MG";"UOP03-DEL04-MG"
252614;2019-11-29;"sexta-feira";"09:10:00";"BA";101;497;"ITABUNA";"Falta de Atenção à Condução";"Colisão traseira";"Sem Vítimas";"Pleno dia";"Decrescente";"Céu Claro";"Simples";"Reta";"Não";2;0;0;0;2;0;0;2;-14,88260904;-39,28276472;"SPRF-BA";"DEL05-BA";"UOP01-DEL05-BA"
252615;2019-11-29;"sexta-feira";"08:20:00";"GO";70;294,9;"ITAPIRAPUA";"Condutor Dormindo";"Saída de leito carroçável";"Com Vítimas Feridas";"Pleno dia";"Crescente";"Céu Claro";"Simples";"Reta";"Não";1;0;1;0;0;0;1;1;-15,89534882;-50,44062194;"SPRF-GO";"DEL04-GO";"UOP01-DEL04-GO"
252617;2019-11-17;"domingo";"19:15:00";"CE";222;5;"CAUCAIA";"Não guardar distância de segurança";"Colisão traseira";"Com Vítimas Feridas";"Plena Noite";"Decrescente";"Céu Claro";"Dupla";"Reta";"Sim";2;0;1;0;1;0;1;2;-3,74296918;-38,61330997;"SPRF-CE";"DEL01-CE";"UOP01-DEL01-CE"
252619;2019-11-29;"sexta-feira";"09:55:00";"RJ";393;156;"TRES RIOS";"Falta de Atenção à Condução";"Queda de ocupante de veículo";"Com Vítimas Feridas";"Pleno dia";"Crescente";"Nublado";"Simples";"Reta";"Não";1;0;1;0;0;0;1;1;-22,09021176;-43,06349116;"SPRF-RJ";"DEL06-RJ";"UOP01-DEL05-RJ"
252620;2019-11-29;"sexta-feira";"09:40:00";"SP";116;126;"CACAPAVA";"Animais na Pista";"Atropelamento de Animal";"Sem Vítimas";"Pleno dia";"Decrescente";"Nublado";"Dupla";"Reta";"Não";1;0;0;0;1;0;0;1;-23,10433057;-45,69425762;"SPRF-SP";"DEL06-SP";"UOP02-DEL02-SP"
252621;2019-11-01;"sexta-feira";"19:30:00";"RR";432;196;"CANTA";"Falta de Atenção à Condução";"Colisão traseira";"Com Vítimas Feridas";"Plena Noite";"Decrescente";"Céu Claro";"Simples";"Reta";"Não";4;0;1;0;3;0;1;2;2,652438;-60,590595;"SPRF-RR";"DEL01-RR";"UOP01-DEL01-RR"
252624;2019-11-29;"sexta-feira";"10:20:00";"PB";230;27,7;"JOAO PESSOA";"Não guardar distância de segurança";"Colisão traseira";"Com Vítimas Feridas";"Pleno dia";"Crescente";"Céu Claro";"Dupla";"Curva";"Sim";2;0;1;0;1;0;1;2;-7,1677;-34,8855;"SPRF-PB";"DEL01-PB";"UOP01-DEL01-PB"
252625;2019-11-29;"sexta-feira";"09:30:00";"RJ";101;332;"RIO DE JANEIRO";"Não guardar distância de segurança";"Colisão lateral";"Com Vítimas Feridas";"Pleno dia";"Crescente";"Nublado";"Múltipla";"Reta";"Não";2;0;0;1;1;0;1;2;-22,87133305;-43,20407695;"SPRF-RJ";"DEL02-RJ";"UOP02-DEL02-RJ"
252627;2019-11-29;"sexta-feira";"10:00:00";"SC";280;52;"GUARAMIRIM";"Falta de Atenção à Condução";"Colisão transversal";"Com Vítimas Feridas";"Pleno dia";"Crescente";"Céu Claro";"Simples";"Reta";"Sim";2;0;1;0;1;0;1;2;-26,47132394;-48,97149324;"SPRF-SC";"DEL03-SC";"UOP03-DEL03-SC"
252629;2019-11-29;"sexta-feira";"11:05:00";"PR";163;190,5;"SANTA TEREZA DO OESTE";"Velocidade Incompatível";"Saída de leito carroçável";"Com Vítimas Feridas";"Pleno dia";"Decrescente";"Sol";"Dupla";"Curva";"Não";1;0;1;0;0;0;1;1;-25,09439195;-53,59380241;"SPRF-PR";"DEL04-PR";"UOP05-DEL05-PR"
252631;2019-11-29;"sexta-feira";"11:30:00";"PA";316;64,1;"CASTANHAL";"Desobediência às normas de trânsito pelo condutor";"Colisão lateral";"Sem Vítimas";"Pleno dia";"Decrescente";"Sol";"Dupla";"Reta";"Sim";2;0;0;0;2;0;0;2;-1,29615813;-47,91904807;"SPRF-PA";"DEL01-PA";"UOP01-DEL01-PA"
252632;2019-11-29;"sexta-feira";"12:45:00";"GO";60;266,1;"INDIARA";"Fenômenos da Natureza";"Saída de leito carroçável";"Com Vítimas Feridas";"Pleno dia";"Crescente";"Chuva";"Dupla";"Reta";"Não";1;0;0;1;0;0;1;1;-17,20600234;-50,10700643;"SPRF-GO";"DEL01-GO";"UOP02-DEL01-GO"
252636;2019-11-29;"sexta-feira";"12:10:00";"RS";287;399,1;"SANTIAGO";"Falta de Atenção à Condução";"Colisão lateral";"Com Vítimas Feridas";"Pleno dia";"Crescente";"Céu Claro";"Simples";"Reta;Declive";"Sim";2;0;1;1;0;0;2;2;-29,16794191;-54,86705298;"SPRF-RS";"DEL12-RS";"UOP02-DEL12-RS"
252639;2019-11-29;"sexta-feira";"13:00:00";"MG";262;380,5;"JUATUBA";"Pista Escorregadia";"Tombamento";"Com Vítimas Feridas";"Pleno dia";"Decrescente";"Chuva";"Dupla";"Curva;Declive";"Não";1;0;0;1;0;0;1;1;-19,93537159;-44,43413973;"SPRF-MG";"DEL01-MG";"UOP03-DEL01-MG"
252642;2019-11-29;"sexta-feira";"07:50:00";"BA";101;161;"CONCEICAO DO JACUIPE";"Falta de Atenção à Condução";"Saída de leito carroçável";"Com Vítimas Feridas";"Pleno dia";"Crescente";"Sol";"Simples";"Reta";"Não";1;0;1;0;0;0;1;1;-12,35551436;-38,782478;"SPRF-BA";"DEL01-BA";"UOP03-DEL01-BA"
252643;2019-11-29;"sexta-feira";"13:30:00";"DF";60;5,7;"BRASILIA";"Falta de Atenção à Condução";"Saída de leito carroçável";"Com Vítimas Feridas";"Pleno dia";"Crescente";"Céu Claro";"Dupla";"Reta";"Sim";1;0;0;1;0;0;1;1;-15,895438;-48,104771;"SPRF-DF";"DEL01-DF";"UOP01-DEL03-DF"
252644;2019-11-29;"sexta-feira";"14:00:00";"SC";101;208;"SAO JOSE";"Falta de Atenção à Condução";"Colisão lateral";"Com Vítimas Feridas";"Pleno dia";"Crescente";"Céu Claro";"Dupla";"Interseção de Vias";"Sim";2;0;1;0;1;0;1;2;-27,60327979;-48,63201818;"SPRF-SC";"DEL01-SC";"UOP01-DEL01-SC"
252645;2019-11-29;"sexta-feira";"14:00:00";"RJ";356;16;"ITAPERUNA";"Falta de Atenção à Condução";"Saída de leito carroçável";"Com Vítimas Feridas";"Pleno dia";"Decrescente";"Chuva";"Simples";"Reta";"Não";3;0;3;0;0;0;3;1;-21,17841194;-42,048441;"SPRF-RJ";"DEL08-RJ";"UOP03-DEL08-RJ"
252646;2019-11-29;"sexta-feira";"13:45:00";"PI";343;335,8;"TERESINA";"Falta de Atenção à Condução";"Colisão transversal";"Com Vítimas Feridas";"Pleno dia";"Crescente";"Céu Claro";"Simples";"Reta";"Sim";2;0;1;0;1;0;1;2;-5,061626;-42,696655;"SPRF-PI";"DEL01-PI";"UOP01-DEL01-PI"
252647;2019-11-29;"sexta-feira";"14:15:00";"PE";101;67,2;"RECIFE";"Falta de Atenção à Condução";"Colisão transversal";"Com Vítimas Feridas";"Pleno dia";"Crescente";"Céu Claro";"Dupla";"Reta";"Sim";2;0;1;0;1;0;1;2;-8,042334;-34,943096;"SPRF-PE";"DEL01-PE";"UOP01-DEL01-PE"
252650;2019-11-29;"sexta-feira";"14:30:00";"GO";40;11,8;"LUZIANIA";"Falta de Atenção à Condução";"Colisão transversal";"Com Vítimas Feridas";"Pleno dia";"Crescente";"Céu Claro";"Dupla";"Reta;Retorno Regulamentado";"Sim";2;0;1;0;1;0;1;2;-16,138336;-47,951644;"SPRF-DF";"DEL01-DF";"UOP01-DEL01-DF"
252653;2019-11-29;"sexta-feira";"13:45:00";"PE";101;42,9;"IGARASSU";"Falta de Atenção à Condução";"Colisão transversal";"Sem Vítimas";"Pleno dia";"Decrescente";"Céu Claro";"Múltipla";"Retorno Regulamentado";"Sim";2;0;0;0;2;0;0;2;-7,83887431;-34,91196739;"SPRF-PE";"DEL01-PE";"UOP02-DEL01-PE"
252654;2019-11-29;"sexta-feira";"13:50:00";"DF";20;24,3;"BRASILIA";"Falta de Atenção à Condução";"Colisão lateral";"Com Vítimas Feridas";"Pleno dia";"Crescente";"Céu Claro";"Dupla";"Curva";"Não";4;0;1;0;3;0;1;2;-15,594831;-47,658615;"SPRF-DF";"DEL02-DF";"UOP01-DEL02-DF"
252657;2019-11-29;"sexta-feira";"14:50:00";"SP";116;139,2;"SAO JOSE DOS CAMPOS";"Não guardar distância de segurança";"Colisão traseira";"Com Vítimas Feridas";"Pleno dia";"Crescente";"Céu Claro";"Dupla";"Reta";"Sim";6;0;4;0;2;0;4;4;-23,16153216;-45,80400592;"SPRF-SP";"DEL06-SP";"UOP02-DEL02-SP"
252658;2019-11-29;"sexta-feira";"14:30:00";"PR";277;94,8;"CURITIBA";"Falta de Atenção à Condução";"Colisão traseira";"Com Vítimas Feridas";"Pleno dia";"Decrescente";"Céu Claro";"Dupla";"Reta";"Sim";2;0;1;0;1;0;1;2;-25,55282988;-49,27722493;"SPRF-PR";"DEL01-PR";"UOP06-DEL01-PR"
252660;2019-09-28;"sábado";"23:10:00";"SP";153;72,3;"SAO JOSE DO RIO PRETO";"Falta de Atenção à Condução";"Colisão transversal";"Com Vítimas Feridas";"Plena Noite";"Crescente";"Céu Claro";"Dupla";"Reta";"Sim";3;0;3;0;0;0;3;2;-20,86715501;-49,41334398;"SPRF-SP";"DEL09-SP";"UOP01-DEL09-SP"
252661;2019-11-29;"sexta-feira";"07:45:00";"RS";116;520,9;"PELOTAS";"Desobediência às normas de trânsito pelo condutor";"Colisão transversal";"Com Vítimas Feridas";"Pleno dia";"Crescente";"Céu Claro";"Simples";"Interseção de Vias";"Não";3;0;2;0;1;0;2;2;-31,70060621;-52,36130079;"SPRF-RS";"DEL07-RS";"UOP01-DEL07-RS"
252662;2019-11-29;"sexta-feira";"16:00:00";"AL";316;140,8;"ESTRELA DE ALAGOAS";"Falta de Atenção à Condução";"Colisão transversal";"Com Vítimas Feridas";"Pleno dia";"Crescente";"Céu Claro";"Simples";"Reta";"Sim";2;0;0;1;1;0;1;2;-9,39046832;-36,75850007;"SPRF-AL";"DEL03-AL";"UOP01-DEL03-AL"
252664;2019-11-29;"sexta-feira";"15:10:00";"ES";262;35,7;"DOMINGOS MARTINS";"Pista Escorregadia";"Colisão com objeto estático";"Com Vítimas Feridas";"Pleno dia";"Decrescente";"Chuva";"Simples";"Curva";"Não";1;0;0;1;0;0;1;1;-20,38002181;-40,5951714;"SPRF-ES";"DEL01-ES";"UOP01-DEL01-ES"
252665;2019-11-29;"sexta-feira";"15:50:00";"ES";262;3,8;"CARIACICA";"Desobediência às normas de trânsito pelo condutor";"Colisão lateral";"Com Vítimas Feridas";"Pleno dia";"Decrescente";"Nublado";"Dupla";"Reta";"Sim";4;0;0;1;3;0;1;4;-20,33604591;-40,37729859;"SPRF-ES";"DEL01-ES";"UOP01-DEL01-ES"
252667;2019-11-29;"sexta-feira";"13:45:00";"MG";40;42,5;"PARACATU";"Falta de Atenção à Condução";"Colisão transversal";"Com Vítimas Feridas";"Pleno dia";"Decrescente";"Chuva";"Simples";"Interseção de Vias";"Sim";4;0;1;1;2;0;2;2;-17,2188441;-46,8666753;"SPRF-MG";"DEL14-MG";"UOP01-DEL14-MG"
252668;2019-11-29;"sexta-feira";"15:35:00";"MS";163;492,9;"CAMPO GRANDE";"Avarias e/ou desgaste excessivo no pneu";"Saída de leito carroçável";"Sem Vítimas";"Pleno dia";"Crescente";"Chuva";"Simples";"Curva";"Sim";1;0;0;0;0;1;0;1;-20,36949987;-54,5320492;"SPRF-MS";"DEL01-MS";"UOP02-DEL01-MS"
252669;2019-11-29;"sexta-feira";"16:07:00";"MG";40;636;"CONSELHEIRO LAFAIETE";"Ingestão de Álcool";"Colisão transversal";"Sem Vítimas";"Pleno dia";"Decrescente";"Nublado";"Simples";"Reta";"Não";2;0;0;0;2;0;0;2;-20,70680192;-43,79284622;"SPRF-MG";"DEL05-MG";"UOP02-DEL05-MG"
252671;2019-11-29;"sexta-feira";"15:00:00";"RJ";465;20;"NOVA IGUACU";"Falta de Atenção à Condução";"Colisão transversal";"Com Vítimas Feridas";"Pleno dia";"Crescente";"Nublado";"Simples";"Reta";"Sim";2;0;0;1;1;0;1;2;-22,846828;-43,605339;"SPRF-RJ";"DEL01-RJ";"UOP03-DEL01-RJ"
252672;2019-11-29;"sexta-feira";"14:20:00";"ES";262;165;"IBATIBA";"Desobediência às normas de trânsito pelo condutor";"Colisão transversal";"Sem Vítimas";"Pleno dia";"Crescente";"Chuva";"Simples";"Interseção de Vias";"Não";2;0;0;0;2;0;0;2;-20,24911466;-41,55151398;"SPRF-ES";"DEL01-ES";"UOP02-DEL01-ES"