"id";"data_inversa";"dia_semana";"horario";"uf";"br";"km";"municipio";"causa_acidente";"tipo_acidente";"classificacao_acidente";"fase_dia";"sentido_via";"condicao_metereologica";"tipo_pista";"tracado_via";"uso_solo";"pessoas";"mortos";"feridos_leves";"feridos_graves";"ilesos";"ignorados";"feridos";"veiculos";"latitude";"longitude";"regional";"delegacia";"uop"
252777;2019-11-29;"sexta-feira";"22:50:00";"MS";163;484,4;"CAMPO GRANDE";"Falta de Atenção à Condução";"Colisão transversal";"Sem Vítimas";"Plena Noite";"Crescente";"Nublado";"Simples";"Interseção de Vias";"Sim";4;0;0;0;4;0;0;2;-20,45104898;-54,5403266;"SPRF-MS";"DEL01-MS";"UOP02-DEL01-MS"
252778;2019-11-30;"sábado";"00:30:00";"ES";101;269;"SERRA";"Falta de Atenção à Condução";"Atropelamento de Pedestre";"Sem Vítimas";"Plena Noite";"Crescente";"Nublado";"Múltipla";"Interseção de Vias";"Sim";2;0;0;0;2;0;0;2;-20,21740496;-40,26990578;"SPRF-ES";"DEL02-ES";"UOP01-DEL02-ES"
252779;2019-11-30;"sábado";"00:30:00";"RJ";116;233;"PIRAI";"Animais na Pista";"Atropelamento de Animal";"Com Vítimas Fatais";"Plena Noite";"Decrescente";"Nublado";"Dupla";"Reta";"Não";5;1;2;0;1;1;2;3;-22,66355363;-43,84062168;"SPRF-RJ";"DEL07-RJ";"UOP01-DEL07-RJ"
252780;2019-11-30;"sábado";"00:40:00";"SC";280;125;"RIO NEGRINHO";"Desobediência às normas de trânsito pelo condutor";"Colisão com objeto estático";"Sem Vítimas";"Plena Noite";"Crescente";"Céu Claro";"Simples";"Reta;Declive";"Sim";1;0;0;0;1;0;0;1;-26,23763684;-49,48434497;"SPRF-SC";"DEL06-SC";"UOP03-DEL06-SC"
252781;2019-11-30;"sábado";"01:00:00";"SP";116;490,6;"CAJATI";"Falta de Atenção à Condução";"Colisão traseira";"Com Vítimas Feridas";"Plena Noite";"Decrescente";"Céu Claro";"Dupla";"Reta";"Não";3;0;2;0;0;1;2;2;-24,73464809;-48,11602794;"SPRF-SP";"DEL05-SP";"UAP01-DEL05-SP"
252782;2019-11-30;"sábado";"01:20:00";"PR";376;17;"MARINGA";"Velocidade Incompatível";"Colisão com objeto estático";"Sem Vítimas";"Plena Noite";"Crescente";"Céu Claro";"Dupla";"Reta;Declive;Viaduto";"Sim";1;0;0;0;1;0;0;1;-23,4273;-51,9375;"SPRF-PR";"DEL07-PR";"UOP01-DEL09-PR"
252783;2019-11-30;"sábado";"01:00:00";"SP";153;69,5;"SAO JOSE DO RIO PRETO";"Não guardar distância de segurança";"Colisão traseira";"Sem Vítimas";"Plena Noite";"Decrescente";"Céu Claro";"Dupla";"Curva";"Sim";2;0;0;0;1;1;0;2;-20,85095146;-49,39706326;"SPRF-SP";"DEL09-SP";"UOP01-DEL09-SP"
252786;2019-11-30;"sábado";"02:07:00";"SC";101;53,6;"JOINVILLE";"Ingestão de Álcool";"Saída de leito carroçável";"Sem Vítimas";"Plena Noite";"Crescente";"Céu Claro";"Dupla";"Reta";"Sim";1;0;0;0;1;0;0;1;-26,41319508;-48,83617332;"SPRF-SC";"DEL03-SC";"UOP01-DEL03-SC"
252787;2019-11-30;"sábado";"02:15:00";"RS";290;73,1;"GRAVATAI";"Condutor Dormindo";"Saída de leito carroçável";"Com Vítimas Feridas";"Plena Noite";"Crescente";"Céu Claro";"Dupla";"Reta";"Sim";39;0;21;3;15;0;24;1;-29,951347;-50,965858;"SPRF-RS";"DEL03-RS";"UOP01-DEL03-RS"
252788;2019-11-30;"sábado";"02:15:00";"GO";153;511;"APARECIDA DE GOIANIA";"Pista Escorregadia";"Colisão com objeto estático";"Com Vítimas Feridas";"Plena Noite";"Decrescente";"Chuva";"Dupla";"Reta";"Sim";2;0;1;0;1;0;1;1;-16,8067;-49,2394;"SPRF-GO";"DEL01-GO";"UOP03-DEL01-GO"
252790;2019-11-30;"sábado";"06:55:00";"SC";470;51;"BLUMENAU";"Falta de Atenção à Condução";"Colisão transversal";"Com Vítimas Feridas";"Pleno dia";"Decrescente";"Céu Claro";"Simples";"Em Obras";"Sim";2;0;1;0;1;0;1;2;-26,862339;-49,084038;"SPRF-SC";"DEL04-SC";"UOP01-DEL04-SC"
252791;2019-11-30;"sábado";"07:00:00";"MG";381;342;"BELA VISTA DE MINAS";"Pista Escorregadia";"Saída de leito carroçável";"Com Vítimas Feridas";"Pleno dia";"Decrescente";"Chuva";"Simples";"Curva";"Não";2;0;1;1;0;0;2;1;-19,84962291;-43,10954212;"SPRF-MG";"DEL03-MG";"UOP01-DEL03-MG"
252793;2019-11-30;"sábado";"05:30:00";"RJ";116;178;"BELFORD ROXO";"Falta de Atenção à Condução";"Colisão traseira";"Com Vítimas Feridas";"Amanhecer";"Decrescente";"Nublado";"Múltipla";"Reta";"Sim";2;0;0;1;1;0;1;2;-22,77496393;-43,40081465;"SPRF-RJ";"DEL01-RJ";"UOP02-DEL01-RJ"
252794;2019-11-30;"sábado";"09:40:00";"RJ";116;270,3;"BARRA MANSA";"Falta de Atenção à Condução";"Colisão traseira";"Com Vítimas Feridas";"Pleno dia";"Decrescente";"Nublado";"Simples";"Interseção de Vias";"Sim";5;0;1;0;4;0;1;5;-22,56923335;-44,12024318;"SPRF-RJ";"DEL07-RJ";"UOP02-DEL07-RJ"
252795;2019-11-30;"sábado";"04:50:00";"SP";116;225,5;"GUARULHOS";"Falta de Atenção à Condução";"Colisão com objeto estático";"Com Vítimas Feridas";"Amanhecer";"Decrescente";"Nublado";"Múltipla";"Reta";"Sim";3;0;2;0;1;0;2;1;-23,4883752;-46,54463336;"SPRF-SP";"DEL01-SP";"UOP01-DEL01-SP"
252796;2019-11-30;"sábado";"06:10:00";"RS";470;236,4;"CARLOS BARBOSA";"Desobediência às normas de trânsito pelo condutor";"Colisão transversal";"Com Vítimas Feridas";"Amanhecer";"Crescente";"Céu Claro";"Simples";"Curva;Interseção de Vias";"Não";3;0;0;1;1;1;1;3;-29,32243352;-51,49743861;"SPRF-RS";"DEL06-RS";"UOP01-DEL06-RS"
252797;2019-11-30;"sábado";"04:00:00";"PE";316;88;"OURICURI";"Falta de Atenção do Pedestre";"Atropelamento de Pedestre";"Com Vítimas Fatais";"Plena Noite";"Decrescente";"Céu Claro";"Simples";"Reta";"Não";2;1;0;0;0;1;0;2;-7,8964789;-40,04641196;"SPRF-PE";"DEL05-PE";"UOP02-DEL05-PE"
252798;2019-11-30;"sábado";"08:30:00";"BA";116;413;"FEIRA DE SANTANA";"Falta de Atenção à Condução";"Colisão transversal";"Com Vítimas Feridas";"Pleno dia";"Crescente";"Sol";"Simples";"Interseção de Vias";"Sim";2;0;0;1;1;0;1;2;-12,14246805;-38,96658117;"SPRF-BA";"DEL02-BA";"UOP01-DEL02-BA"
252799;2019-11-30;"sábado";"09:50:00";"RJ";393;280,1;"BARRA DO PIRAI";"Falta de Atenção à Condução";"Atropelamento de Pedestre";"Com Vítimas Fatais";"Pleno dia";"Decrescente";"Céu Claro";"Simples";"Reta";"Sim";4;1;0;0;1;2;0;2;-22,47750785;-44,01954402;"SPRF-RJ";"DEL05-RJ";"UOP04-DEL05-RJ"
252800;2019-11-30;"sábado";"07:00:00";"PA";163;1001;"SANTAREM";"Falta de Atenção à Condução";"Colisão com objeto estático";"Com Vítimas Fatais";"Pleno dia";"Crescente";"Nublado";"Simples";"Reta";"Sim";2;1;1;0;0;0;1;2;-2,464507;-54,72745295;"SPRF-PA";"DEL05-PA";"UOP01-DEL05-PA"
252803;2019-11-30;"sábado";"02:10:00";"PB";230;38,7;"SANTA RITA";"Velocidade Incompatível";"Queda de ocupante de veículo";"Com Vítimas Feridas";"Plena Noite";"Crescente";"Céu Claro";"Dupla";"Em Obras";"Não";2;0;1;1;0;0;2;1;-7,13784889;-34,96998185;"SPRF-PB";"DEL01-PB";"UOP03-DEL01-PB"
252806;2019-11-30;"sábado";"05:50:00";"MG";267;301,2;"CAXAMBU";"Velocidade Incompatível";"Saída de leito carroçável";"Com Vítimas Fatais";"Amanhecer";"Decrescente";"Chuva";"Simples";"Curva";"Não";1;1;0;0;0;0;0;1;-21,935942;-44,872665;"SPRF-MG";"DEL05-MG";"UOP01-DEL17-MG"
252807;2019-11-30;"sábado";"05:40:00";"RO";319;62,8;"PORTO VELHO";"Desobediência às normas de trânsito pelo condutor";"Colisão transversal";"Com Vítimas Feridas";"Amanhecer";"Crescente";"Céu Claro";"Múltipla";"Interseção de Vias";"Sim";3;0;0;2;0;1;2;2;-8,766685;-63,884052;"SPRF-RO";"DEL01-RO";"UOP01-DEL01-RO"
252808;2019-11-30;"sábado";"10:00:00";"PE";104;28,9;"TORITAMA";"Desobediência às normas de trânsito pelo condutor";"Colisão transversal";"Com Vítimas Feridas";"Pleno dia";"Decrescente";"Sol";"Simples";"Reta";"Sim";3;0;1;1;0;1;2;2;-8,0065;-36,0709;"SPRF-PE";"DEL02-PE";"UOP01-DEL02-PE"
252809;2019-11-30;"sábado";"10:20:00";"SC";470;154;"AGRONOMICA";"Falta de Atenção à Condução";"Colisão transversal";"Com Vítimas Feridas";"Pleno dia";"Crescente";"Sol";"Simples";"Reta";"Não";5;0;3;0;2;0;3;2;-27,275414;-49,742989;"SPRF-SC";"DEL04-SC";"UOP02-DEL04-SC"
252810;2019-11-30;"sábado";"10:15:00";"PB";230;8;"CABEDELO";"Falta de Atenção à Condução";"Saída de leito carroçável";"Sem Vítimas";"Pleno dia";"Crescente";"Céu Claro";"Dupla";"Reta";"Sim";2;0;0;0;0;2;0;2;-7,0355;-34,8429;"SPRF-PB";"DEL01-PB";"UOP01-DEL01-PB"
252811;2019-11-30;"sábado";"10:25:00";"SC";470;67,6;"INDAIAL";"Falta de Atenção à Condução";"Colisão transversal";"Com Vítimas Feridas";"Pleno dia";"Crescente";"Céu Claro";"Simples";"Interseção de Vias";"Sim";2;0;0;1;1;0;1;2;-26,87458414;-49,23534248;"SPRF-SC";"DEL04-SC";"UOP01-DEL04-SC"
252813;2019-11-30;"sábado";"05:30:00";"SC";470;325;"CAMPOS NOVOS";"Falta de Atenção à Condução";"Colisão lateral";"Com Vítimas Feridas";"Amanhecer";"Crescente";"Céu Claro";"Simples";"Interseção de Vias";"Não";2;0;1;0;0;1;1;2;-27,454107;-51,253307;"SPRF-SC";"DEL07-SC";"UOP06-DEL07-SC"
252814;2019-11-30;"sábado";"08:00:00";"GO";40;1,2;"VALPARAISO DE GOIAS";"Falta de Atenção à Condução";"Colisão transversal";"Com Vítimas Feridas";"Pleno dia";"Decrescente";"Nublado";"Dupla";"Reta";"Sim";1;0;1;0;0;0;1;1;-16,058245;-47,982825;"SPRF-DF";"DEL01-DF";"UOP01-DEL01-DF"
252815;2019-11-30;"sábado";"01:40:00";"SC";101;281,9;"IMBITUBA";"Desobediência às normas de trânsito pelo condutor";"Colisão transversal";"Com Vítimas Feridas";"Plena Noite";"Crescente";"Céu Claro";"Simples";"Reta";"Sim";4;0;0;1;1;2;1;3;-28,19626005;-48,69739859;"SPRF-SC";"DEL02-SC";"UOP03-DEL02-SC"
252816;2019-11-30;"sábado";"09:30:00";"PR";163;353;"GUAIRA";"Não guardar distância de segurança";"Engavetamento";"Com Vítimas Feridas";"Pleno dia";"Decrescente";"Céu Claro";"Dupla";"Reta";"Não";6;0;2;0;4;0;2;3;-24,04602402;-54,27066218;"SPRF-PR";"DEL06-PR";"UOP01-DEL06-PR"
252818;2019-11-30;"sábado";"06:30:00";"MG";381;605,5;"OLIVEIRA";"Velocidade Incompatível";"Saída de leito carroçável";"Com Vítimas Feridas";"Pleno dia";"Crescente";"Chuva";"Dupla";"Reta";"Não";2;0;1;0;1;0;1;1;-20,66757503;-44,7378369;"SPRF-MG";"DEL04-MG";"UOP01-DEL04-MG"
252820;2019-11-30;"sábado";"09:10:00";"RJ";40;121;"DUQUE DE CAXIAS";"Falta de Atenção à Condução";"Colisão lateral";"Com Vítimas Feridas";"Pleno dia";"Crescente";"Céu Claro";"Múltipla";"Reta";"Sim";3;0;1;0;2;0;1;2;-22,77988115;-43,28577876;"SPRF-RJ";"DEL01-RJ";"UOP01-DEL01-RJ"
252821;2019-11-30;"sábado";"06:40:00";"RJ";40;123;"DUQUE DE CAXIAS";"Desobediência às normas de trânsito pelo condutor";"Colisão lateral";"Sem Vítimas";"Pleno dia";"Crescente";"Céu Claro";"Múltipla";"Reta";"Sim";2;0;0;0;2;0;0;2;-22,79907687;-43,29015739;"SPRF-RJ";"DEL01-RJ";"UOP01-DEL01-RJ"
252822;2019-11-30;"sábado";"10:00:00";"MG";262;105;"ABRE CAMPO";"Velocidade Incompatível";"Saída de leito carroçável";"Com Vítimas Feridas";"Pleno dia";"Decrescente";"Chuva";"Simples";"Curva";"Não";3;0;2;0;1;0;2;1;-20,28900223;-42,55571834;"SPRF-MG";"DEL03-MG";"UOP03-DEL03-MG"
252824;2019-11-30;"sábado";"08:40:00";"MT";70;730;"CACERES";"Falta de Atenção à Condução";"Colisão frontal";"Com Vítimas Feridas";"Pleno dia";"Crescente";"Nublado";"Simples";"Reta";"Sim";2;0;0;1;1;0;1;2;-16,10441937;-57,67708386;"SPRF-MT";"DEL03-MT";"UOP01-DEL03-MT"
252825;2019-11-30;"sábado";"03:00:00";"SC";101;410,6;"ARARANGUA";"Falta de Atenção à Condução";"Colisão com objeto estático";"Com Vítimas Feridas";"Plena Noite";"Decrescente";"Céu Claro";"Simples";"Rotatória";"Não";1;0;1;0;0;0;1;1;-28,92792466;-49,49304342;"SPRF-SC";"DEL02-SC";"UOP02-DEL02-SC"
252826;2019-11-30;"sábado";"10:10:00";"GO";153;616;"MORRINHOS";"Pista Escorregadia";"Saída de leito carroçável";"Com Vítimas Feridas";"Pleno dia";"Decrescente";"Chuva";"Dupla";"Reta";"Não";1;0;1;0;0;0;1;1;-17,6864;-49,159;"SPRF-GO";"DEL03-GO";"UOP01-DEL03-GO"
252827;2019-11-30;"sábado";"10:50:00";"MG";381;486;"BETIM";"Não guardar distância de segurança";"Colisão lateral";"Com Vítimas Feridas";"Pleno dia";"Crescente";"Nublado";"Múltipla";"Reta";"Sim";2;0;1;0;1;0;1;2;-19,95656893;-44,12590027;"SPRF-MG";"DEL01-MG";"UOP03-DEL01-MG"
252828;2019-11-30;"sábado";"05:57:00";"RJ";101;330;"RIO DE JANEIRO";"Desobediência às normas de trânsito pelo condutor";"Colisão traseira";"Com Vítimas Feridas";"Pleno dia";"Crescente";"Céu Claro";"Múltipla";"Reta";"Não";3;0;0;1;2;0;1;3;-22,8684989;-43,18548699;"SPRF-RJ";"DEL02-RJ";"UOP02-DEL02-RJ"
252829;2019-11-30;"sábado";"10:40:00";"SC";470;14;"NAVEGANTES";"Não guardar distância de segurança";"Colisão traseira";"Sem Vítimas";"Pleno dia";"Decrescente";"Sol";"Simples";"Reta";"Não";3;0;0;0;3;0;0;3;-26,837988;-48,775795;"SPRF-SC";"DEL04-SC";"UOP04-DEL04-SC"
252832;2019-11-30;"sábado";"08:40:00";"SC";116;178,9;"SAO CRISTOVAO DO SUL";"Falta de Atenção à Condução";"Colisão transversal";"Com Vítimas Feridas";"Pleno dia";"Crescente";"Céu Claro";"Simples";"Interseção de Vias";"Sim";3;0;1;1;1;0;2;2;-27,26065725;-50,447191;"SPRF-SC";"DEL05-SC";"UOP03-DEL05-SC"
252834;2019-11-30;"sábado";"05:30:00";"PR";476;196,5;"LAPA";"Animais na Pista";"Atropelamento de Animal";"Com Vítimas Feridas";"Amanhecer";"Decrescente";"Nublado";"Simples";"Reta";"Sim";1;0;0;1;0;0;1;1;-25,753437;-49,725754;"SPRF-PR";"DEL01-PR";"UOP06-DEL01-PR"
252835;2019-11-30;"sábado";"07:50:00";"SC";101;213;"PALHOCA";"Falta de Atenção à Condução";"Colisão traseira";"Com Vítimas Feridas";"Pleno dia";"Crescente";"Céu Claro";"Dupla";"Reta";"Sim";2;0;1;0;1;0;1;2;-27,63697369;-48,66514142;"SPRF-SC";"DEL01-SC";"UOP02-DEL01-SC"
252836;2019-11-30;"sábado";"11:10:00";"DF";251;38;"BRASILIA";"Falta de Atenção à Condução";"Colisão transversal";"Com Vítimas Feridas";"Pleno dia";"Decrescente";"Nublado";"Simples";"Retorno Regulamentado";"Não";2;0;1;0;1;0;1;2;-15,94582;-47,792267;"SPRF-DF";"DEL01-DF";"UOP01-DEL01-DF"
252837;2019-11-30;"sábado";"07:00:00";"MG";262;583,9;"CAMPOS ALTOS";"Velocidade Incompatível";"Saída de leito carroçável";"Com Vítimas Feridas";"Pleno dia";"Decrescente";"Chuva";"Simples";"Curva";"Não";2;0;2;0;0;0;2;1;-19,649634;-46,080652;"SPRF-MG";"DEL08-MG";"UOP02-DEL08-MG"
252838;2019-11-30;"sábado";"11:35:00";"GO";40;1;"VALPARAISO DE GOIAS";"Ingestão de Álcool";"Colisão traseira";"Com Vítimas Feridas";"Pleno dia";"Decrescente";"Nublado";"Dupla";"Reta";"Sim";2;0;1;0;1;0;1;2;-16,058245;-47,982825;"SPRF-DF";"DEL01-DF";"UOP01-DEL01-DF"
252842;2019-11-30;"sábado";"05:15:00";"PR";277;593;"CASCAVEL";"Ingestão de Álcool";"Colisão com objeto estático";"Com Vítimas Feridas";"Amanhecer";"Decrescente";"Céu Claro";"Simples";"Reta";"Não";1;0;1;0;0;0;1;1;-24,98082053;-53,48254989;"SPRF-PR";"DEL04-PR";"UOP01-DEL04-PR"
252843;2019-11-30;"sábado";"12:30:00";"SP";116;218,5;"GUARULHOS";"Falta de Atenção à Condução";"Colisão lateral";"Com Vítimas Feridas";"Pleno dia";"Decrescente";"Sol";"Múltipla";"Reta";"Sim";2;0;1;0;1;0;1;2;-23,45920893;-46,48306402;"SPRF-SP";"DEL01-SP";"UOP01-DEL01-SP"
252846;2019-11-30;"sábado";"11:45:00";"PR";376;523,4;"PONTA GROSSA";"Defeito Mecânico no Veículo";"Saída de leito carroçável";"Com Vítimas Feridas";"Pleno dia";"Decrescente";"Sol";"Dupla";"Reta";"Não";2;0;2;0;0;0;2;1;-25,30235303;-49,89037407;"SPRF-PR";"DEL03-PR";"UOP04-DEL03-PR"
252847;2019-11-30;"sábado";"12:55:00";"SP";116;221;"GUARULHOS";"Não guardar distância de segurança";"Colisão traseira";"Com Vítimas Feridas";"Pleno dia";"Crescente";"Céu Claro";"Simples";"Reta";"Não";4;0;2;0;2;0;2;3;-23,46802395;-46,50704901;"SPRF-SP";"DEL01-SP";"UOP01-DEL01-SP"
252848;2019-11-30;"sábado";"03:30:00";"PA";230;120;"MARABA";"Ingestão de Álcool";"Colisão transversal";"Com Vítimas Feridas";"Plena Noite";"Decrescente";"Céu Claro";"Dupla";"Reta";"Não";2;0;1;0;1;0;1;2;-5,35038318;-49,11434;"SPRF-PA";"DEL03-PA";"UOP01-DEL03-PA"
252849;2019-11-30;"sábado";"07:00:00";"MG";381;331;"NOVA ERA";"Velocidade Incompatível";"Saída de leito carroçável";"Com Vítimas Feridas";"Amanhecer";"Crescente";"Chuva";"Dupla";"Curva";"Não";3;0;1;0;2;0;1;1;-19,79418323;-43,05545733;"SPRF-MG";"DEL03-MG";"UOP01-DEL03-MG"
252850;2019-11-30;"sábado";"13:00:00";"PE";101;50,8;"ABREU E LIMA";"Falta de Atenção à Condução";"Colisão transversal";"Com Vítimas Feridas";"Pleno dia";"Decrescente";"Céu Claro";"Simples";"Reta";"Sim";3;0;0;1;1;1;1;2;-7,90938602;-34,90123228;"SPRF-PE";"DEL01-PE";"UOP02-DEL01-PE"
252855;2019-11-30;"sábado";"12:10:00";"PB";104;67,2;"ALGODAO DE JANDAIRA";"Condutor Dormindo";"Saída de leito carroçável";"Com Vítimas Feridas";"Pleno dia";"Decrescente";"Sol";"Simples";"Reta";"Não";2;0;0;1;1;0;1;1;-6,861035;-35,92562901;"SPRF-PB";"DEL02-PB";"UOP04-DEL02-PB"
252857;2019-11-30;"sábado";"13:30:00";"MG";381;362;"JOAO MONLEVADE";"Desobediência às normas de trânsito pelo condutor";"Colisão frontal";"Com Vítimas Feridas";"Pleno dia";"Decrescente";"Céu Claro";"Simples";"Curva";"Não";3;0;0;1;2;0;1;2;-19,85643939;-43,24280693;"SPRF-MG";"DEL03-MG";"UOP01-DEL03-MG"
252859;2019-11-30;"sábado";"13:30:00";"SC";101;224,9;"PALHOCA";"Falta de Atenção à Condução";"Colisão lateral";"Com Vítimas Feridas";"Pleno dia";"Crescente";"Céu Claro";"Dupla";"Reta";"Não";2;0;0;1;0;1;1;2;-27,72384789;-48,64386769;"SPRF-SC";"DEL01-SC";"UOP02-DEL01-SC"
252860;2019-11-30;"sábado";"12:30:00";"GO";60;95,8;"ANAPOLIS";"Defeito Mecânico no Veículo";"Tombamento";"Com Vítimas Feridas";"Pleno dia";"Decrescente";"Céu Claro";"Dupla";"Reta";"Sim";2;0;2;0;0;0;2;1;-16,3679;-48,939;"SPRF-GO";"DEL02-GO";"UOP01-DEL02-GO"
252861;2019-11-30;"sábado";"12:50:00";"PR";277;82;"CURITIBA";"Falta de Atenção à Condução";"Colisão traseira";"Com Vítimas Feridas";"Pleno dia";"Crescente";"Céu Claro";"Dupla";"Reta";"Sim";2;0;1;0;1;0;1;2;-25,568939;-49,181978;"SPRF-PR";"DEL01-PR";"UOP06-DEL01-PR"
252862;2019-11-30;"sábado";"13:35:00";"MG";40;41,6;"PARACATU";"Desobediência às normas de trânsito pelo condutor";"Colisão transversal";"Com Vítimas Feridas";"Pleno dia";"Decrescente";"Céu Claro";"Simples";"Interseção de Vias";"Sim";4;0;2;0;2;0;2;2;-17,2154531;-46,86872721;"SPRF-MG";"DEL14-MG";"UOP01-DEL14-MG"
252863;2019-11-30;"sábado";"13:35:00";"SC";470;136;"RIO DO SUL";"Falta de Atenção à Condução";"Colisão lateral";"Com Vítimas Feridas";"Pleno dia";"Decrescente";"Sol";"Simples";"Reta";"Sim";3;0;0;2;1;0;2;2;-27,18836263;-49,61076021;"SPRF-SC";"DEL04-SC";"UOP02-DEL04-SC"
252864;2019-11-30;"sábado";"05:15:00";"SC";101;180,5;"BIGUACU";"Ingestão de Álcool";"Colisão com objeto estático";"Com Vítimas Feridas";"Amanhecer";"Decrescente";"Céu Claro";"Dupla";"Reta";"Sim";3;0;3;0;0;0;3;1;-27,3811238;-48,63090648;"SPRF-SC";"DEL01-SC";"UOP01-DEL01-SC"
252867;2019-11-30;"sábado";"11:30:00";"PE";428;191,9;"PETROLINA";"Falta de Atenção à Condução";"Colisão transversal";"Sem Vítimas";"Pleno dia";"Crescente";"Céu Claro";"Simples";"Reta";"Sim";2;0;0;0;2;0;0;2;-9,37766429;-40,50269795;"SPRF-PE";"DEL06-PE";"UOP01-DEL06-PE"
252868;2019-11-30;"sábado";"13:30:00";"PR";116;120;"CURITIBA";"Não guardar distância de segurança";"Colisão traseira";"Com Vítimas Feridas";"Pleno dia";"Decrescente";"Sol";"Dupla";"Reta;Declive";"Sim";4;0;2;0;2;0;2;2;-25,55122256;-49,30503748;"SPRF-PR";"DEL01-PR";"UOP03-DEL01-PR"
252872;2019-11-30;"sábado";"13:10:00";"PR";116;120;"CURITIBA";"Falta de Atenção à Condução";"Engavetamento";"Sem Vítimas";"Pleno dia";"Crescente";"Céu Claro";"Dupla";"Aclive";"Não";4;0;0;0;4;0;0;4;-25,55122256;-49,30503748;"SPRF-PR";"DEL01-PR";"UOP03-DEL01-PR"
252873;2019-11-30;"sábado";"14:30:00";"SC";280;33,2;"ARAQUARI";"Falta de Atenção à Condução";"Colisão transversal";"Com Vítimas Feridas";"Pleno dia";"Decrescente";"Sol";"Simples";"Reta";"Sim";2;0;0;1;1;0;1;2;-26,42576441;-48,78741376;"SPRF-SC";"DEL03-SC";"UOP03-DEL03-SC"
252874;2019-11-30;"sábado";"14:40:00";"SC";280;4,2;"SAO FRANCISCO DO SUL";"Desobediência às normas de trânsito pelo condutor";"Colisão transversal";"Com Vítimas Feridas";"Pleno dia";"Crescente";"Céu Claro";"Simples";"Reta";"Sim";2;0;0;1;1;0;1;2;-26,25329566;-48,61916042;"SPRF-SC";"DEL03-SC";"UOP03-DEL03-SC"
252875;2019-11-30;"sábado";"06:50:00";"SC";101;209,6;"SAO JOSE";"Condutor Dormindo";"Tombamento";"Com Vítimas Feridas";"Pleno dia";"Crescente";"Céu Claro";"Múltipla";"Interseção de Vias";"Sim";1;0;1;0;0;0;1;1;-27,61000542;-48,63895057;"SPRF-SC";"DEL01-SC";"UOP01-DEL01-SC"
252876;2019-11-30;"sábado";"14:45:00";"PR";116;11,7;"CAMPINA GRANDE DO SUL";"Velocidade Incompatível";"Colisão traseira";"Com Vítimas Feridas";"Pleno dia";"Decrescente";"Céu Claro";"Dupla";"Declive";"Não";3;0;0;1;1;1;1;3;-25,09123278;-48,6477702;"SPRF-PR";"DEL01-PR";"UOP02-DEL01-PR"
252877;2019-11-30;"sábado";"12:30:00";"RJ";116;61;"TERESOPOLIS";"Falta de Atenção à Condução";"Saída de leito carroçável";"Com Vítimas Feridas";"Pleno dia";"Decrescente";"Nublado";"Simples";"Curva";"Não";1;0;1;0;0;0;1;1;-22,24418511;-42,91575275;"SPRF-RJ";"DEL04-RJ";"UOP01-DEL04-RJ"
252878;2019-11-30;"sábado";"14:30:00";"ES";262;1,8;"CARIACICA";"Falta de Atenção à Condução";"Colisão traseira";"Sem Vítimas";"Pleno dia";"Decrescente";"Nublado";"Dupla";"Reta";"Sim";2;0;0;0;2;0;0;2;-20,32955204;-40,35492602;"SPRF-ES";"DEL01-ES";"UOP01-DEL01-ES"
252880;2019-11-30;"sábado";"14:40:00";"ES";262;105,9;"VENDA NOVA DO IMIGRANTE";"Velocidade Incompatível";"Atropelamento de Pedestre";"Com Vítimas Feridas";"Pleno dia";"Crescente";"Nublado";"Simples";"Reta";"Sim";2;0;1;1;0;0;2;2;-20,32624656;-41,13598921;"SPRF-ES";"DEL01-ES";"UOP02-DEL01-ES"
252881;2019-11-30;"sábado";"13:00:00";"RJ";116;163;"RIO DE JANEIRO";"Falta de Atenção à Condução";"Engavetamento";"Com Vítimas Feridas";"Pleno dia";"Crescente";"Céu Claro";"Dupla";"Ponte";"Sim";4;0;1;0;3;0;1;3;-22,802729;-43,290424;"SPRF-RJ";"DEL01-RJ";"UOP01-DEL01-RJ"
252882;2019-11-14;"quinta-feira";"18:30:00";"MG";40;642,1;"CONSELHEIRO LAFAIETE";"Não guardar distância de segurança";"Colisão traseira";"Sem Vítimas";"Plena Noite";"Crescente";"Chuva";"Simples";"Aclive";"Não";4;0;0;0;2;2;0;3;-20,76125043;-43,80564451;"SPRF-MG";"DEL05-MG";"UOP02-DEL05-MG"
252883;2019-11-30;"sábado";"13:30:00";"CE";222;1,2;"CAUCAIA";"Não guardar distância de segurança";"Engavetamento";"Com Vítimas Feridas";"Pleno dia";"Decrescente";"Céu Claro";"Dupla";"Reta";"Sim";7;0;1;0;6;0;1;5;-3,736507;-38,65337;"SPRF-CE";"DEL01-CE";"UOP01-DEL01-CE"
252885;2019-11-30;"sábado";"09:25:00";"RS";471;573;"SANTA VITORIA DO PALMAR";"Falta de Atenção à Condução";"Saída de leito carroçável";"Sem Vítimas";"Pleno dia";"Crescente";"Céu Claro";"Simples";"Reta";"Não";2;0;0;0;2;0;0;1;-33,011272;-52,834721;"SPRF-RS";"DEL07-RS";"UOP04-DEL07-RS"