"id";"data_inversa";"dia_semana";"horario";"uf";"br";"km";"municipio";"causa_acidente";"tipo_acidente";"classificacao_acidente";"fase_dia";"sentido_via";"condicao_metereologica";"tipo_pista";"tracado_via";"uso_solo";"pessoas";"mortos";"feridos_leves";"feridos_graves";"ilesos";"ignorados";"feridos";"veiculos";"latitude";"longitude";"regional";"delegacia";"uop"
252988;2019-11-30;"sábado";"21:40:00";"PR";467;96;"CASCAVEL";"Ingestão de Álcool";"Saída de leito carroçável";"Com Vítimas Feridas";"Plena Noite";"Crescente";"Céu Claro";"Dupla";"Reta;Aclive";"Não";1;0;1;0;0;0;1;1;-24,8727809;-53,564946;"SPRF-PR";"DEL04-PR";"UOP01-DEL04-PR"
252990;2019-11-30;"sábado";"22:10:00";"PR";373;178;"PONTA GROSSA";"Ingestão de Álcool";"Colisão com objeto estático";"Sem Vítimas";"Plena Noite";"Crescente";"Nublado";"Dupla";"Curva";"Não";1;0;0;0;1;0;0;1;-25,05025485;-50,23418475;"SPRF-PR";"DEL03-PR";"UOP01-DEL03-PR"
252991;2019-11-30;"sábado";"20:00:00";"RS";287;442;"UNISTALDA";"Desobediência às normas de trânsito pelo condutor";"Colisão frontal";"Com Vítimas Feridas";"Plena Noite";"Crescente";"Céu Claro";"Simples";"Reta";"Não";3;0;1;2;0;0;3;2;-29,04081683;-55,229263;"SPRF-RS";"DEL12-RS";"UOP02-DEL12-RS"
252992;2019-11-30;"sábado";"22:45:00";"PR";476;130;"CURITIBA";"Velocidade Incompatível";"Saída de leito carroçável";"Sem Vítimas";"Plena Noite";"Crescente";"Céu Claro";"Dupla";"Curva";"Sim";1;0;0;0;1;0;0;1;-25,449564;-49,236427;"SPRF-PR";"DEL01-PR";"UOP07-DEL01-PR"
252997;2019-12-01;"domingo";"00:05:00";"RN";101;96;"NATAL";"Falta de Atenção à Condução";"Colisão traseira";"Sem Vítimas";"Plena Noite";"Crescente";"Céu Claro";"Dupla";"Viaduto";"Sim";2;0;0;0;2;0;0;2;-5,84949622;-35,20890752;"SPRF-RN";"DEL01-RN";"UOP01-DEL01-RN"
252999;2019-12-01;"domingo";"01:00:00";"SC";280;6,5;"SAO FRANCISCO DO SUL";"Ingestão de Álcool";"Colisão traseira";"Com Vítimas Feridas";"Plena Noite";"Crescente";"Nublado";"Simples";"Reta";"Sim";3;0;2;1;0;0;3;3;-26,26569095;-48,63361804;"SPRF-SC";"DEL03-SC";"UOP03-DEL03-SC"
253000;2019-12-01;"domingo";"00:51:00";"SP";116;39,6;"CACHOEIRA PAULISTA";"Falta de Atenção à Condução";"Colisão com objeto estático";"Sem Vítimas";"Plena Noite";"Crescente";"Garoa/Chuvisco";"Dupla";"Reta";"Sim";1;0;0;0;0;1;0;1;-22,67527958;-44,99918431;"SPRF-SP";"DEL08-SP";"UOP02-DEL08-SP"
253002;2019-11-30;"sábado";"19:30:00";"MA";135;161,1;"SAO MATEUS DO MARANHAO";"Animais na Pista";"Atropelamento de Animal";"Com Vítimas Fatais";"Plena Noite";"Crescente";"Céu Claro";"Simples";"Reta";"Não";2;1;0;0;0;1;0;1;-3,85522913;-44,50250531;"SPRF-MA";"DEL01-MA";"UOP02-DEL01-MA"
253003;2019-11-30;"sábado";"23:45:00";"PR";116;146;"MANDIRITUBA";"Falta de Atenção à Condução";"Queda de ocupante de veículo";"Com Vítimas Feridas";"Plena Noite";"Crescente";"Céu Claro";"Simples";"Curva";"Não";2;0;0;2;0;0;2;1;-25,78172684;-49,32535079;"SPRF-PR";"DEL01-PR";"UOP03-DEL01-PR"
253004;2019-12-01;"domingo";"01:00:00";"RJ";116;177;"NOVA IGUACU";"Falta de Atenção à Condução";"Colisão traseira";"Com Vítimas Feridas";"Plena Noite";"Crescente";"Céu Claro";"Múltipla";"Reta";"Sim";3;0;1;1;1;0;2;2;-22,78055198;-43,39208599;"SPRF-RJ";"DEL01-RJ";"UOP02-DEL01-RJ"
253006;2019-12-01;"domingo";"00:45:00";"MA";10;158;"PORTO FRANCO";"Animais na Pista";"Saída de leito carroçável";"Com Vítimas Feridas";"Plena Noite";"Decrescente";"Garoa/Chuvisco";"Simples";"Reta";"Não";3;0;2;0;1;0;2;1;-6,338332;-47,372829;"SPRF-MA";"DEL04-MA";"UOP02-DEL04-MA"
253007;2019-11-30;"sábado";"20:30:00";"PA";230;585;"VITORIA DO XINGU";"Velocidade Incompatível";"Colisão traseira";"Com Vítimas Feridas";"Plena Noite";"Crescente";"Céu Claro";"Simples";"Declive";"Não";3;0;3;0;0;0;3;2;-3,11849381;-51,79874578;"SPRF-PA";"DEL04-PA";"UOP01-DEL04-PA"
253011;2019-12-01;"domingo";"02:00:00";"PR";476;117,5;"COLOMBO";"Falta de Atenção à Condução";"Colisão transversal";"Com Vítimas Feridas";"Plena Noite";"Decrescente";"Nublado";"Dupla";"Reta";"Sim";2;0;0;1;1;0;1;2;-25,348623;-49,175663;"SPRF-PR";"DEL01-PR";"UOP07-DEL01-PR"
253012;2019-12-01;"domingo";"02:15:00";"MG";50;51;"ARAGUARI";"Ingestão de Álcool";"Saída de leito carroçável";"Com Vítimas Feridas";"Plena Noite";"Crescente";"Nublado";"Dupla";"Reta";"Não";1;0;1;0;0;0;1;1;-18,74433705;-48,2313459;"SPRF-MG";"DEL15-MG";"UOP02-DEL15-MG"
253013;2019-12-01;"domingo";"02:20:00";"RS";386;129;"SARANDI";"Ultrapassagem Indevida";"Colisão frontal";"Com Vítimas Fatais";"Plena Noite";"Decrescente";"Céu Claro";"Simples";"Reta";"Sim";40;1;0;0;39;0;0;2;-27,934816;-52,957222;"SPRF-RS";"DEL08-RS";"UOP01-DEL08-RS"
253014;2019-12-01;"domingo";"02:30:00";"AL";104;36,3;"UNIAO DOS PALMARES";"Falta de Atenção do Pedestre";"Atropelamento de Pedestre";"Com Vítimas Fatais";"Plena Noite";"Decrescente";"Céu Claro";"Simples";"Reta";"Sim";2;1;0;0;0;1;0;2;-9,16859247;-36,02287647;"SPRF-AL";"DEL01-AL";"UOP02-DEL01-AL"
253015;2019-12-01;"domingo";"02:55:00";"PR";277;679;"MEDIANEIRA";"Ingestão de Álcool";"Colisão com objeto estático";"Com Vítimas Feridas";"Plena Noite";"Decrescente";"Céu Claro";"Dupla";"Reta";"Não";1;0;1;0;0;0;1;1;-25,31758044;-54,15684223;"SPRF-PR";"DEL05-PR";"UOP01-DEL05-PR"
253016;2019-11-30;"sábado";"22:00:00";"BA";110;81,2;"JEREMOABO";"Falta de Atenção à Condução";"Colisão frontal";"Com Vítimas Fatais";"Plena Noite";"Decrescente";"Ignorado";"Simples";"Reta";"Não";3;2;1;0;0;0;1;2;-10,25045458;-38,30563344;"SPRF-BA";"DEL07-BA";"UOP01-DEL07-BA"
253017;2019-12-01;"domingo";"03:40:00";"CE";20;406,5;"CAUCAIA";"Ingestão de álcool e/ou substâncias psicoativas pelo pedestre";"Saída de leito carroçável";"Com Vítimas Feridas";"Plena Noite";"Crescente";"Céu Claro";"Dupla";"Viaduto";"Não";2;0;2;0;0;0;2;1;-3,76999035;-38,67006282;"SPRF-CE";"DEL01-CE";"UOP01-DEL01-CE"
253018;2019-12-01;"domingo";"01:00:00";"RJ";116;171;"SAO JOAO DE MERITI";"Falta de Atenção do Pedestre";"Atropelamento de Pedestre";"Com Vítimas Feridas";"Plena Noite";"Decrescente";"Ignorado";"Múltipla";"Reta";"Não";2;0;0;1;1;0;1;2;-22,8060415;-43,34289573;"SPRF-RJ";"DEL01-RJ";"UOP02-DEL01-RJ"
253019;2019-12-01;"domingo";"01:50:00";"SC";101;45,4;"JOINVILLE";"Ingestão de Álcool";"Saída de leito carroçável";"Sem Vítimas";"Plena Noite";"Crescente";"Céu Claro";"Dupla";"Reta";"Sim";1;0;0;0;1;0;0;1;-26,32214492;-48,8689509;"SPRF-SC";"DEL03-SC";"UOP01-DEL03-SC"
253020;2019-12-01;"domingo";"02:30:00";"RJ";40;104;"DUQUE DE CAXIAS";"Ingestão de Álcool";"Colisão com objeto estático";"Sem Vítimas";"Plena Noite";"Decrescente";"Nublado";"Múltipla";"Reta";"Sim";2;0;0;0;2;0;0;2;-22,62897902;-43,28579508;"SPRF-RJ";"DEL01-RJ";"UOP01-DEL01-RJ"
253023;2019-11-30;"sábado";"23:00:00";"GO";158;255,5;"JATAI";"Falta de Atenção à Condução";"Saída de leito carroçável";"Sem Vítimas";"Plena Noite";"Decrescente";"Nublado";"Simples";"Reta";"Não";1;0;0;0;0;1;0;1;-17,77293395;-51,8167459;"SPRF-GO";"DEL05-GO";"UOP01-DEL05-GO"
253024;2019-12-01;"domingo";"03:30:00";"BA";116;813,3;"VITORIA DA CONQUISTA";"Ingestão de Álcool";"Colisão transversal";"Sem Vítimas";"Plena Noite";"Crescente";"Céu Claro";"Simples";"Reta";"Sim";2;0;0;0;1;1;0;2;-14,803816;-40,780841;"SPRF-BA";"DEL08-BA";"UOP01-DEL08-BA"
253025;2019-12-01;"domingo";"04:40:00";"ES";101;269,5;"SERRA";"Desobediência às normas de trânsito pelo condutor";"Colisão transversal";"Com Vítimas Feridas";"Amanhecer";"Crescente";"Nublado";"Múltipla";"Interseção de Vias";"Sim";6;0;3;0;3;0;3;2;-20,22179132;-40,27036428;"SPRF-ES";"DEL02-ES";"UOP01-DEL02-ES"
253026;2019-12-01;"domingo";"03:40:00";"BA";242;238;"ITABERABA";"Condutor Dormindo";"Saída de leito carroçável";"Com Vítimas Feridas";"Plena Noite";"Decrescente";"Céu Claro";"Simples";"Curva";"Não";4;0;4;0;0;0;4;1;-12,52089706;-40,16879;"SPRF-BA";"DEL06-BA";"UOP02-DEL06-BA"
253027;2019-12-01;"domingo";"03:05:00";"MG";50;179;"UBERABA";"Velocidade Incompatível";"Capotamento";"Com Vítimas Feridas";"Plena Noite";"Decrescente";"Céu Claro";"Dupla";"Reta";"Sim";1;0;0;1;0;0;1;1;-19,77827047;-47,93140998;"SPRF-MG";"DEL13-MG";"UOP01-DEL13-MG"
253028;2019-11-30;"sábado";"20:30:00";"RO";364;347,7;"JI-PARANA";"Desobediência às normas de trânsito pelo condutor";"Colisão transversal";"Com Vítimas Fatais";"Plena Noite";"Decrescente";"Nublado";"Simples";"Reta";"Sim";2;1;0;0;1;0;0;2;-10,86070186;-61,9761549;"SPRF-RO";"DEL02-RO";"UOP01-DEL02-RO"
253029;2019-12-01;"domingo";"04:30:00";"AL";316;77,7;"POCO DAS TRINCHEIRAS";"Falta de Atenção à Condução";"Atropelamento de Pedestre";"Com Vítimas Fatais";"Amanhecer";"Decrescente";"Ignorado";"Simples";"Reta";"Não";2;1;0;0;0;1;0;2;-9,32973323;-37,30014015;"SPRF-AL";"DEL03-AL";"UOP02-DEL03-AL"
253030;2019-12-01;"domingo";"03:35:00";"MG";50;171;"UBERABA";"Velocidade Incompatível";"Colisão traseira";"Sem Vítimas";"Plena Noite";"Crescente";"Céu Claro";"Dupla";"Retorno Regulamentado";"Não";2;0;0;0;2;0;0;2;-19,74554892;-47,98382166;"SPRF-MG";"DEL13-MG";"UOP01-DEL13-MG"
253031;2019-12-01;"domingo";"04:45:00";"SC";282;30;"AGUAS MORNAS";"Ingestão de Álcool";"Tombamento";"Com Vítimas Feridas";"Plena Noite";"Decrescente";"Nublado";"Dupla";"Curva";"Não";1;0;1;0;0;0;1;1;-27,687376;-48,79071;"SPRF-SC";"DEL01-SC";"UOP03-DEL01-SC"
253032;2019-12-01;"domingo";"04:00:00";"RS";153;42,5;"ERECHIM";"Velocidade Incompatível";"Saída de leito carroçável";"Com Vítimas Feridas";"Plena Noite";"Crescente";"Nublado";"Simples";"Curva";"Não";2;0;2;0;0;0;2;1;-27,60602218;-52,23788583;"SPRF-RS";"DEL08-RS";"UOP04-DEL08-RS"
253033;2019-12-01;"domingo";"05:00:00";"SP";116;216,2;"GUARULHOS";"Ingestão de Álcool";"Colisão traseira";"Com Vítimas Feridas";"Amanhecer";"Decrescente";"Nublado";"Múltipla";"Reta";"Sim";3;0;1;0;2;0;1;2;-23,45056589;-46,46258105;"SPRF-SP";"DEL01-SP";"UOP01-DEL01-SP"
253034;2019-12-01;"domingo";"05:00:00";"BA";418;51;"CARAVELAS";"Defeito na Via";"Capotamento";"Com Vítimas Feridas";"Amanhecer";"Crescente";"Céu Claro";"Simples";"Reta";"Sim";3;0;0;2;1;0;2;1;-17,7342718;-39,5532011;"SPRF-BA";"DEL09-BA";"UOP02-DEL09-BA"
253036;2019-12-01;"domingo";"05:00:00";"CE";222;9,6;"CAUCAIA";"Ingestão de álcool e/ou substâncias psicoativas pelo pedestre";"Tombamento";"Com Vítimas Feridas";"Pleno dia";"Decrescente";"Céu Claro";"Dupla";"Declive;Viaduto";"Sim";1;0;0;1;0;0;1;1;-3,75774612;-38,64611294;"SPRF-CE";"DEL01-CE";"UOP01-DEL01-CE"
253037;2019-12-01;"domingo";"05:20:00";"SC";470;4;"NAVEGANTES";"Ingestão de Álcool";"Colisão frontal";"Com Vítimas Feridas";"Amanhecer";"Decrescente";"Sol";"Simples";"Reta";"Sim";3;0;1;0;2;0;1;3;-26,858473;-48,690788;"SPRF-SC";"DEL04-SC";"UOP04-DEL04-SC"
253038;2019-12-01;"domingo";"04:55:00";"AL";101;245;"PORTO REAL DO COLEGIO";"Falta de Atenção à Condução";"Queda de ocupante de veículo";"Com Vítimas Feridas";"Amanhecer";"Decrescente";"Céu Claro";"Dupla";"Reta";"Sim";2;0;1;0;0;1;1;2;-10,18344196;-36,82898037;"SPRF-AL";"DEL02-AL";"UOP02-DEL02-AL"
253039;2019-12-01;"domingo";"04:15:00";"SP";116;87;"PINDAMONHANGABA";"Falta de Atenção à Condução";"Colisão traseira";"Com Vítimas Feridas";"Plena Noite";"Decrescente";"Nublado";"Múltipla";"Reta";"Não";3;0;1;0;2;0;1;2;-22,93044278;-45,36073565;"SPRF-SP";"DEL06-SP";"UOP01-DEL06-SP"
253041;2019-12-01;"domingo";"04:10:00";"RS";392;11,9;"RIO GRANDE";"Animais na Pista";"Atropelamento de Animal";"Com Vítimas Feridas";"Plena Noite";"Decrescente";"Céu Claro";"Dupla";"Curva";"Sim";1;0;0;1;0;0;1;1;-32,12127763;-52,12972521;"SPRF-RS";"DEL07-RS";"UOP02-DEL07-RS"
253042;2019-12-01;"domingo";"05:00:00";"PI";343;81;"CAXINGO";"Ingestão de Álcool";"Saída de leito carroçável";"Com Vítimas Fatais";"Amanhecer";"Crescente";"Céu Claro";"Simples";"Reta";"Não";1;1;0;0;0;0;0;1;-3,416199;-41,738037;"SPRF-PI";"DEL05-PI";"UOP01-DEL05-PI"
253043;2019-12-01;"domingo";"04:40:00";"MA";10;271,8;"IMPERATRIZ";"Defeito Mecânico no Veículo";"Incêndio";"Sem Vítimas";"Amanhecer";"Decrescente";"Céu Claro";"Simples";"Reta";"Não";1;0;0;0;1;0;0;1;-5,36489228;-47,48085558;"SPRF-MA";"DEL04-MA";"UOP01-DEL04-MA"
253044;2019-12-01;"domingo";"05:00:00";"MA";135;42;"BACABEIRA";"Falta de Atenção à Condução";"Colisão com objeto estático";"Com Vítimas Feridas";"Plena Noite";"Decrescente";"Céu Claro";"Dupla";"Aclive";"Não";4;0;1;3;0;0;4;1;-2,90630595;-44,36037795;"SPRF-MA";"DEL01-MA";"UOP01-DEL01-MA"
253045;2019-12-01;"domingo";"04:47:00";"CE";116;23;"ITAITINGA";"Falta de Atenção à Condução";"Colisão traseira";"Com Vítimas Feridas";"Amanhecer";"Crescente";"Céu Claro";"Dupla";"Reta";"Sim";2;0;0;1;0;1;1;2;-3,94905489;-38,51212845;"SPRF-CE";"DEL01-CE";"UOP02-DEL01-CE"
253046;2019-12-01;"domingo";"03:10:00";"MG";365;638,3;"UBERLANDIA";"Pista Escorregadia";"Saída de leito carroçável";"Sem Vítimas";"Plena Noite";"Crescente";"Céu Claro";"Dupla";"Aclive";"Não";1;0;0;0;1;0;0;1;-18,8883267;-48,44671495;"SPRF-MG";"DEL15-MG";"UOP01-DEL15-MG"
253047;2019-12-01;"domingo";"04:20:00";"SC";280;123,3;"RIO NEGRINHO";"Falta de Atenção à Condução";"Atropelamento de Pedestre";"Com Vítimas Feridas";"Amanhecer";"Crescente";"Céu Claro";"Simples";"Reta";"Não";2;0;1;0;1;0;1;2;-26,24420169;-49,46557991;"SPRF-SC";"DEL06-SC";"UOP03-DEL06-SC"
253048;2019-12-01;"domingo";"06:20:00";"RN";226;171,4;"CURRAIS NOVOS";"Desobediência às normas de trânsito pelo condutor";"Colisão lateral";"Com Vítimas Feridas";"Pleno dia";"Crescente";"Céu Claro";"Simples";"Reta";"Não";2;0;0;1;1;0;1;2;-6,25159966;-36,47554628;"SPRF-RN";"DEL03-RN";"UOP02-DEL03-RN"
253049;2019-12-01;"domingo";"05:45:00";"SP";116;53;"LORENA";"Ingestão de Álcool";"Capotamento";"Com Vítimas Feridas";"Amanhecer";"Decrescente";"Céu Claro";"Simples";"Curva";"Não";4;0;4;0;0;0;4;1;-22,75255433;-45,10741076;"SPRF-SP";"DEL08-SP";"UOP01-DEL08-SP"
253051;2019-12-01;"domingo";"04:45:00";"RJ";495;29;"PETROPOLIS";"Ingestão de Álcool";"Atropelamento de Pedestre";"Com Vítimas Feridas";"Amanhecer";"Crescente";"Céu Claro";"Simples";"Reta";"Sim";6;0;2;2;1;1;4;2;-22,391611;-43,126202;"SPRF-RJ";"DEL06-RJ";"UOP02-DEL05-RJ"
253052;2019-12-01;"domingo";"05:57:00";"DF";20;6,7;"BRASILIA";"Velocidade Incompatível";"Colisão traseira";"Com Vítimas Feridas";"Pleno dia";"Crescente";"Céu Claro";"Dupla";"Reta";"Sim";2;0;0;1;0;1;1;2;-15,6635819;-47,8021552;"SPRF-DF";"DEL02-DF";"UOP01-DEL02-DF"
253053;2019-12-01;"domingo";"05:20:00";"RS";470;210;"BENTO GONCALVES";"Desobediência às normas de trânsito pelo condutor";"Colisão frontal";"Com Vítimas Feridas";"Amanhecer";"Decrescente";"Céu Claro";"Simples";"Curva";"Não";4;0;0;1;2;1;1;3;-29,11647449;-51,54258383;"SPRF-RS";"DEL06-RS";"UOP01-DEL06-RS"
253055;2019-12-01;"domingo";"06:20:00";"PI";343;590;"FLORIANO";"Ingestão de Álcool";"Colisão com objeto estático";"Sem Vítimas";"Pleno dia";"Crescente";"Céu Claro";"Dupla";"Rotatória";"Sim";1;0;0;0;1;0;0;1;-6,783895;-43,015095;"SPRF-PI";"DEL03-PI";"UOP01-DEL03-PI"
253057;2019-12-01;"domingo";"05:00:00";"SP";116;413,8;"JUQUIA";"Falta de Atenção à Condução";"Saída de leito carroçável";"Sem Vítimas";"Amanhecer";"Crescente";"Nublado";"Dupla";"Reta";"Sim";1;0;0;0;0;1;0;1;-24,33065458;-47,62788892;"SPRF-SP";"DEL05-SP";"UOP01-DEL05-SP"
253058;2019-12-01;"domingo";"05:50:00";"GO";364;376;"SANTA RITA DO ARAGUAIA";"Condutor Dormindo";"Saída de leito carroçável";"Com Vítimas Fatais";"Amanhecer";"Crescente";"Ignorado";"Simples";"Curva";"Não";3;1;0;0;0;2;0;1;-17,380096;-53,131821;"SPRF-GO";"DEL05-GO";"UOP01-DEL05-GO"
253059;2019-12-01;"domingo";"02:10:00";"RO";364;341,3;"JI-PARANA";"Velocidade Incompatível";"Colisão com objeto estático";"Sem Vítimas";"Plena Noite";"Decrescente";"Céu Claro";"Dupla";"Viaduto";"Sim";1;0;0;0;0;1;0;1;-10,88987987;-61,93126772;"SPRF-RO";"DEL02-RO";"UOP01-DEL02-RO"
253060;2019-12-01;"domingo";"05:45:00";"SP";116;272;"TABOAO DA SERRA";"Velocidade Incompatível";"Saída de leito carroçável";"Com Vítimas Feridas";"Amanhecer";"Crescente";"Céu Claro";"Dupla";"Reta";"Sim";4;0;4;0;0;0;4;1;-23,61280756;-46,77965733;"SPRF-SP";"DEL04-SP";"UOP01-DEL04-SP"
253061;2019-12-01;"domingo";"06:30:00";"GO";153;568;"PROFESSOR JAMIL";"Velocidade Incompatível";"Saída de leito carroçável";"Com Vítimas Feridas";"Amanhecer";"Crescente";"Nublado";"Dupla";"Reta";"Não";1;0;0;1;0;0;1;1;-17,2854;-49,2361;"SPRF-GO";"DEL03-GO";"UOP01-DEL03-GO"
253062;2019-12-01;"domingo";"07:10:00";"DF";20;6;"BRASILIA";"Falta de Atenção à Condução";"Colisão traseira";"Sem Vítimas";"Pleno dia";"Crescente";"Céu Claro";"Dupla";"Reta";"Sim";3;0;0;0;3;0;0;2;-15,665888;-47,808308;"SPRF-DF";"DEL02-DF";"UOP01-DEL02-DF"
253064;2019-12-01;"domingo";"07:28:00";"RS";470;232;"CARLOS BARBOSA";"Falta de Atenção à Condução";"Colisão transversal";"Com Vítimas Feridas";"Pleno dia";"Crescente";"Céu Claro";"Simples";"Interseção de Vias";"Não";3;0;0;1;2;0;1;2;-29,29878752;-51,48073196;"SPRF-RS";"DEL06-RS";"UOP01-DEL06-RS"
253066;2019-12-01;"domingo";"06:35:00";"RJ";101;436;"MANGARATIBA";"Velocidade Incompatível";"Colisão transversal";"Com Vítimas Feridas";"Pleno dia";"Decrescente";"Céu Claro";"Simples";"Curva;Declive";"Não";6;0;5;0;1;0;5;2;-22,94335387;-44,06046308;"SPRF-RJ";"DEL03-RJ";"UOP01-DEL03-RJ"
253067;2019-12-01;"domingo";"07:10:00";"MG";50;178;"UBERABA";"Defeito Mecânico no Veículo";"Saída de leito carroçável";"Sem Vítimas";"Pleno dia";"Decrescente";"Nublado";"Dupla";"Em Obras";"Não";1;0;0;0;1;0;0;1;-19,77896821;-47,94093599;"SPRF-MG";"DEL13-MG";"UOP01-DEL13-MG"
253068;2019-12-01;"domingo";"04:00:00";"PB";230;319,1;"SAO MAMEDE";"Condutor Dormindo";"Saída de leito carroçável";"Sem Vítimas";"Plena Noite";"Crescente";"Céu Claro";"Simples";"Reta";"Não";1;0;0;0;0;1;0;1;-6,9632;-37,1402;"SPRF-PB";"DEL03-PB";"UOP01-DEL03-PB"
253069;2019-12-01;"domingo";"06:00:00";"PI";407;423;"PICOS";"Desobediência às normas de trânsito pelo condutor";"Colisão lateral";"Com Vítimas Feridas";"Pleno dia";"Decrescente";"Céu Claro";"Simples";"Reta";"Sim";3;0;1;1;0;1;2;2;-7,079333;-41,433254;"SPRF-PI";"DEL04-PI";"UOP01-DEL04-PI"
253070;2019-12-01;"domingo";"07:20:00";"PA";230;122,6;"MARABA";"Velocidade Incompatível";"Colisão transversal";"Com Vítimas Fatais";"Pleno dia";"Crescente";"Nublado";"Dupla";"Curva";"Sim";2;1;0;1;0;0;1;2;-5,36606194;-49,12619233;"SPRF-PA";"DEL03-PA";"UOP01-DEL03-PA"
253071;2019-11-30;"sábado";"06:10:00";"BA";110;182;"RIBEIRA DO POMBAL";"Falta de Atenção à Condução";"Colisão traseira";"Com Vítimas Feridas";"Amanhecer";"Decrescente";"Céu Claro";"Simples";"Reta";"Não";5;0;3;0;2;0;3;2;-10,95001497;-38,52120922;"SPRF-BA";"DEL07-BA";"UOP02-DEL07-BA"
253072;2019-11-30;"sábado";"06:22:00";"RS";290;24;"SANTO ANTONIO DA PATRULHA";"Falta de Atenção à Condução";"Saída de leito carroçável";"Com Vítimas Feridas";"Amanhecer";"Decrescente";"Sol";"Múltipla";"Reta";"Não";3;0;3;0;0;0;3;1;-29,882015;-50,493973;"SPRF-RS";"DEL03-RS";"UOP01-DEL03-RS"
253073;2019-12-01;"domingo";"08:15:00";"SP";116;67;"GUARATINGUETA";"Não guardar distância de segurança";"Tombamento";"Com Vítimas Feridas";"Pleno dia";"Crescente";"Céu Claro";"Dupla";"Reta";"Sim";2;0;2;0;0;0;2;1;-22,82867578;-45,2088941;"SPRF-SP";"DEL08-SP";"UOP01-DEL08-SP"
253074;2019-12-01;"domingo";"08:15:00";"GO";40;5,2;"VALPARAISO DE GOIAS";"Ingestão de Álcool";"Colisão lateral";"Com Vítimas Feridas";"Pleno dia";"Crescente";"Céu Claro";"Dupla";"Reta";"Sim";5;0;2;1;2;0;3;3;-16,093134;-47,982236;"SPRF-DF";"DEL01-DF";"UOP01-DEL01-DF"
253075;2019-12-01;"domingo";"08:40:00";"SC";470;57,5;"BLUMENAU";"Desobediência às normas de trânsito pelo condutor";"Colisão transversal";"Sem Vítimas";"Pleno dia";"Decrescente";"Nublado";"Simples";"Rotatória";"Sim";2;0;0;0;2;0;0;2;-26,88300007;-49,14190471;"SPRF-SC";"DEL04-SC";"UOP01-DEL04-SC"
253076;2019-12-01;"domingo";"07:45:00";"RS";285;128,8;"VACARIA";"Mal Súbito";"Tombamento";"Com Vítimas Fatais";"Pleno dia";"Decrescente";"Nublado";"Simples";"Reta";"Não";2;1;0;0;0;1;0;2;-28,462658;-50,977962;"SPRF-RS";"DEL05-RS";"UOP03-DEL05-RS"
253077;2019-05-17;"sexta-feira";"18:30:00";"RS";472;574,5;"URUGUAIANA";"Falta de Atenção à Condução";"Colisão transversal";"Com Vítimas Feridas";"Plena Noite";"Crescente";"Céu Claro";"Simples";"Rotatória";"Sim";3;0;1;1;1;0;2;2;-29,76347397;-57,05180883;"SPRF-RS";"DEL13-RS";"UOP01-DEL13-RS"
253080;2019-12-01;"domingo";"08:42:00";"GO";40;92,5;"CRISTALINA";"Mal Súbito";"Colisão transversal";"Com Vítimas Feridas";"Pleno dia";"Crescente";"Céu Claro";"Simples";"Reta";"Não";5;0;1;0;4;0;1;2;-16,730814;-47,626211;"SPRF-DF";"DEL01-DF";"UOP02-DEL01-DF"
253083;2019-12-01;"domingo";"10:00:00";"SP";116;117;"TAUBATE";"Defeito Mecânico no Veículo";"Incêndio";"Com Vítimas Feridas";"Pleno dia";"Crescente";"Nublado";"Dupla";"Reta";"Não";1;0;1;0;0;0;1;1;-23,0582298;-45,6176951;"SPRF-SP";"DEL06-SP";"UOP02-DEL02-SP"
253085;2019-12-01;"domingo";"10:00:00";"BA";324;618;"SALVADOR";"Objeto estático sobre o leito carroçável";"Queda de ocupante de veículo";"Com Vítimas Feridas";"Pleno dia";"Decrescente";"Céu Claro";"Dupla";"Reta";"Sim";1;0;1;0;0;0;1;1;-12,891109;-38,445374;"SPRF-BA";"DEL01-BA";"UOP01-DEL01-BA"
253087;2019-12-01;"domingo";"10:30:00";"RJ";101;299;"SAO GONCALO";"Falta de Atenção à Condução";"Colisão traseira";"Com Vítimas Feridas";"Pleno dia";"Decrescente";"Nublado";"Dupla";"Reta";"Sim";2;0;0;1;1;0;1;2;-22,77432673;-42,93823207;"SPRF-RJ";"DEL02-RJ";"UOP02-DEL02-RJ"
253088;2019-12-01;"domingo";"10:50:00";"RS";392;333,9;"SANTA MARIA";"Ingestão de Álcool";"Saída de leito carroçável";"Com Vítimas Feridas";"Pleno dia";"Decrescente";"Céu Claro";"Simples";"Reta";"Não";3;0;1;2;0;0;3;1;-29,87831401;-53,73633801;"SPRF-RS";"DEL09-RS";"UOP01-DEL09-RS"
253089;2019-12-01;"domingo";"09:30:00";"SC";280;109;"SAO BENTO DO SUL";"Falta de Atenção à Condução";"Colisão transversal";"Com Vítimas Feridas";"Pleno dia";"Crescente";"Céu Claro";"Simples";"Retorno Regulamentado";"Não";3;0;1;0;2;0;1;2;-26,327628;-49,382239;"SPRF-SC";"DEL06-SC";"UOP03-DEL06-SC"
253090;2019-12-01;"domingo";"11:00:00";"MG";381;728,8;"CARMO DA CACHOEIRA";"Velocidade Incompatível";"Saída de leito carroçável";"Com Vítimas Feridas";"Pleno dia";"Crescente";"Nublado";"Dupla";"Curva";"Não";3;0;1;0;2;0;1;1;-21,52361199;-45,22481701;"SPRF-MG";"DEL04-MG";"UOP02-DEL04-MG"