"id";"data_inversa";"dia_semana";"horario";"uf";"br";"km";"municipio";"causa_acidente";"tipo_acidente";"classificacao_acidente";"fase_dia";"sentido_via";"condicao_metereologica";"tipo_pista";"tracado_via";"uso_solo";"pessoas";"mortos";"feridos_leves";"feridos_graves";"ilesos";"ignorados";"feridos";"veiculos";"latitude";"longitude";"regional";"delegacia";"uop"
253186;2019-12-01;"domingo";"18:30:00";"MG";116;511,6;"UBAPORANGA";"Ingestão de álcool e/ou substâncias psicoativas pelo pedestre";"Colisão lateral";"Sem Vítimas";"Plena Noite";"Crescente";"Chuva";"Simples";"Reta";"Não";2;0;0;0;2;0;0;2;-19,65371791;-42,11137522;"SPRF-MG";"DEL06-MG";"UOP02-DEL06-MG"
253187;2019-12-01;"domingo";"19:50:00";"SC";101;213;"PALHOCA";"Não guardar distância de segurança";"Colisão traseira";"Com Vítimas Feridas";"Plena Noite";"Decrescente";"Nublado";"Dupla";"Reta";"Sim";3;0;1;0;2;0;1;2;-27,63697369;-48,66514142;"SPRF-SC";"DEL01-SC";"UOP02-DEL01-SC"
253188;2019-12-01;"domingo";"19:55:00";"RS";116;247,5;"SAO LEOPOLDO";"Falta de Atenção à Condução";"Colisão traseira";"Sem Vítimas";"Anoitecer";"Crescente";"Céu Claro";"Dupla";"Reta";"Sim";2;0;0;0;2;0;0;2;-29,76733091;-51,1535296;"SPRF-RS";"DEL01-RS";"UOP02-DEL01-RS"
253189;2019-12-01;"domingo";"18:30:00";"PR";277;723,9;"FOZ DO IGUACU";"Ingestão de Álcool";"Colisão transversal";"Com Vítimas Feridas";"Pleno dia";"Decrescente";"Céu Claro";"Dupla";"Curva";"Sim";3;0;0;1;1;1;1;3;-25,49878215;-54,52985294;"SPRF-PR";"DEL05-PR";"UOP01-DEL05-PR"
253190;2019-12-01;"domingo";"14:00:00";"RJ";40;90;"PETROPOLIS";"Velocidade Incompatível";"Saída de leito carroçável";"Com Vítimas Feridas";"Pleno dia";"Crescente";"Chuva";"Simples";"Reta;Declive";"Não";1;0;1;0;0;0;1;1;-22,550738;-43,236397;"SPRF-RJ";"DEL06-RJ";"UOP01-DEL06-RJ"
253191;2019-12-01;"domingo";"19:30:00";"GO";158;2;"ARAGARCAS";"Falta de Atenção à Condução";"Colisão lateral";"Com Vítimas Feridas";"Anoitecer";"Crescente";"Garoa/Chuvisco";"Dupla";"Retorno Regulamentado";"Sim";4;0;0;2;0;2;2;3;-15,897061;-52,23549;"SPRF-GO";"DEL04-GO";"UOP01-DEL04-GO"
253192;2019-12-01;"domingo";"20:30:00";"RS";472;181,8;"SANTO CRISTO";"Falta de Atenção à Condução";"Colisão lateral";"Com Vítimas Feridas";"Plena Noite";"Crescente";"Céu Claro";"Simples";"Curva";"Não";4;0;1;0;3;0;1;2;-27,84001531;-54,56355035;"SPRF-RS";"DEL10-RS";"UOP01-DEL10-RS"
253195;2019-12-01;"domingo";"17:20:00";"PE";232;29;"MORENO";"Falta de Atenção do Pedestre";"Atropelamento de Pedestre";"Com Vítimas Feridas";"Anoitecer";"Decrescente";"Céu Claro";"Dupla";"Reta";"Não";2;0;0;1;1;0;1;2;-8,111269;-35,143135;"SPRF-PE";"DEL01-PE";"UOP02-DEL02PE"
253196;2019-12-01;"domingo";"18:30:00";"RO";364;17,6;"VILHENA";"Ingestão de Álcool";"Colisão traseira";"Sem Vítimas";"Anoitecer";"Crescente";"Nublado";"Simples";"Aclive";"Sim";2;0;0;0;2;0;0;2;-12,73207998;-60,16589399;"SPRF-RO";"DEL04-RO";"UOP01-DEL04-RO"
253197;2019-12-01;"domingo";"20:35:00";"PR";369;95,3;"CORNELIO PROCOPIO";"Ingestão de Álcool";"Colisão traseira";"Com Vítimas Feridas";"Plena Noite";"Decrescente";"Nublado";"Simples";"Reta";"Não";7;0;1;0;6;0;1;2;-23,2314518;-50,6786871;"SPRF-PR";"DEL07-PR";"UOP05-DEL07-PR"
253198;2019-12-01;"domingo";"20:20:00";"MG";40;475,8;"SETE LAGOAS";"Defeito Mecânico no Veículo";"Queda de ocupante de veículo";"Com Vítimas Feridas";"Plena Noite";"Crescente";"Chuva";"Dupla";"Reta";"Sim";2;0;2;0;0;0;2;1;-19,50551591;-44,27423377;"SPRF-MG";"DEL02-MG";"UOP01-DEL02-MG"
253199;2019-12-01;"domingo";"19:40:00";"PR";163;99,7;"CAPANEMA";"Ingestão de Álcool";"Saída de leito carroçável";"Sem Vítimas";"Plena Noite";"Crescente";"Nublado";"Simples";"Curva";"Não";1;0;0;0;0;1;0;1;-25,61850994;-53,79198103;"SPRF-PR";"DEL02-PR";"UOP02-DEL02-PR"
253200;2019-12-01;"domingo";"19:50:00";"PR";376;651,1;"TIJUCAS DO SUL";"Ingestão de Álcool";"Capotamento";"Sem Vítimas";"Plena Noite";"Crescente";"Chuva";"Dupla";"Curva";"Não";2;0;0;0;2;0;0;1;-25,845243;-49,078578;"SPRF-PR";"DEL01-PR";"UOP04-DEL01-PR"
253202;2019-12-01;"domingo";"06:30:00";"CE";116;147;"RUSSAS";"Defeito na Via";"Saída de leito carroçável";"Sem Vítimas";"Pleno dia";"Crescente";"Céu Claro";"Simples";"Reta";"Não";1;0;0;0;0;1;0;1;-4,81391997;-38,05943394;"SPRF-CE";"DEL03-CE";"UOP01-DEL03-CE"
253206;2019-12-01;"domingo";"20:30:00";"AL";316;84,8;"SANTANA DO IPANEMA";"Desobediência às normas de trânsito pelo condutor";"Colisão frontal";"Com Vítimas Fatais";"Plena Noite";"Crescente";"Céu Claro";"Simples";"Reta;Aclive";"Sim";2;1;0;1;0;0;1;2;-9,36681348;-37,25183498;"SPRF-AL";"DEL03-AL";"UOP02-DEL03-AL"
253207;2019-12-01;"domingo";"20:30:00";"PR";376;3;"APUCARANA";"Falta de Atenção à Condução";"Colisão transversal";"Com Vítimas Feridas";"Plena Noite";"Crescente";"Céu Claro";"Simples";"Interseção de Vias";"Sim";4;0;2;2;0;0;4;2;-23,55375916;-51,44639969;"SPRF-PR";"DEL07-PR";"UOP03-DEL07-PR"
253208;2019-12-01;"domingo";"19:00:00";"MG";262;443;"NOVA SERRANA";"Ingestão de Álcool";"Colisão traseira";"Sem Vítimas";"Plena Noite";"Crescente";"Garoa/Chuvisco";"Simples";"Curva";"Sim";3;0;0;0;3;0;0;2;-19,88065393;-44,92197102;"SPRF-MG";"DEL08-MG";"UOP03-DEL08-MG"
253209;2019-12-01;"domingo";"16:45:00";"SC";282;409,4;"CATANDUVAS";"Falta de Atenção à Condução";"Colisão transversal";"Com Vítimas Feridas";"Pleno dia";"Crescente";"Céu Claro";"Simples";"Rotatória";"Sim";4;0;2;0;2;0;2;2;-27,065756;-51,664165;"SPRF-SC";"DEL07-SC";"UOP05-DEL07-SC"
253211;2019-10-18;"sexta-feira";"16:50:00";"MG";267;63,9;"BICAS";"Não guardar distância de segurança";"Queda de ocupante de veículo";"Com Vítimas Feridas";"Pleno dia";"Crescente";"Ignorado";"Simples";"Interseção de Vias";"Não";2;0;1;0;0;1;1;2;-21,74004295;-43,1030184;"SPRF-MG";"DEL05-MG";"UOP01-DEL05-MG"
253212;2019-12-01;"domingo";"21:25:00";"PB";230;4,7;"CABEDELO";"Não guardar distância de segurança";"Queda de ocupante de veículo";"Com Vítimas Feridas";"Plena Noite";"Decrescente";"Céu Claro";"Simples";"Em Obras";"Sim";1;0;1;0;0;0;1;1;-7,00662918;-34,82995391;"SPRF-PB";"DEL01-PB";"UOP01-DEL01-PB"
253213;2019-12-01;"domingo";"21:05:00";"SP";116;452;"REGISTRO";"Falta de Atenção do Pedestre";"Atropelamento de Pedestre";"Com Vítimas Fatais";"Plena Noite";"Crescente";"Chuva";"Dupla";"Reta";"Não";2;1;0;0;1;0;0;2;-24,553411;-47,864826;"SPRF-SP";"DEL05-SP";"UOP01-DEL05-SP"
253215;2019-12-01;"domingo";"20:35:00";"MS";163;213,5;"CAARAPO";"Ingestão de Álcool";"Colisão traseira";"Com Vítimas Feridas";"Plena Noite";"Crescente";"Céu Claro";"Simples";"Aclive";"Não";7;0;6;1;0;0;7;2;-22,59125433;-54,81765673;"SPRF-MS";"DEL04-MS";"UOP02-DEL04-MS"
253216;2019-12-01;"domingo";"21:40:00";"GO";20;88;"VILA BOA";"Falta de Atenção à Condução";"Colisão transversal";"Com Vítimas Fatais";"Plena Noite";"Crescente";"Nublado";"Simples";"Reta";"Sim";2;1;0;0;1;0;0;2;-15,035155;-47,056973;"SPRF-DF";"DEL02-DF";"UOP01-DEL02-DF"
253217;2019-12-01;"domingo";"21:10:00";"RJ";101;284;"ITABORAI";"Ingestão de Álcool";"Queda de ocupante de veículo";"Com Vítimas Fatais";"Plena Noite";"Crescente";"Céu Claro";"Dupla";"Reta";"Não";4;1;0;0;2;1;0;3;-22,74431564;-42,80870139;"SPRF-RJ";"DEL02-RJ";"UOP03-DEL02-RJ"
253218;2019-09-28;"sábado";"19:37:00";"PR";376;3,9;"SAO JOSE DOS PINHAIS";"Falta de Atenção à Condução";"Colisão transversal";"Com Vítimas Feridas";"Plena Noite";"Decrescente";"Ignorado";"Dupla";"Reta";"Não";7;0;5;1;0;1;6;2;-25,5307;-49,1958;"SPRF-PR";"DEL01-PR";"UOP01-DEL01-PR"
253220;2019-12-01;"domingo";"20:30:00";"SP";116;117;"TAUBATE";"Falta de Atenção à Condução";"Colisão traseira";"Com Vítimas Feridas";"Plena Noite";"Crescente";"Nublado";"Dupla";"Reta";"Não";6;0;1;2;3;0;3;4;-23,0582298;-45,6176951;"SPRF-SP";"DEL06-SP";"UOP02-DEL02-SP"
253221;2019-12-01;"domingo";"21:45:00";"GO";153;437,3;"ANAPOLIS";"Falta de Atenção do Pedestre";"Atropelamento de Pedestre";"Com Vítimas Feridas";"Plena Noite";"Decrescente";"Chuva";"Dupla";"Reta";"Não";4;0;1;1;0;2;2;2;-16,286884;-48,942978;"SPRF-GO";"DEL02-GO";"UOP01-DEL02-GO"
253223;2019-12-01;"domingo";"19:20:00";"ES";101;309;"VILA VELHA";"Não guardar distância de segurança";"Colisão transversal";"Com Vítimas Feridas";"Plena Noite";"Crescente";"Chuva";"Simples";"Reta";"Não";2;0;0;1;0;1;1;2;-20,417;-40,45984911;"SPRF-ES";"DEL03-ES";"UOP01-DEL03-ES"
253224;2019-12-01;"domingo";"21:45:00";"PR";369;151,8;"LONDRINA";"Falta de Atenção à Condução";"Colisão com objeto estático";"Com Vítimas Feridas";"Plena Noite";"Decrescente";"Nublado";"Dupla";"Reta";"Sim";3;0;2;0;1;0;2;1;-23,29270505;-51,16856843;"SPRF-PR";"DEL07-PR";"UOP01-DEL07-PR"
253225;2019-12-01;"domingo";"21:05:00";"PE";232;408,9;"SERRA TALHADA";"Ingestão de Álcool";"Colisão transversal";"Com Vítimas Feridas";"Plena Noite";"Decrescente";"Céu Claro";"Simples";"Reta";"Sim";3;0;1;0;1;1;1;2;-7,98371447;-38,28047709;"SPRF-PE";"DEL04-PE";"UOP01-DEL04-PE"
253226;2019-12-01;"domingo";"20:50:00";"SE";101;85;"NOSSA SENHORA DO SOCORRO";"Ingestão de Álcool";"Colisão lateral";"Sem Vítimas";"Plena Noite";"Crescente";"Céu Claro";"Dupla";"Reta";"Não";2;0;0;0;2;0;0;2;-10,8352449;-37,13825226;"SPRF-SE";"DEL01-SE";"UOP01-DEL01-SE"
253229;2019-12-01;"domingo";"17:30:00";"MA";226;565;"PORTO FRANCO";"Ingestão de álcool e/ou substâncias psicoativas pelo pedestre";"Colisão com objeto estático";"Com Vítimas Fatais";"Anoitecer";"Decrescente";"Céu Claro";"Simples";"Reta";"Não";1;1;0;0;0;0;0;1;-6,31865177;-47,3384971;"SPRF-MA";"DEL04-MA";"UOP02-DEL04-MA"
253230;2019-12-01;"domingo";"18:00:00";"AC";364;141,8;"RIO BRANCO";"Falta de Atenção à Condução";"Saída de leito carroçável";"Com Vítimas Feridas";"Plena Noite";"Decrescente";"Chuva";"Dupla";"Reta";"Sim";1;0;1;0;0;0;1;1;-9,93715908;-67,88119555;"SPRF-AC";"DEL01-AC";"UOP01-DEL01-AC"
253232;2019-12-01;"domingo";"22:15:00";"SC";101;215,5;"PALHOCA";"Desobediência às normas de trânsito pelo condutor";"Colisão transversal";"Com Vítimas Feridas";"Plena Noite";"Decrescente";"Céu Claro";"Dupla";"Interseção de Vias";"Não";2;0;1;0;1;0;1;2;-27,65578778;-48,67808288;"SPRF-SC";"DEL01-SC";"UOP02-DEL01-SC"
253233;2019-12-01;"domingo";"22:10:00";"ES";393;16,8;"MUQUI";"Objeto estático sobre o leito carroçável";"Colisão com objeto estático";"Com Vítimas Feridas";"Plena Noite";"Crescente";"Chuva";"Simples";"Reta";"Não";1;0;1;0;0;0;1;1;-20,889292;-41,280143;"SPRF-ES";"DEL03-ES";"UOP02-DEL03-ES"
253234;2019-12-01;"domingo";"20:51:00";"GO";40;55,6;"CRISTALINA";"Pista Escorregadia";"Colisão com objeto estático";"Sem Vítimas";"Plena Noite";"Decrescente";"Chuva";"Dupla";"Curva";"Não";1;0;0;0;1;0;0;1;-16,485283;-47,813032;"SPRF-DF";"DEL01-DF";"UOP02-DEL01-DF"
253235;2019-12-01;"domingo";"22:30:00";"RN";101;112;"PARNAMIRIM";"Animais na Pista";"Atropelamento de Animal";"Com Vítimas Feridas";"Plena Noite";"Crescente";"Céu Claro";"Dupla";"Reta";"Não";1;0;1;0;0;0;1;1;-5,96429;-35,264877;"SPRF-RN";"DEL01-RN";"UOP01-DEL01-RN"
253236;2019-12-01;"domingo";"22:45:00";"RS";116;517;"PELOTAS";"Desobediência às normas de trânsito pelo condutor";"Colisão transversal";"Com Vítimas Feridas";"Plena Noite";"Decrescente";"Céu Claro";"Simples";"Rotatória";"Não";2;0;1;0;1;0;1;2;-31,67908686;-52,34256731;"SPRF-RS";"DEL07-RS";"UOP01-DEL07-RS"
253237;2019-12-01;"domingo";"20:10:00";"GO";60;259,5;"INDIARA";"Pista Escorregadia";"Saída de leito carroçável";"Com Vítimas Feridas";"Plena Noite";"Crescente";"Chuva";"Dupla";"Reta;Declive";"Não";5;0;5;0;0;0;5;1;-17,1596;-50,0359;"SPRF-GO";"DEL01-GO";"UOP02-DEL01-GO"
253238;2019-12-01;"domingo";"20:40:00";"PR";373;222,1;"IMBITUVA";"Ingestão de Álcool";"Saída de leito carroçável";"Sem Vítimas";"Plena Noite";"Decrescente";"Nublado";"Simples";"Reta";"Não";1;0;0;0;1;0;0;1;-25,18290238;-50,59238391;"SPRF-PR";"DEL03-PR";"UOP01-DEL03-PR"
253239;2019-12-01;"domingo";"22:15:00";"PI";343;593;"FLORIANO";"Ingestão de Álcool";"Colisão frontal";"Com Vítimas Feridas";"Plena Noite";"Crescente";"Céu Claro";"Simples";"Reta";"Sim";3;0;0;2;1;0;2;2;-6,781913;-43,038273;"SPRF-PI";"DEL03-PI";"UOP01-DEL03-PI"
253240;2019-12-01;"domingo";"20:10:00";"MS";163;365;"NOVA ALVORADA DO SUL";"Falta de Atenção à Condução";"Queda de ocupante de veículo";"Com Vítimas Feridas";"Plena Noite";"Crescente";"Céu Claro";"Simples";"Reta";"Sim";1;0;1;0;0;0;1;1;-21,46414956;-54,38293122;"SPRF-MS";"DEL02-MS";"UOP01-DEL02-MS"
253241;2019-12-01;"domingo";"20:40:00";"PB";104;31,9;"CUITE";"Velocidade Incompatível";"Capotamento";"Sem Vítimas";"Plena Noite";"Decrescente";"Céu Claro";"Simples";"Reta";"Não";1;0;0;0;0;1;0;1;-6,654986;-36,141148;"SPRF-PB";"DEL02-PB";"UOP04-DEL02-PB"
253242;2019-12-01;"domingo";"20:00:00";"RR";174;528;"BOA VISTA";"Desobediência às normas de trânsito pelo condutor";"Colisão frontal";"Com Vítimas Fatais";"Plena Noite";"Crescente";"Céu Claro";"Simples";"Reta";"Não";8;2;0;0;3;3;0;4;2,99624;-60,757847;"SPRF-RR";"DEL01-RR";"UOP01-DEL01-RR"
253244;2019-12-01;"domingo";"22:05:00";"MG";116;389;"GOVERNADOR VALADARES";"Sinalização da via insuficiente ou inadequada";"Atropelamento de Pedestre";"Com Vítimas Feridas";"Plena Noite";"Crescente";"Nublado";"Simples";"Interseção de Vias";"Sim";2;0;1;0;1;0;1;2;-18,69360396;-41,98460695;"SPRF-MG";"DEL06-MG";"UOP01-DEL06-MG"
253245;2019-12-01;"domingo";"21:00:00";"MS";60;26,8;"CHAPADAO DO SUL";"Ingestão de Álcool";"Saída de leito carroçável";"Com Vítimas Feridas";"Plena Noite";"Crescente";"Chuva";"Simples";"Curva";"Não";1;0;1;0;0;0;1;1;-18,90406;-52,71868;"SPRF-MS";"DEL08-MS";"UOP01-DEL08-MS"
253246;2019-12-01;"domingo";"23:10:00";"RS";470;225,3;"GARIBALDI";"Ingestão de Álcool";"Colisão transversal";"Sem Vítimas";"Plena Noite";"Decrescente";"Céu Claro";"Simples";"Reta";"Não";4;0;0;0;4;0;0;2;-29,21454003;-51,51762617;"SPRF-RS";"DEL06-RS";"UOP01-DEL06-RS"
253251;2019-12-01;"domingo";"22:30:00";"PR";277;34;"MORRETES";"Falta de Atenção à Condução";"Queda de ocupante de veículo";"Com Vítimas Feridas";"Plena Noite";"Decrescente";"Céu Claro";"Simples";"Curva";"Não";1;0;0;1;0;0;1;1;-25,547373;-48,790559;"SPRF-PR";"DEL01-PR";"UOP05-DEL01-PR"
253253;2019-12-01;"domingo";"18:30:00";"BA";330;831;"IPIAU";"Falta de Atenção à Condução";"Colisão lateral";"Sem Vítimas";"Anoitecer";"Crescente";"Céu Claro";"Simples";"Curva";"Não";2;0;0;0;2;0;0;2;-14,01886497;-39,84041998;"SPRF-BA";"DEL05-BA";"UOP01-DEL05-BA"
253255;2019-12-02;"segunda-feira";"00:05:00";"MG";381;441;"SABARA";"Velocidade Incompatível";"Capotamento";"Sem Vítimas";"Plena Noite";"Crescente";"Chuva";"Simples";"Reta";"Não";1;0;0;0;0;1;0;1;-19,81604176;-43,80389901;"SPRF-MG";"DEL01-MG";"UOP01-DEL01-MG"
253256;2019-12-02;"segunda-feira";"00:38:00";"SP";116;52,8;"LORENA";"Falta de Atenção à Condução";"Colisão traseira";"Com Vítimas Feridas";"Plena Noite";"Crescente";"Nublado";"Dupla";"Reta";"Sim";2;0;1;0;1;0;1;2;-22,74708138;-45,09973038;"SPRF-SP";"DEL08-SP";"UOP01-DEL08-SP"
253257;2019-12-01;"domingo";"23:20:00";"PR";376;252;"APUCARANA";"Falta de Atenção à Condução";"Capotamento";"Com Vítimas Feridas";"Plena Noite";"Decrescente";"Céu Claro";"Dupla";"Reta";"Não";1;0;1;0;0;0;1;1;-23,650385;-51,37400796;"SPRF-PR";"DEL07-PR";"UOP03-DEL07-PR"
253258;2019-12-01;"domingo";"22:00:00";"MS";463;0,3;"DOURADOS";"Ingestão de Álcool";"Colisão lateral";"Com Vítimas Feridas";"Plena Noite";"Crescente";"Céu Claro";"Dupla";"Reta";"Sim";3;0;1;0;1;1;1;2;-22,258694;-54,804096;"SPRF-MS";"DEL04-MS";"UOP01-DEL04-MS"
253259;2019-12-02;"segunda-feira";"00:00:00";"PE";101;46;"IGARASSU";"Ingestão de Álcool";"Colisão traseira";"Sem Vítimas";"Plena Noite";"Decrescente";"Vento";"Múltipla";"Aclive";"Sim";2;0;0;0;2;0;0;2;-7,87406004;-34,90588126;"SPRF-PE";"DEL01-PE";"UOP02-DEL01-PE"
253260;2019-12-01;"domingo";"23:26:00";"RJ";101;320,7;"NITEROI";"Velocidade Incompatível";"Capotamento";"Sem Vítimas";"Plena Noite";"Decrescente";"Nublado";"Dupla";"Curva";"Sim";2;0;0;0;2;0;0;1;-22,86171098;-43,10714015;"SPRF-RJ";"DEL02-RJ";"UOP02-DEL02-RJ"
253262;2019-12-01;"domingo";"19:58:00";"SC";282;576;"PINHALZINHO";"Falta de Atenção à Condução";"Colisão transversal";"Com Vítimas Feridas";"Plena Noite";"Crescente";"Céu Claro";"Simples";"Reta";"Sim";3;0;1;1;1;0;2;2;-26,86587002;-52,96810806;"SPRF-SC";"DEL07-SC";"UOP02-DEL07-SC"
253263;2019-12-01;"domingo";"20:08:00";"SC";116;1,8;"MAFRA";"Desobediência às normas de trânsito pelo condutor";"Colisão traseira";"Com Vítimas Fatais";"Plena Noite";"Crescente";"Céu Claro";"Simples";"Reta";"Sim";5;1;2;1;0;1;3;4;-26,12292182;-49,79218483;"SPRF-SC";"DEL06-SC";"UOP01-DEL06-SC"
253265;2019-12-02;"segunda-feira";"00:30:00";"RS";468;116,2;"TIRADENTES DO SUL";"Velocidade Incompatível";"Saída de leito carroçável";"Com Vítimas Fatais";"Plena Noite";"Decrescente";"Céu Claro";"Simples";"Reta";"Não";1;1;0;0;0;0;0;1;-27,41349414;-54,02923152;"SPRF-RS";"DEL08-RS";"UOP02-DEL08-RS"
253266;2019-12-02;"segunda-feira";"02:45:00";"BA";135;169;"BARREIRAS";"Ingestão de álcool e/ou substâncias psicoativas pelo pedestre";"Atropelamento de Pedestre";"Com Vítimas Feridas";"Plena Noite";"Crescente";"Nublado";"Dupla";"Reta";"Não";2;0;1;0;0;1;1;2;-12,10144578;-44,9776485;"SPRF-BA";"DEL10-BA";"UOP01-DEL10-BA"
253267;2019-12-02;"segunda-feira";"05:00:00";"BA";116;810;"VITORIA DA CONQUISTA";"Animais na Pista";"Atropelamento de Animal";"Com Vítimas Feridas";"Amanhecer";"Crescente";"Céu Claro";"Simples";"Reta";"Não";1;0;0;1;0;0;1;1;-14,75189084;-40,68129309;"SPRF-BA";"DEL08-BA";"UOP01-DEL08-BA"
253269;2019-12-02;"segunda-feira";"05:45:00";"RS";392;94,1;"MORRO REDONDO";"Ingestão de Álcool";"Queda de ocupante de veículo";"Com Vítimas Feridas";"Amanhecer";"Crescente";"Céu Claro";"Simples";"Curva";"Não";2;0;1;0;1;0;1;1;-31,57568163;-52,53741971;"SPRF-RS";"DEL07-RS";"UOP01-DEL07-RS"
253270;2019-12-02;"segunda-feira";"02:30:00";"MA";316;619;"TIMON";"Falta de Atenção à Condução";"Colisão traseira";"Com Vítimas Feridas";"Plena Noite";"Decrescente";"Céu Claro";"Simples";"Reta";"Sim";3;0;1;1;1;0;2;2;-5,119788;-42,824196;"SPRF-MA";"DEL03-MA";"UOP02-DEL03-MA"
253271;2019-12-02;"segunda-feira";"05:20:00";"PI";402;3,7;"BURITI DOS LOPES";"Desobediência às normas de trânsito pelo condutor";"Colisão frontal";"Com Vítimas Feridas";"Amanhecer";"Crescente";"Céu Claro";"Simples";"Curva";"Sim";3;0;1;0;2;0;1;2;-3,10468586;-41,87730694;"SPRF-PI";"DEL05-PI";"UOP01-DEL05-PI"
253273;2019-12-02;"segunda-feira";"07:35:00";"SC";101;213,3;"PALHOCA";"Não guardar distância de segurança";"Colisão lateral";"Com Vítimas Feridas";"Pleno dia";"Decrescente";"Sol";"Múltipla";"Reta";"Sim";3;0;1;0;2;0;1;3;-27,64065262;-48,66769552;"SPRF-SC";"DEL01-SC";"UOP02-DEL01-SC"
253274;2019-12-02;"segunda-feira";"06:40:00";"PR";369;209;"APUCARANA";"Defeito Mecânico no Veículo";"Queda de ocupante de veículo";"Com Vítimas Feridas";"Pleno dia";"Crescente";"Céu Claro";"Simples";"Reta;Aclive";"Sim";2;0;1;1;0;0;2;1;-23,5641275;-51,49724993;"SPRF-PR";"DEL07-PR";"UOP03-DEL07-PR"
253276;2019-12-02;"segunda-feira";"06:45:00";"MG";40;784;"JUIZ DE FORA";"Falta de Atenção à Condução";"Colisão lateral";"Com Vítimas Feridas";"Pleno dia";"Decrescente";"Nublado";"Dupla";"Rotatória";"Não";2;0;1;0;1;0;1;2;-21,71178893;-43,44743099;"SPRF-MG";"DEL05-MG";"UOP01-DEL05-MG"
253278;2019-12-02;"segunda-feira";"06:15:00";"ES";101;213;"IBIRACU";"Falta de Atenção à Condução";"Colisão transversal";"Com Vítimas Feridas";"Pleno dia";"Decrescente";"Garoa/Chuvisco";"Simples";"Reta";"Sim";2;0;1;0;1;0;1;2;-19,82352998;-40,36981894;"SPRF-ES";"DEL02-ES";"UOP01-DEL02-ES"
253280;2019-12-02;"segunda-feira";"06:45:00";"DF";20;17,2;"BRASILIA";"Desobediência às normas de trânsito pelo condutor";"Colisão lateral";"Com Vítimas Feridas";"Pleno dia";"Decrescente";"Céu Claro";"Dupla";"Aclive";"Não";4;0;1;0;3;0;1;2;-15,621374;-47,71698;"SPRF-DF";"DEL02-DF";"UOP01-DEL02-DF"
253281;2019-09-09;"segunda-feira";"07:15:00";"PR";277;2;"FOZ DO IGUACU";"Falta de Atenção à Condução";"Colisão transversal";"Com Vítimas Feridas";"Pleno dia";"Crescente";"Céu Claro";"Dupla";"Retorno Regulamentado";"Sim";3;0;0;1;2;0;1;2;-25,5469;-54,5882;"SPRF-PR";"DEL05-PR";"UOP03-DEL05-PR"
253282;2019-12-02;"segunda-feira";"07:00:00";"PB";230;22,1;"JOAO PESSOA";"Desobediência às normas de trânsito pelo condutor";"Colisão traseira";"Com Vítimas Feridas";"Pleno dia";"Decrescente";"Céu Claro";"Dupla";"Reta";"Sim";2;0;0;1;0;1;1;2;-7,1495;-34,8517;"SPRF-PB";"DEL01-PB";"UOP01-DEL01-PB"
253283;2019-12-02;"segunda-feira";"06:40:00";"SP";116;219,7;"GUARULHOS";"Não guardar distância de segurança";"Colisão traseira";"Com Vítimas Feridas";"Pleno dia";"Crescente";"Nublado";"Múltipla";"Reta";"Não";3;0;1;0;2;0;1;3;-23,46143954;-46,48885316;"SPRF-SP";"DEL01-SP";"UOP01-DEL01-SP"
253284;2019-12-02;"segunda-feira";"06:30:00";"SP";116;271,3;"TABOAO DA SERRA";"Falta de Atenção à Condução";"Colisão traseira";"Com Vítimas Feridas";"Amanhecer";"Decrescente";"Céu Claro";"Dupla";"Reta";"Sim";2;0;1;0;1;0;1;2;-23,61081;-46,77399;"SPRF-SP";"DEL04-SP";"UOP01-DEL04-SP"
253285;2019-12-02;"segunda-feira";"07:45:00";"PR";376;183;"SARANDI";"Falta de Atenção à Condução";"Colisão lateral";"Com Vítimas Feridas";"Pleno dia";"Decrescente";"Sol";"Dupla";"Reta";"Sim";2;0;1;0;1;0;1;2;-23,44159097;-51,87067398;"SPRF-PR";"DEL07-PR";"UOP01-DEL09-PR"
253286;2019-12-02;"segunda-feira";"06:15:00";"MG";50;131;"UBERABA";"Pista Escorregadia";"Capotamento";"Com Vítimas Feridas";"Pleno dia";"Crescente";"Chuva";"Dupla";"Curva";"Não";1;0;1;0;0;0;1;1;-19,39896099;-48,07739627;"SPRF-MG";"DEL13-MG";"UOP01-DEL13-MG"
253288;2019-12-02;"segunda-feira";"07:30:00";"AL";423;69,3;"AGUA BRANCA";"Falta de Atenção à Condução";"Colisão transversal";"Com Vítimas Feridas";"Pleno dia";"Decrescente";"Sol";"Simples";"Reta";"Não";8;0;5;2;1;0;7;2;-9,3046927;-37,88936706;"SPRF-AL";"DEL03-AL";"UOP02-DEL03-AL"
253289;2019-12-02;"segunda-feira";"06:20:00";"GO";20;61,5;"FORMOSA";"Falta de Atenção à Condução";"Saída de leito carroçável";"Com Vítimas Feridas";"Pleno dia";"Crescente";"Céu Claro";"Simples";"Reta";"Não";3;0;0;3;0;0;3;1;-15,238772;-47,17049;"SPRF-DF";"DEL02-DF";"UOP01-DEL02-DF"
253290;2019-12-02;"segunda-feira";"08:00:00";"SP";116;154,1;"SAO JOSE DOS CAMPOS";"Falta de Atenção à Condução";"Engavetamento";"Sem Vítimas";"Pleno dia";"Decrescente";"Nublado";"Dupla";"Reta";"Sim";7;0;0;0;7;0;0;7;-23,23903999;-45,92061901;"SPRF-SP";"DEL02-SP";"UOP01-DEL02-SP"