"id";"data_inversa";"dia_semana";"horario";"uf";"br";"km";"municipio";"causa_acidente";"tipo_acidente";"classificacao_acidente";"fase_dia";"sentido_via";"condicao_metereologica";"tipo_pista";"tracado_via";"uso_solo";"pessoas";"mortos";"feridos_leves";"feridos_graves";"ilesos";"ignorados";"feridos";"veiculos";"latitude";"longitude";"regional";"delegacia";"uop"
253646;2019-12-04;"quarta-feira";"06:55:00";"PB";230;27;"JOAO PESSOA";"Falta de Atenção do Pedestre";"Atropelamento de Pedestre";"Com Vítimas Feridas";"Pleno dia";"Decrescente";"Céu Claro";"Dupla";"Reta";"Sim";3;0;2;1;0;0;3;2;-7,1677;-34,8855;"SPRF-PB";"DEL01-PB";"UOP01-DEL01-PB"
253648;2019-12-04;"quarta-feira";"06:00:00";"SC";101;355,1;"SANGAO";"Falta de Atenção à Condução";"Capotamento";"Com Vítimas Feridas";"Pleno dia";"Decrescente";"Céu Claro";"Dupla";"Reta";"Não";1;0;1;0;0;0;1;1;-28,630526;-49,088555;"SPRF-SC";"DEL02-SC";"UOP01-DEL02-SC"
253649;2019-12-04;"quarta-feira";"06:50:00";"CE";20;423;"MARACANAU";"Falta de Atenção à Condução";"Colisão transversal";"Com Vítimas Feridas";"Pleno dia";"Crescente";"Céu Claro";"Dupla";"Reta";"Sim";3;0;1;0;2;0;1;2;-3,76999035;-38,67006282;"SPRF-CE";"DEL01-CE";"UOP02-DEL01-CE"
253650;2019-12-04;"quarta-feira";"06:50:00";"CE";222;6,5;"CAUCAIA";"Desobediência às normas de trânsito pelo condutor";"Colisão traseira";"Sem Vítimas";"Pleno dia";"Decrescente";"Céu Claro";"Dupla";"Reta";"Sim";2;0;0;0;1;1;0;2;-3,74539216;-38,62188041;"SPRF-CE";"DEL01-CE";"UOP01-DEL01-CE"
253654;2019-12-04;"quarta-feira";"07:20:00";"RS";116;153,3;"CAXIAS DO SUL";"Desobediência às normas de trânsito pelo condutor";"Colisão traseira";"Com Vítimas Feridas";"Pleno dia";"Decrescente";"Céu Claro";"Dupla";"Reta";"Sim";3;0;2;0;1;0;2;2;-29,18579758;-51,17713005;"SPRF-RS";"DEL05-RS";"UOP01-DEL05-RS"
253655;2019-12-04;"quarta-feira";"07:10:00";"ES";101;218,9;"IBIRACU";"Falta de Atenção à Condução";"Saída de leito carroçável";"Com Vítimas Feridas";"Pleno dia";"Decrescente";"Garoa/Chuvisco";"Dupla";"Curva";"Não";2;0;1;0;1;0;1;1;-19,85576305;-40,38259985;"SPRF-ES";"DEL02-ES";"UOP01-DEL02-ES"
253656;2019-12-04;"quarta-feira";"06:45:00";"DF";70;5,8;"BRASILIA";"Não guardar distância de segurança";"Colisão lateral";"Com Vítimas Feridas";"Pleno dia";"Decrescente";"Nublado";"Dupla";"Reta";"Sim";2;0;1;0;1;0;1;2;-15,794656;-48,096779;"SPRF-DF";"DEL01-DF";"UOP02-DEL03-DF"
253657;2019-10-19;"sábado";"19:00:00";"MG";262;438;"NOVA SERRANA";"Falta de Atenção à Condução";"Colisão traseira";"Com Vítimas Feridas";"Plena Noite";"Crescente";"Céu Claro";"Dupla";"Reta";"Não";2;0;0;1;1;0;1;2;-19,89280962;-44,878453;"SPRF-MG";"DEL08-MG";"UOP03-DEL08-MG"
253658;2019-12-04;"quarta-feira";"07:30:00";"PE";101;63,2;"RECIFE";"Falta de Atenção à Condução";"Colisão lateral";"Com Vítimas Feridas";"Pleno dia";"Crescente";"Sol";"Dupla";"Curva";"Sim";2;0;1;0;1;0;1;2;-8,00800604;-34,93756535;"SPRF-PE";"DEL01-PE";"UOP01-DEL01-PE"
253660;2019-12-04;"quarta-feira";"06:25:00";"GO";153;317;"RIANAPOLIS";"Pista Escorregadia";"Saída de leito carroçável";"Com Vítimas Feridas";"Amanhecer";"Decrescente";"Chuva";"Simples";"Reta";"Não";2;0;2;0;0;0;2;1;-15,421203;-49,518402;"SPRF-GO";"DEL02-GO";"UOP02-DEL02-GO"
253661;2019-12-04;"quarta-feira";"07:15:00";"SC";101;333;"TUBARAO";"Falta de Atenção à Condução";"Colisão com objeto estático";"Com Vítimas Feridas";"Pleno dia";"Crescente";"Sol";"Dupla";"Curva";"Sim";1;0;1;0;0;0;1;1;-28,46699715;-49,00704861;"SPRF-SC";"DEL02-SC";"UOP01-DEL02-SC"
253663;2019-12-04;"quarta-feira";"07:00:00";"MT";163;117;"RONDONOPOLIS";"Falta de Atenção à Condução";"Colisão traseira";"Com Vítimas Feridas";"Pleno dia";"Crescente";"Nublado";"Dupla";"Reta";"Não";3;0;2;0;1;0;2;2;-16,52182818;-54,65882461;"SPRF-MT";"DEL02-MT";"UOP01-DEL02-MT"
253664;2019-12-04;"quarta-feira";"06:55:00";"RS";158;565,8;"SANTANA DO LIVRAMENTO";"Desobediência às normas de trânsito pelo condutor";"Colisão transversal";"Com Vítimas Feridas";"Amanhecer";"Crescente";"Céu Claro";"Simples";"Reta";"Sim";2;0;1;0;1;0;1;2;-30,868536;-55,50789;"SPRF-RS";"DEL11-RS";"UOP01-DEL11-RS"
253665;2019-12-04;"quarta-feira";"07:20:00";"SC";101;198;"BIGUACU";"Não guardar distância de segurança";"Colisão traseira";"Com Vítimas Feridas";"Pleno dia";"Crescente";"Sol";"Múltipla";"Reta";"Sim";5;0;2;0;3;0;2;4;-27,52658712;-48,63506019;"SPRF-SC";"DEL01-SC";"UOP01-DEL01-SC"
253666;2019-12-04;"quarta-feira";"01:00:00";"GO";60;420;"RIO VERDE";"Falta de Atenção à Condução";"Saída de leito carroçável";"Sem Vítimas";"Plena Noite";"Decrescente";"Chuva";"Dupla";"Curva";"Não";1;0;0;0;0;1;0;1;-17,8214;-51,2417;"SPRF-GO";"DEL04-GO";"UOP01-DEL04-GO"
253667;2019-12-04;"quarta-feira";"06:50:00";"SE";101;55,3;"CARMOPOLIS";"Ingestão de Álcool";"Colisão lateral";"Sem Vítimas";"Pleno dia";"Crescente";"Céu Claro";"Simples";"Reta;Declive";"Não";3;0;0;0;3;0;0;3;-10,63680142;-37,00639486;"SPRF-SE";"DEL02-SE";"UOP02-DEL02-SE"
253671;2019-10-12;"sábado";"10:00:00";"BA";116;210;"EUCLIDES DA CUNHA";"Falta de Atenção à Condução";"Colisão transversal";"Com Vítimas Feridas";"Pleno dia";"Crescente";"Chuva";"Simples";"Reta";"Não";3;0;2;0;0;1;2;2;-10,502622;-39,011491;"SPRF-BA";"DEL07-BA";"UOP02-DEL07-BA"
253672;2019-12-04;"quarta-feira";"08:30:00";"DF";70;6;"BRASILIA";"Falta de Atenção à Condução";"Colisão traseira";"Com Vítimas Feridas";"Pleno dia";"Decrescente";"Céu Claro";"Dupla";"Reta";"Não";3;0;3;0;0;0;3;3;-15,791242;-48,105759;"SPRF-DF";"DEL01-DF";"UOP02-DEL03-DF"
253674;2019-12-04;"quarta-feira";"08:00:00";"RJ";40;121;"DUQUE DE CAXIAS";"Falta de Atenção à Condução";"Colisão lateral";"Com Vítimas Feridas";"Pleno dia";"Crescente";"Céu Claro";"Múltipla";"Reta";"Sim";3;0;1;0;2;0;1;2;-22,78185499;-43,28571273;"SPRF-RJ";"DEL01-RJ";"UOP01-DEL01-RJ"
253675;2019-12-04;"quarta-feira";"06:30:00";"MG";40;522;"CONTAGEM";"Desobediência às normas de trânsito pelo condutor";"Colisão traseira";"Com Vítimas Feridas";"Pleno dia";"Crescente";"Nublado";"Dupla";"Reta";"Sim";3;0;2;0;0;1;2;2;-19,8638731;-44,06749809;"SPRF-MG";"DEL01-MG";"UOP02-DEL01-MG"
253676;2019-12-04;"quarta-feira";"07:30:00";"MG";40;526;"CONTAGEM";"Não guardar distância de segurança";"Colisão traseira";"Com Vítimas Feridas";"Pleno dia";"Decrescente";"Céu Claro";"Dupla";"Reta";"Sim";3;0;1;0;2;0;1;2;-19,89255399;-44,04985478;"SPRF-MG";"DEL01-MG";"UOP02-DEL01-MG"
253677;2019-12-04;"quarta-feira";"08:45:00";"PR";369;177;"ROLANDIA";"Falta de Atenção à Condução";"Saída de leito carroçável";"Com Vítimas Feridas";"Pleno dia";"Crescente";"Chuva";"Dupla";"Declive";"Não";3;0;2;0;1;0;2;1;-23,3503865;-51,3870139;"SPRF-PR";"DEL07-PR";"UOP01-DEL07-PR"
253680;2019-12-04;"quarta-feira";"09:00:00";"SP";116;1;"GUARULHOS";"Falta de Atenção à Condução";"Saída de leito carroçável";"Com Vítimas Feridas";"Pleno dia";"Crescente";"Sol";"Dupla";"Curva";"Não";1;0;1;0;0;0;1;1;-23,463257;-46,53373;"SPRF-SP";"DEL01-SP";"UOP01-DEL01-SP"
253681;2019-12-04;"quarta-feira";"08:55:00";"PR";376;306;"MAUA DA SERRA";"Falta de Atenção à Condução";"Colisão com objeto estático";"Com Vítimas Feridas";"Pleno dia";"Decrescente";"Garoa/Chuvisco";"Dupla";"Curva";"Não";1;0;1;0;0;0;1;1;-23,941523;-51,121241;"SPRF-PR";"DEL07-PR";"UOP02-DEL07-PR"
253682;2019-12-04;"quarta-feira";"07:15:00";"PE";101;91;"CABO DE SANTO AGOSTINHO";"Desobediência às normas de trânsito pelo condutor";"Colisão lateral";"Sem Vítimas";"Pleno dia";"Crescente";"Sol";"Dupla";"Reta";"Não";3;0;0;0;3;0;0;3;-8,22399812;-34,99290474;"SPRF-PE";"DEL01-PE";"UOP03-DEL01-PE"
253683;2019-11-09;"sábado";"17:59:00";"MS";163;473,2;"CAMPO GRANDE";"Falta de Atenção à Condução";"Colisão transversal";"Com Vítimas Feridas";"Anoitecer";"Crescente";"Céu Claro";"Simples";"Aclive";"Sim";9;0;3;2;0;4;5;3;-20,5337;-54,5644;"SPRF-MS";"DEL01-MS";"UOP01-DEL01-MS"
253684;2019-12-04;"quarta-feira";"09:00:00";"RN";304;34,4;"MOSSORO";"Falta de Atenção à Condução";"Queda de ocupante de veículo";"Com Vítimas Feridas";"Pleno dia";"Crescente";"Céu Claro";"Dupla";"Viaduto";"Não";1;0;0;1;0;0;1;1;-5,15255798;-37,34873808;"SPRF-RN";"DEL04-RN";"UOP02-DEL04-RN"
253685;2019-12-04;"quarta-feira";"08:10:00";"RJ";101;328;"NITEROI";"Falta de Atenção à Condução";"Colisão traseira";"Com Vítimas Feridas";"Pleno dia";"Decrescente";"Sol";"Múltipla";"Ponte";"Não";3;0;1;0;2;0;1;3;-22,87028692;-43,16579699;"SPRF-RJ";"DEL02-RJ";"UOP02-DEL02-RJ"
253686;2019-07-07;"domingo";"03:00:00";"PR";163;345;"GUAIRA";"Desobediência às normas de trânsito pelo condutor";"Capotamento";"Com Vítimas Feridas";"Plena Noite";"Crescente";"Ignorado";"Simples";"Rotatória";"Sim";4;0;4;0;0;0;4;1;-24,10508027;-54,23838615;"SPRF-PR";"DEL06-PR";"UOP01-DEL06-PR"
253687;2019-12-04;"quarta-feira";"09:50:00";"SC";101;213,6;"PALHOCA";"Defeito Mecânico no Veículo";"Tombamento";"Com Vítimas Feridas";"Pleno dia";"Decrescente";"Nublado";"Dupla";"Reta";"Sim";2;0;2;0;0;0;2;1;-27,64443;-48,67057;"SPRF-SC";"DEL01-SC";"UOP02-DEL01-SC"
253693;2019-12-04;"quarta-feira";"10:30:00";"PR";376;4,1;"APUCARANA";"Falta de Atenção à Condução";"Colisão transversal";"Com Vítimas Feridas";"Pleno dia";"Crescente";"Nublado";"Simples";"Interseção de Vias";"Sim";2;0;1;0;1;0;1;2;-23,5513;-51,461266;"SPRF-PR";"DEL07-PR";"UOP03-DEL07-PR"
253696;2019-12-04;"quarta-feira";"11:00:00";"MG";262;366,4;"JUATUBA";"Condutor Dormindo";"Colisão com objeto estático";"Com Vítimas Feridas";"Pleno dia";"Decrescente";"Nublado";"Dupla";"Curva";"Não";1;0;1;0;0;0;1;1;-19,974217;-44,261798;"SPRF-MG";"DEL01-MG";"UOP03-DEL01-MG"
253699;2019-12-04;"quarta-feira";"10:45:00";"SC";282;3;"FLORIANOPOLIS";"Não guardar distância de segurança";"Colisão lateral";"Com Vítimas Feridas";"Pleno dia";"Decrescente";"Nublado";"Múltipla";"Reta";"Sim";2;0;1;0;1;0;1;2;-27,600384;-48,599705;"SPRF-SC";"DEL01-SC";"UOP01-DEL01-SC"
253700;2019-12-04;"quarta-feira";"10:45:00";"ES";101;286,1;"CARIACICA";"Falta de Atenção do Pedestre";"Atropelamento de Pedestre";"Com Vítimas Feridas";"Pleno dia";"Decrescente";"Chuva";"Dupla";"Curva";"Sim";2;0;1;0;1;0;1;2;-20,25902175;-40,37753412;"SPRF-ES";"DEL01-ES";"UOP01-DEL01-ES"
253701;2019-12-04;"quarta-feira";"10:43:00";"SP";116;37,8;"CACHOEIRA PAULISTA";"Falta de Atenção à Condução";"Colisão com objeto estático";"Com Vítimas Feridas";"Pleno dia";"Decrescente";"Nublado";"Simples";"Rotatória";"Sim";1;0;0;1;0;0;1;1;-22,66497021;-44,98430985;"SPRF-SP";"DEL08-SP";"UOP02-DEL08-SP"
253702;2019-12-04;"quarta-feira";"11:05:00";"SC";101;333;"TUBARAO";"Falta de Atenção à Condução";"Colisão transversal";"Com Vítimas Feridas";"Pleno dia";"Decrescente";"Céu Claro";"Múltipla";"Reta";"Sim";3;0;1;0;2;0;1;2;-28,46630107;-48,99653096;"SPRF-SC";"DEL02-SC";"UOP01-DEL02-SC"
253704;2019-12-04;"quarta-feira";"10:55:00";"SC";280;56;"GUARAMIRIM";"Não guardar distância de segurança";"Colisão traseira";"Com Vítimas Feridas";"Pleno dia";"Decrescente";"Chuva";"Simples";"Reta";"Sim";2;0;1;0;1;0;1;2;-26,47947677;-49,00298702;"SPRF-SC";"DEL03-SC";"UOP03-DEL03-SC"
253705;2019-12-04;"quarta-feira";"12:20:00";"PA";230;114;"MARABA";"Desobediência às normas de trânsito pelo condutor";"Colisão transversal";"Com Vítimas Feridas";"Pleno dia";"Decrescente";"Sol";"Dupla";"Retorno Regulamentado;Aclive";"Sim";3;0;3;0;0;0;3;2;-5,36466678;-49,06623294;"SPRF-PA";"DEL03-PA";"UOP01-DEL03-PA"
253706;2019-12-04;"quarta-feira";"10:15:00";"MG";262;815,5;"UBERABA";"Não guardar distância de segurança";"Colisão lateral";"Com Vítimas Feridas";"Pleno dia";"Crescente";"Garoa/Chuvisco";"Dupla";"Reta";"Sim";1;0;0;1;0;0;1;1;-19,76466268;-48,12500294;"SPRF-MG";"DEL13-MG";"UOP01-DEL13-MG"
253708;2019-12-04;"quarta-feira";"11:50:00";"AL";104;88,9;"RIO LARGO";"Desobediência às normas de trânsito pelo condutor";"Colisão traseira";"Com Vítimas Feridas";"Pleno dia";"Crescente";"Céu Claro";"Dupla";"Reta";"Sim";3;0;2;0;1;0;2;2;-9,48375193;-35,81815581;"SPRF-AL";"DEL01-AL";"UOP01-DEL01-AL"
253709;2019-12-04;"quarta-feira";"12:00:00";"RJ";40;62;"PETROPOLIS";"Desobediência às normas de trânsito pelo condutor";"Queda de ocupante de veículo";"Com Vítimas Feridas";"Pleno dia";"Crescente";"Nublado";"Múltipla";"Interseção de Vias;Retorno Regulamentado";"Sim";2;0;1;0;1;0;1;2;-22,40542358;-43,14664526;"SPRF-RJ";"DEL06-RJ";"UOP01-DEL06-RJ"
253710;2019-12-04;"quarta-feira";"11:00:00";"RS";116;299;"GUAIBA";"Falta de Atenção à Condução";"Saída de leito carroçável";"Com Vítimas Feridas";"Pleno dia";"Crescente";"Céu Claro";"Dupla";"Reta";"Não";2;0;1;0;1;0;1;1;-30,11517464;-51,34563087;"SPRF-RS";"DEL02-RS";"UOP01-DEL02-RS"
253711;2019-12-04;"quarta-feira";"11:57:00";"GO";60;262,4;"INDIARA";"Desobediência às normas de trânsito pelo condutor";"Colisão traseira";"Com Vítimas Feridas";"Pleno dia";"Decrescente";"Céu Claro";"Dupla";"Reta";"Sim";3;0;1;0;2;0;1;2;-17,1807;-50,0658;"SPRF-GO";"DEL01-GO";"UOP02-DEL01-GO"
253712;2019-10-05;"sábado";"15:15:00";"BA";367;22,6;"PORTO SEGURO";"Desobediência às normas de trânsito pelo condutor";"Colisão frontal";"Com Vítimas Feridas";"Pleno dia";"Decrescente";"Sol";"Simples";"Reta";"Sim";3;0;0;2;1;0;2;2;-16,43538543;-39,07240391;"SPRF-BA";"DEL09-BA";"UOP01-DEL09-BA"
253713;2019-12-04;"quarta-feira";"12:45:00";"SC";101;214,1;"PALHOCA";"Falta de Atenção à Condução";"Colisão lateral";"Com Vítimas Feridas";"Pleno dia";"Crescente";"Nublado";"Dupla";"Reta";"Sim";2;0;1;0;1;0;1;2;-27,64443;-48,67057;"SPRF-SC";"DEL01-SC";"UOP02-DEL01-SC"
253715;2019-12-04;"quarta-feira";"12:45:00";"PR";476;139;"CURITIBA";"Falta de Atenção à Condução";"Colisão lateral";"Com Vítimas Feridas";"Pleno dia";"Crescente";"Céu Claro";"Dupla";"Reta";"Sim";3;0;0;1;2;0;1;3;-25,51284;-49,289257;"SPRF-PR";"DEL01-PR";"UOP03-DEL01-PR"
253716;2019-12-04;"quarta-feira";"12:30:00";"SP";116;224;"GUARULHOS";"Falta de Atenção à Condução";"Colisão traseira";"Com Vítimas Feridas";"Pleno dia";"Crescente";"Céu Claro";"Múltipla";"Reta";"Sim";2;0;1;0;1;0;1;2;-23,48071896;-46,53271603;"SPRF-SP";"DEL01-SP";"UOP01-DEL01-SP"
253717;2019-11-26;"terça-feira";"12:55:00";"RJ";101;255;"RIO BONITO";"Falta de Atenção à Condução";"Colisão traseira";"Com Vítimas Feridas";"Pleno dia";"Decrescente";"Céu Claro";"Dupla";"Reta";"Não";2;0;1;0;1;0;1;2;-22,69421578;-42,55904705;"SPRF-RJ";"DEL02-RJ";"UOP03-DEL02-RJ"
253720;2019-12-04;"quarta-feira";"12:30:00";"PB";104;115,7;"LAGOA SECA";"Desobediência às normas de trânsito pelo condutor";"Colisão lateral";"Com Vítimas Feridas";"Pleno dia";"Decrescente";"Céu Claro";"Simples";"Reta";"Sim";2;0;1;0;1;0;1;2;-7,10536281;-35,86712519;"SPRF-PB";"DEL02-PB";"UOP04-DEL02-PB"
253722;2019-12-04;"quarta-feira";"13:20:00";"ES";101;263,9;"SERRA";"Falta de Atenção à Condução";"Colisão transversal";"Com Vítimas Feridas";"Pleno dia";"Crescente";"Nublado";"Múltipla";"Interseção de Vias";"Sim";2;0;1;0;1;0;1;2;-20,16554736;-40,27301648;"SPRF-ES";"DEL02-ES";"UOP01-DEL02-ES"
253723;2019-12-04;"quarta-feira";"13:30:00";"PE";232;61;"POMBOS";"Não guardar distância de segurança";"Capotamento";"Com Vítimas Feridas";"Pleno dia";"Decrescente";"Céu Claro";"Dupla";"Reta";"Não";1;0;1;0;0;0;1;1;-8,1519066;-35,4153532;"SPRF-PE";"DEL01-PE";"UOP02-DEL02PE"
253725;2019-12-04;"quarta-feira";"13:31:00";"SP";153;62,5;"SAO JOSE DO RIO PRETO";"Velocidade Incompatível";"Engavetamento";"Sem Vítimas";"Pleno dia";"Crescente";"Sol";"Dupla";"Aclive";"Sim";3;0;0;0;3;0;0;3;-20,81325404;-49,35675563;"SPRF-SP";"DEL09-SP";"UOP01-DEL09-SP"
253726;2019-12-04;"quarta-feira";"13:05:00";"SC";101;32,7;"JOINVILLE";"Desobediência às normas de trânsito pelo condutor";"Colisão traseira";"Com Vítimas Feridas";"Pleno dia";"Crescente";"Céu Claro";"Dupla";"Reta";"Não";2;0;0;1;0;1;1;2;-26,226987;-48,91657;"SPRF-SC";"DEL03-SC";"UOP01-DEL03-SC"
253727;2019-12-04;"quarta-feira";"11:30:00";"PE";101;113;"IPOJUCA";"Condutor Dormindo";"Saída de leito carroçável";"Com Vítimas Feridas";"Pleno dia";"Decrescente";"Céu Claro";"Dupla";"Curva";"Não";1;0;1;0;0;0;1;1;-8,33107097;-35,12666499;"SPRF-PE";"DEL01-PE";"UOP03-DEL01-PE"
253728;2019-12-04;"quarta-feira";"11:30:00";"RO";364;346,2;"JI-PARANA";"Desobediência às normas de trânsito pelo condutor";"Colisão transversal";"Com Vítimas Feridas";"Pleno dia";"Crescente";"Céu Claro";"Dupla";"Interseção de Vias";"Sim";3;0;1;0;2;0;1;2;-10,865874;-61,968647;"SPRF-RO";"DEL02-RO";"UOP01-DEL02-RO"
253729;2019-10-28;"segunda-feira";"17:30:00";"BA";110;76,2;"JEREMOABO";"Falta de Atenção à Condução";"Atropelamento de Pedestre";"Com Vítimas Feridas";"Anoitecer";"Crescente";"Céu Claro";"Simples";"Curva";"Não";2;0;1;0;1;0;1;2;-10,09597419;-38,31319014;"SPRF-BA";"DEL07-BA";"UOP01-DEL07-BA"
253730;2019-12-04;"quarta-feira";"14:05:00";"GO";50;281,9;"CATALAO";"Pista Escorregadia";"Queda de ocupante de veículo";"Com Vítimas Feridas";"Pleno dia";"Crescente";"Chuva";"Simples";"Declive";"Sim";1;0;0;1;0;0;1;1;-18,1838;-47,9441;"SPRF-GO";"DEL06-GO";"UOP01-DEL06-GO"
253731;2019-12-04;"quarta-feira";"11:50:00";"MG";116;526,7;"CARATINGA";"Falta de Atenção à Condução";"Colisão lateral";"Com Vítimas Feridas";"Pleno dia";"Crescente";"Nublado";"Simples";"Curva";"Sim";2;0;1;0;1;0;1;2;-19,77654011;-42,13327989;"SPRF-MG";"DEL06-MG";"UOP02-DEL06-MG"
253734;2019-03-03;"domingo";"08:10:00";"BA";235;352,9;"JUAZEIRO";"Não guardar distância de segurança";"Tombamento";"Com Vítimas Feridas";"Pleno dia";"Crescente";"Céu Claro";"Simples";"Reta";"Não";2;0;0;1;0;1;1;2;-9,45152507;-40,48848152;"SPRF-BA";"DEL04-BA";"UOP01-DEL04-BA"
253737;2019-12-04;"quarta-feira";"10:00:00";"RR";174;392;"IRACEMA";"Defeito na Via";"Saída de leito carroçável";"Com Vítimas Feridas";"Pleno dia";"Decrescente";"Céu Claro";"Simples";"Reta";"Não";2;0;1;1;0;0;2;1;2,026067;-61,084702;"SPRF-RR";"DEL01-RR";"UOP01-DEL01-RR"
253738;2019-12-04;"quarta-feira";"13:30:00";"RS";285;300,1;"PASSO FUNDO";"Desobediência às normas de trânsito pelo condutor";"Colisão transversal";"Sem Vítimas";"Pleno dia";"Decrescente";"Céu Claro";"Simples";"Interseção de Vias";"Sim";2;0;0;0;2;0;0;2;-28,229494;-52,441837;"SPRF-RS";"DEL08-RS";"UOP03-DEL08-RS"
253739;2019-10-28;"segunda-feira";"21:20:00";"BA";110;12;"PAULO AFONSO";"Animais na Pista";"Atropelamento de Animal";"Com Vítimas Feridas";"Plena Noite";"Crescente";"Céu Claro";"Simples";"Reta";"Não";1;0;1;0;0;0;1;1;-9,55893701;-38,22209387;"SPRF-BA";"DEL07-BA";"UOP01-DEL07-BA"
253742;2019-12-04;"quarta-feira";"14:40:00";"GO";414;433;"ANAPOLIS";"Avarias e/ou desgaste excessivo no pneu";"Saída de leito carroçável";"Com Vítimas Feridas";"Pleno dia";"Crescente";"Céu Claro";"Simples";"Curva";"Não";1;0;1;0;0;0;1;1;-16,2291999;-48,92857911;"SPRF-GO";"DEL02-GO";"UOP01-DEL02-GO"
253743;2019-12-04;"quarta-feira";"15:40:00";"RJ";116;304,9;"RESENDE";"Objeto estático sobre o leito carroçável";"Capotamento";"Com Vítimas Feridas";"Pleno dia";"Decrescente";"Nublado";"Dupla";"Reta";"Sim";3;0;2;0;1;0;2;1;-22,45930346;-44,4330883;"SPRF-RJ";"DEL07-RJ";"DEL5/7-UOP03/RJ"
253745;2019-12-04;"quarta-feira";"16:10:00";"SC";101;213,6;"PALHOCA";"Mal Súbito";"Colisão traseira";"Com Vítimas Feridas";"Pleno dia";"Crescente";"Nublado";"Dupla";"Reta";"Sim";2;0;1;0;1;0;1;2;-27,63697369;-48,66514142;"SPRF-SC";"DEL01-SC";"UOP02-DEL01-SC"
253747;2019-12-04;"quarta-feira";"15:30:00";"GO";60;61;"ABADIANIA";"Falta de Atenção à Condução";"Colisão traseira";"Sem Vítimas";"Pleno dia";"Decrescente";"Sol";"Dupla";"Reta";"Sim";2;0;0;0;2;0;0;2;-16,1903;-48,7114;"SPRF-GO";"DEL02-GO";"UOP01-DEL02-GO"
253750;2019-12-04;"quarta-feira";"16:00:00";"PR";277;726,5;"FOZ DO IGUACU";"Falta de Atenção à Condução";"Colisão lateral";"Sem Vítimas";"Pleno dia";"Decrescente";"Céu Claro";"Dupla";"Rotatória";"Sim";2;0;0;0;2;0;0;2;-25,51084092;-54,5593071;"SPRF-PR";"DEL05-PR";"UOP03-DEL05-PR"
253752;2019-12-04;"quarta-feira";"13:45:00";"SP";116;405,5;"MIRACATU";"Falta de Atenção à Condução";"Saída de leito carroçável";"Com Vítimas Feridas";"Pleno dia";"Crescente";"Nublado";"Dupla";"Reta";"Não";1;0;0;1;0;0;1;1;-24,32302424;-47,54640877;"SPRF-SP";"DEL04-SP";"UOP02-DEL04-SP"
253753;2019-12-04;"quarta-feira";"14:00:00";"RJ";116;81;"TERESOPOLIS";"Falta de Atenção à Condução";"Tombamento";"Com Vítimas Feridas";"Pleno dia";"Crescente";"Nublado";"Simples";"Declive;Curva";"Não";1;0;1;0;0;0;1;1;-22,39843405;-42,95507553;"SPRF-RJ";"DEL04-RJ";"UOP01-DEL04-RJ"
253754;2019-05-29;"quarta-feira";"20:00:00";"PR";476;130;"CURITIBA";"Não guardar distância de segurança";"Queda de ocupante de veículo";"Com Vítimas Feridas";"Plena Noite";"Decrescente";"Ignorado";"Dupla";"Reta";"Sim";1;0;1;0;0;0;1;1;-25,449564;-49,236427;"SPRF-PR";"DEL01-PR";"UOP07-DEL01-PR"
253755;2019-12-04;"quarta-feira";"16:20:00";"PR";277;489,4;"NOVA LARANJEIRAS";"Mal Súbito";"Colisão frontal";"Com Vítimas Feridas";"Pleno dia";"Crescente";"Garoa/Chuvisco";"Simples";"Curva";"Não";4;0;2;0;2;0;2;2;-25,24154725;-52,63060519;"SPRF-PR";"DEL04-PR";"UOP02-DEL04-PR"
253756;2019-12-04;"quarta-feira";"14:20:00";"MG";381;231;"BELO ORIENTE";"Condutor Dormindo";"Colisão lateral";"Com Vítimas Feridas";"Pleno dia";"Crescente";"Céu Claro";"Simples";"Reta";"Não";8;0;0;1;7;0;1;6;-19,30218569;-42,37936512;"SPRF-MG";"DEL06-MG";"UOP01-DEL06-MG"
253757;2019-12-04;"quarta-feira";"16:20:00";"SC";470;139,9;"RIO DO SUL";"Não guardar distância de segurança";"Engavetamento";"Com Vítimas Feridas";"Pleno dia";"Crescente";"Nublado";"Simples";"Aclive";"Sim";7;0;3;0;4;0;3;5;-27,226065;-49,666161;"SPRF-SC";"DEL04-SC";"UOP02-DEL04-SC"
253758;2019-12-04;"quarta-feira";"17:20:00";"ES";101;266,8;"SERRA";"Falta de Atenção à Condução";"Tombamento";"Com Vítimas Feridas";"Anoitecer";"Decrescente";"Nublado";"Múltipla";"Reta";"Sim";1;0;0;1;0;0;1;1;-20,19712392;-40,26877642;"SPRF-ES";"DEL02-ES";"UOP01-DEL02-ES"
253759;2019-12-04;"quarta-feira";"17:30:00";"SP";101;43;"UBATUBA";"Pista Escorregadia";"Queda de ocupante de veículo";"Com Vítimas Feridas";"Pleno dia";"Crescente";"Céu Claro";"Simples";"Rotatória";"Sim";2;0;1;0;1;0;1;1;-23,40934203;-45,05920172;"SPRF-SP";"DEL06-SP";"UOP01-DEL06-SP"