"id";"data_inversa";"dia_semana";"horario";"uf";"br";"km";"municipio";"causa_acidente";"tipo_acidente";"classificacao_acidente";"fase_dia";"sentido_via";"condicao_metereologica";"tipo_pista";"tracado_via";"uso_solo";"pessoas";"mortos";"feridos_leves";"feridos_graves";"ilesos";"ignorados";"feridos";"veiculos";"latitude";"longitude";"regional";"delegacia";"uop"
253760;2019-12-04;"quarta-feira";"16:00:00";"RO";364;12;"VILHENA";"Desobediência às normas de trânsito pelo condutor";"Colisão transversal";"Com Vítimas Feridas";"Pleno dia";"Decrescente";"Céu Claro";"Simples";"Rotatória";"Sim";2;0;1;0;1;0;1;2;-12,7409725;-60,146282;"SPRF-RO";"DEL04-RO";"UOP01-DEL04-RO"
253761;2019-12-04;"quarta-feira";"17:20:00";"SP";116;60,4;"GUARATINGUETA";"Falta de Atenção à Condução";"Colisão traseira";"Com Vítimas Feridas";"Anoitecer";"Crescente";"Céu Claro";"Dupla";"Reta";"Não";2;0;1;0;1;0;1;2;-22,79106843;-45,16105167;"SPRF-SP";"DEL08-SP";"UOP01-DEL08-SP"
253762;2019-12-04;"quarta-feira";"17:30:00";"RS";470;213;"BENTO GONCALVES";"Falta de Atenção do Pedestre";"Atropelamento de Pedestre";"Com Vítimas Feridas";"Pleno dia";"Crescente";"Céu Claro";"Simples";"Curva";"Sim";3;0;1;0;2;0;1;2;-29,138703;-51,542708;"SPRF-RS";"DEL06-RS";"UOP01-DEL06-RS"
253763;2019-12-04;"quarta-feira";"18:00:00";"BA";116;210;"EUCLIDES DA CUNHA";"Restrição de Visibilidade";"Colisão traseira";"Com Vítimas Fatais";"Anoitecer";"Crescente";"Nublado";"Simples";"Reta";"Não";4;3;0;0;1;0;0;2;-10,502622;-39,011491;"SPRF-BA";"DEL07-BA";"UOP02-DEL07-BA"
253766;2019-12-04;"quarta-feira";"17:40:00";"RS";290;15;"SANTO ANTONIO DA PATRULHA";"Velocidade Incompatível";"Saída de leito carroçável";"Com Vítimas Feridas";"Anoitecer";"Crescente";"Chuva";"Múltipla";"Reta";"Não";4;0;2;0;2;0;2;1;-29,86499;-50,410789;"SPRF-RS";"DEL03-RS";"UOP01-DEL03-RS"
253767;2019-12-04;"quarta-feira";"18:30:00";"SC";101;210;"SAO JOSE";"Falta de Atenção à Condução";"Queda de ocupante de veículo";"Com Vítimas Feridas";"Anoitecer";"Decrescente";"Céu Claro";"Simples";"Reta";"Sim";1;0;1;0;0;0;1;1;-27,61000542;-48,63895057;"SPRF-SC";"DEL01-SC";"UOP01-DEL01-SC"
253768;2019-12-04;"quarta-feira";"18:35:00";"DF";60;28;"BRASILIA";"Defeito na Via";"Capotamento";"Com Vítimas Feridas";"Plena Noite";"Decrescente";"Chuva";"Dupla";"Curva";"Não";2;0;1;0;1;0;1;1;-16,020638;-48,250832;"SPRF-DF";"DEL01-DF";"UOP01-DEL03-DF"
253771;2019-12-04;"quarta-feira";"18:50:00";"BA";101;263;"SANTO ANTONIO DE JESUS";"Desobediência às normas de trânsito pelo condutor";"Colisão frontal";"Com Vítimas Feridas";"Plena Noite";"Decrescente";"Céu Claro";"Simples";"Reta";"Sim";2;0;0;1;1;0;1;2;-13,09003799;-39,27863203;"SPRF-BA";"DEL01-BA";"UOP02-DEL01-BA"
253772;2019-12-04;"quarta-feira";"18:40:00";"DF";70;9;"BRASILIA";"Ingestão de Álcool";"Colisão traseira";"Sem Vítimas";"Plena Noite";"Crescente";"Nublado";"Dupla";"Reta";"Sim";2;0;0;0;1;1;0;2;-15,784615;-48,132023;"SPRF-DF";"DEL01-DF";"UOP02-DEL03-DF"
253773;2019-12-04;"quarta-feira";"17:30:00";"GO";364;190;"JATAI";"Velocidade Incompatível";"Capotamento";"Com Vítimas Feridas";"Pleno dia";"Crescente";"Céu Claro";"Dupla";"Reta";"Não";2;0;1;1;0;0;2;1;-17,933752;-51,67696;"SPRF-GO";"DEL05-GO";"UOP01-DEL05-GO"
253774;2019-12-04;"quarta-feira";"19:00:00";"RJ";393;286,2;"VOLTA REDONDA";"Falta de Atenção à Condução";"Colisão traseira";"Com Vítimas Feridas";"Plena Noite";"Crescente";"Céu Claro";"Simples";"Reta";"Sim";2;0;0;1;1;0;1;2;-22,50576007;-44,07531599;"SPRF-RJ";"DEL05-RJ";"UOP04-DEL05-RJ"
253775;2019-12-04;"quarta-feira";"19:45:00";"PE";232;133,4;"CARUARU";"Não guardar distância de segurança";"Colisão traseira";"Sem Vítimas";"Plena Noite";"Decrescente";"Céu Claro";"Múltipla";"Reta;Declive";"Sim";5;0;0;0;5;0;0;2;-8,3070908;-36,01876259;"SPRF-PE";"DEL02-PE";"UOP03-DEL02-PE"
253776;2019-12-04;"quarta-feira";"19:30:00";"SC";101;134,5;"BALNEARIO CAMBORIU";"Desobediência às normas de trânsito pelo condutor";"Colisão traseira";"Com Vítimas Feridas";"Plena Noite";"Crescente";"Nublado";"Dupla";"Reta";"Não";2;0;1;0;1;0;1;2;-27,00218;-48,636433;"SPRF-SC";"DEL04-SC";"UOP03-DEL04-SC"
253777;2019-12-04;"quarta-feira";"20:05:00";"RS";471;173,1;"RIO PARDO";"Deficiência ou não Acionamento do Sistema de Iluminação/Sinalização do Veículo";"Colisão transversal";"Com Vítimas Feridas";"Plena Noite";"Crescente";"Nublado";"Simples";"Rotatória";"Não";2;0;0;1;1;0;1;2;-29,88952738;-52,39302635;"SPRF-RS";"DEL02-RS";"UOP02-DEL02-RS"
253778;2019-12-04;"quarta-feira";"20:05:00";"CE";116;13,2;"FORTALEZA";"Falta de Atenção à Condução";"Colisão lateral";"Com Vítimas Feridas";"Plena Noite";"Crescente";"Céu Claro";"Múltipla";"Declive";"Sim";4;0;3;0;1;0;3;2;-3,86088501;-38,49715296;"SPRF-CE";"DEL01-CE";"UOP02-DEL01-CE"
253779;2019-12-04;"quarta-feira";"19:45:00";"RS";116;224;"DOIS IRMAOS";"Restrição de Visibilidade";"Colisão com objeto estático";"Com Vítimas Feridas";"Plena Noite";"Decrescente";"Chuva";"Simples";"Reta";"Sim";2;0;2;0;0;0;2;1;-29,58753676;-51,10435367;"SPRF-RS";"DEL01-RS";"UOP02-DEL01-RS"
253780;2019-12-04;"quarta-feira";"19:30:00";"RJ";101;317;"SAO GONCALO";"Falta de Atenção à Condução";"Colisão lateral";"Com Vítimas Feridas";"Plena Noite";"Decrescente";"Céu Claro";"Dupla";"Reta";"Sim";2;0;1;0;1;0;1;2;-22,83707798;-43,09492006;"SPRF-RJ";"DEL02-RJ";"UOP02-DEL02-RJ"
253781;2019-12-04;"quarta-feira";"19:55:00";"RJ";116;184;"NOVA IGUACU";"Defeito Mecânico no Veículo";"Incêndio";"Sem Vítimas";"Plena Noite";"Decrescente";"Nublado";"Dupla";"Reta";"Sim";1;0;0;0;1;0;0;1;-22,74647215;-43,44594311;"SPRF-RJ";"DEL01-RJ";"UOP02-DEL01-RJ"
253782;2019-12-04;"quarta-feira";"20:20:00";"GO";153;440;"ANAPOLIS";"Falta de Atenção à Condução";"Colisão traseira";"Com Vítimas Feridas";"Plena Noite";"Crescente";"Chuva";"Dupla";"Aclive";"Sim";2;0;1;0;0;1;1;2;-16,306765;-48,923847;"SPRF-GO";"DEL02-GO";"UOP01-DEL02-GO"
253783;2019-12-04;"quarta-feira";"19:00:00";"RO";364;700;"PORTO VELHO";"Animais na Pista";"Atropelamento de Animal";"Com Vítimas Feridas";"Anoitecer";"Crescente";"Céu Claro";"Dupla";"Reta";"Não";1;0;1;0;0;0;1;1;-8,80049426;-63,76902;"SPRF-RO";"DEL01-RO";"UOP01-DEL01-RO"
253785;2019-12-04;"quarta-feira";"20:50:00";"PE";101;45;"IGARASSU";"Não guardar distância de segurança";"Colisão traseira";"Com Vítimas Feridas";"Plena Noite";"Decrescente";"Céu Claro";"Múltipla";"Reta";"Sim";3;0;1;1;1;0;2;2;-7,86521297;-34,90715176;"SPRF-PE";"DEL01-PE";"UOP02-DEL01-PE"
253786;2019-12-04;"quarta-feira";"20:15:00";"RS";153;29,5;"TRES ARROIOS";"Velocidade Incompatível";"Capotamento";"Sem Vítimas";"Plena Noite";"Decrescente";"Chuva";"Simples";"Curva";"Não";1;0;0;0;1;0;0;1;-27,51888018;-52,14835565;"SPRF-RS";"DEL08-RS";"UOP04-DEL08-RS"
253788;2019-12-04;"quarta-feira";"18:40:00";"RO";364;343;"JI-PARANA";"Desobediência às normas de trânsito pelo condutor";"Colisão traseira";"Com Vítimas Feridas";"Plena Noite";"Crescente";"Céu Claro";"Múltipla";"Reta";"Sim";8;0;1;0;7;0;1;2;-10,87878519;-61,94499012;"SPRF-RO";"DEL02-RO";"UOP01-DEL02-RO"
253790;2019-12-04;"quarta-feira";"20:45:00";"PR";369;175;"ROLANDIA";"Falta de Atenção à Condução";"Colisão traseira";"Com Vítimas Feridas";"Plena Noite";"Decrescente";"Céu Claro";"Dupla";"Reta";"Não";3;0;1;1;1;0;2;2;-23,327;-51,386;"SPRF-PR";"DEL07-PR";"UOP01-DEL07-PR"
253796;2019-12-04;"quarta-feira";"22:10:00";"CE";116;1;"FORTALEZA";"Ingestão de Álcool";"Atropelamento de Pedestre";"Com Vítimas Feridas";"Pleno dia";"Decrescente";"Céu Claro";"Dupla";"Reta";"Sim";2;0;0;1;1;0;1;2;-3,76159894;-38,51900662;"SPRF-CE";"DEL01-CE";"UOP02-DEL01-CE"
253797;2019-12-04;"quarta-feira";"22:00:00";"PR";277;233,8;"FERNANDES PINHEIRO";"Desobediência às normas de trânsito pelo condutor";"Colisão frontal";"Sem Vítimas";"Plena Noite";"Decrescente";"Céu Claro";"Simples";"Aclive";"Não";2;0;0;0;2;0;0;2;-25,46466968;-50,57377165;"SPRF-PR";"DEL03-PR";"UOP02-DEL08-PR"
253798;2019-12-04;"quarta-feira";"19:00:00";"MS";262;79,8;"TRES LAGOAS";"Animais na Pista";"Atropelamento de Animal";"Com Vítimas Feridas";"Plena Noite";"Decrescente";"Céu Claro";"Simples";"Declive";"Não";1;0;1;0;0;0;1;1;-20,64508081;-52,31294792;"SPRF-MS";"DEL07-MS";"UOP02-DEL07-MS"
253799;2019-12-04;"quarta-feira";"22:00:00";"RS";392;86,5;"PELOTAS";"Falta de Atenção à Condução";"Saída de leito carroçável";"Com Vítimas Feridas";"Plena Noite";"Crescente";"Nublado";"Simples";"Reta;Declive";"Não";1;0;1;0;0;0;1;1;-31,63498808;-52,4937591;"SPRF-RS";"DEL07-RS";"UOP01-DEL07-RS"
253800;2019-12-04;"quarta-feira";"21:50:00";"PR";376;592;"CURITIBA";"Agressão Externa";"Colisão lateral";"Com Vítimas Feridas";"Plena Noite";"Decrescente";"Ignorado";"Dupla";"Reta";"Sim";1;0;1;0;0;0;1;1;-25,46833525;-49,35524543;"SPRF-PR";"DEL01-PR";"UOP06-DEL01-PR"
253802;2019-12-04;"quarta-feira";"22:30:00";"MG";40;545;"NOVA LIMA";"Sinalização da via insuficiente ou inadequada";"Colisão lateral";"Com Vítimas Feridas";"Plena Noite";"Crescente";"Chuva";"Dupla";"Reta";"Sim";2;0;2;0;0;0;2;1;-20,00670404;-43,96418668;"SPRF-MG";"DEL01-MG";"UOP02-DEL01-MG"
253804;2019-11-18;"segunda-feira";"11:30:00";"PR";476;132,2;"CURITIBA";"Falta de Atenção à Condução";"Colisão lateral";"Com Vítimas Feridas";"Pleno dia";"Crescente";"Ignorado";"Múltipla";"Reta";"Sim";2;0;1;0;0;1;1;2;-25,460718;-49,250488;"SPRF-PR";"DEL01-PR";"UOP03-DEL01-PR"
253806;2019-12-04;"quarta-feira";"20:40:00";"PR";153;109;"IBAITI";"Desobediência às normas de trânsito pelo condutor";"Colisão transversal";"Com Vítimas Feridas";"Plena Noite";"Crescente";"Céu Claro";"Simples";"Interseção de Vias";"Sim";2;0;1;0;1;0;1;2;-23,84682092;-50,19305065;"SPRF-PR";"DEL07-PR";"UOP04-DEL07-PR"
253808;2019-12-04;"quarta-feira";"22:10:00";"MS";158;233,3;"TRES LAGOAS";"Animais na Pista";"Atropelamento de Animal";"Com Vítimas Feridas";"Plena Noite";"Crescente";"Nublado";"Simples";"Reta";"Não";1;0;1;0;0;0;1;1;-20,60182192;-51,63732803;"SPRF-MS";"DEL07-MS";"UOP01-DEL07-MS"
253814;2019-12-05;"quinta-feira";"00:05:00";"ES";101;144,9;"LINHARES";"Não guardar distância de segurança";"Colisão traseira";"Com Vítimas Feridas";"Plena Noite";"Decrescente";"Chuva";"Múltipla";"Reta";"Sim";3;0;1;2;0;0;3;2;-19,35188295;-40,0636685;"SPRF-ES";"DEL04-ES";"UOP01-DEL04-ES"
253815;2019-12-05;"quinta-feira";"00:48:00";"PR";369;148;"LONDRINA";"Desobediência às normas de trânsito pelo condutor";"Colisão lateral";"Com Vítimas Feridas";"Plena Noite";"Crescente";"Céu Claro";"Dupla";"Interseção de Vias";"Sim";2;0;1;0;1;0;1;2;-23,29292501;-51,14306331;"SPRF-PR";"DEL07-PR";"UOP01-DEL07-PR"
253816;2019-12-05;"quinta-feira";"01:00:00";"MG";381;499;"BETIM";"Velocidade Incompatível";"Saída de leito carroçável";"Com Vítimas Feridas";"Plena Noite";"Crescente";"Chuva";"Múltipla";"Interseção de Vias";"Sim";2;0;2;0;0;0;2;1;-19,98948158;-44,20555115;"SPRF-MG";"DEL01-MG";"UOP03-DEL01-MG"
253820;2019-12-05;"quinta-feira";"02:50:00";"ES";262;4,5;"CARIACICA";"Falta de Atenção à Condução";"Colisão transversal";"Com Vítimas Feridas";"Plena Noite";"Crescente";"Chuva";"Dupla";"Interseção de Vias";"Sim";3;0;1;2;0;0;3;2;-20,33609327;-40,37812784;"SPRF-ES";"DEL01-ES";"UOP01-DEL01-ES"
253824;2019-12-05;"quinta-feira";"04:30:00";"PB";230;15,2;"JOAO PESSOA";"Velocidade Incompatível";"Colisão com objeto estático";"Com Vítimas Fatais";"Amanhecer";"Decrescente";"Nublado";"Dupla";"Curva";"Sim";1;1;0;0;0;0;0;1;-7,101851;-34,847647;"SPRF-PB";"DEL01-PB";"UOP01-DEL01-PB"
253825;2019-12-05;"quinta-feira";"03:30:00";"RO";364;707;"PORTO VELHO";"Falta de Atenção à Condução";"Colisão com objeto estático";"Com Vítimas Feridas";"Plena Noite";"Crescente";"Nublado";"Múltipla";"Reta";"Não";1;0;1;0;0;0;1;1;-8,80037213;-63,83262707;"SPRF-RO";"DEL01-RO";"UOP01-DEL01-RO"
253829;2019-12-05;"quinta-feira";"04:50:00";"MT";163;924;"ITAUBA";"Ingestão de álcool e/ou substâncias psicoativas pelo pedestre";"Saída de leito carroçável";"Com Vítimas Feridas";"Plena Noite";"Crescente";"Nublado";"Simples";"Reta";"Não";1;0;1;0;0;0;1;1;-11,19868697;-55,30697185;"SPRF-MT";"DEL06-MT";"UOP02-DEL06-MT"
253833;2019-12-05;"quinta-feira";"06:20:00";"DF";40;3,3;"BRASILIA";"Falta de Atenção à Condução";"Tombamento";"Com Vítimas Feridas";"Amanhecer";"Decrescente";"Nublado";"Dupla";"Reta";"Sim";1;0;0;1;0;0;1;1;-16,003145;-47,983944;"SPRF-DF";"DEL01-DF";"UOP01-DEL01-DF"
253834;2019-12-05;"quinta-feira";"06:15:00";"RS";116;45,5;"VACARIA";"Pista Escorregadia";"Saída de leito carroçável";"Sem Vítimas";"Amanhecer";"Crescente";"Chuva";"Simples";"Curva;Declive";"Não";2;0;0;0;1;1;0;2;-28,54710586;-50,97549817;"SPRF-RS";"DEL05-RS";"UOP03-DEL05-RS"
253838;2019-12-05;"quinta-feira";"05:50:00";"MS";163;680;"RIO VERDE DE MATO GROSSO";"Falta de Atenção à Condução";"Colisão transversal";"Com Vítimas Feridas";"Pleno dia";"Crescente";"Nublado";"Simples";"Interseção de Vias";"Sim";2;0;0;1;1;0;1;2;-18,92417173;-54,83538529;"SPRF-MS";"DEL06-MS";"UOP02-DEL06-MS"
253839;2019-12-05;"quinta-feira";"00:40:00";"MG";40;508;"RIBEIRAO DAS NEVES";"Falta de Atenção à Condução";"Saída de leito carroçável";"Sem Vítimas";"Plena Noite";"Crescente";"Chuva";"Dupla";"Reta";"Não";1;0;0;0;0;1;0;1;-19,76061249;-44,1347544;"SPRF-MG";"DEL02-MG";"UOP01-DEL02-MG"
253841;2019-12-05;"quinta-feira";"07:00:00";"BA";324;621;"SALVADOR";"Não guardar distância de segurança";"Colisão traseira";"Com Vítimas Feridas";"Pleno dia";"Crescente";"Sol";"Dupla";"Reta";"Não";3;0;0;1;2;0;1;3;-12,91233708;-38,45956983;"SPRF-BA";"DEL01-BA";"UOP01-DEL01-BA"
253842;2019-12-05;"quinta-feira";"07:15:00";"ES";101;270;"SERRA";"Falta de Atenção à Condução";"Colisão transversal";"Com Vítimas Feridas";"Pleno dia";"Decrescente";"Nublado";"Múltipla";"Reta";"Sim";2;0;1;0;1;0;1;2;-20,22662056;-40,27075088;"SPRF-ES";"DEL02-ES";"UOP01-DEL02-ES"
253844;2019-12-05;"quinta-feira";"06:59:00";"SC";101;209;"SAO JOSE";"Não guardar distância de segurança";"Queda de ocupante de veículo";"Com Vítimas Feridas";"Pleno dia";"Decrescente";"Céu Claro";"Múltipla";"Reta";"Sim";1;0;1;0;0;0;1;1;-27,61000542;-48,63895057;"SPRF-SC";"DEL01-SC";"UOP01-DEL01-SC"
253845;2019-12-05;"quinta-feira";"07:40:00";"RN";101;109;"PARNAMIRIM";"Falta de Atenção à Condução";"Colisão traseira";"Com Vítimas Feridas";"Pleno dia";"Decrescente";"Sol";"Dupla";"Reta";"Sim";2;0;1;0;1;0;1;2;-5,937378;-35,26483;"SPRF-RN";"DEL01-RN";"UOP01-DEL01-RN"
253849;2019-12-05;"quinta-feira";"07:05:00";"MG";116;520,9;"CARATINGA";"Desobediência às normas de trânsito pelo condutor";"Colisão lateral";"Com Vítimas Feridas";"Pleno dia";"Decrescente";"Nublado";"Simples";"Reta";"Não";2;0;1;0;1;0;1;2;-19,72594839;-42,13212852;"SPRF-MG";"DEL06-MG";"UOP02-DEL06-MG"
253850;2019-12-05;"quinta-feira";"07:40:00";"PR";277;723;"FOZ DO IGUACU";"Ingestão de Álcool";"Engavetamento";"Sem Vítimas";"Pleno dia";"Decrescente";"Chuva";"Dupla";"Reta";"Sim";3;0;0;0;3;0;0;3;-25,49878215;-54,52985294;"SPRF-PR";"DEL05-PR";"UOP01-DEL05-PR"
253852;2019-12-05;"quinta-feira";"07:55:00";"MG";381;486,5;"BETIM";"Falta de Atenção à Condução";"Colisão traseira";"Com Vítimas Feridas";"Pleno dia";"Decrescente";"Nublado";"Simples";"Interseção de Vias";"Sim";2;0;1;0;1;0;1;2;-19,95644414;-44,13611598;"SPRF-MG";"DEL01-MG";"UOP03-DEL01-MG"
253853;2019-12-05;"quinta-feira";"07:50:00";"SP";116;145;"SAO JOSE DOS CAMPOS";"Falta de Atenção à Condução";"Colisão lateral";"Com Vítimas Feridas";"Pleno dia";"Crescente";"Céu Claro";"Dupla";"Declive";"Sim";2;0;1;0;1;0;1;2;-23,1869844;-45,8548078;"SPRF-SP";"DEL02-SP";"UOP01-DEL02-SP"
253855;2019-12-05;"quinta-feira";"08:20:00";"DF";40;2,5;"BRASILIA";"Falta de Atenção à Condução";"Queda de ocupante de veículo";"Com Vítimas Feridas";"Pleno dia";"Decrescente";"Céu Claro";"Dupla";"Reta";"Sim";2;0;1;0;1;0;1;1;-15,99435;-47,985947;"SPRF-DF";"DEL01-DF";"UOP01-DEL01-DF"
253857;2019-11-06;"quarta-feira";"20:30:00";"MG";116;789,8;"ALEM PARAIBA";"Velocidade Incompatível";"Saída de leito carroçável";"Com Vítimas Feridas";"Plena Noite";"Crescente";"Chuva";"Simples";"Curva";"Não";2;0;2;0;0;0;2;1;-21,67182626;-42,73275554;"SPRF-MG";"DEL07-MG";"UOP01-DEL07-MG"
253858;2019-12-05;"quinta-feira";"08:37:00";"BA";324;621;"SALVADOR";"Não guardar distância de segurança";"Colisão traseira";"Com Vítimas Feridas";"Pleno dia";"Crescente";"Céu Claro";"Dupla";"Reta";"Sim";2;0;1;0;1;0;1;2;-12,91233708;-38,45956983;"SPRF-BA";"DEL01-BA";"UOP01-DEL01-BA"
253860;2019-12-05;"quinta-feira";"07:50:00";"MG";40;520;"CONTAGEM";"Desobediência às normas de trânsito pelo condutor";"Colisão transversal";"Com Vítimas Feridas";"Pleno dia";"Crescente";"Nublado";"Dupla";"Reta";"Não";3;0;1;0;2;0;1;2;-19,84761911;-44,07276144;"SPRF-MG";"DEL01-MG";"UOP02-DEL01-MG"
253861;2019-12-05;"quinta-feira";"08:30:00";"PI";343;1,4;"TERESINA";"Falta de Atenção à Condução";"Colisão traseira";"Com Vítimas Feridas";"Pleno dia";"Crescente";"Céu Claro";"Dupla";"Reta";"Sim";2;0;1;0;1;0;1;2;-5,089569;-42,802288;"SPRF-PI";"DEL01-PI";"UOP01-DEL01-PI"
253862;2019-12-05;"quinta-feira";"07:28:00";"RO";364;343;"JI-PARANA";"Falta de Atenção à Condução";"Colisão traseira";"Com Vítimas Feridas";"Pleno dia";"Crescente";"Céu Claro";"Dupla";"Reta";"Sim";2;0;0;1;1;0;1;2;-10,87878519;-61,94499012;"SPRF-RO";"DEL02-RO";"UOP01-DEL02-RO"
253863;2019-12-05;"quinta-feira";"07:25:00";"GO";60;388;"RIO VERDE";"Falta de Atenção à Condução";"Queda de ocupante de veículo";"Com Vítimas Feridas";"Pleno dia";"Crescente";"Céu Claro";"Dupla";"Reta";"Sim";1;0;1;0;0;0;1;1;-17,8151;-50,9343;"SPRF-GO";"DEL04-GO";"UOP01-DEL04-GO"
253864;2019-12-05;"quinta-feira";"06:00:00";"AP";210;0,5;"MACAPA";"Velocidade Incompatível";"Saída de leito carroçável";"Sem Vítimas";"Pleno dia";"Decrescente";"Céu Claro";"Múltipla";"Reta";"Sim";3;0;0;0;3;0;0;1;0,07780012;-51,06097;"SPRF-AP";"DEL01-AP";"UOP01-DEL01-AP"
253865;2019-12-05;"quinta-feira";"08:25:00";"PB";230;27;"JOAO PESSOA";"Não guardar distância de segurança";"Colisão traseira";"Com Vítimas Feridas";"Pleno dia";"Decrescente";"Sol";"Dupla";"Aclive;Reta";"Sim";1;0;1;0;0;0;1;1;-7,1677;-34,8855;"SPRF-PB";"DEL01-PB";"UOP01-DEL01-PB"
253867;2019-12-05;"quinta-feira";"08:45:00";"PR";277;7,6;"PARANAGUA";"Falta de Atenção à Condução";"Colisão transversal";"Com Vítimas Feridas";"Pleno dia";"Crescente";"Chuva";"Dupla";"Reta";"Não";2;0;1;0;1;0;1;2;-25,5205;-48,5095;"SPRF-PR";"DEL01-PR";"UOP05-DEL01-PR"
253868;2019-12-05;"quinta-feira";"08:30:00";"RN";101;85;"SAO GONCALO DO AMARANTE";"Falta de Atenção à Condução";"Colisão lateral";"Com Vítimas Feridas";"Pleno dia";"Crescente";"Céu Claro";"Dupla";"Reta";"Sim";2;0;1;0;1;0;1;2;-5,777664;-35,24937;"SPRF-RN";"DEL02-RN";"UOP01-DEL02-RN"
253870;2019-11-29;"sexta-feira";"11:45:00";"PR";277;539,1;"IBEMA";"Restrição de Visibilidade";"Colisão lateral";"Com Vítimas Feridas";"Pleno dia";"Crescente";"Céu Claro";"Simples";"Reta";"Não";3;0;2;0;1;0;2;2;-25,10568241;-53,02473905;"SPRF-PR";"DEL04-PR";"UOP04-DEL04-PR"
253873;2019-12-05;"quinta-feira";"09:35:00";"DF";40;4,3;"BRASILIA";"Falta de Atenção do Pedestre";"Atropelamento de Pedestre";"Com Vítimas Feridas";"Pleno dia";"Decrescente";"Sol";"Dupla";"Reta";"Sim";4;0;1;1;0;2;2;2;-16,01476603;-47,98159014;"SPRF-DF";"DEL01-DF";"UOP01-DEL01-DF"
253874;2019-11-15;"sexta-feira";"10:50:00";"SE";101;92,1;"NOSSA SENHORA DO SOCORRO";"Falta de Atenção à Condução";"Colisão traseira";"Com Vítimas Feridas";"Pleno dia";"Decrescente";"Céu Claro";"Dupla";"Reta";"Sim";2;0;1;0;1;0;1;2;-10,907648;-37,072896;"SPRF-SE";"DEL01-SE";"UOP01-DEL01-SE"
253875;2019-11-27;"quarta-feira";"09:55:00";"SC";101;123,6;"ITAJAI";"Defeito na Via";"Incêndio";"Sem Vítimas";"Pleno dia";"Decrescente";"Nublado";"Dupla";"Reta";"Não";1;0;0;0;1;0;0;1;-26,93668609;-48,69876905;"SPRF-SC";"DEL04-SC";"UOP04-DEL04-SC"
253876;2019-12-05;"quinta-feira";"10:10:00";"ES";101;260,8;"SERRA";"Desobediência às normas de trânsito pelo condutor";"Colisão traseira";"Com Vítimas Feridas";"Pleno dia";"Crescente";"Céu Claro";"Dupla";"Curva";"Não";2;0;0;1;1;0;1;2;-20,138397;-40,292213;"SPRF-ES";"DEL02-ES";"UOP01-DEL02-ES"
253878;2019-12-05;"quinta-feira";"07:00:00";"PR";487;130;"TUNEIRAS DO OESTE";"Pista Escorregadia";"Saída de leito carroçável";"Com Vítimas Feridas";"Pleno dia";"Crescente";"Chuva";"Simples";"Curva";"Não";2;0;0;1;1;0;1;1;-23,8830731;-52,83222936;"SPRF-PR";"DEL04-PR";"UOP03-DEL09-PR"
253879;2019-12-05;"quinta-feira";"10:20:00";"DF";20;12;"BRASILIA";"Falta de Atenção à Condução";"Colisão com objeto estático";"Com Vítimas Feridas";"Pleno dia";"Crescente";"Sol";"Dupla";"Retorno Regulamentado";"Sim";1;0;1;0;0;0;1;1;-15,642812;-47,757786;"SPRF-DF";"DEL02-DF";"UOP01-DEL02-DF"
253881;2019-11-27;"quarta-feira";"18:00:00";"SC";280;31,5;"ARAQUARI";"Desobediência às normas de trânsito pelo condutor";"Colisão transversal";"Com Vítimas Feridas";"Pleno dia";"Decrescente";"Nublado";"Simples";"Rotatória";"Sim";3;0;2;0;1;0;2;2;-26,41842076;-48,7785244;"SPRF-SC";"DEL03-SC";"UOP03-DEL03-SC"
253883;2019-12-05;"quinta-feira";"10:45:00";"PE";101;67,1;"RECIFE";"Defeito na Via";"Tombamento";"Com Vítimas Feridas";"Pleno dia";"Decrescente";"Sol";"Múltipla";"Reta";"Sim";2;0;1;0;1;0;1;2;-8,042334;-34,943096;"SPRF-PE";"DEL01-PE";"UOP01-DEL01-PE"
253885;2019-12-05;"quinta-feira";"11:10:00";"RS";293;1,1;"PELOTAS";"Falta de Atenção à Condução";"Colisão transversal";"Com Vítimas Feridas";"Pleno dia";"Crescente";"Céu Claro";"Simples";"Reta";"Não";2;0;1;0;1;0;1;2;-31,760326;-52,356205;"SPRF-RS";"DEL07-RS";"UOP01-DEL07-RS"
253886;2019-11-06;"quarta-feira";"00:10:00";"PR";277;471,8;"NOVA LARANJEIRAS";"Falta de Atenção do Pedestre";"Atropelamento de Pedestre";"Com Vítimas Fatais";"Plena Noite";"Decrescente";"Nublado";"Simples";"Reta";"Sim";2;1;0;0;1;0;0;2;-25,30760417;-52,53777537;"SPRF-PR";"DEL04-PR";"UOP02-DEL04-PR"
253887;2019-09-12;"quinta-feira";"13:05:00";"SC";101;71,1;"ARAQUARI";"Falta de Atenção à Condução";"Colisão traseira";"Sem Vítimas";"Pleno dia";"Crescente";"Céu Claro";"Dupla";"Viaduto";"Não";4;0;0;0;4;0;0;4;-26,51864822;-48,71874636;"SPRF-SC";"DEL03-SC";"UOP02-DEL03-SC"
253888;2019-11-29;"sexta-feira";"19:25:00";"MG";381;159;"GOVERNADOR VALADARES";"Falta de Atenção à Condução";"Colisão traseira";"Com Vítimas Feridas";"Pleno dia";"Crescente";"Céu Claro";"Simples";"Curva";"Sim";3;0;2;0;1;0;2;2;-18,90327004;-42,00340423;"SPRF-MG";"DEL06-MG";"UOP01-DEL06-MG"