"id";"data_inversa";"dia_semana";"horario";"uf";"br";"km";"municipio";"causa_acidente";"tipo_acidente";"classificacao_acidente";"fase_dia";"sentido_via";"condicao_metereologica";"tipo_pista";"tracado_via";"uso_solo";"pessoas";"mortos";"feridos_leves";"feridos_graves";"ilesos";"ignorados";"feridos";"veiculos";"latitude";"longitude";"regional";"delegacia";"uop"
253894;2019-12-05;"quinta-feira";"10:45:00";"RJ";40;118;"DUQUE DE CAXIAS";"Falta de Atenção à Condução";"Colisão lateral";"Com Vítimas Feridas";"Pleno dia";"Decrescente";"Nublado";"Múltipla";"Reta";"Sim";2;0;1;0;1;0;1;2;-22,75470802;-43,28737838;"SPRF-RJ";"DEL01-RJ";"UOP01-DEL01-RJ"
253896;2019-12-05;"quinta-feira";"11:40:00";"PE";428;186,8;"PETROLINA";"Desobediência às normas de trânsito pelo condutor";"Colisão lateral";"Com Vítimas Feridas";"Pleno dia";"Crescente";"Céu Claro";"Simples";"Reta";"Sim";3;0;2;0;1;0;2;2;-9,37071758;-40,48595689;"SPRF-PE";"DEL06-PE";"UOP01-DEL06-PE"
253897;2019-12-05;"quinta-feira";"11:30:00";"SP";116;227;"GUARULHOS";"Falta de Atenção à Condução";"Colisão traseira";"Com Vítimas Feridas";"Pleno dia";"Decrescente";"Nublado";"Múltipla";"Reta";"Não";2;0;1;0;0;1;1;2;-23,49659264;-46,55648754;"SPRF-SP";"DEL01-SP";"UOP01-DEL01-SP"
253901;2019-12-05;"quinta-feira";"11:50:00";"PR";116;44;"CAMPINA GRANDE DO SUL";"Pista Escorregadia";"Capotamento";"Com Vítimas Feridas";"Pleno dia";"Crescente";"Chuva";"Dupla";"Declive;Curva";"Não";4;0;2;0;2;0;2;1;-25,1882321;-48,88492529;"SPRF-PR";"DEL01-PR";"UOP02-DEL01-PR"
253902;2019-12-05;"quinta-feira";"12:00:00";"SP";116;503;"CAJATI";"Velocidade Incompatível";"Capotamento";"Com Vítimas Feridas";"Pleno dia";"Crescente";"Nublado";"Simples";"Curva";"Não";2;0;1;0;1;0;1;1;-24,77541893;-48,20947907;"SPRF-SP";"DEL05-SP";"UAP01-DEL05-SP"
253903;2019-12-05;"quinta-feira";"11:30:00";"PE";428;186,1;"PETROLINA";"Não guardar distância de segurança";"Engavetamento";"Com Vítimas Feridas";"Pleno dia";"Crescente";"Sol";"Simples";"Reta";"Sim";3;0;1;0;2;0;1;3;-9,3611672;-40,48118591;"SPRF-PE";"DEL06-PE";"UOP01-DEL06-PE"
253909;2019-12-05;"quinta-feira";"11:30:00";"PE";116;35;"SALGUEIRO";"Defeito Mecânico no Veículo";"Incêndio";"Sem Vítimas";"Pleno dia";"Crescente";"Céu Claro";"Simples";"Reta";"Não";1;0;0;0;1;0;0;1;-8,144699;-39,111214;"SPRF-PE";"DEL05-PE";"UOP01-DEL05-PE"
253911;2019-12-05;"quinta-feira";"09:30:00";"GO";153;263;"NOVA GLORIA";"Falta de Atenção à Condução";"Colisão transversal";"Sem Vítimas";"Pleno dia";"Decrescente";"Céu Claro";"Simples";"Reta";"Não";3;0;0;0;3;0;0;3;-15,01614;-49,421726;"SPRF-GO";"DEL07-GO";"UOP01-DEL07-GO"
253912;2019-06-12;"quarta-feira";"19:50:00";"RO";364;691,9;"PORTO VELHO";"Animais na Pista";"Atropelamento de Animal";"Sem Vítimas";"Plena Noite";"Crescente";"Céu Claro";"Dupla";"Reta";"Sim";2;0;0;0;2;0;0;1;-8,7961943;-63,68738597;"SPRF-RO";"DEL01-RO";"UOP01-DEL01-RO"
253913;2019-12-05;"quinta-feira";"13:00:00";"SC";101;225;"PALHOCA";"Pista Escorregadia";"Tombamento";"Com Vítimas Feridas";"Pleno dia";"Decrescente";"Nublado";"Dupla";"Declive";"Não";1;0;1;0;0;0;1;1;-27,73292191;-48,6409567;"SPRF-SC";"DEL01-SC";"UOP02-DEL01-SC"
253914;2019-12-05;"quinta-feira";"11:55:00";"SC";282;624,2;"IRACEMINHA";"Falta de Atenção à Condução";"Colisão transversal";"Sem Vítimas";"Pleno dia";"Decrescente";"Chuva";"Simples";"Reta";"Não";2;0;0;0;2;0;0;2;-26,798008;-53,34169;"SPRF-SC";"DEL07-SC";"UOP02-DEL07-SC"
253915;2019-12-05;"quinta-feira";"12:40:00";"RN";101;98,1;"NATAL";"Falta de Atenção à Condução";"Colisão lateral";"Sem Vítimas";"Pleno dia";"Decrescente";"Céu Claro";"Dupla";"Reta";"Sim";2;0;0;0;1;1;0;2;-5,86567888;-35,21651625;"SPRF-RN";"DEL01-RN";"UOP01-DEL01-RN"
253917;2019-11-20;"quarta-feira";"19:00:00";"MG";40;681;"RESSAQUINHA";"Falta de Atenção à Condução";"Colisão transversal";"Com Vítimas Feridas";"Plena Noite";"Decrescente";"Chuva";"Simples";"Reta";"Sim";2;0;0;1;1;0;1;2;-21,04143991;-43,76209691;"SPRF-MG";"DEL05-MG";"UOP02-DEL05-MG"
253918;2019-09-07;"sábado";"03:40:00";"BA";110;1;"PAULO AFONSO";"Ingestão de Álcool";"Colisão frontal";"Com Vítimas Feridas";"Plena Noite";"Crescente";"Céu Claro";"Simples";"Reta";"Não";2;0;1;0;1;0;1;2;-9,46296001;-38,20357992;"SPRF-BA";"DEL07-BA";"UOP01-DEL07-BA"
253919;2019-12-05;"quinta-feira";"13:32:00";"DF";20;46,4;"BRASILIA";"Avarias e/ou desgaste excessivo no pneu";"Colisão traseira";"Com Vítimas Feridas";"Pleno dia";"Crescente";"Chuva";"Dupla";"Curva;Declive";"Não";5;0;3;1;1;0;4;2;-15,58187854;-47,45469332;"SPRF-DF";"DEL02-DF";"UOP01-DEL02-DF"
253920;2019-12-05;"quinta-feira";"13:40:00";"MG";50;72;"UBERLANDIA";"Não guardar distância de segurança";"Colisão traseira";"Com Vítimas Feridas";"Pleno dia";"Decrescente";"Garoa/Chuvisco";"Dupla";"Reta";"Sim";4;0;1;0;3;0;1;4;-18,85140204;-48,25345932;"SPRF-MG";"DEL15-MG";"UOP01-DEL15-MG"
253923;2019-12-05;"quinta-feira";"13:20:00";"CE";116;528,9;"JATI";"Falta de Atenção à Condução";"Colisão transversal";"Com Vítimas Feridas";"Pleno dia";"Decrescente";"Céu Claro";"Simples";"Reta";"Sim";2;0;1;1;0;0;2;2;-7,68526719;-39,00804162;"SPRF-CE";"DEL05-CE";"UOP03-DEL05-CE"
253926;2019-12-05;"quinta-feira";"14:00:00";"RS";470;216,5;"BENTO GONCALVES";"Falta de Atenção à Condução";"Colisão transversal";"Com Vítimas Feridas";"Pleno dia";"Decrescente";"Céu Claro";"Simples";"Reta";"Sim";2;0;1;0;1;0;1;2;-29,15887096;-51,53142395;"SPRF-RS";"DEL06-RS";"UOP01-DEL06-RS"
253928;2019-12-05;"quinta-feira";"12:30:00";"PR";116;51;"CAMPINA GRANDE DO SUL";"Velocidade Incompatível";"Capotamento";"Com Vítimas Feridas";"Pleno dia";"Crescente";"Chuva";"Dupla";"Curva";"Não";3;0;1;1;1;0;2;1;-25,24249703;-48,90292205;"SPRF-PR";"DEL01-PR";"UOP02-DEL01-PR"
253929;2019-11-15;"sexta-feira";"19:15:00";"PR";376;173,7;"MARINGA";"Ingestão de Álcool";"Colisão traseira";"Com Vítimas Feridas";"Plena Noite";"Decrescente";"Céu Claro";"Dupla";"Reta";"Sim";3;0;0;1;1;1;1;3;-23,41883298;-51,96318626;"SPRF-PR";"DEL07-PR";"UOP01-DEL09-PR"
253931;2019-12-05;"quinta-feira";"15:07:00";"SC";470;69,6;"INDAIAL";"Desobediência às normas de trânsito pelo condutor";"Colisão transversal";"Com Vítimas Feridas";"Pleno dia";"Crescente";"Nublado";"Simples";"Reta;Declive";"Sim";2;0;0;1;1;0;1;2;-26,88510053;-49,2489624;"SPRF-SC";"DEL04-SC";"UOP01-DEL04-SC"
253934;2019-12-05;"quinta-feira";"14:30:00";"BA";324;621;"SALVADOR";"Não guardar distância de segurança";"Colisão lateral";"Sem Vítimas";"Pleno dia";"Crescente";"Céu Claro";"Dupla";"Reta";"Sim";4;0;0;0;4;0;0;4;-12,91233708;-38,45956983;"SPRF-BA";"DEL01-BA";"UOP01-DEL01-BA"
253936;2019-12-05;"quinta-feira";"12:15:00";"MA";10;256,7;"IMPERATRIZ";"Desobediência às normas de trânsito pelo condutor";"Colisão lateral";"Com Vítimas Feridas";"Pleno dia";"Decrescente";"Céu Claro";"Simples";"Reta";"Sim";2;0;1;0;1;0;1;2;-5,490634;-47,471973;"SPRF-MA";"DEL04-MA";"UOP01-DEL04-MA"
253937;2019-12-05;"quinta-feira";"16:00:00";"PR";376;232;"APUCARANA";"Falta de Atenção à Condução";"Saída de leito carroçável";"Com Vítimas Feridas";"Pleno dia";"Crescente";"Nublado";"Dupla";"Reta";"Não";2;0;2;0;0;0;2;1;-23,56902214;-51,5076828;"SPRF-PR";"DEL07-PR";"UOP03-DEL07-PR"
253938;2019-12-05;"quinta-feira";"16:10:00";"PR";277;95,3;"CURITIBA";"Falta de Atenção à Condução";"Colisão lateral";"Com Vítimas Feridas";"Pleno dia";"Crescente";"Nublado";"Dupla";"Reta";"Não";2;0;1;0;1;0;1;2;-25,54838443;-49,28586717;"SPRF-PR";"DEL01-PR";"UOP06-DEL01-PR"
253939;2019-12-05;"quinta-feira";"15:45:00";"GO";153;503;"GOIANIA";"Falta de Atenção à Condução";"Colisão lateral";"Com Vítimas Feridas";"Pleno dia";"Crescente";"Céu Claro";"Dupla";"Interseção de Vias";"Sim";2;0;0;1;1;0;1;2;-16,7366;-49,243;"SPRF-GO";"DEL01-GO";"UOP01-DEL01-GO"
253940;2019-12-05;"quinta-feira";"16:00:00";"SP";116;79;"ROSEIRA";"Não guardar distância de segurança";"Colisão traseira";"Com Vítimas Feridas";"Pleno dia";"Decrescente";"Chuva";"Dupla";"Reta";"Não";3;0;2;0;1;0;2;3;-22,89420903;-45,29471098;"SPRF-SP";"DEL06-SP";"UOP01-DEL06-SP"
253941;2019-12-05;"quinta-feira";"16:05:00";"RS";392;83,8;"PELOTAS";"Falta de Atenção à Condução";"Queda de ocupante de veículo";"Com Vítimas Feridas";"Pleno dia";"Crescente";"Sol";"Simples";"Reta";"Não";1;0;1;0;0;0;1;1;-31,65313133;-52,47118546;"SPRF-RS";"DEL07-RS";"UOP01-DEL07-RS"
253946;2019-12-05;"quinta-feira";"16:20:00";"RJ";40;4,2;"COMENDADOR LEVY GASPARIAN";"Pista Escorregadia";"Colisão com objeto estático";"Com Vítimas Feridas";"Pleno dia";"Crescente";"Chuva";"Dupla";"Curva";"Não";1;0;1;0;0;0;1;1;-22,01337537;-43,23594846;"SPRF-RJ";"DEL06-RJ";"UOP02-DEL05-RJ"
253947;2019-12-05;"quinta-feira";"16:40:00";"RN";226;114,4;"SANTA CRUZ";"Falta de Atenção à Condução";"Colisão transversal";"Com Vítimas Feridas";"Pleno dia";"Crescente";"Sol";"Simples";"Reta";"Não";6;0;4;0;2;0;4;2;-6,20524036;-36,0260342;"SPRF-RN";"DEL03-RN";"UOP02-DEL03-RN"
253948;2019-12-05;"quinta-feira";"15:45:00";"MG";116;410,3;"GOVERNADOR VALADARES";"Falta de Atenção à Condução";"Colisão traseira";"Sem Vítimas";"Pleno dia";"Decrescente";"Céu Claro";"Dupla";"Retorno Regulamentado";"Sim";2;0;0;0;2;0;0;2;-18,855625;-41,975623;"SPRF-MG";"DEL06-MG";"UOP01-DEL06-MG"
253949;2019-12-05;"quinta-feira";"17:16:00";"PE";232;24;"MORENO";"Defeito Mecânico no Veículo";"Incêndio";"Sem Vítimas";"Pleno dia";"Decrescente";"Sol";"Dupla";"Reta";"Não";1;0;0;0;1;0;0;1;-8,10482918;-35,10351264;"SPRF-PE";"DEL01-PE";"UOP02-DEL02PE"
253950;2019-12-05;"quinta-feira";"17:00:00";"RS";290;718;"URUGUAIANA";"Agressão Externa";"Saída de leito carroçável";"Com Vítimas Feridas";"Pleno dia";"Crescente";"Céu Claro";"Simples";"Reta";"Sim";4;0;4;0;0;0;4;1;-29,774612;-57,04377;"SPRF-RS";"DEL13-RS";"UOP01-DEL13-RS"
253952;2019-12-05;"quinta-feira";"17:15:00";"SC";163;107,2;"GUARUJA DO SUL";"Falta de Atenção do Pedestre";"Saída de leito carroçável";"Com Vítimas Feridas";"Pleno dia";"Crescente";"Céu Claro";"Simples";"Declive;Reta";"Não";2;0;2;0;0;0;2;1;-26,42169886;-53,52568081;"SPRF-SC";"DEL07-SC";"UOP04-DEL07-SC"
253953;2019-12-05;"quinta-feira";"17:10:00";"SC";470;48,7;"BLUMENAU";"Desobediência às normas de trânsito pelo condutor";"Colisão frontal";"Com Vítimas Feridas";"Pleno dia";"Crescente";"Céu Claro";"Simples";"Reta";"Não";2;0;1;0;1;0;1;2;-26,859823;-49,055393;"SPRF-SC";"DEL04-SC";"UOP01-DEL04-SC"
253957;2019-12-05;"quinta-feira";"17:20:00";"SC";101;436;"SOMBRIO";"Desobediência às normas de trânsito pelo condutor";"Colisão transversal";"Com Vítimas Feridas";"Pleno dia";"Crescente";"Nublado";"Simples";"Reta";"Sim";2;0;0;1;1;0;1;2;-29,10817487;-49,63739835;"SPRF-SC";"DEL02-SC";"UOP02-DEL02-SC"
253959;2019-12-05;"quinta-feira";"15:50:00";"PB";230;150,6;"CAMPINA GRANDE";"Desobediência às normas de trânsito pelo condutor";"Colisão transversal";"Com Vítimas Feridas";"Pleno dia";"Crescente";"Sol";"Múltipla";"Reta";"Sim";2;0;1;0;0;1;1;2;-7,259162;-35,878256;"SPRF-PB";"DEL02-PB";"UOP01-DEL02-PB"
253961;2019-12-05;"quinta-feira";"17:50:00";"PE";101;70,8;"RECIFE";"Falta de Atenção do Pedestre";"Atropelamento de Pedestre";"Com Vítimas Feridas";"Anoitecer";"Decrescente";"Céu Claro";"Dupla";"Reta";"Sim";2;0;1;0;0;1;1;2;-8,07512114;-34,93965626;"SPRF-PE";"DEL01-PE";"UOP01-DEL01-PE"
253962;2019-11-27;"quarta-feira";"22:00:00";"SC";101;105;"PENHA";"Falta de Atenção à Condução";"Capotamento";"Com Vítimas Feridas";"Plena Noite";"Crescente";"Chuva";"Dupla";"Curva";"Não";1;0;1;0;0;0;1;1;-26,80215497;-48,67891041;"SPRF-SC";"DEL03-SC";"UOP02-DEL03-SC"
253963;2019-12-05;"quinta-feira";"17:45:00";"RS";290;91;"PORTO ALEGRE";"Falta de Atenção à Condução";"Colisão lateral";"Com Vítimas Feridas";"Pleno dia";"Decrescente";"Céu Claro";"Dupla";"Reta";"Sim";1;0;1;0;0;0;1;1;-29,969055;-51,167439;"SPRF-RS";"DEL01-RS";"UOP01-DEL01-RS"
253966;2019-12-05;"quinta-feira";"17:50:00";"PR";376;533;"PALMEIRA";"Desobediência às normas de trânsito pelo condutor";"Saída de leito carroçável";"Com Vítimas Feridas";"Pleno dia";"Decrescente";"Chuva";"Dupla";"Reta";"Não";1;0;1;0;0;0;1;1;-25,36723068;-49,82264169;"SPRF-PR";"DEL01-PR";"UOP06-DEL01-PR"
253967;2019-10-21;"segunda-feira";"18:30:00";"ES";101;265;"SERRA";"Não guardar distância de segurança";"Colisão traseira";"Com Vítimas Feridas";"Anoitecer";"Decrescente";"Ignorado";"Múltipla";"Reta";"Sim";2;0;1;0;1;0;1;2;-20,21096929;-40,26968133;"SPRF-ES";"DEL02-ES";"UOP01-DEL02-ES"
253969;2019-11-03;"domingo";"19:15:00";"MG";459;84;"CONGONHAL";"Falta de Atenção à Condução";"Colisão transversal";"Com Vítimas Feridas";"Plena Noite";"Crescente";"Ignorado";"Simples";"Reta";"Não";2;0;1;0;1;0;1;2;-22,15243154;-46,04576111;"SPRF-MG";"DEL16-MG";"UOP01-DEL09-MG"
253973;2019-12-05;"quinta-feira";"17:45:00";"PR";277;76;"SAO JOSE DOS PINHAIS";"Falta de Atenção à Condução";"Engavetamento";"Sem Vítimas";"Pleno dia";"Crescente";"Garoa/Chuvisco";"Dupla";"Reta";"Sim";6;0;0;0;6;0;0;6;-25,51327981;-49,12433291;"SPRF-PR";"DEL01-PR";"UOP01-DEL01-PR"
253976;2019-12-05;"quinta-feira";"18:20:00";"CE";20;204,9;"BOA VIAGEM";"Animais na Pista";"Atropelamento de Animal";"Com Vítimas Feridas";"Plena Noite";"Decrescente";"Céu Claro";"Simples";"Reta";"Não";1;0;1;0;0;0;1;1;-5,116422;-39,726043;"SPRF-CE";"DEL02-CE";"UOP02-DEL02-CE"
253979;2019-12-05;"quinta-feira";"18:30:00";"RS";290;77;"GRAVATAI";"Defeito Mecânico no Veículo";"Incêndio";"Sem Vítimas";"Anoitecer";"Decrescente";"Céu Claro";"Dupla";"Reta";"Não";1;0;0;0;1;0;0;1;-29,955027;-51,027363;"SPRF-RS";"DEL01-RS";"UOP01-DEL01-RS"
253982;2019-12-05;"quinta-feira";"15:30:00";"SC";470;174,6;"POUSO REDONDO";"Falta de Atenção à Condução";"Colisão transversal";"Com Vítimas Feridas";"Pleno dia";"Decrescente";"Nublado";"Simples";"Reta";"Sim";2;0;0;1;1;0;1;2;-27,258179;-49,929146;"SPRF-SC";"DEL04-SC";"UOP02-DEL04-SC"
253983;2019-12-05;"quinta-feira";"18:50:00";"MS";262;424;"TERENOS";"Animais na Pista";"Atropelamento de Animal";"Com Vítimas Feridas";"Plena Noite";"Decrescente";"Nublado";"Simples";"Reta";"Não";1;0;1;0;0;0;1;1;-20,45785021;-55,23860114;"SPRF-MS";"DEL01-MS";"UOP03-DEL01-MS"
253984;2019-12-05;"quinta-feira";"19:15:00";"CE";222;220;"SOBRAL";"Ultrapassagem Indevida";"Colisão frontal";"Com Vítimas Feridas";"Plena Noite";"Decrescente";"Céu Claro";"Simples";"Reta";"Não";2;0;0;1;0;1;1;2;-3,73488299;-40,31795598;"SPRF-CE";"DEL04-CE";"UOP01-DEL04-CE"
253985;2019-12-05;"quinta-feira";"19:55:00";"DF";70;16,2;"BRASILIA";"Defeito Mecânico no Veículo";"Queda de ocupante de veículo";"Com Vítimas Feridas";"Plena Noite";"Crescente";"Garoa/Chuvisco";"Dupla";"Reta;Rotatória";"Não";2;0;2;0;0;0;2;1;-15,79584625;-48,19504738;"SPRF-DF";"DEL01-DF";"UOP02-DEL03-DF"
253989;2019-12-05;"quinta-feira";"20:10:00";"PE";101;56,9;"RECIFE";"Pista Escorregadia";"Queda de ocupante de veículo";"Com Vítimas Feridas";"Plena Noite";"Crescente";"Céu Claro";"Dupla";"Curva";"Não";1;0;1;0;0;0;1;1;-7,9554509;-34,91140727;"SPRF-PE";"DEL01-PE";"UOP02-DEL01-PE"
253990;2019-12-05;"quinta-feira";"18:26:00";"MS";163;500;"CAMPO GRANDE";"Falta de Atenção à Condução";"Colisão frontal";"Com Vítimas Feridas";"Plena Noite";"Crescente";"Céu Claro";"Simples";"Reta";"Não";3;0;1;0;2;0;1;2;-20,32607304;-54,51856683;"SPRF-MS";"DEL01-MS";"UOP02-DEL01-MS"
253991;2019-12-05;"quinta-feira";"19:30:00";"MG";153;1;"ARAPORA";"Desobediência às normas de trânsito pelo condutor";"Colisão traseira";"Com Vítimas Feridas";"Plena Noite";"Decrescente";"Chuva";"Dupla";"Reta;Retorno Regulamentado";"Sim";3;0;2;0;1;0;2;2;-18,42608911;-49,19359032;"SPRF-MG";"DEL15-MG";"UOP03-DEL15-MG"
253993;2019-12-05;"quinta-feira";"17:10:00";"SP";381;35,9;"ATIBAIA";"Pista Escorregadia";"Colisão traseira";"Sem Vítimas";"Pleno dia";"Decrescente";"Chuva";"Dupla";"Reta";"Não";2;0;0;0;1;1;0;2;-23,088586;-46,571798;"SPRF-SP";"DEL03-SP";"UOP02-DEL03-SP"
253994;2019-12-05;"quinta-feira";"20:30:00";"GO";20;30,7;"FORMOSA";"Ingestão de álcool e/ou substâncias psicoativas pelo pedestre";"Atropelamento de Pedestre";"Com Vítimas Feridas";"Plena Noite";"Crescente";"Nublado";"Dupla";"Reta";"Sim";2;0;1;0;1;0;1;2;-15,498156;-47,109814;"SPRF-DF";"DEL02-DF";"UOP01-DEL02-DF"
253995;2019-12-05;"quinta-feira";"17:45:00";"CE";222;314,4;"TIANGUA";"Falta de Atenção à Condução";"Colisão transversal";"Com Vítimas Feridas";"Plena Noite";"Crescente";"Céu Claro";"Simples";"Reta";"Sim";3;0;1;1;1;0;2;2;-3,73110045;-41,00095099;"SPRF-CE";"DEL04-CE";"UOP02-DEL04-CE"
253996;2019-12-05;"quinta-feira";"20:20:00";"SP";116;115;"TAUBATE";"Falta de Atenção à Condução";"Colisão com objeto estático";"Com Vítimas Feridas";"Plena Noite";"Decrescente";"Nublado";"Dupla";"Reta";"Não";1;0;1;0;0;0;1;1;-23,0496047;-45,59973712;"SPRF-SP";"DEL06-SP";"UOP02-DEL02-SP"
253997;2019-12-05;"quinta-feira";"19:40:00";"MG";381;898,6;"CAMBUI";"Ingestão de Substâncias Psicoativas";"Atropelamento de Pedestre";"Com Vítimas Feridas";"Plena Noite";"Decrescente";"Garoa/Chuvisco";"Dupla";"Reta";"Não";3;0;0;1;2;0;1;2;-22,64587158;-46,08720615;"SPRF-MG";"DEL16-MG";"UOP03-DEL16-MG"
254000;2019-12-05;"quinta-feira";"21:10:00";"TO";242;297;"PEIXE";"Falta de Atenção à Condução";"Colisão traseira";"Com Vítimas Feridas";"Plena Noite";"Crescente";"Céu Claro";"Simples";"Reta";"Não";2;0;1;0;1;0;1;2;-12,14867308;-48,53963173;"SPRF-TO";"DEL02-TO";"UOP02-DEL01-TO"
254001;2019-10-25;"sexta-feira";"14:00:00";"PE";101;101;"CABO DE SANTO AGOSTINHO";"Falta de Atenção à Condução";"Colisão transversal";"Com Vítimas Feridas";"Pleno dia";"Crescente";"Céu Claro";"Simples";"Reta";"Não";3;0;1;1;1;0;2;2;-8,2757433;-35,05378122;"SPRF-PE";"DEL01-PE";"UOP03-DEL01-PE"
254002;2019-12-05;"quinta-feira";"20:50:00";"RS";386;266;"FONTOURA XAVIER";"Ultrapassagem Indevida";"Saída de leito carroçável";"Com Vítimas Feridas";"Plena Noite";"Crescente";"Céu Claro";"Simples";"Reta";"Não";1;0;0;1;0;0;1;1;-28,936916;-52,376057;"SPRF-RS";"DEL04-RS";"UOP03-DEL04-RS"
254003;2019-12-05;"quinta-feira";"21:20:00";"RJ";393;280;"BARRA DO PIRAI";"Defeito na Via";"Queda de ocupante de veículo";"Com Vítimas Feridas";"Plena Noite";"Crescente";"Nublado";"Simples";"Reta";"Sim";1;0;1;0;0;0;1;1;-22,47750785;-44,01954402;"SPRF-RJ";"DEL05-RJ";"UOP04-DEL05-RJ"
254004;2019-12-05;"quinta-feira";"20:30:00";"RJ";465;4;"SEROPEDICA";"Ingestão de álcool e/ou substâncias psicoativas pelo pedestre";"Atropelamento de Pedestre";"Com Vítimas Feridas";"Plena Noite";"Crescente";"Ignorado";"Simples";"Reta";"Sim";2;0;1;0;1;0;1;2;-22,740971;-43,705597;"SPRF-RJ";"DEL01-RJ";"UOP03-DEL01-RJ"
254005;2019-11-09;"sábado";"15:45:00";"GO";70;473;"ARAGARCAS";"Falta de Atenção do Pedestre";"Atropelamento de Pedestre";"Com Vítimas Feridas";"Pleno dia";"Crescente";"Céu Claro";"Dupla";"Reta";"Sim";2;0;1;1;0;0;2;2;-15,89662163;-52,24822998;"SPRF-GO";"DEL04-GO";"UOP01-DEL04-GO"
254007;2019-12-05;"quinta-feira";"16:00:00";"GO";414;405,7;"ABADIANIA";"Defeito Mecânico no Veículo";"Incêndio";"Sem Vítimas";"Pleno dia";"Decrescente";"Nublado";"Simples";"Reta";"Não";1;0;0;0;0;1;0;1;-16,017412;-48,83738;"SPRF-GO";"DEL02-GO";"UOP01-DEL02-GO"
254008;2019-12-05;"quinta-feira";"20:00:00";"MA";10;259;"IMPERATRIZ";"Não guardar distância de segurança";"Colisão traseira";"Com Vítimas Feridas";"Plena Noite";"Crescente";"Céu Claro";"Simples";"Reta";"Não";2;0;1;0;1;0;1;2;-5,472474;-47,472221;"SPRF-MA";"DEL04-MA";"UOP01-DEL04-MA"
254009;2019-12-05;"quinta-feira";"22:10:00";"SC";470;41,6;"GASPAR";"Velocidade Incompatível";"Saída de leito carroçável";"Com Vítimas Feridas";"Plena Noite";"Crescente";"Nublado";"Simples";"Curva";"Não";1;0;1;0;0;0;1;1;-26,87491843;-49,0045166;"SPRF-SC";"DEL04-SC";"UOP01-DEL04-SC"
254010;2019-12-05;"quinta-feira";"14:45:00";"SC";282;390;"JOACABA";"Falta de Atenção à Condução";"Colisão transversal";"Sem Vítimas";"Pleno dia";"Crescente";"Céu Claro";"Simples";"Interseção de Vias";"Não";2;0;0;0;2;0;0;2;-27,175066;-51,550556;"SPRF-SC";"DEL07-SC";"UOP05-DEL07-SC"
254013;2019-12-05;"quinta-feira";"22:30:00";"SC";101;159;"PORTO BELO";"Avarias e/ou desgaste excessivo no pneu";"Queda de ocupante de veículo";"Com Vítimas Feridas";"Plena Noite";"Crescente";"Nublado";"Dupla";"Reta";"Não";1;0;1;0;0;0;1;1;-27,1998778;-48,61534236;"SPRF-SC";"DEL04-SC";"UOP03-DEL04-SC"
254015;2019-12-05;"quinta-feira";"22:15:00";"PR";369;174,8;"ROLANDIA";"Falta de Atenção à Condução";"Colisão traseira";"Com Vítimas Feridas";"Plena Noite";"Crescente";"Céu Claro";"Simples";"Reta";"Sim";4;0;2;0;2;0;2;2;-23,32421546;-51,38571739;"SPRF-PR";"DEL07-PR";"UOP01-DEL07-PR"
254016;2019-12-05;"quinta-feira";"22:00:00";"SP";116;338,5;"JUQUITIBA";"Falta de Atenção à Condução";"Saída de leito carroçável";"Sem Vítimas";"Plena Noite";"Decrescente";"Garoa/Chuvisco";"Dupla";"Curva";"Não";3;0;0;0;3;0;0;1;-23,990126;-47,147995;"SPRF-SP";"DEL04-SP";"UOP03-DEL04-SP"
254017;2019-12-05;"quinta-feira";"07:30:00";"MA";316;610,3;"TIMON";"Falta de Atenção à Condução";"Colisão traseira";"Sem Vítimas";"Pleno dia";"Decrescente";"Sol";"Simples";"Rotatória";"Sim";2;0;0;0;2;0;0;2;-5,069847;-42,876633;"SPRF-MA";"DEL03-MA";"UOP02-DEL03-MA"
254019;2019-12-05;"quinta-feira";"23:00:00";"SC";280;53,8;"GUARAMIRIM";"Falta de Atenção à Condução";"Tombamento";"Sem Vítimas";"Plena Noite";"Decrescente";"Céu Claro";"Simples";"Reta";"Não";1;0;0;0;1;0;0;1;-26,47236756;-48,97426617;"SPRF-SC";"DEL03-SC";"UOP03-DEL03-SC"
254021;2019-12-05;"quinta-feira";"21:40:00";"MS";163;11;"MUNDO NOVO";"Falta de Atenção à Condução";"Saída de leito carroçável";"Com Vítimas Feridas";"Plena Noite";"Decrescente";"Nublado";"Simples";"Reta";"Não";1;0;1;0;0;0;1;1;-23,96872579;-54,32871421;"SPRF-MS";"DEL09-MS";"UOP02-DEL09-MS"
254024;2019-12-05;"quinta-feira";"23:15:00";"SC";101;332;"TUBARAO";"Falta de Atenção à Condução";"Tombamento";"Com Vítimas Feridas";"Plena Noite";"Decrescente";"Céu Claro";"Dupla";"Reta";"Não";1;0;1;0;0;0;1;1;-28,46016431;-48,98968873;"SPRF-SC";"DEL02-SC";"UOP01-DEL02-SC"
254025;2019-12-05;"quinta-feira";"23:50:00";"MG";381;481,3;"CONTAGEM";"Velocidade Incompatível";"Colisão com objeto estático";"Com Vítimas Feridas";"Plena Noite";"Decrescente";"Chuva";"Dupla";"Reta";"Sim";1;0;1;0;0;0;1;1;-19,95915056;-44,06101227;"SPRF-MG";"DEL01-MG";"UOP03-DEL01-MG"