"id";"data_inversa";"dia_semana";"horario";"uf";"br";"km";"municipio";"causa_acidente";"tipo_acidente";"classificacao_acidente";"fase_dia";"sentido_via";"condicao_metereologica";"tipo_pista";"tracado_via";"uso_solo";"pessoas";"mortos";"feridos_leves";"feridos_graves";"ilesos";"ignorados";"feridos";"veiculos";"latitude";"longitude";"regional";"delegacia";"uop"
254027;2019-12-05;"quinta-feira";"21:40:00";"MG";381;153,5;"GOVERNADOR VALADARES";"Defeito na Via";"Queda de ocupante de veículo";"Com Vítimas Feridas";"Plena Noite";"Crescente";"Céu Claro";"Simples";"Curva;Aclive";"Não";1;0;1;0;0;0;1;1;-18,88190287;-41,99497022;"SPRF-MG";"DEL06-MG";"UOP01-DEL06-MG"
254028;2019-12-06;"sexta-feira";"00:35:00";"PI";343;172,9;"PIRIPIRI";"Falta de Atenção à Condução";"Tombamento";"Com Vítimas Feridas";"Plena Noite";"Decrescente";"Céu Claro";"Simples";"Reta";"Sim";1;0;1;0;0;0;1;1;-4,177041;-41,788326;"SPRF-PI";"DEL02-PI";"UOP01-DEL02-PI"
254029;2019-12-06;"sexta-feira";"00:50:00";"PE";408;56,9;"NAZARE DA MATA";"Falta de Atenção à Condução";"Colisão com objeto estático";"Com Vítimas Feridas";"Plena Noite";"Decrescente";"Céu Claro";"Simples";"Reta";"Não";1;0;1;0;0;0;1;1;-7,77994878;-35,23919365;"SPRF-PE";"DEL01-PE";"UOP01-DEL01-PE"
254030;2019-12-06;"sexta-feira";"00:30:00";"DF";70;12;"BRASILIA";"Ingestão de Álcool";"Capotamento";"Com Vítimas Feridas";"Plena Noite";"Decrescente";"Chuva";"Dupla";"Reta";"Sim";2;0;1;0;0;1;1;2;-15,792243;-48,158543;"SPRF-DF";"DEL01-DF";"UOP02-DEL03-DF"
254031;2019-12-06;"sexta-feira";"01:20:00";"PR";158;526;"PATO BRANCO";"Defeito na Via";"Tombamento";"Com Vítimas Feridas";"Plena Noite";"Decrescente";"Céu Claro";"Simples";"Reta";"Não";1;0;1;0;0;0;1;1;-26,15962508;-52,66289367;"SPRF-PR";"DEL02-PR";"UOP01-DEL02-PR"
254033;2019-12-06;"sexta-feira";"01:40:00";"PR";476;130;"CURITIBA";"Condutor Dormindo";"Colisão frontal";"Com Vítimas Feridas";"Plena Noite";"Crescente";"Nublado";"Múltipla";"Reta";"Sim";1;0;1;0;0;0;1;1;-25,449564;-49,236427;"SPRF-PR";"DEL01-PR";"UOP07-DEL01-PR"
254036;2019-12-06;"sexta-feira";"02:20:00";"GO";40;5,9;"VALPARAISO DE GOIAS";"Condutor Dormindo";"Saída de leito carroçável";"Com Vítimas Feridas";"Plena Noite";"Crescente";"Chuva";"Dupla";"Reta";"Não";1;0;1;0;0;0;1;1;-16,093134;-47,982236;"SPRF-DF";"DEL01-DF";"UOP01-DEL01-DF"
254037;2019-12-06;"sexta-feira";"03:00:00";"SC";470;68,5;"INDAIAL";"Falta de Atenção à Condução";"Colisão com objeto estático";"Com Vítimas Feridas";"Plena Noite";"Decrescente";"Nublado";"Simples";"Desvio Temporário";"Não";1;0;1;0;0;0;1;1;-26,877615;-49,239231;"SPRF-SC";"DEL04-SC";"UOP01-DEL04-SC"
254038;2019-12-06;"sexta-feira";"03:00:00";"PA";163;998;"SANTAREM";"Velocidade Incompatível";"Saída de leito carroçável";"Sem Vítimas";"Plena Noite";"Crescente";"Céu Claro";"Simples";"Declive;Curva";"Sim";1;0;0;0;0;1;0;1;-2,49064036;-54,73373352;"SPRF-PA";"DEL05-PA";"UOP01-DEL05-PA"
254044;2019-09-29;"domingo";"04:00:00";"SC";470;98,8;"APIUNA";"Falta de Atenção à Condução";"Colisão transversal";"Com Vítimas Fatais";"Amanhecer";"Crescente";"Nublado";"Simples";"Reta";"Sim";5;1;1;1;1;1;2;3;-27,032537;-49,385468;"SPRF-SC";"DEL04-SC";"UOP01-DEL04-SC"
254045;2019-12-06;"sexta-feira";"04:40:00";"PR";476;125;"CURITIBA";"Ingestão de Álcool";"Saída de leito carroçável";"Com Vítimas Feridas";"Plena Noite";"Crescente";"Garoa/Chuvisco";"Dupla";"Reta;Em Obras";"Sim";2;0;2;0;0;0;2;1;-25,4083;-49,219658;"SPRF-PR";"DEL01-PR";"UOP07-DEL01-PR"
254047;2019-12-06;"sexta-feira";"04:15:00";"RJ";40;122,5;"DUQUE DE CAXIAS";"Defeito Mecânico no Veículo";"Incêndio";"Sem Vítimas";"Amanhecer";"Crescente";"Céu Claro";"Múltipla";"Reta";"Sim";1;0;0;0;1;0;0;1;-22,79083113;-43,28611569;"SPRF-RJ";"DEL01-RJ";"UOP01-DEL01-RJ"
254048;2019-12-06;"sexta-feira";"05:10:00";"PE";101;70;"RECIFE";"Falta de Atenção à Condução";"Colisão lateral";"Com Vítimas Feridas";"Amanhecer";"Crescente";"Céu Claro";"Dupla";"Reta";"Sim";2;0;1;0;1;0;1;2;-8,06776119;-34,94265074;"SPRF-PE";"DEL01-PE";"UOP01-DEL01-PE"
254053;2019-12-06;"sexta-feira";"06:00:00";"PE";101;65,2;"RECIFE";"Desobediência às normas de trânsito pelo condutor";"Tombamento";"Com Vítimas Feridas";"Pleno dia";"Crescente";"Sol";"Dupla";"Reta";"Sim";1;0;1;0;0;0;1;1;-8,02478597;-34,94276635;"SPRF-PE";"DEL01-PE";"UOP01-DEL01-PE"
254056;2019-12-06;"sexta-feira";"05:55:00";"MG";381;480;"CONTAGEM";"Desobediência às normas de trânsito pelo pedestre";"Atropelamento de Pedestre";"Com Vítimas Feridas";"Amanhecer";"Decrescente";"Chuva";"Dupla";"Reta";"Sim";2;0;1;0;1;0;1;2;-19,95749597;-44,07899901;"SPRF-MG";"DEL01-MG";"UOP03-DEL01-MG"
254059;2019-12-06;"sexta-feira";"06:40:00";"SP";459;33,8;"LORENA";"Falta de Atenção à Condução";"Colisão traseira";"Com Vítimas Feridas";"Pleno dia";"Crescente";"Garoa/Chuvisco";"Dupla";"Rotatória";"Sim";3;0;1;0;2;0;1;2;-22,746534;-45,098961;"SPRF-SP";"DEL08-SP";"UOP01-DEL08-SP"
254060;2019-12-06;"sexta-feira";"06:30:00";"SP";116;287,1;"ITAPECERICA DA SERRA";"Falta de Atenção à Condução";"Colisão com objeto estático";"Com Vítimas Feridas";"Amanhecer";"Crescente";"Nublado";"Dupla";"Reta";"Sim";1;0;1;0;0;0;1;1;-23,71441779;-46,87929634;"SPRF-SP";"DEL04-SP";"UOP01-DEL04-SP"
254062;2019-12-05;"quinta-feira";"13:15:00";"MG";40;526,4;"CONTAGEM";"Pista Escorregadia";"Queda de ocupante de veículo";"Com Vítimas Feridas";"Pleno dia";"Decrescente";"Chuva";"Simples";"Curva";"Sim";1;0;0;1;0;0;1;1;-19,90232471;-44,0491569;"SPRF-MG";"DEL01-MG";"UOP02-DEL01-MG"
254064;2019-12-06;"sexta-feira";"06:45:00";"GO";40;2,7;"VALPARAISO DE GOIAS";"Falta de Atenção à Condução";"Colisão lateral";"Com Vítimas Feridas";"Pleno dia";"Decrescente";"Céu Claro";"Dupla";"Reta";"Sim";3;0;1;0;1;1;1;2;-16,067129;-47,984235;"SPRF-DF";"DEL01-DF";"UOP01-DEL01-DF"
254065;2019-12-06;"sexta-feira";"07:30:00";"GO";153;499,3;"GOIANIA";"Defeito Mecânico no Veículo";"Queda de ocupante de veículo";"Com Vítimas Feridas";"Pleno dia";"Crescente";"Nublado";"Dupla";"Reta";"Sim";2;0;0;2;0;0;2;1;-16,70072288;-49,23121875;"SPRF-GO";"DEL01-GO";"UOP01-DEL01-GO"
254067;2019-12-06;"sexta-feira";"05:45:00";"MG";116;709;"MURIAE";"Falta de Atenção à Condução";"Colisão transversal";"Com Vítimas Feridas";"Pleno dia";"Crescente";"Céu Claro";"Simples";"Interseção de Vias";"Sim";2;0;1;0;1;0;1;2;-21,1671331;-42,37130608;"SPRF-MG";"DEL07-MG";"UOP02-DEL07-MG"
254069;2019-12-06;"sexta-feira";"07:20:00";"PR";376;494,2;"PONTA GROSSA";"Não guardar distância de segurança";"Colisão traseira";"Sem Vítimas";"Amanhecer";"Crescente";"Céu Claro";"Dupla";"Aclive";"Sim";4;0;0;0;4;0;0;4;-25,12683868;-50,17802382;"SPRF-PR";"DEL03-PR";"UOP04-DEL03-PR"
254070;2019-11-28;"quinta-feira";"13:30:00";"RS";158;283,2;"JULIO DE CASTILHOS";"Falta de Atenção à Condução";"Saída de leito carroçável";"Com Vítimas Feridas";"Pleno dia";"Decrescente";"Céu Claro";"Simples";"Reta";"Não";1;0;1;0;0;0;1;1;-29,40660198;-53,66805171;"SPRF-RS";"DEL09-RS";"UOP01-DEL09-RS"
254071;2019-12-06;"sexta-feira";"07:45:00";"CE";222;0,4;"FORTALEZA";"Não guardar distância de segurança";"Colisão traseira";"Com Vítimas Feridas";"Pleno dia";"Decrescente";"Sol";"Dupla";"Reta";"Sim";3;0;2;0;1;0;2;2;-3,7367737;-38,56923;"SPRF-CE";"DEL01-CE";"UOP01-DEL01-CE"
254072;2019-12-06;"sexta-feira";"06:50:00";"MG";262;467;"BOM DESPACHO";"Falta de Atenção à Condução";"Colisão traseira";"Sem Vítimas";"Pleno dia";"Crescente";"Nublado";"Simples";"Curva";"Não";3;0;0;0;2;1;0;2;-19,80324093;-45,13352097;"SPRF-MG";"DEL08-MG";"UOP03-DEL08-MG"
254074;2019-12-06;"sexta-feira";"07:05:00";"RS";116;154,2;"CAXIAS DO SUL";"Desobediência às normas de trânsito pelo condutor";"Colisão lateral";"Com Vítimas Feridas";"Pleno dia";"Decrescente";"Sol";"Simples";"Interseção de Vias;Reta";"Sim";2;0;1;0;1;0;1;2;-29,19074818;-51,18073734;"SPRF-RS";"DEL05-RS";"UOP01-DEL05-RS"
254076;2019-11-21;"quinta-feira";"09:44:00";"MA";316;545,9;"CAXIAS";"Desobediência às normas de trânsito pelo condutor";"Colisão transversal";"Sem Vítimas";"Pleno dia";"Crescente";"Céu Claro";"Simples";"Rotatória";"Não";4;0;0;0;4;0;0;2;-4,87523333;-43,39607048;"SPRF-MA";"DEL03-MA";"UOP02-DEL03-MA"
254078;2019-12-06;"sexta-feira";"07:30:00";"MG";40;517;"RIBEIRAO DAS NEVES";"Desobediência às normas de trânsito pelo condutor";"Colisão lateral";"Com Vítimas Feridas";"Pleno dia";"Crescente";"Nublado";"Dupla";"Curva";"Sim";3;0;1;0;2;0;1;3;-19,82351202;-44,08438913;"SPRF-MG";"DEL01-MG";"UOP02-DEL01-MG"
254080;2019-12-06;"sexta-feira";"08:10:00";"RN";101;83,5;"SAO GONCALO DO AMARANTE";"Animais na Pista";"Atropelamento de Animal";"Com Vítimas Feridas";"Pleno dia";"Crescente";"Céu Claro";"Dupla";"Reta";"Sim";1;0;0;1;0;0;1;1;-5,7710445;-35,26616981;"SPRF-RN";"DEL02-RN";"UOP01-DEL02-RN"
254081;2019-12-06;"sexta-feira";"08:00:00";"PR";376;350;"ORTIGUEIRA";"Desobediência às normas de trânsito pelo condutor";"Colisão frontal";"Com Vítimas Feridas";"Pleno dia";"Decrescente";"Sol";"Simples";"Reta";"Sim";2;0;0;1;1;0;1;2;-24,20869281;-50,94256374;"SPRF-PR";"DEL03-PR";"UOP02-DEL03-PR"
254082;2019-12-06;"sexta-feira";"07:40:00";"MS";163;475;"CAMPO GRANDE";"Falta de Atenção à Condução";"Colisão transversal";"Com Vítimas Feridas";"Pleno dia";"Crescente";"Nublado";"Simples";"Reta";"Sim";3;0;1;0;2;0;1;2;-20,514066;-54,56262181;"SPRF-MS";"DEL01-MS";"UOP01-DEL01-MS"
254084;2019-12-06;"sexta-feira";"08:15:00";"MA";10;248;"IMPERATRIZ";"Não guardar distância de segurança";"Colisão traseira";"Sem Vítimas";"Pleno dia";"Crescente";"Céu Claro";"Simples";"Reta";"Sim";2;0;0;0;2;0;0;2;-5,566143;-47,449028;"SPRF-MA";"DEL04-MA";"UOP01-DEL04-MA"
254085;2019-12-06;"sexta-feira";"08:30:00";"TO";242;310;"PEIXE";"Desobediência às normas de trânsito pelo condutor";"Colisão transversal";"Com Vítimas Feridas";"Pleno dia";"Decrescente";"Sol";"Simples";"Reta";"Sim";2;0;1;1;0;0;2;2;-12,03931231;-48,55094028;"SPRF-TO";"DEL02-TO";"UOP02-DEL01-TO"
254086;2019-12-06;"sexta-feira";"08:30:00";"MG";146;523,9;"GUAXUPE";"Falta de Atenção à Condução";"Colisão transversal";"Com Vítimas Feridas";"Pleno dia";"Decrescente";"Nublado";"Simples";"Declive;Curva;Interseção de Vias";"Não";5;0;1;0;4;0;1;2;-21,30462398;-46,62676161;"SPRF-MG";"DEL16-MG";"UOP01-DEL09-MG"
254088;2019-12-06;"sexta-feira";"08:35:00";"DF";70;4,6;"BRASILIA";"Falta de Atenção à Condução";"Colisão lateral";"Sem Vítimas";"Pleno dia";"Decrescente";"Céu Claro";"Simples";"Interseção de Vias";"Sim";2;0;0;0;2;0;0;2;-15,798115;-48,089317;"SPRF-DF";"DEL01-DF";"UOP02-DEL03-DF"
254090;2019-12-06;"sexta-feira";"07:35:00";"MA";10;257,9;"IMPERATRIZ";"Falta de Atenção à Condução";"Colisão transversal";"Com Vítimas Feridas";"Pleno dia";"Decrescente";"Nublado";"Simples";"Reta;Interseção de Vias";"Não";2;0;1;0;1;0;1;2;-5,47900094;-47,47229934;"SPRF-MA";"DEL04-MA";"UOP01-DEL04-MA"
254091;2019-11-08;"sexta-feira";"18:00:00";"PR";277;80;"CURITIBA";"Falta de Atenção à Condução";"Colisão lateral";"Com Vítimas Feridas";"Pleno dia";"Decrescente";"Sol";"Dupla";"Reta";"Não";2;0;0;1;1;0;1;2;-25,568939;-49,181978;"SPRF-PR";"DEL01-PR";"UOP06-DEL01-PR"
254092;2019-12-06;"sexta-feira";"09:10:00";"SP";381;76,3;"SAO PAULO";"Velocidade Incompatível";"Colisão com objeto estático";"Com Vítimas Feridas";"Pleno dia";"Crescente";"Chuva";"Dupla";"Declive;Reta";"Não";1;0;1;0;0;0;1;1;-23,38372401;-46,56502116;"SPRF-SP";"DEL03-SP";"UOP01-DEL03-SP"
254093;2019-12-06;"sexta-feira";"09:45:00";"RS";116;46,9;"VACARIA";"Desobediência às normas de trânsito pelo condutor";"Colisão traseira";"Com Vítimas Feridas";"Pleno dia";"Crescente";"Céu Claro";"Simples";"Reta";"Não";3;0;1;0;2;0;1;2;-28,55229711;-50,98276079;"SPRF-RS";"DEL05-RS";"UOP03-DEL05-RS"
254094;2019-12-06;"sexta-feira";"09:20:00";"SC";280;60;"GUARAMIRIM";"Falta de Atenção à Condução";"Colisão traseira";"Com Vítimas Feridas";"Pleno dia";"Crescente";"Nublado";"Simples";"Ponte";"Sim";2;0;1;0;1;0;1;2;-26,47802633;-49,03894425;"SPRF-SC";"DEL03-SC";"UOP03-DEL03-SC"
254095;2019-12-06;"sexta-feira";"08:30:00";"RJ";101;119,8;"CAMPOS DOS GOYTACAZES";"Falta de Atenção à Condução";"Colisão traseira";"Com Vítimas Feridas";"Pleno dia";"Crescente";"Nublado";"Dupla";"Curva";"Sim";3;0;3;0;0;0;3;2;-22,02486387;-41,69139862;"SPRF-RJ";"DEL08-RJ";"UOP02-DEL08-RJ"
254096;2019-12-06;"sexta-feira";"09:50:00";"PE";101;75;"RECIFE";"Falta de Atenção à Condução";"Colisão com objeto estático";"Com Vítimas Feridas";"Pleno dia";"Decrescente";"Céu Claro";"Dupla";"Reta";"Sim";2;0;2;0;0;0;2;1;-8,10973523;-34,94660151;"SPRF-PE";"DEL01-PE";"UOP01-DEL01-PE"
254097;2019-12-06;"sexta-feira";"10:10:00";"ES";101;268,2;"SERRA";"Falta de Atenção à Condução";"Colisão lateral";"Com Vítimas Feridas";"Pleno dia";"Crescente";"Sol";"Dupla";"Reta";"Sim";4;0;1;0;1;2;1;3;-20,20842;-40,269405;"SPRF-ES";"DEL02-ES";"UOP01-DEL02-ES"
254098;2019-12-06;"sexta-feira";"09:20:00";"RS";290;123,2;"ELDORADO DO SUL";"Falta de Atenção à Condução";"Colisão lateral";"Com Vítimas Feridas";"Pleno dia";"Decrescente";"Céu Claro";"Simples";"Reta";"Não";2;0;1;0;1;0;1;2;-30,05328;-51,438354;"SPRF-RS";"DEL02-RS";"UOP01-DEL02-RS"
254099;2019-12-06;"sexta-feira";"08:30:00";"RJ";116;171,6;"SAO JOAO DE MERITI";"Defeito na Via";"Colisão com objeto estático";"Com Vítimas Feridas";"Pleno dia";"Crescente";"Garoa/Chuvisco";"Múltipla";"Reta";"Sim";1;0;1;0;0;0;1;1;-22,8060415;-43,34289573;"SPRF-RJ";"DEL01-RJ";"UOP02-DEL01-RJ"
254102;2019-12-06;"sexta-feira";"10:20:00";"MG";381;907,5;"CAMBUI";"Falta de Atenção à Condução";"Queda de ocupante de veículo";"Com Vítimas Feridas";"Pleno dia";"Decrescente";"Nublado";"Dupla";"Curva";"Não";1;0;1;0;0;0;1;1;-22,71022398;-46,12178305;"SPRF-MG";"DEL16-MG";"UOP03-DEL16-MG"
254103;2019-11-19;"terça-feira";"17:40:00";"SC";480;129;"CHAPECO";"Falta de Atenção do Pedestre";"Atropelamento de Pedestre";"Com Vítimas Feridas";"Pleno dia";"Crescente";"Céu Claro";"Simples";"Reta";"Não";2;0;2;0;0;0;2;2;-27,04658011;-52,63601303;"SPRF-SC";"DEL07-SC";"UOP01-DEL07-SC"
254104;2019-12-06;"sexta-feira";"08:25:00";"RS";480;65,7;"BARAO DE COTEGIPE";"Velocidade Incompatível";"Saída de leito carroçável";"Com Vítimas Feridas";"Pleno dia";"Crescente";"Céu Claro";"Simples";"Curva";"Não";2;0;1;0;1;0;1;1;-27,62694605;-52,36726105;"SPRF-RS";"DEL08-RS";"UOP04-DEL08-RS"
254106;2019-12-06;"sexta-feira";"09:50:00";"SC";282;3,8;"SAO JOSE";"Defeito Mecânico no Veículo";"Colisão traseira";"Com Vítimas Feridas";"Pleno dia";"Crescente";"Céu Claro";"Múltipla";"Reta";"Sim";2;0;1;0;1;0;1;2;-27,600384;-48,599705;"SPRF-SC";"DEL01-SC";"UOP01-DEL01-SC"
254110;2019-12-06;"sexta-feira";"10:15:00";"BA";116;421;"FEIRA DE SANTANA";"Falta de Atenção à Condução";"Colisão transversal";"Com Vítimas Feridas";"Pleno dia";"Crescente";"Sol";"Dupla";"Rotatória";"Sim";2;0;1;0;1;0;1;2;-12,211936;-38,96567;"SPRF-BA";"DEL02-BA";"UOP01-DEL02-BA"
254111;2019-12-06;"sexta-feira";"09:15:00";"MS";267;482;"JARDIM";"Desobediência às normas de trânsito pelo condutor";"Colisão transversal";"Com Vítimas Feridas";"Pleno dia";"Decrescente";"Céu Claro";"Simples";"Reta";"Sim";3;0;2;0;0;1;2;2;-21,48307021;-56,14631299;"SPRF-MS";"DEL05-MS";"UOP01-DEL05-MS"
254114;2019-12-06;"sexta-feira";"10:45:00";"RJ";101;530;"ANGRA DOS REIS";"Pista Escorregadia";"Colisão frontal";"Com Vítimas Feridas";"Pleno dia";"Decrescente";"Chuva";"Simples";"Curva";"Não";3;0;0;2;1;0;2;2;-23,0232454;-44,51684972;"SPRF-RJ";"DEL03-RJ";"UOP02-DEL03-RJ"
254115;2019-12-06;"sexta-feira";"11:00:00";"RN";101;84;"NATAL";"Falta de Atenção à Condução";"Colisão traseira";"Com Vítimas Feridas";"Pleno dia";"Crescente";"Céu Claro";"Dupla";"Reta";"Sim";2;0;0;1;1;0;1;2;-5,774175;-35,2578;"SPRF-RN";"DEL02-RN";"UOP01-DEL02-RN"
254117;2019-12-06;"sexta-feira";"11:42:00";"TO";153;671,8;"GURUPI";"Não guardar distância de segurança";"Colisão traseira";"Com Vítimas Feridas";"Pleno dia";"Crescente";"Céu Claro";"Dupla";"Interseção de Vias";"Sim";2;0;1;0;1;0;1;2;-11,72075725;-49,07713594;"SPRF-TO";"DEL02-TO";"UOP02-DEL01-TO"
254118;2019-12-06;"sexta-feira";"10:35:00";"GO";60;36,3;"ALEXANIA";"Falta de Atenção à Condução";"Saída de leito carroçável";"Com Vítimas Feridas";"Pleno dia";"Crescente";"Céu Claro";"Dupla";"Curva";"Não";1;0;1;0;0;0;1;1;-16,1119;-48,5299;"SPRF-DF";"DEL01-DF";"UOP01-DEL03-DF"
254119;2019-12-06;"sexta-feira";"11:10:00";"MG";381;441;"SABARA";"Desobediência às normas de trânsito pelo condutor";"Colisão lateral";"Com Vítimas Feridas";"Pleno dia";"Crescente";"Nublado";"Simples";"Reta";"Não";6;0;2;0;3;1;2;3;-19,81604176;-43,80389901;"SPRF-MG";"DEL01-MG";"UOP01-DEL01-MG"
254120;2019-12-06;"sexta-feira";"11:40:00";"SC";282;5;"SAO JOSE";"Falta de Atenção à Condução";"Queda de ocupante de veículo";"Com Vítimas Feridas";"Pleno dia";"Crescente";"Céu Claro";"Dupla";"Reta";"Sim";2;0;1;0;0;1;1;2;-27,588425;-48,612919;"SPRF-SC";"DEL01-SC";"UOP01-DEL01-SC"
254122;2019-12-06;"sexta-feira";"11:15:00";"BA";101;174,2;"SAO GONCALO DOS CAMPOS";"Falta de Atenção à Condução";"Colisão transversal";"Com Vítimas Feridas";"Pleno dia";"Decrescente";"Sol";"Simples";"Interseção de Vias;Retorno Regulamentado;Reta";"Não";2;0;0;1;1;0;1;2;-12,38244629;-38,88218164;"SPRF-BA";"DEL01-BA";"UOP03-DEL01-BA"
254125;2019-12-06;"sexta-feira";"11:50:00";"PR";476;124;"CURITIBA";"Falta de Atenção à Condução";"Colisão lateral";"Com Vítimas Feridas";"Pleno dia";"Decrescente";"Céu Claro";"Dupla";"Reta";"Sim";2;0;1;0;1;0;1;2;-25,399845;-49,215855;"SPRF-PR";"DEL01-PR";"UOP07-DEL01-PR"
254127;2019-12-05;"quinta-feira";"20:10:00";"PI";316;5;"TERESINA";"Falta de Atenção à Condução";"Atropelamento de Pedestre";"Com Vítimas Feridas";"Plena Noite";"Crescente";"Céu Claro";"Dupla";"Reta";"Sim";2;0;1;0;0;1;1;2;-5,14169858;-42,78157276;"SPRF-PI";"DEL01-PI";"UOP02-DEL01-PI"
254128;2019-12-06;"sexta-feira";"12:10:00";"SP";116;222,8;"GUARULHOS";"Não guardar distância de segurança";"Tombamento";"Com Vítimas Feridas";"Pleno dia";"Crescente";"Nublado";"Múltipla";"Reta";"Sim";1;0;1;0;0;0;1;1;-23,47621978;-46,52636024;"SPRF-SP";"DEL01-SP";"UOP01-DEL01-SP"
254130;2019-12-06;"sexta-feira";"12:45:00";"RN";101;95;"NATAL";"Falta de Atenção à Condução";"Colisão lateral";"Sem Vítimas";"Pleno dia";"Crescente";"Céu Claro";"Simples";"Reta";"Sim";2;0;0;0;2;0;0;2;-5,84076841;-35,21035949;"SPRF-RN";"DEL01-RN";"UOP01-DEL01-RN"
254131;2019-12-06;"sexta-feira";"12:45:00";"CE";222;9,1;"CAUCAIA";"Pista Escorregadia";"Tombamento";"Com Vítimas Feridas";"Pleno dia";"Decrescente";"Céu Claro";"Dupla";"Ponte";"Sim";1;0;1;0;0;0;1;1;-3,75774612;-38,64611294;"SPRF-CE";"DEL01-CE";"UOP01-DEL01-CE"
254132;2019-12-06;"sexta-feira";"11:50:00";"GO";60;11,6;"SANTO ANTONIO DO DESCOBERTO";"Avarias e/ou desgaste excessivo no pneu";"Capotamento";"Com Vítimas Feridas";"Pleno dia";"Decrescente";"Garoa/Chuvisco";"Dupla";"Curva";"Não";1;0;1;0;0;0;1;1;-16,11492539;-48,385849;"SPRF-DF";"DEL01-DF";"UOP01-DEL03-DF"
254133;2019-12-06;"sexta-feira";"11:30:00";"SP";116;427;"JUQUIA";"Falta de Atenção à Condução";"Colisão traseira";"Sem Vítimas";"Pleno dia";"Decrescente";"Garoa/Chuvisco";"Dupla";"Curva";"Não";4;0;0;0;3;1;0;2;-24,39235791;-47,72343119;"SPRF-SP";"DEL05-SP";"UOP01-DEL05-SP"
254134;2019-12-06;"sexta-feira";"12:40:00";"GO";60;80;"ANAPOLIS";"Desobediência às normas de trânsito pelo condutor";"Colisão transversal";"Com Vítimas Feridas";"Pleno dia";"Crescente";"Céu Claro";"Simples";"Interseção de Vias";"Sim";2;0;1;0;1;0;1;2;-16,3053;-48,8208;"SPRF-GO";"DEL02-GO";"UOP01-DEL02-GO"
254135;2019-12-06;"sexta-feira";"10:50:00";"MG";116;773,9;"LEOPOLDINA";"Velocidade Incompatível";"Saída de leito carroçável";"Com Vítimas Feridas";"Pleno dia";"Decrescente";"Céu Claro";"Simples";"Declive;Curva";"Não";1;0;1;0;0;0;1;1;-21,57227131;-42,67920724;"SPRF-MG";"DEL07-MG";"UOP01-DEL07-MG"
254137;2019-12-06;"sexta-feira";"12:40:00";"PE";101;77,3;"RECIFE";"Falta de Atenção à Condução";"Colisão frontal";"Com Vítimas Feridas";"Pleno dia";"Crescente";"Céu Claro";"Dupla";"Retorno Regulamentado";"Não";2;0;1;0;1;0;1;2;-8,126982;-34,94386;"SPRF-PE";"DEL01-PE";"UOP01-DEL01-PE"
254138;2019-12-06;"sexta-feira";"13:15:00";"MG";262;381,6;"MATEUS LEME";"Velocidade Incompatível";"Colisão com objeto estático";"Com Vítimas Feridas";"Pleno dia";"Crescente";"Nublado";"Dupla";"Curva";"Não";5;0;3;2;0;0;5;1;-19,93783011;-44,44569622;"SPRF-MG";"DEL01-MG";"UOP03-DEL01-MG"
254139;2019-12-06;"sexta-feira";"13:20:00";"SC";101;213;"PALHOCA";"Falta de Atenção à Condução";"Colisão lateral";"Sem Vítimas";"Pleno dia";"Crescente";"Céu Claro";"Múltipla";"Reta";"Não";2;0;0;0;2;0;0;2;-27,63697369;-48,66514142;"SPRF-SC";"DEL01-SC";"UOP02-DEL01-SC"
254141;2019-01-26;"sábado";"16:00:00";"BA";110;357;"CATU";"Falta de Atenção à Condução";"Colisão lateral";"Com Vítimas Fatais";"Pleno dia";"Crescente";"Céu Claro";"Simples";"Curva";"Não";4;2;1;0;1;0;1;2;-12,2801;-38,3705;"SPRF-BA";"DEL01-BA";"UOP04-DEL01-BA"
254143;2019-12-06;"sexta-feira";"12:50:00";"MS";163;261,5;"DOURADOS";"Ingestão de Álcool";"Saída de leito carroçável";"Sem Vítimas";"Pleno dia";"Decrescente";"Céu Claro";"Dupla";"Reta";"Não";1;0;0;0;1;0;0;1;-22,23705605;-54,76144642;"SPRF-MS";"DEL04-MS";"UOP01-DEL04-MS"
254144;2019-12-06;"sexta-feira";"11:40:00";"PR";0;0;"MARECHAL CANDIDO RONDON";"Desobediência às normas de trânsito pelo condutor";"Colisão frontal";"Sem Vítimas";"Pleno dia";"Não Informado";"Céu Claro";"Simples";"Reta";"Não";4;0;0;0;4;0;0;2;-24,51801217;-54,08950493;"SPRF-PR";"DEL06-PR";"UOP02-DEL06-PR"
254145;2019-12-06;"sexta-feira";"11:35:00";"SC";470;138;"RIO DO SUL";"Falta de Atenção à Condução";"Tombamento";"Com Vítimas Feridas";"Pleno dia";"Crescente";"Céu Claro";"Simples";"Reta";"Não";1;0;1;0;0;0;1;1;-27,207214;-49,648476;"SPRF-SC";"DEL04-SC";"UOP02-DEL04-SC"
254148;2019-12-06;"sexta-feira";"13:55:00";"PR";277;724;"FOZ DO IGUACU";"Falta de Atenção à Condução";"Queda de ocupante de veículo";"Com Vítimas Feridas";"Pleno dia";"Crescente";"Céu Claro";"Dupla";"Reta";"Sim";1;0;1;0;0;0;1;1;-25,50257577;-54,53868311;"SPRF-PR";"DEL05-PR";"UOP01-DEL05-PR"
254150;2019-10-12;"sábado";"03:00:00";"PR";277;115;"CAMPO LARGO";"Falta de Atenção à Condução";"Saída de leito carroçável";"Sem Vítimas";"Plena Noite";"Decrescente";"Céu Claro";"Dupla";"Reta";"Sim";1;0;0;0;1;0;0;1;-25,44581821;-49,49489415;"SPRF-PR";"DEL01-PR";"UOP06-DEL01-PR"