"id";"data_inversa";"dia_semana";"horario";"uf";"br";"km";"municipio";"causa_acidente";"tipo_acidente";"classificacao_acidente";"fase_dia";"sentido_via";"condicao_metereologica";"tipo_pista";"tracado_via";"uso_solo";"pessoas";"mortos";"feridos_leves";"feridos_graves";"ilesos";"ignorados";"feridos";"veiculos";"latitude";"longitude";"regional";"delegacia";"uop"
254493;2019-12-07;"sábado";"16:20:00";"MT";163;1022;"PEIXOTO DE AZEVEDO";"Ingestão de Álcool";"Queda de ocupante de veículo";"Com Vítimas Feridas";"Pleno dia";"Decrescente";"Céu Claro";"Simples";"Curva;Declive";"Não";2;0;2;0;0;0;2;1;-10,29794568;-55,03180504;"SPRF-MT";"DEL06-MT";"UOP02-DEL06-MT"
254494;2019-12-07;"sábado";"14:15:00";"SC";282;606;"MARAVILHA";"Desobediência às normas de trânsito pelo condutor";"Colisão transversal";"Com Vítimas Feridas";"Pleno dia";"Crescente";"Sol";"Simples";"Curva;Aclive;Em Obras";"Sim";3;0;1;0;2;0;1;2;-26,77788417;-53,19940567;"SPRF-SC";"DEL07-SC";"UOP02-DEL07-SC"
254495;2019-12-07;"sábado";"16:00:00";"MT";163;1035;"MATUPA";"Ingestão de Álcool";"Colisão traseira";"Com Vítimas Feridas";"Pleno dia";"Crescente";"Céu Claro";"Simples";"Reta";"Não";2;0;1;0;1;0;1;2;-10,19067844;-54,95000839;"SPRF-MT";"DEL06-MT";"UOP02-DEL06-MT"
254496;2019-12-07;"sábado";"17:00:00";"GO";60;6;"SANTO ANTONIO DO DESCOBERTO";"Condutor Dormindo";"Capotamento";"Com Vítimas Feridas";"Pleno dia";"Crescente";"Nublado";"Dupla";"Curva";"Não";1;0;1;0;0;0;1;1;-16,09311788;-48,27997684;"SPRF-DF";"DEL01-DF";"UOP01-DEL03-DF"
254497;2019-12-07;"sábado";"16:40:00";"PA";316;41,8;"SANTA IZABEL DO PARA";"Velocidade Incompatível";"Saída de leito carroçável";"Com Vítimas Feridas";"Pleno dia";"Decrescente";"Chuva";"Dupla";"Reta";"Sim";4;0;2;2;0;0;4;1;-1,27865788;-48,113552;"SPRF-PA";"DEL01-PA";"UOP01-DEL01-PA"
254498;2019-12-07;"sábado";"17:20:00";"PR";116;0;"CAMPINA GRANDE DO SUL";"Velocidade Incompatível";"Queda de ocupante de veículo";"Sem Vítimas";"Pleno dia";"Decrescente";"Sol";"Simples";"Curva";"Não";1;0;0;0;1;0;0;1;-25,06368403;-48,57051896;"SPRF-PR";"DEL01-PR";"UOP01-DEL01-PR"
254499;2019-12-07;"sábado";"16:00:00";"MG";381;663,4;"SANTO ANTONIO DO AMPARO";"Falta de Atenção à Condução";"Saída de leito carroçável";"Sem Vítimas";"Pleno dia";"Crescente";"Sol";"Dupla";"Curva";"Não";1;0;0;0;0;1;0;1;-21,0529508;-45,01152206;"SPRF-MG";"DEL04-MG";"UOP02-DEL04-MG"
254502;2019-12-07;"sábado";"18:00:00";"PE";232;125;"CARUARU";"Ingestão de Álcool";"Queda de ocupante de veículo";"Com Vítimas Feridas";"Plena Noite";"Crescente";"Céu Claro";"Dupla";"Reta";"Sim";2;0;0;2;0;0;2;1;-8,30807114;-35,94580097;"SPRF-PE";"DEL02-PE";"UOP03-DEL02-PE"
254503;2019-12-07;"sábado";"18:20:00";"SP";153;88,5;"JACI";"Defeito na Via";"Tombamento";"Com Vítimas Feridas";"Anoitecer";"Crescente";"Céu Claro";"Simples";"Reta";"Não";1;0;1;0;0;0;1;1;-20,94945283;-49,5429491;"SPRF-SP";"DEL09-SP";"UOP01-DEL09-SP"
254505;2019-12-07;"sábado";"16:55:00";"SC";101;297;"LAGUNA";"Velocidade Incompatível";"Tombamento";"Com Vítimas Feridas";"Pleno dia";"Crescente";"Céu Claro";"Dupla";"Reta;Viaduto";"Sim";1;0;1;0;0;0;1;1;-28,31353989;-48,7240982;"SPRF-SC";"DEL02-SC";"UOP03-DEL02-SC"
254506;2019-12-07;"sábado";"18:33:00";"RJ";40;119;"DUQUE DE CAXIAS";"Ingestão de Álcool";"Colisão traseira";"Com Vítimas Feridas";"Anoitecer";"Decrescente";"Céu Claro";"Simples";"Reta";"Sim";2;0;1;0;0;1;1;2;-22,76375592;-43,28683062;"SPRF-RJ";"DEL01-RJ";"UOP01-DEL01-RJ"
254507;2019-12-07;"sábado";"17:40:00";"RN";226;4;"NATAL";"Falta de Atenção à Condução";"Colisão lateral";"Com Vítimas Feridas";"Anoitecer";"Crescente";"Ignorado";"Simples";"Reta";"Sim";2;0;1;0;1;0;1;2;-5,81958019;-35,25969486;"SPRF-RN";"DEL01-RN";"UOP02-DEL01-RN"
254508;2019-12-07;"sábado";"18:50:00";"DF";40;1,7;"BRASILIA";"Falta de Atenção à Condução";"Colisão com objeto estático";"Sem Vítimas";"Plena Noite";"Crescente";"Céu Claro";"Dupla";"Interseção de Vias";"Sim";1;0;0;0;1;0;0;1;-15,985532;-47,987747;"SPRF-DF";"DEL01-DF";"UOP01-DEL01-DF"
254511;2019-12-07;"sábado";"16:54:00";"RS";116;156,7;"CAXIAS DO SUL";"Desobediência às normas de trânsito pelo condutor";"Colisão lateral";"Com Vítimas Feridas";"Pleno dia";"Crescente";"Céu Claro";"Múltipla";"Curva";"Não";3;0;0;1;1;1;1;3;-29,20731013;-51,17757864;"SPRF-RS";"DEL05-RS";"UOP01-DEL05-RS"
254513;2019-12-07;"sábado";"17:10:00";"SC";470;200;"PONTE ALTA";"Falta de Atenção à Condução";"Colisão transversal";"Com Vítimas Feridas";"Pleno dia";"Decrescente";"Céu Claro";"Simples";"Rotatória";"Não";4;0;3;0;1;0;3;2;-27,305405;-50,136627;"SPRF-SC";"DEL05-SC";"UOP03-DEL05-SC"
254514;2019-12-07;"sábado";"19:00:00";"ES";262;3,6;"CARIACICA";"Desobediência às normas de trânsito pelo condutor";"Atropelamento de Pedestre";"Com Vítimas Feridas";"Plena Noite";"Crescente";"Céu Claro";"Dupla";"Aclive";"Sim";3;0;3;0;0;0;3;2;-20,33374432;-40,36910933;"SPRF-ES";"DEL01-ES";"UOP01-DEL01-ES"
254515;2019-12-07;"sábado";"18:00:00";"MG";365;626;"UBERLANDIA";"Defeito na Via";"Danos eventuais";"Com Vítimas Feridas";"Anoitecer";"Crescente";"Chuva";"Dupla";"Curva";"Sim";1;0;1;0;0;0;1;1;-18,90659356;-48,33469405;"SPRF-MG";"DEL15-MG";"UOP01-DEL15-MG"
254516;2019-12-07;"sábado";"19:15:00";"DF";70;10;"BRASILIA";"Desobediência às normas de trânsito pelo condutor";"Colisão lateral";"Com Vítimas Fatais";"Plena Noite";"Decrescente";"Nublado";"Dupla";"Reta;Retorno Regulamentado";"Sim";4;1;0;1;1;1;1;3;-15,7872774;-48,14034104;"SPRF-DF";"DEL01-DF";"UOP02-DEL03-DF"
254517;2019-12-07;"sábado";"19:20:00";"MG";381;510;"SAO JOAQUIM DE BICAS";"Falta de Atenção à Condução";"Colisão transversal";"Com Vítimas Feridas";"Plena Noite";"Crescente";"Céu Claro";"Múltipla";"Reta";"Sim";2;0;1;0;1;0;1;2;-20,07738209;-44,30434488;"SPRF-MG";"DEL01-MG";"UOP03-DEL01-MG"
254518;2019-12-07;"sábado";"16:00:00";"MT";364;354;"SANTO ANTONIO DO LEVERGER";"Ingestão de Álcool";"Colisão traseira";"Com Vítimas Feridas";"Pleno dia";"Crescente";"Chuva";"Dupla";"Reta";"Não";2;0;1;0;1;0;1;2;-15,79674629;-55,59138;"SPRF-MT";"DEL02-MT";"UOP02-DEL01-MT"
254521;2019-12-07;"sábado";"10:40:00";"RJ";101;296;"ITABORAI";"Falta de Atenção à Condução";"Queda de ocupante de veículo";"Com Vítimas Feridas";"Pleno dia";"Decrescente";"Céu Claro";"Dupla";"Reta";"Sim";1;0;1;0;0;0;1;1;-22,7670498;-42,91019601;"SPRF-RJ";"DEL02-RJ";"UOP03-DEL02-RJ"
254522;2019-12-07;"sábado";"19:40:00";"MG";381;579,5;"CARMOPOLIS DE MINAS";"Falta de Atenção à Condução";"Saída de leito carroçável";"Sem Vítimas";"Plena Noite";"Crescente";"Céu Claro";"Dupla";"Curva";"Não";1;0;0;0;1;0;0;1;-20,49967704;-44,60847254;"SPRF-MG";"DEL04-MG";"UOP01-DEL04-MG"
254523;2019-12-07;"sábado";"17:00:00";"PI";343;343,5;"TERESINA";"Falta de Atenção à Condução";"Saída de leito carroçável";"Com Vítimas Feridas";"Pleno dia";"Crescente";"Sol";"Simples";"Reta";"Não";1;0;1;0;0;0;1;1;-5,087362;-42,757851;"SPRF-PI";"DEL01-PI";"UOP01-DEL01-PI"
254524;2019-12-07;"sábado";"19:00:00";"RS";470;210,4;"BENTO GONCALVES";"Não guardar distância de segurança";"Tombamento";"Com Vítimas Feridas";"Pleno dia";"Decrescente";"Céu Claro";"Simples";"Curva;Aclive";"Não";2;0;0;1;0;1;1;2;-29,11647449;-51,54258383;"SPRF-RS";"DEL06-RS";"UOP01-DEL06-RS"
254525;2019-12-07;"sábado";"19:35:00";"GO";452;2,8;"RIO VERDE";"Falta de Atenção à Condução";"Queda de ocupante de veículo";"Com Vítimas Feridas";"Plena Noite";"Crescente";"Céu Claro";"Dupla";"Reta";"Sim";2;0;2;0;0;0;2;1;-17,79595391;-50,88555295;"SPRF-GO";"DEL04-GO";"UOP01-DEL04-GO"
254526;2019-12-07;"sábado";"18:10:00";"MT";163;1065;"GUARANTA DO NORTE";"Desobediência às normas de trânsito pelo condutor";"Engavetamento";"Com Vítimas Feridas";"Plena Noite";"Decrescente";"Nublado";"Dupla";"Reta";"Sim";3;0;2;0;1;0;2;3;-9,942816;-54,903638;"SPRF-MT";"DEL06-MT";"UOP02-DEL06-MT"
254528;2019-12-07;"sábado";"19:10:00";"PE";104;69,8;"CARUARU";"Desobediência às normas de trânsito pelo condutor";"Colisão traseira";"Sem Vítimas";"Plena Noite";"Decrescente";"Céu Claro";"Dupla";"Curva";"Não";2;0;0;0;2;0;0;2;-8,3196;-35,9912;"SPRF-PE";"DEL02-PE";"UOP01-DEL02-PE"
254529;2019-12-07;"sábado";"18:20:00";"BA";116;12;"VITORIA DA CONQUISTA";"Falta de Atenção à Condução";"Queda de ocupante de veículo";"Com Vítimas Feridas";"Anoitecer";"Crescente";"Céu Claro";"Simples";"Reta";"Sim";1;0;1;0;0;0;1;1;-14,87146451;-40,87154388;"SPRF-BA";"DEL08-BA";"UOP01-DEL08-BA"
254530;2019-12-07;"sábado";"20:15:00";"ES";259;1,5;"JOAO NEIVA";"Falta de Atenção do Pedestre";"Atropelamento de Pedestre";"Com Vítimas Fatais";"Plena Noite";"Decrescente";"Chuva";"Simples";"Reta";"Não";2;1;0;0;1;0;0;2;-19,73799396;-40,37751533;"SPRF-ES";"DEL02-ES";"UOP01-DEL02-ES"
254531;2019-12-07;"sábado";"18:40:00";"RJ";116;176,3;"NOVA IGUACU";"Velocidade Incompatível";"Colisão traseira";"Sem Vítimas";"Plena Noite";"Decrescente";"Céu Claro";"Múltipla";"Reta";"Não";2;0;0;0;2;0;0;1;-22,7839538;-43,38195488;"SPRF-RJ";"DEL01-RJ";"UOP02-DEL01-RJ"
254532;2019-12-07;"sábado";"19:30:00";"SP";381;87,8;"GUARULHOS";"Velocidade Incompatível";"Colisão lateral";"Sem Vítimas";"Plena Noite";"Crescente";"Céu Claro";"Múltipla";"Reta";"Sim";2;0;0;0;2;0;0;2;-23,46885001;-46,56996601;"SPRF-SP";"DEL03-SP";"UOP01-DEL03-SP"
254536;2019-12-07;"sábado";"20:15:00";"RS";290;719;"URUGUAIANA";"Velocidade Incompatível";"Colisão com objeto estático";"Sem Vítimas";"Plena Noite";"Decrescente";"Céu Claro";"Simples";"Reta";"Sim";1;0;0;0;1;0;0;1;-29,77410521;-57,0462746;"SPRF-RS";"DEL13-RS";"UOP01-DEL13-RS"
254537;2019-12-07;"sábado";"18:15:00";"CE";116;72;"CHOROZINHO";"Falta de Atenção à Condução";"Atropelamento de Pedestre";"Com Vítimas Feridas";"Plena Noite";"Crescente";"Céu Claro";"Simples";"Reta";"Sim";3;0;2;0;0;1;2;2;-4,34077493;-38,47381076;"SPRF-CE";"DEL03-CE";"UOP02-DEL03-CE"
254538;2019-12-07;"sábado";"19:30:00";"RJ";101;315;"SAO GONCALO";"Falta de Atenção à Condução";"Colisão traseira";"Com Vítimas Feridas";"Plena Noite";"Decrescente";"Céu Claro";"Dupla";"Reta";"Sim";5;0;1;0;4;0;1;2;-22,82262092;-43,08460805;"SPRF-RJ";"DEL02-RJ";"UOP02-DEL02-RJ"
254540;2019-12-07;"sábado";"19:55:00";"PR";369;137,3;"IBIPORA";"Ultrapassagem Indevida";"Colisão lateral";"Com Vítimas Feridas";"Anoitecer";"Crescente";"Céu Claro";"Simples";"Reta";"Sim";4;0;0;1;3;0;1;2;-23,27125792;-51,043033;"SPRF-PR";"DEL07-PR";"UOP01-DEL07-PR"
254541;2019-12-07;"sábado";"20:45:00";"SP";153;72,3;"SAO JOSE DO RIO PRETO";"Defeito Mecânico no Veículo";"Tombamento";"Com Vítimas Feridas";"Plena Noite";"Decrescente";"Céu Claro";"Simples";"Reta";"Sim";2;0;2;0;0;0;2;1;-20,87060152;-49,41555977;"SPRF-SP";"DEL09-SP";"UOP01-DEL09-SP"
254542;2019-12-07;"sábado";"20:25:00";"RJ";493;55;"DUQUE DE CAXIAS";"Defeito Mecânico no Veículo";"Incêndio";"Sem Vítimas";"Plena Noite";"Decrescente";"Céu Claro";"Dupla";"Reta";"Não";1;0;0;0;1;0;0;1;-22,672089;-43,285053;"SPRF-RJ";"DEL01-RJ";"UOP01-DEL01-RJ"
254543;2019-12-07;"sábado";"20:35:00";"SC";101;36,1;"JOINVILLE";"Falta de Atenção à Condução";"Saída de leito carroçável";"Com Vítimas Feridas";"Plena Noite";"Decrescente";"Céu Claro";"Dupla";"Reta";"Sim";2;0;2;0;0;0;2;1;-26,2772048;-48,8924511;"SPRF-SC";"DEL03-SC";"UOP01-DEL03-SC"
254544;2019-12-07;"sábado";"19:26:00";"GO";40;8,7;"VALPARAISO DE GOIAS";"Falta de Atenção à Condução";"Colisão lateral";"Com Vítimas Feridas";"Plena Noite";"Crescente";"Nublado";"Dupla";"Retorno Regulamentado";"Sim";2;0;1;0;1;0;1;2;-16,116158;-47,96761;"SPRF-DF";"DEL01-DF";"UOP01-DEL01-DF"
254546;2019-12-07;"sábado";"18:20:00";"RO";425;98,8;"NOVA MAMORE";"Falta de Atenção à Condução";"Colisão traseira";"Com Vítimas Feridas";"Pleno dia";"Decrescente";"Sol";"Simples";"Reta";"Não";2;0;1;0;1;0;1;2;-10,4169738;-65,33298969;"SPRF-RO";"DEL01-RO";"UOP03-DEL01-RO"
254547;2019-12-07;"sábado";"21:10:00";"RN";101;109;"PARNAMIRIM";"Falta de Atenção à Condução";"Colisão traseira";"Sem Vítimas";"Plena Noite";"Crescente";"Céu Claro";"Simples";"Reta;Viaduto";"Sim";2;0;0;0;2;0;0;2;-5,93817498;-35,26503151;"SPRF-RN";"DEL01-RN";"UOP01-DEL01-RN"
254548;2019-12-07;"sábado";"21:31:00";"SP";153;72,8;"SAO JOSE DO RIO PRETO";"Ingestão de Álcool";"Saída de leito carroçável";"Com Vítimas Feridas";"Plena Noite";"Crescente";"Céu Claro";"Dupla";"Reta";"Sim";1;0;1;0;0;0;1;1;-20,86715501;-49,41334398;"SPRF-SP";"DEL09-SP";"UOP01-DEL09-SP"
254549;2019-12-07;"sábado";"20:30:00";"PR";153;55,1;"SANTO ANTONIO DA PLATINA";"Desobediência às normas de trânsito pelo condutor";"Colisão frontal";"Com Vítimas Feridas";"Plena Noite";"Decrescente";"Céu Claro";"Simples";"Reta";"Não";4;0;0;1;3;0;1;2;-23,40483775;-50,06480423;"SPRF-PR";"DEL07-PR";"UOP04-DEL07-PR"
254550;2019-12-07;"sábado";"21:20:00";"ES";101;147,1;"LINHARES";"Falta de Atenção à Condução";"Colisão transversal";"Com Vítimas Feridas";"Plena Noite";"Decrescente";"Garoa/Chuvisco";"Simples";"Interseção de Vias";"Sim";3;0;1;0;2;0;1;2;-19,37887202;-40,06657892;"SPRF-ES";"DEL04-ES";"UOP01-DEL04-ES"
254551;2019-12-07;"sábado";"20:30:00";"PR";476;129;"CURITIBA";"Falta de Atenção à Condução";"Atropelamento de Pedestre";"Com Vítimas Feridas";"Plena Noite";"Crescente";"Nublado";"Múltipla";"Curva";"Sim";3;0;0;1;1;1;1;2;-25,440983;-49,233715;"SPRF-PR";"DEL01-PR";"UOP07-DEL01-PR"
254552;2019-12-07;"sábado";"21:30:00";"PI";343;341,5;"TERESINA";"Desobediência às normas de trânsito pelo condutor";"Colisão transversal";"Com Vítimas Feridas";"Plena Noite";"Crescente";"Céu Claro";"Dupla";"Rotatória";"Sim";3;0;1;1;1;0;2;2;-5,07829122;-42,74992704;"SPRF-PI";"DEL01-PI";"UOP01-DEL01-PI"
254554;2019-12-07;"sábado";"18:18:00";"PR";469;13,4;"FOZ DO IGUACU";"Velocidade Incompatível";"Colisão traseira";"Com Vítimas Feridas";"Pleno dia";"Decrescente";"Sol";"Simples";"Reta";"Sim";4;0;0;1;1;2;1;4;-25,57674342;-54,54467297;"SPRF-PR";"DEL05-PR";"UOP04-DEL05-PR"
254555;2019-12-07;"sábado";"18:15:00";"SC";470;145,8;"RIO DO SUL";"Ingestão de Álcool";"Colisão traseira";"Com Vítimas Feridas";"Pleno dia";"Crescente";"Sol";"Simples";"Reta";"Não";3;0;1;1;1;0;2;2;-27,237301;-49,682217;"SPRF-SC";"DEL04-SC";"UOP02-DEL04-SC"
254556;2019-12-07;"sábado";"19:20:00";"RJ";116;169;"SAO JOAO DE MERITI";"Agressão Externa";"Queda de ocupante de veículo";"Com Vítimas Feridas";"Anoitecer";"Decrescente";"Céu Claro";"Dupla";"Reta";"Sim";1;0;0;1;0;0;1;1;-22,816206;-43,324463;"SPRF-RJ";"DEL01-RJ";"UOP02-DEL01-RJ"
254557;2019-12-07;"sábado";"20:30:00";"RS";386;249,7;"SOLEDADE";"Ingestão de Álcool";"Colisão lateral";"Sem Vítimas";"Plena Noite";"Decrescente";"Céu Claro";"Simples";"Reta";"Não";3;0;0;0;3;0;0;2;-28,82580392;-52,47062534;"SPRF-RS";"DEL04-RS";"UOP03-DEL04-RS"
254558;2019-12-07;"sábado";"21:00:00";"MS";163;171,5;"JUTI";"Desobediência às normas de trânsito pelo condutor";"Colisão transversal";"Com Vítimas Feridas";"Plena Noite";"Decrescente";"Céu Claro";"Simples";"Reta";"Sim";5;0;1;0;3;1;1;2;-22,867;-54,608;"SPRF-MS";"DEL09-MS";"UOP01-DEL09-MS"
254559;2019-12-07;"sábado";"20:00:00";"BA";135;173;"BARREIRAS";"Desobediência às normas de trânsito pelo pedestre";"Atropelamento de Pedestre";"Sem Vítimas";"Plena Noite";"Decrescente";"Céu Claro";"Simples";"Reta";"Não";2;0;0;0;0;2;0;2;-12,13038923;-45,0111699;"SPRF-BA";"DEL10-BA";"UOP01-DEL10-BA"
254560;2019-12-07;"sábado";"20:30:00";"PI";343;326;"TERESINA";"Ingestão de Álcool";"Saída de leito carroçável";"Com Vítimas Feridas";"Plena Noite";"Decrescente";"Nublado";"Simples";"Reta";"Não";1;0;0;1;0;0;1;1;-5,069462;-42,617474;"SPRF-PI";"DEL01-PI";"UOP01-DEL01-PI"
254561;2019-12-07;"sábado";"16:30:00";"SC";280;24,2;"ARAQUARI";"Falta de Atenção à Condução";"Colisão transversal";"Com Vítimas Feridas";"Pleno dia";"Crescente";"Sol";"Simples";"Reta";"Sim";2;0;0;1;1;0;1;2;-26,37856781;-48,72108221;"SPRF-SC";"DEL03-SC";"UOP03-DEL03-SC"
254562;2019-12-07;"sábado";"22:00:00";"RJ";116;174;"SAO JOAO DE MERITI";"Falta de Atenção à Condução";"Colisão traseira";"Com Vítimas Feridas";"Plena Noite";"Crescente";"Céu Claro";"Dupla";"Reta";"Sim";3;0;1;0;2;0;1;2;-22,79423806;-43,36403759;"SPRF-RJ";"DEL01-RJ";"UOP02-DEL01-RJ"
254563;2019-12-07;"sábado";"22:30:00";"AL";316;249;"ATALAIA";"Falta de Atenção à Condução";"Atropelamento de Pedestre";"Com Vítimas Feridas";"Plena Noite";"Decrescente";"Céu Claro";"Simples";"Reta";"Não";3;0;0;1;0;2;1;2;-9,54840634;-35,98068337;"SPRF-AL";"DEL01-AL";"UOP01-DEL01-AL"
254564;2019-12-07;"sábado";"22:50:00";"ES";101;264;"SERRA";"Falta de Atenção à Condução";"Engavetamento";"Com Vítimas Feridas";"Plena Noite";"Decrescente";"Chuva";"Dupla";"Reta";"Não";10;0;2;2;6;0;4;6;-20,17292791;-40,26736384;"SPRF-ES";"DEL02-ES";"UOP01-DEL02-ES"
254565;2019-12-07;"sábado";"22:10:00";"RJ";116;175,6;"NOVA IGUACU";"Falta de Atenção do Pedestre";"Atropelamento de Pedestre";"Com Vítimas Fatais";"Plena Noite";"Crescente";"Céu Claro";"Dupla";"Reta";"Sim";2;1;0;0;0;1;0;2;-22,78923555;-43,37275272;"SPRF-RJ";"DEL01-RJ";"UOP02-DEL01-RJ"
254566;2019-12-07;"sábado";"22:40:00";"MG";262;443;"NOVA SERRANA";"Desobediência às normas de trânsito pelo condutor";"Tombamento";"Com Vítimas Feridas";"Plena Noite";"Decrescente";"Nublado";"Dupla";"Reta";"Não";2;0;0;2;0;0;2;1;-19,88065393;-44,92197102;"SPRF-MG";"DEL08-MG";"UOP03-DEL08-MG"
254567;2019-12-07;"sábado";"22:50:00";"SP";116;316;"SAO LOURENCO DA SERRA";"Falta de Atenção à Condução";"Colisão traseira";"Com Vítimas Feridas";"Plena Noite";"Decrescente";"Céu Claro";"Dupla";"Reta";"Não";3;0;2;0;1;0;2;2;-23,91054997;-46,99149375;"SPRF-SP";"DEL04-SP";"UOP03-DEL04-SP"
254568;2019-12-07;"sábado";"22:15:00";"PR";373;459;"CHOPINZINHO";"Falta de Atenção à Condução";"Saída de leito carroçável";"Com Vítimas Feridas";"Plena Noite";"Decrescente";"Céu Claro";"Simples";"Reta";"Não";2;0;2;0;0;0;2;1;-25,92746907;-52,39908749;"SPRF-PR";"DEL02-PR";"UOP01-DEL02-PR"
254569;2019-12-07;"sábado";"18:30:00";"SC";280;5,5;"SAO FRANCISCO DO SUL";"Falta de Atenção à Condução";"Colisão transversal";"Com Vítimas Feridas";"Anoitecer";"Crescente";"Céu Claro";"Simples";"Reta";"Sim";3;0;2;0;1;0;2;2;-26,26011706;-48,62571995;"SPRF-SC";"DEL03-SC";"UOP03-DEL03-SC"
254570;2019-12-07;"sábado";"22:00:00";"MS";463;107,6;"PONTA PORA";"Desobediência às normas de trânsito pelo condutor";"Atropelamento de Pedestre";"Com Vítimas Feridas";"Plena Noite";"Crescente";"Céu Claro";"Simples";"Reta";"Sim";3;0;0;2;0;1;2;3;-22,59094101;-55,67301101;"SPRF-MS";"DEL04-MS";"UOP03-DEL04-MS"
254571;2019-12-07;"sábado";"22:20:00";"SP";381;53;"MAIRIPORA";"Desobediência às normas de trânsito pelo condutor";"Colisão com objeto estático";"Com Vítimas Feridas";"Plena Noite";"Decrescente";"Céu Claro";"Dupla";"Reta";"Sim";2;0;2;0;0;0;2;1;-23,23727986;-46,59981085;"SPRF-SP";"DEL03-SP";"UOP01-DEL03-SP"
254572;2019-12-07;"sábado";"22:20:00";"RO";364;198,3;"PIMENTA BUENO";"Velocidade Incompatível";"Queda de ocupante de veículo";"Com Vítimas Feridas";"Plena Noite";"Crescente";"Nublado";"Simples";"Reta";"Sim";1;0;1;0;0;0;1;1;-11,67049488;-61,19146173;"SPRF-RO";"DEL02-RO";"UOP02-DEL02-RO"
254575;2019-12-07;"sábado";"22:00:00";"AL";316;111;"CACIMBINHAS";"Desobediência às normas de trânsito pelo condutor";"Saída de leito carroçável";"Com Vítimas Feridas";"Plena Noite";"Crescente";"Céu Claro";"Simples";"Reta";"Não";1;0;1;0;0;0;1;1;-9,39526703;-37,01796001;"SPRF-AL";"DEL03-AL";"UOP01-DEL03-AL"
254576;2019-12-07;"sábado";"23:25:00";"BA";324;543;"AMELIA RODRIGUES";"Velocidade Incompatível";"Colisão com objeto estático";"Com Vítimas Feridas";"Plena Noite";"Decrescente";"Céu Claro";"Dupla";"Curva;Retorno Regulamentado";"Sim";5;0;4;0;1;0;4;1;-12,37661501;-38,8034231;"SPRF-BA";"DEL01-BA";"UOP01-DEL01-BA"
254577;2019-12-07;"sábado";"21:30:00";"MG";50;27;"ARAGUARI";"Desobediência às normas de trânsito pelo condutor";"Colisão traseira";"Sem Vítimas";"Plena Noite";"Crescente";"Garoa/Chuvisco";"Dupla";"Declive";"Não";2;0;0;0;1;1;0;2;-18,61943321;-48,09375199;"SPRF-MG";"DEL15-MG";"UOP02-DEL15-MG"
254578;2019-12-07;"sábado";"22:33:00";"SC";101;52,8;"JOINVILLE";"Ingestão de Álcool";"Saída de leito carroçável";"Com Vítimas Feridas";"Plena Noite";"Crescente";"Céu Claro";"Dupla";"Reta";"Sim";2;0;1;0;1;0;1;1;-26,40905579;-48,83718967;"SPRF-SC";"DEL03-SC";"UOP01-DEL03-SC"
254579;2019-12-07;"sábado";"22:30:00";"RJ";393;285;"VOLTA REDONDA";"Falta de Atenção à Condução";"Colisão transversal";"Com Vítimas Feridas";"Plena Noite";"Crescente";"Nublado";"Dupla";"Retorno Regulamentado";"Sim";3;0;1;1;1;0;2;2;-22,481726;-44,06308602;"SPRF-RJ";"DEL05-RJ";"UOP04-DEL05-RJ"
254580;2019-09-14;"sábado";"06:15:00";"PR";116;117;"CURITIBA";"Velocidade Incompatível";"Colisão com objeto estático";"Com Vítimas Feridas";"Amanhecer";"Crescente";"Nublado";"Múltipla";"Curva";"Sim";1;0;1;0;0;0;1;1;-25,54988723;-49,28248211;"SPRF-PR";"DEL01-PR";"UOP03-DEL01-PR"
254581;2019-12-07;"sábado";"23:40:00";"GO";70;11,1;"AGUAS LINDAS DE GOIAS";"Ingestão de Álcool";"Colisão traseira";"Com Vítimas Feridas";"Plena Noite";"Decrescente";"Nublado";"Dupla";"Reta";"Sim";3;0;1;1;1;0;2;2;-15,73877614;-48,30124288;"SPRF-DF";"DEL01-DF";"UOP02-DEL03-DF"
254582;2019-12-08;"domingo";"00:00:00";"RJ";101;48;"CAMPOS DOS GOYTACAZES";"Falta de Atenção à Condução";"Saída de leito carroçável";"Com Vítimas Feridas";"Plena Noite";"Decrescente";"Garoa/Chuvisco";"Simples";"Reta";"Sim";1;0;1;0;0;0;1;1;-21,61625895;-41,31535762;"SPRF-RJ";"DEL08-RJ";"UOP01-DEL08-RJ"
254583;2019-12-07;"sábado";"21:30:00";"BA";101;223,3;"CONCEICAO DO ALMEIDA";"Falta de Atenção à Condução";"Atropelamento de Animal";"Com Vítimas Feridas";"Plena Noite";"Decrescente";"Céu Claro";"Simples";"Reta";"Não";2;0;2;0;0;0;2;1;-12,77568199;-39,18610402;"SPRF-BA";"DEL01-BA";"UOP02-DEL01-BA"
254584;2019-12-07;"sábado";"22:00:00";"SC";282;387;"JOACABA";"Falta de Atenção à Condução";"Atropelamento de Pedestre";"Com Vítimas Feridas";"Plena Noite";"Crescente";"Céu Claro";"Simples";"Reta";"Sim";3;0;3;0;0;0;3;2;-27,178274;-51,524025;"SPRF-SC";"DEL07-SC";"UOP05-DEL07-SC"
254585;2019-12-07;"sábado";"23:00:00";"RO";364;343;"JI-PARANA";"Ingestão de Álcool";"Queda de ocupante de veículo";"Com Vítimas Feridas";"Plena Noite";"Crescente";"Nublado";"Dupla";"Reta";"Sim";4;0;0;1;3;0;1;2;-10,87878519;-61,94499012;"SPRF-RO";"DEL02-RO";"UOP01-DEL02-RO"