"id";"data_inversa";"dia_semana";"horario";"uf";"br";"km";"municipio";"causa_acidente";"tipo_acidente";"classificacao_acidente";"fase_dia";"sentido_via";"condicao_metereologica";"tipo_pista";"tracado_via";"uso_solo";"pessoas";"mortos";"feridos_leves";"feridos_graves";"ilesos";"ignorados";"feridos";"veiculos";"latitude";"longitude";"regional";"delegacia";"uop"
254588;2019-12-07;"sábado";"23:40:00";"RN";110;45,9;"MOSSORO";"Ingestão de Álcool";"Colisão transversal";"Com Vítimas Feridas";"Plena Noite";"Crescente";"Céu Claro";"Simples";"Reta";"Sim";2;0;1;0;1;0;1;2;-5,197664;-37,318043;"SPRF-RN";"DEL04-RN";"UOP01-DEL04-RN"
254589;2019-12-08;"domingo";"00:19:00";"SC";101;415,3;"ARARANGUA";"Desobediência às normas de trânsito pelo condutor";"Colisão com objeto estático";"Com Vítimas Feridas";"Plena Noite";"Decrescente";"Céu Claro";"Múltipla";"Reta";"Não";2;0;0;1;1;0;1;2;-28,9642941;-49,52190399;"SPRF-SC";"DEL02-SC";"UOP02-DEL02-SC"
254590;2019-12-08;"domingo";"00:40:00";"RJ";40;119;"DUQUE DE CAXIAS";"Desobediência às normas de trânsito pelo condutor";"Colisão frontal";"Com Vítimas Feridas";"Plena Noite";"Crescente";"Céu Claro";"Simples";"Viaduto";"Sim";6;0;5;0;1;0;5;2;-22,76375592;-43,28683062;"SPRF-RJ";"DEL01-RJ";"UOP01-DEL01-RJ"
254592;2019-12-07;"sábado";"23:50:00";"BA";116;742,1;"BOA NOVA";"Falta de Atenção do Pedestre";"Atropelamento de Pedestre";"Com Vítimas Fatais";"Plena Noite";"Decrescente";"Céu Claro";"Simples";"Curva";"Não";2;1;0;0;1;0;0;2;-14,37019003;-40,34587988;"SPRF-BA";"DEL08-BA";"UOP02-DEL08-BA"
254593;2019-12-08;"domingo";"00:15:00";"PR";277;729;"FOZ DO IGUACU";"Ingestão de Álcool";"Tombamento";"Com Vítimas Feridas";"Plena Noite";"Decrescente";"Céu Claro";"Dupla";"Reta";"Sim";2;0;1;0;0;1;1;2;-25,50749887;-54,58379896;"SPRF-PR";"DEL05-PR";"UOP03-DEL05-PR"
254594;2019-12-08;"domingo";"01:50:00";"GO";50;209,3;"CAMPO ALEGRE DE GOIAS";"Animais na Pista";"Atropelamento de Animal";"Com Vítimas Feridas";"Plena Noite";"Crescente";"Garoa/Chuvisco";"Dupla";"Reta";"Sim";1;0;1;0;0;0;1;1;-17,6409;-47,7638;"SPRF-GO";"DEL06-GO";"UOP01-DEL06-GO"
254595;2019-12-08;"domingo";"02:20:00";"GO";50;98;"CRISTALINA";"Ingestão de álcool e/ou substâncias psicoativas pelo pedestre";"Colisão frontal";"Com Vítimas Feridas";"Plena Noite";"Crescente";"Céu Claro";"Dupla";"Reta";"Sim";3;0;0;3;0;0;3;2;-16,9309;-47,7117;"SPRF-DF";"DEL01-DF";"UOP02-DEL01-DF"
254596;2019-12-08;"domingo";"02:15:00";"PR";369;241;"BOM SUCESSO";"Velocidade Incompatível";"Saída de leito carroçável";"Com Vítimas Feridas";"Plena Noite";"Decrescente";"Céu Claro";"Simples";"Curva";"Não";5;0;4;1;0;0;5;1;-23,690042;-51,699991;"SPRF-PR";"DEL07-PR";"UOP03-DEL07-PR"
254598;2019-12-08;"domingo";"01:30:00";"PR";369;521;"CASCAVEL";"Velocidade Incompatível";"Saída de leito carroçável";"Sem Vítimas";"Plena Noite";"Decrescente";"Céu Claro";"Simples";"Curva";"Não";1;0;0;0;0;1;0;1;-24,9326;-53,3946;"SPRF-PR";"DEL04-PR";"UOP01-DEL04-PR"
254599;2019-12-08;"domingo";"02:00:00";"MG";262;774,2;"UBERABA";"Condutor Dormindo";"Saída de leito carroçável";"Com Vítimas Feridas";"Plena Noite";"Crescente";"Nevoeiro/Neblina";"Simples";"Curva";"Não";1;0;1;0;0;0;1;1;-19,69011207;-47,68375397;"SPRF-MG";"DEL13-MG";"UOP01-DEL13-MG"
254600;2019-12-08;"domingo";"02:55:00";"RN";427;62,5;"JARDIM DO SERIDO";"Falta de Atenção à Condução";"Tombamento";"Com Vítimas Feridas";"Plena Noite";"Crescente";"Céu Claro";"Simples";"Curva";"Não";1;0;0;1;0;0;1;1;-6,57650846;-36,82658529;"SPRF-RN";"DEL03-RN";"UOP01-DEL03-RN"
254601;2019-12-07;"sábado";"20:30:00";"RS";471;534;"RIO GRANDE";"Animais na Pista";"Atropelamento de Animal";"Sem Vítimas";"Plena Noite";"Crescente";"Céu Claro";"Simples";"Reta";"Não";2;0;0;0;2;0;0;1;-32,679565;-52,60059;"SPRF-RS";"DEL07-RS";"UOP02-DEL07-RS"
254602;2019-12-08;"domingo";"01:30:00";"RO";364;199,4;"PIMENTA BUENO";"Velocidade Incompatível";"Colisão com objeto estático";"Sem Vítimas";"Plena Noite";"Crescente";"Nublado";"Simples";"Rotatória";"Sim";1;0;0;0;0;1;0;1;-11,661617;-61,191055;"SPRF-RO";"DEL02-RO";"UOP02-DEL02-RO"
254604;2019-12-08;"domingo";"02:20:00";"SC";101;205,1;"SAO JOSE";"Ingestão de Álcool";"Colisão com objeto estático";"Com Vítimas Feridas";"Plena Noite";"Crescente";"Céu Claro";"Dupla";"Curva";"Sim";3;0;3;0;0;0;3;1;-27,58313237;-48,61532885;"SPRF-SC";"DEL01-SC";"UOP01-DEL01-SC"
254606;2019-12-08;"domingo";"01:00:00";"MG";116;802;"ALEM PARAIBA";"Falta de Atenção à Condução";"Capotamento";"Com Vítimas Feridas";"Plena Noite";"Decrescente";"Nublado";"Simples";"Reta";"Não";2;0;0;2;0;0;2;1;-21,77810174;-42,72568662;"SPRF-MG";"DEL07-MG";"UOP01-DEL07-MG"
254607;2019-11-13;"quarta-feira";"16:50:00";"SP";116;231;"SAO PAULO";"Não guardar distância de segurança";"Colisão traseira";"Com Vítimas Feridas";"Pleno dia";"Crescente";"Ignorado";"Múltipla";"Interseção de Vias";"Sim";4;0;2;1;0;1;3;3;-23,50343484;-46,56638712;"SPRF-SP";"DEL01-SP";"UOP01-DEL01-SP"
254608;2019-12-07;"sábado";"23:30:00";"BA";101;663,8;"ITAPEBI";"Animais na Pista";"Atropelamento de Animal";"Com Vítimas Feridas";"Plena Noite";"Crescente";"Chuva";"Simples";"Reta";"Não";2;0;2;0;0;0;2;1;-15,97152025;-39,56223965;"SPRF-BA";"DEL05-BA";"UOP02-DEL05-BA"
254609;2019-12-08;"domingo";"03:40:00";"CE";222;0,1;"CAUCAIA";"Falta de Atenção à Condução";"Colisão lateral";"Com Vítimas Fatais";"Plena Noite";"Decrescente";"Céu Claro";"Dupla";"Reta";"Sim";3;1;0;0;2;0;0;2;-3,736507;-38,65337;"SPRF-CE";"DEL01-CE";"UOP01-DEL01-CE"
254610;2019-12-08;"domingo";"03:45:00";"PR";376;165,1;"MARINGA";"Falta de Atenção à Condução";"Tombamento";"Com Vítimas Feridas";"Plena Noite";"Decrescente";"Céu Claro";"Dupla";"Reta";"Não";1;0;1;0;0;0;1;1;-23,382442;-52,032563;"SPRF-PR";"DEL07-PR";"UOP01-DEL09-PR"
254611;2019-12-07;"sábado";"19:45:00";"PR";153;208,7;"TIBAGI";"Desobediência às normas de trânsito pelo condutor";"Colisão traseira";"Com Vítimas Feridas";"Plena Noite";"Decrescente";"Nublado";"Simples";"Reta";"Não";1;0;0;1;0;0;1;1;-24,54488923;-50,44989467;"SPRF-PR";"DEL03-PR";"UOP02-DEL03-PR"
254612;2019-12-07;"sábado";"20:45:00";"SP";153;152,9;"PROMISSAO";"Velocidade Incompatível";"Colisão traseira";"Com Vítimas Fatais";"Plena Noite";"Decrescente";"Céu Claro";"Simples";"Reta";"Não";10;2;2;4;0;2;6;3;-21,435386;-49,78542703;"SPRF-SP";"DEL07-SP";"UOP01-DEL07-SP"
254613;2019-12-08;"domingo";"05:00:00";"PA";222;232;"MARABA";"Falta de Atenção à Condução";"Colisão traseira";"Com Vítimas Fatais";"Plena Noite";"Decrescente";"Céu Claro";"Simples";"Reta";"Não";3;1;1;1;0;0;2;2;-5,252821;-49,065536;"SPRF-PA";"DEL03-PA";"UOP01-DEL03-PA"
254614;2019-12-08;"domingo";"05:00:00";"SP";116;479,8;"CAJATI";"Condutor Dormindo";"Saída de leito carroçável";"Com Vítimas Feridas";"Amanhecer";"Crescente";"Nevoeiro/Neblina";"Dupla";"Reta";"Não";2;0;2;0;0;0;2;1;-24,70935401;-48,01820699;"SPRF-SP";"DEL05-SP";"UAP01-DEL05-SP"
254615;2019-12-07;"sábado";"20:30:00";"MA";402;3,5;"ROSARIO";"Falta de Atenção à Condução";"Colisão transversal";"Com Vítimas Feridas";"Plena Noite";"Decrescente";"Céu Claro";"Simples";"Reta";"Não";2;0;1;1;0;0;2;2;-2,957435;-44,297928;"SPRF-MA";"DEL01-MA";"UOP01-DEL01-MA"
254616;2019-12-08;"domingo";"01:30:00";"MA";135;3,1;"SAO LUIS";"Ingestão de Álcool";"Colisão transversal";"Sem Vítimas";"Plena Noite";"Crescente";"Céu Claro";"Dupla";"Aclive";"Sim";3;0;0;0;3;0;0;2;-2,606802;-44,247512;"SPRF-MA";"DEL01-MA";"UOP01-DEL01-MA"
254617;2019-12-08;"domingo";"04:00:00";"MA";135;4,5;"SAO LUIS";"Falta de Atenção à Condução";"Colisão traseira";"Com Vítimas Feridas";"Plena Noite";"Crescente";"Céu Claro";"Dupla";"Reta";"Sim";3;0;1;1;0;1;2;2;-2,61424881;-44,25257023;"SPRF-MA";"DEL01-MA";"UOP01-DEL01-MA"
254618;2019-12-08;"domingo";"04:00:00";"AM";174;995,6;"PRESIDENTE FIGUEIREDO";"Desobediência às normas de trânsito pelo condutor";"Colisão frontal";"Com Vítimas Feridas";"Amanhecer";"Decrescente";"Chuva";"Simples";"Declive";"Não";3;0;0;2;1;0;2;2;-2,012597;-60,026226;"SPRF-AM";"DEL01-AM";"UOP02-DEL01-AM"
254619;2019-12-08;"domingo";"04:30:00";"RJ";101;320;"NITEROI";"Falta de Atenção do Pedestre";"Atropelamento de Pedestre";"Com Vítimas Feridas";"Plena Noite";"Crescente";"Céu Claro";"Dupla";"Curva";"Sim";2;0;0;1;0;1;1;2;-22,86171098;-43,10714015;"SPRF-RJ";"DEL02-RJ";"UOP02-DEL02-RJ"
254620;2019-12-08;"domingo";"05:15:00";"MG";116;524,8;"CARATINGA";"Ingestão de Álcool";"Colisão frontal";"Com Vítimas Feridas";"Amanhecer";"Crescente";"Nublado";"Simples";"Reta";"Não";3;0;1;0;2;0;1;3;-19,76027352;-42,13398823;"SPRF-MG";"DEL06-MG";"UOP02-DEL06-MG"
254621;2019-12-08;"domingo";"06:00:00";"SE";101;68,2;"MARUIM";"Desobediência às normas de trânsito pelo condutor";"Colisão frontal";"Com Vítimas Fatais";"Amanhecer";"Decrescente";"Céu Claro";"Simples";"Reta";"Não";5;1;0;3;1;0;3;2;-10,72409501;-37,07334069;"SPRF-SE";"DEL01-SE";"UOP01-DEL01-SE"
254622;2019-12-08;"domingo";"05:00:00";"SC";101;356,9;"SANGAO";"Falta de Atenção à Condução";"Saída de leito carroçável";"Com Vítimas Feridas";"Amanhecer";"Decrescente";"Céu Claro";"Simples";"Viaduto;Curva;Aclive";"Sim";1;0;1;0;0;0;1;1;-28,62930081;-49,08665412;"SPRF-SC";"DEL02-SC";"UOP01-DEL02-SC"
254623;2019-12-08;"domingo";"05:46:00";"MT";70;3,9;"BARRA DO GARCAS";"Desobediência às normas de trânsito pelo condutor";"Colisão traseira";"Com Vítimas Feridas";"Amanhecer";"Decrescente";"Céu Claro";"Simples";"Reta";"Sim";2;0;1;0;1;0;1;2;-15,88252843;-52,27574027;"SPRF-MT";"DEL07-MT";"UOP01-DEL07-MT"
254624;2019-12-08;"domingo";"06:15:00";"GO";153;438,3;"ANAPOLIS";"Ingestão de Álcool";"Colisão com objeto estático";"Com Vítimas Feridas";"Pleno dia";"Crescente";"Céu Claro";"Dupla";"Reta";"Sim";6;0;4;2;0;0;6;2;-16,291595;-48,934811;"SPRF-GO";"DEL02-GO";"UOP01-DEL02-GO"
254625;2019-12-08;"domingo";"03:40:00";"RJ";116;168,3;"SAO JOAO DE MERITI";"Falta de Atenção do Pedestre";"Atropelamento de Pedestre";"Com Vítimas Fatais";"Plena Noite";"Decrescente";"Céu Claro";"Dupla";"Reta";"Sim";2;1;0;0;1;0;0;2;-22,819969;-43,31499997;"SPRF-RJ";"DEL01-RJ";"UOP02-DEL01-RJ"
254628;2019-12-08;"domingo";"06:50:00";"MG";364;34;"FRUTAL";"Ingestão de Álcool";"Saída de leito carroçável";"Com Vítimas Feridas";"Amanhecer";"Crescente";"Céu Claro";"Simples";"Curva";"Não";3;0;3;0;0;0;3;1;-19,99906469;-48,95233691;"SPRF-MG";"DEL13-MG";"UOP02-DEL13-MG"
254630;2019-12-08;"domingo";"06:50:00";"GO";50;257;"CATALAO";"Condutor Dormindo";"Saída de leito carroçável";"Com Vítimas Feridas";"Pleno dia";"Crescente";"Chuva";"Dupla";"Reta";"Não";2;0;2;0;0;0;2;1;-18,0231;-47,8203;"SPRF-GO";"DEL06-GO";"UOP01-DEL06-GO"
254632;2019-12-08;"domingo";"06:40:00";"PR";376;163,5;"MARINGA";"Ingestão de Álcool";"Saída de leito carroçável";"Com Vítimas Feridas";"Amanhecer";"Decrescente";"Nublado";"Dupla";"Reta";"Não";1;0;1;0;0;0;1;1;-23,38150629;-52,03480212;"SPRF-PR";"DEL07-PR";"UOP01-DEL09-PR"
254633;2019-12-08;"domingo";"06:45:00";"RS";290;130,9;"ELDORADO DO SUL";"Velocidade Incompatível";"Colisão com objeto estático";"Sem Vítimas";"Pleno dia";"Crescente";"Céu Claro";"Simples";"Em Obras;Curva";"Não";1;0;0;0;1;0;0;1;-30,05988285;-51,5196991;"SPRF-RS";"DEL02-RS";"UOP01-DEL02-RS"
254634;2019-12-08;"domingo";"03:30:00";"MS";60;225,3;"BANDEIRANTES";"Condutor Dormindo";"Colisão com objeto estático";"Com Vítimas Feridas";"Plena Noite";"Crescente";"Céu Claro";"Simples";"Reta";"Não";1;0;1;0;0;0;1;1;-19,65280908;-54,19659401;"SPRF-MS";"DEL06-MS";"UOP02-DEL06-MS"
254635;2019-12-08;"domingo";"05:30:00";"RS";386;134,9;"SARANDI";"Ingestão de Álcool";"Saída de leito carroçável";"Com Vítimas Feridas";"Pleno dia";"Decrescente";"Céu Claro";"Simples";"Curva";"Não";3;0;3;0;0;0;3;1;-27,953636;-52,916374;"SPRF-RS";"DEL08-RS";"UOP01-DEL08-RS"
254636;2019-12-08;"domingo";"06:30:00";"PB";230;27;"JOAO PESSOA";"Falta de Atenção à Condução";"Colisão traseira";"Com Vítimas Feridas";"Pleno dia";"Decrescente";"Céu Claro";"Dupla";"Curva";"Sim";2;0;1;0;1;0;1;2;-7,16490106;-34,89234393;"SPRF-PB";"DEL01-PB";"UOP01-DEL01-PB"
254637;2019-12-08;"domingo";"05:50:00";"SC";280;53,6;"GUARAMIRIM";"Ingestão de Álcool";"Colisão frontal";"Com Vítimas Feridas";"Amanhecer";"Decrescente";"Céu Claro";"Simples";"Reta";"Sim";6;0;4;0;2;0;4;2;-26,47504843;-48,98131013;"SPRF-SC";"DEL03-SC";"UOP03-DEL03-SC"
254639;2019-12-07;"sábado";"17:30:00";"RJ";116;291;"PORTO REAL";"Falta de Atenção à Condução";"Queda de ocupante de veículo";"Com Vítimas Feridas";"Anoitecer";"Decrescente";"Céu Claro";"Simples";"Curva";"Sim";1;0;1;0;0;0;1;1;-22,47234102;-44,27715902;"SPRF-RJ";"DEL07-RJ";"DEL5/7-UOP03/RJ"
254641;2019-12-08;"domingo";"08:00:00";"SC";470;44,8;"BLUMENAU";"Ingestão de Álcool";"Capotamento";"Com Vítimas Feridas";"Pleno dia";"Crescente";"Céu Claro";"Simples";"Reta";"Não";1;0;1;0;0;0;1;1;-26,870665;-49,021896;"SPRF-SC";"DEL04-SC";"UOP01-DEL04-SC"
254642;2019-12-08;"domingo";"08:00:00";"BA";116;468,4;"SANTO ESTEVAO";"Condutor Dormindo";"Capotamento";"Com Vítimas Feridas";"Pleno dia";"Crescente";"Céu Claro";"Dupla";"Reta";"Não";4;0;2;0;2;0;2;1;-12,46032128;-39,27031486;"SPRF-BA";"DEL02-BA";"UOP01-DEL02-BA"
254643;2019-12-08;"domingo";"07:25:00";"PR";476;127;"CURITIBA";"Falta de Atenção à Condução";"Saída de leito carroçável";"Com Vítimas Feridas";"Pleno dia";"Crescente";"Nublado";"Múltipla";"Curva";"Sim";3;0;3;0;0;0;3;1;-25,425167;-49,227158;"SPRF-PR";"DEL01-PR";"UOP07-DEL01-PR"
254645;2019-12-08;"domingo";"06:00:00";"RS";386;273,7;"FONTOURA XAVIER";"Falta de Atenção à Condução";"Saída de leito carroçável";"Com Vítimas Feridas";"Amanhecer";"Decrescente";"Céu Claro";"Simples";"Reta";"Não";1;0;1;0;0;0;1;1;-28,994553;-52,359726;"SPRF-RS";"DEL04-RS";"UOP03-DEL04-RS"
254646;2019-12-08;"domingo";"08:40:00";"GO";60;41,8;"ALEXANIA";"Velocidade Incompatível";"Colisão traseira";"Com Vítimas Feridas";"Pleno dia";"Crescente";"Nublado";"Dupla";"Reta";"Sim";2;0;1;0;1;0;1;2;-16,1104;-48,5742;"SPRF-DF";"DEL01-DF";"UOP01-DEL03-DF"
254647;2019-12-08;"domingo";"07:20:00";"MS";463;52,6;"PONTA PORA";"Ingestão de Álcool";"Saída de leito carroçável";"Com Vítimas Feridas";"Pleno dia";"Decrescente";"Céu Claro";"Simples";"Reta";"Não";3;0;0;1;0;2;1;2;-22,3767181;-55,25711494;"SPRF-MS";"DEL04-MS";"UOP03-DEL04-MS"
254648;2019-12-08;"domingo";"08:00:00";"PE";101;182;"PALMARES";"Falta de Atenção à Condução";"Saída de leito carroçável";"Com Vítimas Fatais";"Pleno dia";"Crescente";"Céu Claro";"Dupla";"Curva";"Não";1;1;0;0;0;0;0;1;-8,65284995;-35,5638211;"SPRF-PE";"DEL01-PE";"UOP03-DEL01-PE"
254649;2019-12-08;"domingo";"08:40:00";"BA";324;518;"FEIRA DE SANTANA";"Ingestão de Álcool";"Colisão traseira";"Com Vítimas Feridas";"Pleno dia";"Crescente";"Sol";"Simples";"Reta";"Sim";4;0;1;0;3;0;1;3;-12,258195;-38,932182;"SPRF-BA";"DEL02-BA";"UOP01-DEL02-BA"
254650;2019-12-08;"domingo";"00:55:00";"PE";104;31;"CARUARU";"Condutor Dormindo";"Saída de leito carroçável";"Sem Vítimas";"Plena Noite";"Crescente";"Céu Claro";"Simples";"Curva";"Não";1;0;0;0;1;0;0;1;-8,0208;-36,0528;"SPRF-PE";"DEL02-PE";"UOP01-DEL02-PE"
254651;2019-12-08;"domingo";"04:30:00";"PB";104;104,1;"ESPERANCA";"Condutor Dormindo";"Saída de leito carroçável";"Com Vítimas Fatais";"Amanhecer";"Crescente";"Céu Claro";"Dupla";"Declive";"Não";1;1;0;0;0;0;0;1;-7,08061598;-35,85413977;"SPRF-PB";"DEL02-PB";"UOP04-DEL02-PB"
254652;2019-12-08;"domingo";"02:40:00";"AL";316;168,7;"PALMEIRA DOS INDIOS";"Ingestão de Álcool";"Saída de leito carroçável";"Com Vítimas Feridas";"Plena Noite";"Decrescente";"Céu Claro";"Simples";"Reta";"Sim";1;0;1;0;0;0;1;1;-9,509484;-36,550888;"SPRF-AL";"DEL03-AL";"UOP01-DEL03-AL"
254653;2019-12-08;"domingo";"03:30:00";"MT";163;832;"SINOP";"Falta de Atenção à Condução";"Saída de leito carroçável";"Sem Vítimas";"Plena Noite";"Crescente";"Nublado";"Dupla";"Retorno Regulamentado";"Sim";1;0;0;0;0;1;0;1;-12,0138;-55,51719;"SPRF-MT";"DEL06-MT";"UOP01-DEL06-MT"
254654;2019-12-08;"domingo";"07:50:00";"MT";163;510;"DIAMANTINO";"Falta de Atenção à Condução";"Saída de leito carroçável";"Com Vítimas Feridas";"Pleno dia";"Crescente";"Céu Claro";"Simples";"Reta";"Não";1;0;1;0;0;0;1;1;-14,48992818;-56,18157148;"SPRF-MT";"DEL01-MT";"UOP01-DEL01-MT"
254655;2019-09-15;"domingo";"13:00:00";"MG";381;204;"PERIQUITO";"Defeito Mecânico no Veículo";"Saída de leito carroçável";"Com Vítimas Feridas";"Pleno dia";"Decrescente";"Céu Claro";"Simples";"Reta";"Não";1;0;1;0;0;0;1;1;-19,17845339;-42,25781009;"SPRF-MG";"DEL06-MG";"UOP01-DEL06-MG"
254658;2019-12-08;"domingo";"09:40:00";"PE";101;207;"XEXEU";"Falta de Atenção do Pedestre";"Colisão com objeto estático";"Com Vítimas Feridas";"Pleno dia";"Crescente";"Sol";"Dupla";"Curva";"Não";1;0;1;0;0;0;1;1;-8,82545377;-35,64542552;"SPRF-PE";"DEL01-PE";"UOP03-DEL01-PE"
254659;2019-12-08;"domingo";"09:50:00";"CE";116;22,5;"ITAITINGA";"Falta de Atenção do Pedestre";"Atropelamento de Pedestre";"Com Vítimas Fatais";"Pleno dia";"Crescente";"Sol";"Dupla";"Reta;Aclive";"Não";4;1;0;0;1;2;0;2;-3,94565898;-38,51034533;"SPRF-CE";"DEL01-CE";"UOP02-DEL01-CE"
254660;2019-11-29;"sexta-feira";"22:00:00";"SC";101;323,2;"CAPIVARI DE BAIXO";"Ingestão de Álcool";"Colisão lateral";"Sem Vítimas";"Plena Noite";"Decrescente";"Céu Claro";"Múltipla";"Reta";"Sim";2;0;0;0;2;0;0;2;-28,42789556;-48,91248313;"SPRF-SC";"DEL02-SC";"UOP01-DEL02-SC"
254661;2019-12-08;"domingo";"10:00:00";"PR";376;451;"TIBAGI";"Velocidade Incompatível";"Queda de ocupante de veículo";"Com Vítimas Feridas";"Pleno dia";"Crescente";"Céu Claro";"Dupla";"Declive;Curva";"Não";1;0;0;1;0;0;1;1;-24,94239016;-50,40224704;"SPRF-PR";"DEL03-PR";"UOP02-DEL03-PR"
254662;2019-12-08;"domingo";"10:15:00";"RS";116;248;"SAO LEOPOLDO";"Ingestão de Álcool";"Colisão transversal";"Sem Vítimas";"Pleno dia";"Decrescente";"Céu Claro";"Dupla";"Interseção de Vias";"Sim";3;0;0;0;2;1;0;3;-29,77605895;-51,15508618;"SPRF-RS";"DEL01-RS";"UOP02-DEL01-RS"
254664;2019-12-08;"domingo";"10:50:00";"GO";70;6,2;"AGUAS LINDAS DE GOIAS";"Condutor Dormindo";"Saída de leito carroçável";"Com Vítimas Feridas";"Pleno dia";"Decrescente";"Nublado";"Dupla";"Reta";"Sim";1;0;1;0;0;0;1;1;-15,75049381;-48,2612381;"SPRF-DF";"DEL01-DF";"UOP02-DEL03-DF"
254665;2019-12-08;"domingo";"09:00:00";"RJ";101;588;"PARATY";"Animais na Pista";"Atropelamento de Animal";"Com Vítimas Feridas";"Pleno dia";"Crescente";"Céu Claro";"Simples";"Curva";"Não";1;0;1;0;0;0;1;1;-23,29439726;-44,69949557;"SPRF-RJ";"DEL03-RJ";"UOP04-DEL03-RJ"
254666;2019-12-07;"sábado";"19:20:00";"PA";10;321;"SAO MIGUEL DO GUAMA";"Ingestão de Substâncias Psicoativas";"Atropelamento de Pedestre";"Com Vítimas Feridas";"Plena Noite";"Crescente";"Céu Claro";"Simples";"Reta";"Sim";2;0;0;1;1;0;1;2;-1,62709801;-47,48121697;"SPRF-PA";"DEL01-PA";"UOP02-DEL01-PA"
254667;2019-09-29;"domingo";"18:40:00";"SC";282;17,2;"PALHOCA";"Falta de Atenção à Condução";"Colisão transversal";"Com Vítimas Feridas";"Plena Noite";"Crescente";"Céu Claro";"Simples";"Reta";"Sim";2;0;1;0;1;0;1;2;-27,665707;-48,688065;"SPRF-SC";"DEL01-SC";"UOP02-DEL01-SC"
254668;2019-12-08;"domingo";"09:00:00";"MG";381;337;"NOVA ERA";"Velocidade Incompatível";"Saída de leito carroçável";"Com Vítimas Feridas";"Pleno dia";"Decrescente";"Chuva";"Simples";"Aclive;Curva";"Não";1;0;0;1;0;0;1;1;-19,79396222;-43,05544138;"SPRF-MG";"DEL03-MG";"UOP01-DEL03-MG"
254669;2019-12-07;"sábado";"19:43:00";"RO";435;128;"CEREJEIRAS";"Falta de Atenção à Condução";"Colisão frontal";"Com Vítimas Fatais";"Plena Noite";"Crescente";"Nublado";"Simples";"Reta";"Não";2;1;0;0;1;0;0;2;-13,18900459;-60,85748401;"SPRF-RO";"DEL04-RO";"UOP02-DEL04-RO"
254671;2019-12-08;"domingo";"10:45:00";"RJ";116;137;"DUQUE DE CAXIAS";"Falta de Atenção à Condução";"Colisão lateral";"Sem Vítimas";"Pleno dia";"Decrescente";"Céu Claro";"Dupla";"Reta";"Sim";3;0;0;0;2;1;0;3;-22,64791994;-43,18200799;"SPRF-RJ";"DEL04-RJ";"UOP02-DEL04-RJ"
254672;2019-12-08;"domingo";"08:55:00";"AP";210;8;"MACAPA";"Ingestão de Álcool";"Colisão traseira";"Sem Vítimas";"Pleno dia";"Crescente";"Céu Claro";"Dupla";"Rotatória";"Não";3;0;0;0;3;0;0;2;0,1045;-51,126076;"SPRF-AP";"DEL01-AP";"UOP01-DEL01-AP"
254673;2019-09-03;"terça-feira";"18:25:00";"MG";116;378;"MATHIAS LOBATO";"Animais na Pista";"Atropelamento de Animal";"Com Vítimas Feridas";"Anoitecer";"Crescente";"Ignorado";"Simples";"Reta";"Não";1;0;0;1;0;0;1;1;-18,59779366;-41,92537308;"SPRF-MG";"DEL06-MG";"UOP01-DEL06-MG"
254674;2019-12-08;"domingo";"11:10:00";"PE";232;76,2;"GRAVATA";"Falta de Atenção à Condução";"Colisão traseira";"Com Vítimas Feridas";"Pleno dia";"Crescente";"Céu Claro";"Dupla";"Reta";"Não";7;0;6;0;1;0;6;2;-8,19541469;-35,53424693;"SPRF-PE";"DEL01-PE";"UOP02-DEL02PE"
254676;2019-09-11;"quarta-feira";"17:25:00";"PR";277;237;"IRATI";"Falta de Atenção à Condução";"Colisão lateral";"Com Vítimas Feridas";"Pleno dia";"Crescente";"Céu Claro";"Simples";"Reta";"Não";6;0;1;1;4;0;2;2;-25,46419687;-50,56581801;"SPRF-PR";"DEL03-PR";"UOP02-DEL08-PR"
254677;2019-12-08;"domingo";"11:40:00";"PB";104;144,4;"QUEIMADAS";"Falta de Atenção à Condução";"Colisão lateral";"Sem Vítimas";"Pleno dia";"Crescente";"Céu Claro";"Simples";"Reta";"Não";2;0;0;0;1;1;0;2;-7,41378301;-35,89590012;"SPRF-PB";"DEL02-PB";"UOP03-DEL02-PB"
254679;2019-12-08;"domingo";"12:05:00";"RS";290;6,5;"OSORIO";"Ingestão de Álcool";"Saída de leito carroçável";"Com Vítimas Fatais";"Pleno dia";"Crescente";"Céu Claro";"Múltipla";"Reta";"Não";2;1;1;0;0;0;1;1;-29,896193;-50,334114;"SPRF-RS";"DEL03-RS";"UOP01-DEL03-RS"
254681;2019-12-08;"domingo";"12:50:00";"CE";222;19;"CAUCAIA";"Restrição de Visibilidade";"Colisão traseira";"Com Vítimas Feridas";"Pleno dia";"Crescente";"Céu Claro";"Simples";"Reta";"Sim";9;0;8;0;1;0;8;2;-3,74520337;-38,72713719;"SPRF-CE";"DEL01-CE";"UOP01-DEL01-CE"
254682;2019-12-08;"domingo";"11:20:00";"RO";364;707;"PORTO VELHO";"Falta de Atenção à Condução";"Colisão com objeto estático";"Com Vítimas Feridas";"Pleno dia";"Crescente";"Céu Claro";"Dupla";"Retorno Regulamentado";"Sim";1;0;1;0;0;0;1;1;-8,79509288;-63,8418979;"SPRF-RO";"DEL01-RO";"UOP01-DEL01-RO"
254683;2019-12-08;"domingo";"11:30:00";"MT";364;187,5;"PEDRA PRETA";"Falta de Atenção à Condução";"Colisão traseira";"Com Vítimas Feridas";"Pleno dia";"Crescente";"Nublado";"Simples";"Reta";"Não";2;0;1;0;0;1;1;2;-16,56778271;-54,54638073;"SPRF-MT";"DEL02-MT";"UOP01-DEL02-MT"