"id";"data_inversa";"dia_semana";"horario";"uf";"br";"km";"municipio";"causa_acidente";"tipo_acidente";"classificacao_acidente";"fase_dia";"sentido_via";"condicao_metereologica";"tipo_pista";"tracado_via";"uso_solo";"pessoas";"mortos";"feridos_leves";"feridos_graves";"ilesos";"ignorados";"feridos";"veiculos";"latitude";"longitude";"regional";"delegacia";"uop"
254886;2019-12-09;"segunda-feira";"06:40:00";"PR";376;671,8;"GUARATUBA";"Falta de Atenção à Condução";"Colisão com objeto estático";"Com Vítimas Fatais";"Pleno dia";"Crescente";"Chuva";"Dupla";"Reta";"Não";1;1;0;0;0;0;0;1;-25,885323;-48,935154;"SPRF-PR";"DEL01-PR";"UOP04-DEL01-PR"
254887;2019-12-09;"segunda-feira";"06:50:00";"RJ";101;407;"ITAGUAI";"Não guardar distância de segurança";"Colisão lateral";"Com Vítimas Feridas";"Pleno dia";"Decrescente";"Céu Claro";"Dupla";"Reta";"Não";2;0;1;0;1;0;1;2;-22,88087914;-43,82441392;"SPRF-RJ";"DEL03-RJ";"UOP01-DEL03-RJ"
254888;2019-12-09;"segunda-feira";"01:50:00";"SC";116;107;"MONTE CASTELO";"Falta de Atenção à Condução";"Saída de leito carroçável";"Com Vítimas Feridas";"Plena Noite";"Crescente";"Garoa/Chuvisco";"Simples";"Curva";"Não";4;0;4;0;0;0;4;1;-26,75568818;-50,32812388;"SPRF-SC";"DEL06-SC";"UOP02-DEL06-SC"
254889;2019-12-09;"segunda-feira";"07:00:00";"BA";116;416;"FEIRA DE SANTANA";"Falta de Atenção do Pedestre";"Atropelamento de Pedestre";"Com Vítimas Feridas";"Pleno dia";"Decrescente";"Céu Claro";"Simples";"Reta";"Não";3;0;0;1;0;2;1;2;-12,17841961;-38,96501899;"SPRF-BA";"DEL02-BA";"UOP01-DEL02-BA"
254890;2019-12-09;"segunda-feira";"06:25:00";"SC";280;53,8;"GUARAMIRIM";"Falta de Atenção à Condução";"Colisão transversal";"Com Vítimas Feridas";"Pleno dia";"Crescente";"Céu Claro";"Simples";"Interseção de Vias";"Sim";2;0;1;0;1;0;1;2;-26,475121;-48,981883;"SPRF-SC";"DEL03-SC";"UOP03-DEL03-SC"
254891;2019-12-09;"segunda-feira";"07:00:00";"ES";101;247;"SERRA";"Falta de Atenção à Condução";"Colisão traseira";"Com Vítimas Feridas";"Pleno dia";"Crescente";"Nublado";"Simples";"Reta";"Não";3;0;0;2;1;0;2;2;-20,06746339;-40,37085006;"SPRF-ES";"DEL02-ES";"UOP01-DEL02-ES"
254892;2019-12-09;"segunda-feira";"07:00:00";"SC";470;179,7;"POUSO REDONDO";"Velocidade Incompatível";"Capotamento";"Com Vítimas Feridas";"Pleno dia";"Decrescente";"Garoa/Chuvisco";"Simples";"Reta";"Sim";2;0;2;0;0;0;2;1;-27,24814374;-49,97981071;"SPRF-SC";"DEL04-SC";"UOP02-DEL04-SC"
254894;2019-12-09;"segunda-feira";"07:30:00";"PR";476;124;"CURITIBA";"Desobediência às normas de trânsito pelo condutor";"Colisão transversal";"Com Vítimas Feridas";"Pleno dia";"Decrescente";"Garoa/Chuvisco";"Múltipla";"Reta";"Sim";2;0;1;0;1;0;1;2;-25,399845;-49,215855;"SPRF-PR";"DEL01-PR";"UOP07-DEL01-PR"
254895;2019-12-09;"segunda-feira";"05:30:00";"GO";70;7,9;"AGUAS LINDAS DE GOIAS";"Desobediência às normas de trânsito pelo condutor";"Colisão traseira";"Com Vítimas Feridas";"Amanhecer";"Decrescente";"Nublado";"Dupla";"Declive";"Sim";2;0;0;1;1;0;1;2;-15,73754861;-48,27417073;"SPRF-DF";"DEL01-DF";"UOP02-DEL03-DF"
254896;2019-12-09;"segunda-feira";"07:15:00";"ES";262;6,8;"CARIACICA";"Desobediência às normas de trânsito pelo pedestre";"Atropelamento de Pedestre";"Com Vítimas Feridas";"Pleno dia";"Decrescente";"Nublado";"Dupla";"Reta";"Sim";3;0;1;1;1;0;2;3;-20,34007493;-40,39451305;"SPRF-ES";"DEL01-ES";"UOP01-DEL01-ES"
254897;2019-12-09;"segunda-feira";"08:04:00";"SP";116;218;"GUARULHOS";"Defeito Mecânico no Veículo";"Queda de ocupante de veículo";"Com Vítimas Feridas";"Amanhecer";"Decrescente";"Céu Claro";"Múltipla";"Aclive";"Sim";1;0;0;1;0;0;1;1;-23,457972;-46,479927;"SPRF-SP";"DEL01-SP";"UOP01-DEL01-SP"
254898;2019-12-09;"segunda-feira";"08:00:00";"PE";101;44,6;"IGARASSU";"Falta de Atenção à Condução";"Colisão transversal";"Sem Vítimas";"Pleno dia";"Decrescente";"Sol";"Múltipla";"Reta";"Sim";2;0;0;0;2;0;0;2;-7,85637001;-34,90842109;"SPRF-PE";"DEL01-PE";"UOP02-DEL01-PE"
254900;2019-12-09;"segunda-feira";"07:00:00";"PR";163;184,9;"SANTA TEREZA DO OESTE";"Velocidade Incompatível";"Saída de leito carroçável";"Com Vítimas Feridas";"Pleno dia";"Decrescente";"Nublado";"Dupla";"Curva";"Não";1;0;1;0;0;0;1;1;-25,14321919;-53,58795779;"SPRF-PR";"DEL04-PR";"UOP05-DEL05-PR"
254901;2019-12-09;"segunda-feira";"07:00:00";"RJ";101;313;"SAO GONCALO";"Falta de Atenção à Condução";"Colisão lateral";"Com Vítimas Feridas";"Pleno dia";"Crescente";"Céu Claro";"Dupla";"Reta";"Sim";3;0;2;0;1;0;2;2;-22,81049093;-43,06983304;"SPRF-RJ";"DEL02-RJ";"UOP02-DEL02-RJ"
254902;2019-12-09;"segunda-feira";"07:05:00";"RO";364;197,5;"PIMENTA BUENO";"Falta de Atenção do Pedestre";"Atropelamento de Pedestre";"Com Vítimas Feridas";"Pleno dia";"Crescente";"Nublado";"Simples";"Reta";"Sim";2;0;1;1;0;0;2;2;-11,67557309;-61,18929863;"SPRF-RO";"DEL02-RO";"UOP02-DEL02-RO"
254905;2019-12-09;"segunda-feira";"06:45:00";"MT";70;529;"VARZEA GRANDE";"Ingestão de Álcool";"Saída de leito carroçável";"Sem Vítimas";"Pleno dia";"Crescente";"Céu Claro";"Simples";"Reta";"Não";1;0;0;0;1;0;0;1;-15,649207;-56,19486;"SPRF-MT";"DEL01-MT";"DEL2/4-UOP02/MT"
254906;2019-12-09;"segunda-feira";"07:35:00";"RJ";101;289;"ITABORAI";"Falta de Atenção à Condução";"Colisão traseira";"Com Vítimas Feridas";"Pleno dia";"Crescente";"Céu Claro";"Dupla";"Reta";"Sim";3;0;1;1;1;0;2;2;-22,76376316;-42,85172094;"SPRF-RJ";"DEL02-RJ";"UOP03-DEL02-RJ"
254907;2019-12-09;"segunda-feira";"08:00:00";"RS";470;212,9;"BENTO GONCALVES";"Falta de Atenção à Condução";"Capotamento";"Com Vítimas Feridas";"Pleno dia";"Decrescente";"Céu Claro";"Simples";"Curva";"Sim";1;0;1;0;0;0;1;1;-29,14410137;-51,5358156;"SPRF-RS";"DEL06-RS";"UOP01-DEL06-RS"
254908;2019-12-09;"segunda-feira";"09:00:00";"RS";116;149;"CAXIAS DO SUL";"Desobediência às normas de trânsito pelo condutor";"Colisão transversal";"Com Vítimas Feridas";"Pleno dia";"Decrescente";"Céu Claro";"Dupla";"Interseção de Vias";"Sim";4;0;1;0;2;1;1;3;-29,15996905;-51,15645292;"SPRF-RS";"DEL05-RS";"UOP01-DEL05-RS"
254909;2019-12-09;"segunda-feira";"09:00:00";"RS";386;352,8;"ESTRELA";"Desobediência às normas de trânsito pelo condutor";"Colisão traseira";"Com Vítimas Feridas";"Pleno dia";"Decrescente";"Sol";"Dupla";"Reta";"Sim";2;0;1;0;1;0;1;2;-29,49869647;-51,95031166;"SPRF-RS";"DEL04-RS";"UOP02-DEL04-RS"
254910;2019-11-15;"sexta-feira";"14:30:00";"PR";116;120;"CURITIBA";"Falta de Atenção à Condução";"Capotamento";"Com Vítimas Feridas";"Pleno dia";"Crescente";"Céu Claro";"Dupla";"Reta";"Sim";2;0;2;0;0;0;2;1;-25,5831691;-49,3137002;"SPRF-PR";"DEL01-PR";"UOP03-DEL01-PR"
254911;2019-12-09;"segunda-feira";"09:30:00";"RJ";393;106;"SAPUCAIA";"Falta de Atenção à Condução";"Colisão transversal";"Com Vítimas Feridas";"Pleno dia";"Crescente";"Céu Claro";"Simples";"Reta";"Não";2;0;1;0;1;0;1;2;-21,87764485;-42,67025797;"SPRF-RJ";"DEL04-RJ";"UOP01-DEL04-RJ"
254913;2019-12-09;"segunda-feira";"07:15:00";"MA";135;30,5;"SAO LUIS";"Mal Súbito";"Saída de leito carroçável";"Sem Vítimas";"Pleno dia";"Decrescente";"Céu Claro";"Dupla";"Reta";"Não";1;0;0;0;1;0;0;1;-2,804075;-44,37428121;"SPRF-MA";"DEL01-MA";"UOP01-DEL01-MA"
254914;2019-12-09;"segunda-feira";"09:00:00";"PE";101;71;"RECIFE";"Não guardar distância de segurança";"Colisão traseira";"Com Vítimas Feridas";"Pleno dia";"Crescente";"Céu Claro";"Dupla";"Reta";"Sim";3;0;1;1;1;0;2;2;-8,073252;-34,93788;"SPRF-PE";"DEL01-PE";"UOP01-DEL01-PE"
254915;2019-12-09;"segunda-feira";"09:05:00";"CE";20;413;"MARACANAU";"Sinalização da via insuficiente ou inadequada";"Colisão lateral";"Com Vítimas Feridas";"Pleno dia";"Decrescente";"Sol";"Dupla";"Reta;Interseção de Vias";"Sim";3;0;1;2;0;0;3;2;-3,76999035;-38,67006282;"SPRF-CE";"DEL01-CE";"UOP01-DEL01-CE"
254916;2019-11-15;"sexta-feira";"23:00:00";"SP";116;219;"GUARULHOS";"Velocidade Incompatível";"Saída de leito carroçável";"Com Vítimas Feridas";"Plena Noite";"Crescente";"Nublado";"Dupla";"Reta";"Sim";3;0;1;0;2;0;1;3;-23,46143954;-46,48885316;"SPRF-SP";"DEL01-SP";"UOP01-DEL01-SP"
254917;2019-12-09;"segunda-feira";"09:00:00";"PR";277;71;"SAO JOSE DOS PINHAIS";"Falta de Atenção à Condução";"Saída de leito carroçável";"Com Vítimas Feridas";"Pleno dia";"Decrescente";"Garoa/Chuvisco";"Simples";"Curva";"Não";2;0;2;0;0;0;2;1;-25,50985327;-49,12772655;"SPRF-PR";"DEL01-PR";"UOP01-DEL01-PR"
254920;2019-12-09;"segunda-feira";"09:50:00";"MA";10;255;"IMPERATRIZ";"Falta de Atenção à Condução";"Colisão lateral";"Com Vítimas Feridas";"Pleno dia";"Crescente";"Nublado";"Múltipla";"Reta";"Sim";2;0;1;0;1;0;1;2;-5,508798;-47,471718;"SPRF-MA";"DEL04-MA";"UOP01-DEL04-MA"
254921;2019-12-09;"segunda-feira";"09:45:00";"RJ";40;2;"COMENDADOR LEVY GASPARIAN";"Condutor Dormindo";"Saída de leito carroçável";"Com Vítimas Feridas";"Pleno dia";"Decrescente";"Céu Claro";"Dupla";"Reta";"Não";2;0;2;0;0;0;2;1;-22,01143747;-43,25078935;"SPRF-RJ";"DEL06-RJ";"UOP02-DEL05-RJ"
254923;2019-12-09;"segunda-feira";"09:40:00";"RN";101;122,4;"SAO JOSE DE MIPIBU";"Desobediência às normas de trânsito pelo condutor";"Colisão lateral";"Com Vítimas Feridas";"Pleno dia";"Crescente";"Sol";"Dupla";"Reta";"Sim";2;0;1;0;0;1;1;2;-6,0525261;-35,24358535;"SPRF-RN";"DEL01-RN";"UOP01-DEL01-RN"
254924;2019-12-09;"segunda-feira";"10:00:00";"PR";376;651,8;"TIJUCAS DO SUL";"Velocidade Incompatível";"Colisão com objeto estático";"Com Vítimas Feridas";"Pleno dia";"Decrescente";"Garoa/Chuvisco";"Dupla";"Curva";"Não";1;0;1;0;0;0;1;1;-25,845243;-49,078578;"SPRF-PR";"DEL01-PR";"UOP04-DEL01-PR"
254927;2019-12-09;"segunda-feira";"10:00:00";"PE";232;79;"GRAVATA";"Falta de Atenção à Condução";"Colisão transversal";"Com Vítimas Feridas";"Pleno dia";"Decrescente";"Céu Claro";"Simples";"Reta";"Sim";2;0;1;0;1;0;1;2;-8,19460572;-35,56074803;"SPRF-PE";"DEL01-PE";"UOP02-DEL02PE"
254929;2019-12-09;"segunda-feira";"09:15:00";"RJ";116;77;"TERESOPOLIS";"Falta de Atenção à Condução";"Colisão lateral";"Sem Vítimas";"Pleno dia";"Decrescente";"Nublado";"Simples";"Reta";"Não";2;0;0;0;2;0;0;2;-22,36917806;-42,94876879;"SPRF-RJ";"DEL04-RJ";"UOP01-DEL04-RJ"
254930;2019-12-09;"segunda-feira";"09:30:00";"RJ";116;76,7;"TERESOPOLIS";"Falta de Atenção à Condução";"Colisão transversal";"Sem Vítimas";"Pleno dia";"Decrescente";"Nublado";"Simples";"Reta";"Sim";2;0;0;0;2;0;0;2;-22,36124312;-42,94876288;"SPRF-RJ";"DEL04-RJ";"UOP01-DEL04-RJ"
254931;2019-12-09;"segunda-feira";"10:45:00";"PR";376;427;"TIBAGI";"Velocidade Incompatível";"Colisão com objeto estático";"Sem Vítimas";"Pleno dia";"Decrescente";"Chuva";"Simples";"Curva";"Não";1;0;0;0;1;0;0;1;-24,7154411;-50,54322749;"SPRF-PR";"DEL03-PR";"UOP02-DEL03-PR"
254933;2019-12-09;"segunda-feira";"10:35:00";"RS";392;180,3;"PIRATINI";"Falta de Atenção à Condução";"Queda de ocupante de veículo";"Com Vítimas Feridas";"Pleno dia";"Decrescente";"Sol";"Simples";"Reta";"Não";1;0;1;0;0;0;1;1;-30,99228695;-53,05605505;"SPRF-RS";"DEL07-RS";"UOP01-DEL07-RS"
254935;2019-12-09;"segunda-feira";"11:15:00";"SC";116;202,4;"PONTE ALTA";"Pista Escorregadia";"Saída de leito carroçável";"Com Vítimas Feridas";"Pleno dia";"Decrescente";"Garoa/Chuvisco";"Simples";"Curva";"Não";1;0;1;0;0;0;1;1;-27,44129626;-50,39571452;"SPRF-SC";"DEL05-SC";"UOP03-DEL05-SC"
254936;2019-12-01;"domingo";"16:40:00";"SC";282;516;"XAXIM";"Falta de Atenção à Condução";"Tombamento";"Com Vítimas Feridas";"Pleno dia";"Crescente";"Sol";"Simples";"Curva";"Não";1;0;1;0;0;0;1;1;-26,930862;-52,499157;"SPRF-SC";"DEL07-SC";"UOP01-DEL07-SC"
254937;2019-12-09;"segunda-feira";"08:00:00";"MS";262;256,3;"RIBAS DO RIO PARDO";"Defeito Mecânico no Veículo";"Saída de leito carroçável";"Sem Vítimas";"Pleno dia";"Decrescente";"Nublado";"Simples";"Reta";"Não";1;0;0;0;0;1;0;1;-20,40080751;-53,90081198;"SPRF-MS";"DEL01-MS";"UOP01-DEL01-MS"
254938;2019-12-09;"segunda-feira";"11:00:00";"SP";381;58;"MAIRIPORA";"Velocidade Incompatível";"Colisão traseira";"Com Vítimas Feridas";"Pleno dia";"Decrescente";"Nublado";"Dupla";"Reta";"Sim";3;0;1;0;2;0;1;2;-23,27438497;-46,58530615;"SPRF-SP";"DEL03-SP";"UOP01-DEL03-SP"
254939;2019-12-09;"segunda-feira";"11:10:00";"MG";381;744,1;"TRES CORACOES";"Velocidade Incompatível";"Saída de leito carroçável";"Com Vítimas Feridas";"Pleno dia";"Decrescente";"Chuva";"Dupla";"Reta";"Não";1;0;1;0;0;0;1;1;-21,63153073;-45,27650319;"SPRF-MG";"DEL16-MG";"UOP02-DEL16-MG"
254940;2019-12-09;"segunda-feira";"07:15:00";"SC";282;585,7;"PINHALZINHO";"Condutor Dormindo";"Saída de leito carroçável";"Com Vítimas Fatais";"Pleno dia";"Crescente";"Nublado";"Simples";"Curva;Declive";"Não";5;4;0;1;0;0;1;1;-26,830591;-53,025528;"SPRF-SC";"DEL07-SC";"UOP02-DEL07-SC"
254941;2019-12-09;"segunda-feira";"11:20:00";"SC";101;212;"PALHOCA";"Falta de Atenção à Condução";"Colisão traseira";"Com Vítimas Feridas";"Pleno dia";"Decrescente";"Nublado";"Dupla";"Reta";"Não";2;0;1;0;1;0;1;2;-27,62996929;-48,65903871;"SPRF-SC";"DEL01-SC";"UOP02-DEL01-SC"
254942;2019-12-09;"segunda-feira";"11:30:00";"PR";116;39;"CAMPINA GRANDE DO SUL";"Velocidade Incompatível";"Capotamento";"Sem Vítimas";"Pleno dia";"Decrescente";"Garoa/Chuvisco";"Dupla";"Curva";"Não";4;0;0;0;4;0;0;1;-25,156168;-48,8613401;"SPRF-PR";"DEL01-PR";"UOP02-DEL01-PR"
254944;2019-12-09;"segunda-feira";"12:10:00";"ES";101;269;"SERRA";"Falta de Atenção à Condução";"Colisão transversal";"Com Vítimas Feridas";"Pleno dia";"Decrescente";"Nublado";"Múltipla";"Reta;Interseção de Vias";"Sim";2;0;0;1;1;0;1;2;-20,22191632;-40,2701506;"SPRF-ES";"DEL02-ES";"UOP01-DEL02-ES"
254945;2019-12-09;"segunda-feira";"11:50:00";"PR";369;17;"CAMBARA";"Desobediência às normas de trânsito pelo condutor";"Colisão transversal";"Com Vítimas Feridas";"Plena Noite";"Crescente";"Nublado";"Simples";"Interseção de Vias;Reta;Aclive";"Sim";2;0;0;1;1;0;1;2;-23,03346804;-50,05964935;"SPRF-PR";"DEL07-PR";"UOP05-DEL07-PR"
254948;2019-12-09;"segunda-feira";"10:50:00";"MT";163;25,1;"ITIQUIRA";"Ingestão de Álcool";"Saída de leito carroçável";"Com Vítimas Feridas";"Pleno dia";"Crescente";"Nublado";"Dupla";"Reta;Aclive";"Não";1;0;1;0;0;0;1;1;-17,29821999;-54,76331983;"SPRF-MT";"DEL02-MT";"DEL2/2-UOP02/MT"
254949;2019-12-09;"segunda-feira";"13:10:00";"SP";101;35,4;"UBATUBA";"Falta de Atenção à Condução";"Colisão transversal";"Com Vítimas Feridas";"Pleno dia";"Crescente";"Sol";"Simples";"Reta";"Sim";2;0;1;0;1;0;1;2;-23,39244374;-45,00823311;"SPRF-SP";"DEL06-SP";"UOP01-DEL06-SP"
254950;2019-12-09;"segunda-feira";"13:10:00";"SE";101;82;"LARANJEIRAS";"Falta de Atenção à Condução";"Saída de leito carroçável";"Com Vítimas Feridas";"Pleno dia";"Crescente";"Céu Claro";"Dupla";"Reta";"Não";1;0;1;0;0;0;1;1;-10,81787508;-37,13924106;"SPRF-SE";"DEL01-SE";"UOP01-DEL01-SE"
254951;2019-12-09;"segunda-feira";"07:00:00";"PI";135;506;"MONTE ALEGRE DO PIAUI";"Não guardar distância de segurança";"Colisão frontal";"Com Vítimas Fatais";"Pleno dia";"Decrescente";"Céu Claro";"Simples";"Reta";"Não";2;1;0;0;1;0;0;2;-9,76197013;-45,31008481;"SPRF-PI";"DEL03-PI";"UOP02-DEL03-PI"
254954;2019-12-09;"segunda-feira";"12:00:00";"PB";230;18,2;"JOAO PESSOA";"Velocidade Incompatível";"Colisão com objeto estático";"Com Vítimas Feridas";"Pleno dia";"Crescente";"Céu Claro";"Dupla";"Reta";"Sim";2;0;1;0;1;0;1;2;-7,1198;-34,8453;"SPRF-PB";"DEL01-PB";"UOP01-DEL01-PB"
254956;2019-12-09;"segunda-feira";"13:30:00";"SP";116;211,8;"GUARULHOS";"Defeito na Via";"Colisão com objeto estático";"Com Vítimas Feridas";"Pleno dia";"Crescente";"Nublado";"Múltipla";"Reta";"Não";1;0;1;0;0;0;1;1;-23,4324306;-46,4194352;"SPRF-SP";"DEL01-SP";"UOP01-DEL01-SP"
254957;2019-11-27;"quarta-feira";"07:20:00";"SC";101;353,5;"JAGUARUNA";"Falta de Atenção à Condução";"Saída de leito carroçável";"Com Vítimas Feridas";"Pleno dia";"Decrescente";"Nublado";"Dupla";"Reta";"Não";1;0;1;0;0;0;1;1;-28,61232036;-49,06197674;"SPRF-SC";"DEL02-SC";"UOP01-DEL02-SC"
254958;2019-12-09;"segunda-feira";"13:20:00";"PB";361;5,3;"PATOS";"Agressão Externa";"Queda de ocupante de veículo";"Com Vítimas Feridas";"Pleno dia";"Crescente";"Céu Claro";"Simples";"Reta";"Sim";1;0;1;0;0;0;1;1;-7,0342983;-37,30232718;"SPRF-PB";"DEL03-PB";"UOP01-DEL03-PB"
254961;2019-12-09;"segunda-feira";"13:10:00";"PR";376;666,1;"GUARATUBA";"Velocidade Incompatível";"Saída de leito carroçável";"Sem Vítimas";"Pleno dia";"Decrescente";"Garoa/Chuvisco";"Dupla";"Curva";"Não";1;0;0;0;1;0;0;1;-25,86037408;-48,95087256;"SPRF-PR";"DEL01-PR";"UOP04-DEL01-PR"
254962;2019-12-09;"segunda-feira";"12:20:00";"TO";226;39;"DARCINOPOLIS";"Falta de Atenção à Condução";"Colisão transversal";"Com Vítimas Feridas";"Pleno dia";"Crescente";"Nublado";"Simples";"Reta;Interseção de Vias";"Sim";2;0;1;0;1;0;1;2;-6,705505;-47,753178;"SPRF-TO";"DEL02-TO";"UOP03-DEL02-TO"
254964;2019-12-09;"segunda-feira";"13:30:00";"SP";116;446;"REGISTRO";"Velocidade Incompatível";"Capotamento";"Sem Vítimas";"Pleno dia";"Decrescente";"Chuva";"Dupla";"Ponte;Retorno Regulamentado";"Sim";1;0;0;0;1;0;0;1;-24,50467087;-47,84772743;"SPRF-SP";"DEL05-SP";"UOP01-DEL05-SP"
254966;2019-12-09;"segunda-feira";"04:40:00";"MA";222;288;"VITORIA DO MEARIM";"Falta de Atenção à Condução";"Colisão frontal";"Com Vítimas Feridas";"Amanhecer";"Decrescente";"Céu Claro";"Dupla";"Reta";"Não";2;0;1;0;0;1;1;2;-3,4523368;-44,85461354;"SPRF-MA";"DEL02-MA";"UI04-DEL02-MA"
254968;2019-12-09;"segunda-feira";"14:10:00";"RJ";393;181,7;"PARAIBA DO SUL";"Ingestão de Álcool";"Queda de ocupante de veículo";"Com Vítimas Feridas";"Pleno dia";"Decrescente";"Céu Claro";"Simples";"Curva";"Sim";1;0;1;0;0;0;1;1;-22,13626025;-43,25137178;"SPRF-RJ";"DEL05-RJ";"UOP03-DEL05-RJ"
254970;2019-11-23;"sábado";"22:30:00";"MG";381;520;"IGARAPE";"Não guardar distância de segurança";"Colisão lateral";"Com Vítimas Feridas";"Plena Noite";"Decrescente";"Nublado";"Dupla";"Reta";"Não";3;0;1;0;2;0;1;2;-20,11117223;-44,31118727;"SPRF-MG";"DEL01-MG";"UOP03-DEL01-MG"
254973;2019-12-09;"segunda-feira";"14:45:00";"SP";153;56;"SAO JOSE DO RIO PRETO";"Pista Escorregadia";"Tombamento";"Com Vítimas Feridas";"Pleno dia";"Crescente";"Chuva";"Simples";"Rotatória;Desvio Temporário;Em Obras";"Sim";2;0;2;0;0;0;2;1;-20,7615601;-49,34622278;"SPRF-SP";"DEL09-SP";"UOP01-DEL09-SP"
254976;2019-12-09;"segunda-feira";"11:30:00";"SP";381;82,6;"SAO PAULO";"Mal Súbito";"Colisão traseira";"Com Vítimas Feridas";"Pleno dia";"Crescente";"Chuva";"Dupla";"Reta";"Não";2;0;1;0;1;0;1;2;-23,42399;-46,575112;"SPRF-SP";"DEL03-SP";"UOP01-DEL03-SP"
254978;2019-12-09;"segunda-feira";"09:15:00";"MG";116;578,5;"MANHUACU";"Falta de Atenção à Condução";"Tombamento";"Com Vítimas Feridas";"Pleno dia";"Decrescente";"Céu Claro";"Simples";"Curva";"Não";2;0;2;0;0;0;2;1;-20,16757831;-42,1884656;"SPRF-MG";"DEL06-MG";"UOP03-DEL06-MG"
254979;2019-12-09;"segunda-feira";"15:50:00";"GO";153;638,9;"MORRINHOS";"Defeito Mecânico no Veículo";"Saída de leito carroçável";"Com Vítimas Feridas";"Pleno dia";"Crescente";"Nublado";"Dupla";"Reta";"Não";2;0;1;0;1;0;1;1;-17,8627;-49,2241;"SPRF-GO";"DEL03-GO";"UOP01-DEL03-GO"
254981;2019-12-09;"segunda-feira";"16:25:00";"RS";116;529;"CAPAO DO LEAO";"Desobediência às normas de trânsito pelo condutor";"Colisão transversal";"Com Vítimas Feridas";"Pleno dia";"Crescente";"Sol";"Simples";"Retorno Regulamentado";"Sim";4;0;3;0;1;0;3;2;-31,75446042;-52,42803583;"SPRF-RS";"DEL07-RS";"UOP01-DEL07-RS"
254982;2019-12-09;"segunda-feira";"16:15:00";"RS";116;155,7;"CAXIAS DO SUL";"Não guardar distância de segurança";"Colisão traseira";"Com Vítimas Feridas";"Pleno dia";"Decrescente";"Sol";"Múltipla";"Reta";"Sim";2;0;0;1;1;0;1;2;-29,19873129;-51,17629631;"SPRF-RS";"DEL05-RS";"UOP01-DEL05-RS"
254983;2019-12-09;"segunda-feira";"16:20:00";"RS";392;67;"PELOTAS";"Desobediência às normas de trânsito pelo condutor";"Colisão transversal";"Com Vítimas Feridas";"Pleno dia";"Crescente";"Sol";"Simples";"Rotatória;Em Obras";"Sim";1;0;1;0;0;0;1;1;-31,75709532;-52,39980728;"SPRF-RS";"DEL07-RS";"UOP01-DEL07-RS"
254984;2019-12-09;"segunda-feira";"15:40:00";"MG";381;503;"BETIM";"Falta de Atenção à Condução";"Colisão com objeto estático";"Com Vítimas Feridas";"Pleno dia";"Decrescente";"Chuva";"Dupla";"Declive;Curva";"Sim";1;0;1;0;0;0;1;1;-20,02605658;-44,23156857;"SPRF-MG";"DEL01-MG";"UOP03-DEL01-MG"
254985;2019-12-09;"segunda-feira";"15:44:00";"SP";381;54;"MAIRIPORA";"Velocidade Incompatível";"Colisão com objeto estático";"Com Vítimas Feridas";"Pleno dia";"Decrescente";"Chuva";"Dupla";"Curva;Declive";"Sim";1;0;0;1;0;0;1;1;-23,2449074;-46,59562343;"SPRF-SP";"DEL03-SP";"UOP01-DEL03-SP"
254988;2019-12-09;"segunda-feira";"16:50:00";"DF";40;1,2;"BRASILIA";"Falta de Atenção à Condução";"Colisão traseira";"Com Vítimas Feridas";"Pleno dia";"Crescente";"Nublado";"Dupla";"Reta";"Não";5;0;1;0;4;0;1;4;-15,985532;-47,987747;"SPRF-DF";"DEL01-DF";"UOP01-DEL01-DF"
254990;2019-12-09;"segunda-feira";"16:50:00";"SP";116;224;"GUARULHOS";"Falta de Atenção do Pedestre";"Colisão traseira";"Com Vítimas Feridas";"Pleno dia";"Decrescente";"Nublado";"Múltipla";"Reta";"Não";2;0;1;0;1;0;1;2;-23,48071896;-46,53271603;"SPRF-SP";"DEL01-SP";"UOP01-DEL01-SP"
254991;2019-12-09;"segunda-feira";"16:40:00";"MG";40;580,1;"ITABIRITO";"Avarias e/ou desgaste excessivo no pneu";"Saída de leito carroçável";"Com Vítimas Feridas";"Pleno dia";"Decrescente";"Chuva";"Dupla";"Curva";"Não";2;0;2;0;0;0;2;1;-20,29439498;-43,93886497;"SPRF-MG";"DEL01-MG";"UOP02-DEL01-MG"
254993;2019-12-09;"segunda-feira";"17:30:00";"PE";232;7;"RECIFE";"Falta de Atenção à Condução";"Colisão traseira";"Com Vítimas Feridas";"Plena Noite";"Crescente";"Céu Claro";"Dupla";"Reta";"Sim";2;0;1;0;1;0;1;2;-8,07333497;-34,96184301;"SPRF-PE";"DEL01-PE";"UOP01-DEL01-PE"
254994;2019-12-09;"segunda-feira";"15:55:00";"RO";364;539,5;"RIO CRESPO";"Defeito Mecânico no Veículo";"Colisão com objeto estático";"Com Vítimas Feridas";"Pleno dia";"Crescente";"Céu Claro";"Simples";"Reta";"Não";2;0;2;0;0;0;2;1;-9,7318339;-63,11276976;"SPRF-RO";"DEL03-RO";"UOP01-DEL03-RO"
254995;2019-12-09;"segunda-feira";"16:45:00";"RJ";493;110;"ITAGUAI";"Condutor Dormindo";"Queda de ocupante de veículo";"Com Vítimas Feridas";"Pleno dia";"Crescente";"Céu Claro";"Dupla";"Reta";"Não";1;0;1;0;0;0;1;1;-22,80473;-43,79268;"SPRF-RJ";"DEL03-RJ";"UOP01-DEL03-RJ"