"id";"data_inversa";"dia_semana";"horario";"uf";"br";"km";"municipio";"causa_acidente";"tipo_acidente";"classificacao_acidente";"fase_dia";"sentido_via";"condicao_metereologica";"tipo_pista";"tracado_via";"uso_solo";"pessoas";"mortos";"feridos_leves";"feridos_graves";"ilesos";"ignorados";"feridos";"veiculos";"latitude";"longitude";"regional";"delegacia";"uop"
254996;2019-12-09;"segunda-feira";"16:50:00";"BA";324;513,6;"FEIRA DE SANTANA";"Desobediência às normas de trânsito pelo condutor";"Colisão transversal";"Com Vítimas Feridas";"Pleno dia";"Crescente";"Céu Claro";"Simples";"Interseção de Vias";"Sim";3;0;1;0;2;0;1;3;-12,23168794;-38,95573608;"SPRF-BA";"DEL02-BA";"UOP01-DEL02-BA"
254999;2019-12-09;"segunda-feira";"17:25:00";"SC";282;17;"PALHOCA";"Falta de Atenção à Condução";"Tombamento";"Com Vítimas Feridas";"Pleno dia";"Crescente";"Céu Claro";"Simples";"Reta";"Sim";1;0;1;0;0;0;1;1;-27,665707;-48,688065;"SPRF-SC";"DEL01-SC";"UOP02-DEL01-SC"
255000;2019-12-09;"segunda-feira";"18:00:00";"RJ";40;79;"PETROPOLIS";"Falta de Atenção à Condução";"Colisão com objeto estático";"Com Vítimas Feridas";"Pleno dia";"Crescente";"Céu Claro";"Dupla";"Curva";"Não";5;0;4;1;0;0;5;1;-22,49130098;-43,22294163;"SPRF-RJ";"DEL06-RJ";"UOP01-DEL06-RJ"
255002;2019-12-09;"segunda-feira";"17:40:00";"BA";324;623;"SALVADOR";"Falta de Atenção à Condução";"Queda de ocupante de veículo";"Com Vítimas Feridas";"Pleno dia";"Decrescente";"Céu Claro";"Dupla";"Reta";"Sim";2;0;1;0;0;1;1;1;-12,92628699;-38,46838679;"SPRF-BA";"DEL01-BA";"UOP01-DEL01-BA"
255003;2019-12-09;"segunda-feira";"18:05:00";"PE";101;31,3;"IGARASSU";"Não guardar distância de segurança";"Colisão traseira";"Com Vítimas Feridas";"Pleno dia";"Decrescente";"Céu Claro";"Dupla";"Reta";"Sim";8;0;4;0;4;0;4;5;-7,74443874;-34,93872764;"SPRF-PE";"DEL01-PE";"UOP02-DEL01-PE"
255004;2019-12-09;"segunda-feira";"18:05:00";"SP";101;50,2;"UBATUBA";"Falta de Atenção à Condução";"Colisão transversal";"Com Vítimas Feridas";"Pleno dia";"Decrescente";"Nublado";"Simples";"Reta";"Sim";2;0;2;0;0;0;2;2;-23,45018939;-45,07743735;"SPRF-SP";"DEL06-SP";"UOP01-DEL06-SP"
255006;2019-12-09;"segunda-feira";"17:30:00";"RN";226;333,8;"PATU";"Defeito na Via";"Capotamento";"Com Vítimas Fatais";"Pleno dia";"Crescente";"Céu Claro";"Simples";"Reta";"Não";2;2;0;0;0;0;0;1;-6,09323875;-37,59723313;"SPRF-RN";"DEL04-RN";"UOP01-DEL04-RN"
255007;2019-12-09;"segunda-feira";"17:40:00";"SC";101;358;"SANGAO";"Falta de Atenção à Condução";"Colisão lateral";"Com Vítimas Feridas";"Pleno dia";"Crescente";"Céu Claro";"Simples";"Reta";"Não";2;0;2;0;0;0;2;2;-28,642765;-49,100403;"SPRF-SC";"DEL02-SC";"UOP01-DEL02-SC"
255008;2019-12-09;"segunda-feira";"17:40:00";"PR";0;0;"CURITIBA";"Falta de Atenção à Condução";"Colisão lateral";"Com Vítimas Feridas";"Pleno dia";"Não Informado";"Nublado";"Múltipla";"Reta";"Sim";3;0;1;0;1;1;1;3;-25,47707284;-49,24432755;"SPRF-PR";"DEL01-PR";"UOP02-DEL01-PR"
255009;2019-12-09;"segunda-feira";"18:45:00";"RJ";40;116;"DUQUE DE CAXIAS";"Não guardar distância de segurança";"Tombamento";"Com Vítimas Feridas";"Plena Noite";"Decrescente";"Garoa/Chuvisco";"Dupla";"Reta";"Não";1;0;1;0;0;0;1;1;-22,73662299;-43,28858785;"SPRF-RJ";"DEL01-RJ";"UOP01-DEL01-RJ"
255010;2019-12-09;"segunda-feira";"19:00:00";"RJ";393;284;"VOLTA REDONDA";"Não guardar distância de segurança";"Colisão traseira";"Com Vítimas Feridas";"Anoitecer";"Decrescente";"Garoa/Chuvisco";"Simples";"Reta";"Sim";3;0;1;0;2;0;1;2;-22,47341979;-44,05990606;"SPRF-RJ";"DEL05-RJ";"UOP04-DEL05-RJ"
255012;2019-12-09;"segunda-feira";"17:30:00";"MG";40;527,5;"CONTAGEM";"Velocidade Incompatível";"Saída de leito carroçável";"Sem Vítimas";"Anoitecer";"Crescente";"Chuva";"Simples";"Declive;Curva";"Sim";1;0;0;0;1;0;0;1;-19,90571425;-44,04784799;"SPRF-MG";"DEL01-MG";"UOP02-DEL01-MG"
255014;2019-12-09;"segunda-feira";"11:45:00";"BA";116;620,2;"JAGUAQUARA";"Falta de Atenção à Condução";"Saída de leito carroçável";"Com Vítimas Feridas";"Pleno dia";"Crescente";"Sol";"Simples";"Reta";"Não";4;0;3;0;0;1;3;2;-13,36571005;-40,01844065;"SPRF-BA";"DEL03-BA";"UOP01-DEL03-BA"
255015;2019-12-09;"segunda-feira";"16:00:00";"BA";116;616,7;"JAGUAQUARA";"Falta de Atenção à Condução";"Saída de leito carroçável";"Com Vítimas Feridas";"Pleno dia";"Crescente";"Sol";"Simples";"Reta";"Não";3;0;1;1;0;1;2;2;-13,33684331;-40,01667023;"SPRF-BA";"DEL03-BA";"UOP01-DEL03-BA"
255016;2019-12-09;"segunda-feira";"16:00:00";"MA";222;270;"ARARI";"Falta de Atenção à Condução";"Colisão com objeto estático";"Com Vítimas Feridas";"Pleno dia";"Decrescente";"Nublado";"Simples";"Reta";"Não";3;0;3;0;0;0;3;1;-3,4624386;-44,77617568;"SPRF-MA";"DEL01-MA";"UOP02-DEL01-MA"
255017;2019-12-09;"segunda-feira";"19:28:00";"SC";282;16;"PALHOCA";"Agressão Externa";"Colisão com objeto em movimento";"Sem Vítimas";"Anoitecer";"Decrescente";"Céu Claro";"Simples";"Reta";"Sim";1;0;0;0;1;0;0;1;-27,658611;-48,681847;"SPRF-SC";"DEL01-SC";"UOP02-DEL01-SC"
255018;2019-12-09;"segunda-feira";"19:55:00";"MG";381;153,5;"GOVERNADOR VALADARES";"Defeito na Via";"Queda de ocupante de veículo";"Com Vítimas Feridas";"Plena Noite";"Crescente";"Nublado";"Simples";"Curva;Aclive";"Sim";1;0;1;0;0;0;1;1;-18,88190287;-41,99497022;"SPRF-MG";"DEL06-MG";"UOP01-DEL06-MG"
255022;2019-12-09;"segunda-feira";"17:50:00";"RJ";101;483;"ANGRA DOS REIS";"Falta de Atenção à Condução";"Colisão lateral";"Com Vítimas Feridas";"Anoitecer";"Crescente";"Nublado";"Simples";"Aclive";"Não";3;0;0;1;2;0;1;2;-22,99719001;-44,30136205;"SPRF-RJ";"DEL03-RJ";"UOP03-DEL03-RJ"
255023;2019-12-09;"segunda-feira";"19:10:00";"RJ";116;317,8;"ITATIAIA";"Desobediência às normas de trânsito pelo condutor";"Colisão transversal";"Com Vítimas Feridas";"Plena Noite";"Decrescente";"Nublado";"Múltipla";"Curva";"Sim";2;0;1;0;1;0;1;2;-22,46708478;-44,50067002;"SPRF-RJ";"DEL07-RJ";"DEL5/7-UOP03/RJ"
255026;2019-12-09;"segunda-feira";"19:45:00";"RO";364;342;"JI-PARANA";"Defeito Mecânico no Veículo";"Engavetamento";"Com Vítimas Feridas";"Plena Noite";"Crescente";"Chuva";"Dupla";"Reta";"Não";3;0;0;1;2;0;1;3;-10,88381227;-61,93741416;"SPRF-RO";"DEL02-RO";"UOP01-DEL02-RO"
255027;2019-12-09;"segunda-feira";"20:45:00";"SP";116;295,8;"ITAPECERICA DA SERRA";"Condutor Dormindo";"Colisão com objeto estático";"Com Vítimas Feridas";"Plena Noite";"Crescente";"Nublado";"Dupla";"Reta";"Não";1;0;1;0;0;0;1;1;-23,76855719;-46,90957373;"SPRF-SP";"DEL04-SP";"UOP01-DEL04-SP"
255028;2019-12-09;"segunda-feira";"19:50:00";"MS";163;276;"DOURADOS";"Velocidade Incompatível";"Colisão traseira";"Com Vítimas Feridas";"Plena Noite";"Crescente";"Nublado";"Dupla";"Reta";"Não";2;0;1;0;1;0;1;2;-22,16094591;-54,64879607;"SPRF-MS";"DEL04-MS";"UOP01-DEL04-MS"
255030;2019-12-09;"segunda-feira";"19:30:00";"MG";381;265;"TIMOTEO";"Desobediência às normas de trânsito pelo condutor";"Colisão frontal";"Com Vítimas Fatais";"Plena Noite";"Crescente";"Céu Claro";"Simples";"Reta";"Não";3;1;0;2;0;0;2;2;-19,52569913;-42,66364497;"SPRF-MG";"DEL03-MG";"UOP02-DEL03-MG"
255031;2019-12-09;"segunda-feira";"18:20:00";"SC";282;221;"LAGES";"Não guardar distância de segurança";"Queda de ocupante de veículo";"Com Vítimas Feridas";"Pleno dia";"Decrescente";"Céu Claro";"Simples";"Reta";"Sim";2;0;1;0;1;0;1;2;-27,796358;-50,343426;"SPRF-SC";"DEL05-SC";"UOP01-DEL05-SC"
255032;2019-12-09;"segunda-feira";"17:30:00";"MT";70;731,2;"CACERES";"Falta de Atenção à Condução";"Colisão transversal";"Com Vítimas Feridas";"Anoitecer";"Decrescente";"Nublado";"Simples";"Reta;Interseção de Vias";"Sim";2;0;1;0;1;0;1;2;-16,09658912;-57,67856991;"SPRF-MT";"DEL03-MT";"UOP01-DEL03-MT"
255033;2019-12-09;"segunda-feira";"19:30:00";"RN";427;99,1;"CAICO";"Falta de Atenção à Condução";"Colisão transversal";"Com Vítimas Feridas";"Plena Noite";"Crescente";"Céu Claro";"Simples";"Reta";"Sim";2;0;1;1;0;0;2;2;-6,45976693;-37,10010236;"SPRF-RN";"DEL03-RN";"UOP01-DEL03-RN"
255036;2019-12-09;"segunda-feira";"20:50:00";"RJ";101;312;"SAO GONCALO";"Ingestão de Álcool";"Colisão traseira";"Com Vítimas Feridas";"Plena Noite";"Decrescente";"Nublado";"Dupla";"Reta";"Sim";2;0;1;0;1;0;1;2;-22,80546555;-43,06156967;"SPRF-RJ";"DEL02-RJ";"UOP02-DEL02-RJ"
255037;2019-12-09;"segunda-feira";"22:30:00";"SP";116;230;"SAO PAULO";"Desobediência às normas de trânsito pelo pedestre";"Atropelamento de Pedestre";"Com Vítimas Feridas";"Plena Noite";"Decrescente";"Céu Claro";"Múltipla";"Reta";"Sim";2;0;0;1;1;0;1;2;-23,52251783;-46,5855702;"SPRF-SP";"DEL01-SP";"UOP01-DEL01-SP"
255038;2019-12-09;"segunda-feira";"15:45:00";"SC";280;23,5;"ARAQUARI";"Desobediência às normas de trânsito pelo condutor";"Colisão frontal";"Com Vítimas Feridas";"Pleno dia";"Decrescente";"Nublado";"Simples";"Reta";"Sim";3;0;2;0;1;0;2;2;-26,37676559;-48,71893644;"SPRF-SC";"DEL03-SC";"UOP03-DEL03-SC"
255042;2019-12-09;"segunda-feira";"18:50:00";"CE";20;407;"CAUCAIA";"Restrição de Visibilidade";"Tombamento";"Com Vítimas Feridas";"Plena Noite";"Decrescente";"Céu Claro";"Dupla";"Reta";"Não";1;0;0;1;0;0;1;1;-3,77215263;-38,66253421;"SPRF-CE";"DEL01-CE";"UOP01-DEL01-CE"
255043;2019-12-09;"segunda-feira";"19:10:00";"RJ";493;0,2;"ITABORAI";"Desobediência às normas de trânsito pelo condutor";"Colisão frontal";"Com Vítimas Feridas";"Plena Noite";"Crescente";"Nublado";"Simples";"Reta";"Sim";3;0;0;2;1;0;2;2;-22,76900496;-42,92249149;"SPRF-RJ";"DEL02-RJ";"UOP02-DEL02-RJ"
255044;2019-12-09;"segunda-feira";"22:30:00";"SP";381;59;"MAIRIPORA";"Falta de Atenção à Condução";"Tombamento";"Com Vítimas Feridas";"Plena Noite";"Crescente";"Céu Claro";"Múltipla";"Reta";"Sim";1;0;0;1;0;0;1;1;-23,27979068;-46,58644891;"SPRF-SP";"DEL03-SP";"UOP01-DEL03-SP"
255046;2019-12-08;"domingo";"04:30:00";"RS";116;521,1;"PELOTAS";"Falta de Atenção à Condução";"Colisão com objeto estático";"Sem Vítimas";"Plena Noite";"Decrescente";"Céu Claro";"Simples";"Reta";"Não";1;0;0;0;1;0;0;1;-31,70752405;-52,36800695;"SPRF-RS";"DEL07-RS";"UOP01-DEL07-RS"
255047;2019-12-09;"segunda-feira";"22:40:00";"MG";153;15,2;"CENTRALINA";"Falta de Atenção à Condução";"Colisão traseira";"Com Vítimas Fatais";"Plena Noite";"Decrescente";"Chuva";"Dupla";"Declive;Reta";"Não";2;1;0;0;1;0;0;2;-18,551305;-49,19396;"SPRF-MG";"DEL15-MG";"UOP03-DEL15-MG"
255048;2019-12-09;"segunda-feira";"18:15:00";"RS";290;379,7;"VILA NOVA DO SUL";"Defeito Mecânico no Veículo";"Colisão transversal";"Com Vítimas Feridas";"Pleno dia";"Decrescente";"Céu Claro";"Simples";"Reta";"Não";3;0;0;1;0;2;1;3;-30,353289;-53,945038;"SPRF-RS";"DEL09-RS";"UOP02-DEL09-RS"
255050;2019-12-09;"segunda-feira";"23:25:00";"RS";158;565,7;"SANTANA DO LIVRAMENTO";"Desobediência às normas de trânsito pelo condutor";"Colisão transversal";"Com Vítimas Feridas";"Plena Noite";"Crescente";"Céu Claro";"Simples";"Interseção de Vias";"Sim";2;0;0;1;1;0;1;2;-30,87670276;-55,51069736;"SPRF-RS";"DEL11-RS";"UOP01-DEL11-RS"
255052;2019-12-09;"segunda-feira";"19:40:00";"GO";452;173,2;"ITUMBIARA";"Defeito Mecânico no Veículo";"Saída de leito carroçável";"Com Vítimas Feridas";"Plena Noite";"Decrescente";"Chuva";"Simples";"Aclive";"Não";2;0;2;0;0;0;2;1;-18,34558398;-49,403355;"SPRF-GO";"DEL03-GO";"UOP02-DEL03-GO"
255054;2019-12-09;"segunda-feira";"23:50:00";"PI";20;358,2;"MONSENHOR HIPOLITO";"Falta de Atenção à Condução";"Colisão frontal";"Com Vítimas Fatais";"Plena Noite";"Decrescente";"Céu Claro";"Simples";"Reta";"Não";3;1;0;0;2;0;0;2;-6,84924512;-41,06473586;"SPRF-PI";"DEL04-PI";"UOP01-DEL04-PI"
255055;2019-12-10;"terça-feira";"00:54:00";"RJ";40;108;"DUQUE DE CAXIAS";"Pista Escorregadia";"Queda de ocupante de veículo";"Com Vítimas Feridas";"Plena Noite";"Decrescente";"Garoa/Chuvisco";"Múltipla";"Curva";"Sim";2;0;2;0;0;0;2;1;-22,67216949;-43,28550518;"SPRF-RJ";"DEL01-RJ";"UOP01-DEL01-RJ"
255056;2019-12-09;"segunda-feira";"21:45:00";"SP";116;70;"APARECIDA";"Falta de Atenção à Condução";"Colisão lateral";"Sem Vítimas";"Plena Noite";"Crescente";"Nublado";"Dupla";"Reta";"Sim";1;0;0;0;1;0;0;1;-22,84852898;-45,22705084;"SPRF-SP";"DEL08-SP";"UOP01-DEL08-SP"
255057;2019-12-09;"segunda-feira";"23:10:00";"PR";277;729;"FOZ DO IGUACU";"Restrição de Visibilidade";"Colisão transversal";"Com Vítimas Feridas";"Plena Noite";"Decrescente";"Céu Claro";"Dupla";"Retorno Regulamentado";"Sim";4;0;0;1;3;0;1;2;-25,50749887;-54,58379896;"SPRF-PR";"DEL05-PR";"UOP03-DEL05-PR"
255058;2019-12-10;"terça-feira";"00:50:00";"GO";60;135;"GOIANIA";"Condutor Dormindo";"Saída de leito carroçável";"Com Vítimas Feridas";"Plena Noite";"Crescente";"Céu Claro";"Dupla";"Curva";"Não";1;0;0;1;0;0;1;1;-16,589;-49,1945;"SPRF-GO";"DEL01-GO";"UOP01-DEL01-GO"
255061;2019-12-10;"terça-feira";"01:40:00";"SC";282;2,7;"SAO JOSE";"Desobediência às normas de trânsito pelo pedestre";"Atropelamento de Pedestre";"Com Vítimas Fatais";"Plena Noite";"Crescente";"Céu Claro";"Dupla";"Reta";"Não";2;1;0;0;1;0;0;2;-27,603289;-48,590416;"SPRF-SC";"DEL01-SC";"UOP01-DEL01-SC"
255064;2019-12-09;"segunda-feira";"23:37:00";"PR";277;661;"MATELANDIA";"Velocidade Incompatível";"Saída de leito carroçável";"Com Vítimas Feridas";"Plena Noite";"Decrescente";"Céu Claro";"Dupla";"Reta";"Não";2;0;1;0;0;1;1;1;-25,25275526;-53,99939905;"SPRF-PR";"DEL05-PR";"UOP02-DEL05-PR"
255065;2019-12-09;"segunda-feira";"17:55:00";"RS";158;251;"JULIO DE CASTILHOS";"Falta de Atenção à Condução";"Saída de leito carroçável";"Com Vítimas Feridas";"Pleno dia";"Decrescente";"Céu Claro";"Simples";"Curva";"Não";1;0;1;0;0;0;1;1;-29,12788398;-53,64938818;"SPRF-RS";"DEL10-RS";"UOP02-DEL10-RS"
255066;2019-12-09;"segunda-feira";"21:55:00";"RN";226;6;"NATAL";"Desobediência às normas de trânsito pelo condutor";"Colisão lateral";"Sem Vítimas";"Plena Noite";"Decrescente";"Céu Claro";"Simples";"Reta";"Sim";2;0;0;0;2;0;0;2;-5,82099198;-35,27688801;"SPRF-RN";"DEL01-RN";"UOP02-DEL01-RN"
255067;2019-12-10;"terça-feira";"06:05:00";"SE";101;89;"NOSSA SENHORA DO SOCORRO";"Pista Escorregadia";"Tombamento";"Com Vítimas Feridas";"Pleno dia";"Decrescente";"Nublado";"Dupla";"Viaduto";"Não";1;0;1;0;0;0;1;1;-10,88051024;-37,13355535;"SPRF-SE";"DEL01-SE";"UOP01-DEL01-SE"
255071;2019-12-10;"terça-feira";"06:10:00";"PR";116;67;"CAMPINA GRANDE DO SUL";"Condutor Dormindo";"Saída de leito carroçável";"Com Vítimas Feridas";"Amanhecer";"Crescente";"Chuva";"Dupla";"Curva";"Não";2;0;1;0;1;0;1;1;-25,31679789;-49,01854527;"SPRF-PR";"DEL01-PR";"UOP01-DEL01-PR"
255072;2019-12-10;"terça-feira";"06:30:00";"MG";365;451;"GUIMARANIA";"Falta de Atenção à Condução";"Capotamento";"Com Vítimas Feridas";"Pleno dia";"Decrescente";"Céu Claro";"Simples";"Reta";"Não";1;0;0;1;0;0;1;1;-18,83594238;-46,83646889;"SPRF-MG";"DEL10-MG";"UOP01-DEL10-MG"
255078;2019-12-10;"terça-feira";"05:50:00";"DF";60;5;"BRASILIA";"Agressão Externa";"Queda de ocupante de veículo";"Com Vítimas Feridas";"Amanhecer";"Crescente";"Céu Claro";"Dupla";"Reta";"Sim";1;0;1;0;0;0;1;1;-15,895438;-48,104771;"SPRF-DF";"DEL01-DF";"UOP01-DEL03-DF"
255081;2019-12-10;"terça-feira";"06:00:00";"DF";60;25;"BRASILIA";"Falta de Atenção à Condução";"Saída de leito carroçável";"Com Vítimas Feridas";"Amanhecer";"Crescente";"Céu Claro";"Simples";"Reta";"Não";1;0;1;0;0;0;1;1;-15,996379;-48,240028;"SPRF-DF";"DEL01-DF";"UOP01-DEL03-DF"
255084;2019-12-10;"terça-feira";"07:20:00";"SC";101;197;"BIGUACU";"Falta de Atenção à Condução";"Tombamento";"Com Vítimas Feridas";"Pleno dia";"Crescente";"Céu Claro";"Dupla";"Reta";"Sim";1;0;1;0;0;0;1;1;-27,51844497;-48,63848496;"SPRF-SC";"DEL01-SC";"UOP01-DEL01-SC"
255086;2019-12-10;"terça-feira";"07:45:00";"SC";282;223,3;"LAGES";"Falta de Atenção à Condução";"Colisão transversal";"Com Vítimas Feridas";"Pleno dia";"Decrescente";"Céu Claro";"Simples";"Interseção de Vias";"Sim";2;0;1;0;1;0;1;2;-27,79983032;-50,36109209;"SPRF-SC";"DEL05-SC";"UOP02-DEL05-SC"
255088;2019-12-10;"terça-feira";"07:40:00";"MG";381;531,3;"ITATIAIUCU";"Velocidade Incompatível";"Capotamento";"Com Vítimas Feridas";"Pleno dia";"Crescente";"Garoa/Chuvisco";"Dupla";"Curva";"Não";2;0;2;0;0;0;2;1;-20,18182886;-44,37895835;"SPRF-MG";"DEL04-MG";"UOP03-DEL04-MG"
255090;2019-12-10;"terça-feira";"07:50:00";"RN";304;49;"MOSSORO";"Desobediência às normas de trânsito pelo condutor";"Colisão lateral";"Com Vítimas Feridas";"Pleno dia";"Crescente";"Sol";"Simples";"Reta";"Sim";2;0;1;0;1;0;1;2;-5,236461;-37,317505;"SPRF-RN";"DEL04-RN";"UOP01-DEL04-RN"
255091;2019-12-10;"terça-feira";"08:00:00";"SC";470;49;"BLUMENAU";"Falta de Atenção à Condução";"Tombamento";"Com Vítimas Feridas";"Pleno dia";"Crescente";"Céu Claro";"Simples";"Reta";"Não";2;0;2;0;0;0;2;1;-26,860662;-49,065159;"SPRF-SC";"DEL04-SC";"UOP01-DEL04-SC"
255093;2019-12-10;"terça-feira";"07:50:00";"RS";290;88,9;"PORTO ALEGRE";"Não guardar distância de segurança";"Engavetamento";"Com Vítimas Feridas";"Pleno dia";"Crescente";"Céu Claro";"Dupla";"Reta";"Não";4;0;1;0;3;0;1;4;-29,967531;-51,137264;"SPRF-RS";"DEL01-RS";"UOP01-DEL01-RS"
255094;2019-12-10;"terça-feira";"08:25:00";"PR";376;2,8;"APUCARANA";"Falta de Atenção à Condução";"Colisão transversal";"Com Vítimas Feridas";"Pleno dia";"Decrescente";"Nublado";"Simples";"Reta";"Sim";3;0;2;0;1;0;2;2;-23,56164211;-51,4345175;"SPRF-PR";"DEL07-PR";"UOP03-DEL07-PR"
255095;2019-12-10;"terça-feira";"07:55:00";"PR";369;155;"LONDRINA";"Não guardar distância de segurança";"Colisão traseira";"Com Vítimas Feridas";"Pleno dia";"Decrescente";"Nublado";"Dupla";"Reta";"Sim";2;0;1;0;1;0;1;2;-23,295583;-51,208869;"SPRF-PR";"DEL07-PR";"UOP01-DEL07-PR"
255096;2019-12-10;"terça-feira";"07:50:00";"PI";343;320;"TERESINA";"Defeito Mecânico no Veículo";"Tombamento";"Com Vítimas Feridas";"Pleno dia";"Crescente";"Céu Claro";"Simples";"Curva";"Não";2;0;1;0;1;0;1;1;-5,048756;-42,569283;"SPRF-PI";"DEL01-PI";"UOP01-DEL01-PI"
255097;2019-12-10;"terça-feira";"07:15:00";"BA";324;514;"FEIRA DE SANTANA";"Não guardar distância de segurança";"Colisão traseira";"Com Vítimas Feridas";"Pleno dia";"Crescente";"Céu Claro";"Simples";"Reta";"Sim";3;0;1;1;1;0;2;2;-12,23441635;-38,94573927;"SPRF-BA";"DEL02-BA";"UOP01-DEL02-BA"
255098;2019-12-10;"terça-feira";"07:00:00";"MA";135;10;"SAO LUIS";"Desobediência às normas de trânsito pelo condutor";"Colisão transversal";"Com Vítimas Feridas";"Pleno dia";"Decrescente";"Céu Claro";"Dupla";"Reta";"Sim";3;0;2;0;1;0;2;2;-2,655912;-44,28629098;"SPRF-MA";"DEL01-MA";"UOP01-DEL01-MA"
255099;2019-12-10;"terça-feira";"08:36:00";"PR";116;121;"CURITIBA";"Falta de Atenção à Condução";"Colisão lateral";"Com Vítimas Feridas";"Pleno dia";"Decrescente";"Céu Claro";"Dupla";"Reta";"Sim";2;0;1;0;1;0;1;2;-25,5599323;-49,30743945;"SPRF-PR";"DEL01-PR";"UOP03-DEL01-PR"
255101;2019-12-10;"terça-feira";"07:40:00";"MG";40;179,8;"JOAO PINHEIRO";"Pista Escorregadia";"Saída de leito carroçável";"Com Vítimas Feridas";"Pleno dia";"Decrescente";"Chuva";"Simples";"Reta";"Não";5;0;2;0;3;0;2;1;-17,96722202;-45,989468;"SPRF-MG";"DEL14-MG";"UOP02-DEL14-MG"
255102;2019-12-09;"segunda-feira";"18:00:00";"PA";163;360;"NOVO PROGRESSO";"Falta de Atenção à Condução";"Saída de leito carroçável";"Com Vítimas Feridas";"Anoitecer";"Decrescente";"Chuva";"Simples";"Reta";"Não";3;0;2;1;0;0;3;1;-6,622365;-55,502227;"SPRF-PA";"DEL05-PA";"UOP01-DEL05-PA"
255103;2019-11-20;"quarta-feira";"13:00:00";"PE";428;45,4;"OROCO";"Falta de Atenção à Condução";"Saída de leito carroçável";"Com Vítimas Feridas";"Pleno dia";"Crescente";"Céu Claro";"Simples";"Reta";"Não";1;0;1;0;0;0;1;1;-8,59121713;-39,59013776;"SPRF-PE";"DEL05-PE";"UOP03-DEL05-PE"
255104;2019-12-10;"terça-feira";"08:00:00";"SP";116;210;"GUARULHOS";"Falta de Atenção à Condução";"Queda de ocupante de veículo";"Com Vítimas Feridas";"Pleno dia";"Crescente";"Sol";"Múltipla";"Reta";"Não";2;0;1;0;1;0;1;2;-23,42870023;-46,41085991;"SPRF-SP";"DEL01-SP";"UOP01-DEL01-SP"
255107;2019-12-10;"terça-feira";"08:40:00";"MG";381;744,4;"TRES CORACOES";"Velocidade Incompatível";"Colisão com objeto estático";"Com Vítimas Feridas";"Pleno dia";"Decrescente";"Chuva";"Dupla";"Curva";"Não";1;0;1;0;0;0;1;1;-21,61962229;-45,24622209;"SPRF-MG";"DEL16-MG";"UOP02-DEL16-MG"
255108;2019-12-10;"terça-feira";"09:10:00";"PE";101;92,3;"CABO DE SANTO AGOSTINHO";"Falta de Atenção à Condução";"Colisão lateral";"Com Vítimas Feridas";"Pleno dia";"Crescente";"Céu Claro";"Dupla";"Reta";"Não";2;0;1;0;1;0;1;1;-8,23201792;-34,99778611;"SPRF-PE";"DEL01-PE";"UOP03-DEL01-PE"
255113;2019-12-10;"terça-feira";"08:30:00";"RJ";356;67;"ITAPERUNA";"Falta de Atenção à Condução";"Colisão frontal";"Com Vítimas Feridas";"Pleno dia";"Crescente";"Nublado";"Simples";"Reta";"Não";2;0;0;1;1;0;1;2;-21,36534293;-41,70754158;"SPRF-RJ";"DEL08-RJ";"UOP03-DEL08-RJ"
255114;2019-12-10;"terça-feira";"09:55:00";"PE";428;187;"PETROLINA";"Falta de Atenção à Condução";"Colisão traseira";"Sem Vítimas";"Pleno dia";"Crescente";"Sol";"Simples";"Reta";"Sim";2;0;0;0;2;0;0;2;-9,35604301;-40,47854198;"SPRF-PE";"DEL06-PE";"UOP01-DEL06-PE"
255115;2019-12-10;"terça-feira";"09:00:00";"ES";101;269,1;"SERRA";"Falta de Atenção à Condução";"Atropelamento de Animal";"Com Vítimas Feridas";"Pleno dia";"Decrescente";"Sol";"Múltipla";"Reta";"Sim";1;0;0;1;0;0;1;1;-20,21740496;-40,26990578;"SPRF-ES";"DEL02-ES";"UOP01-DEL02-ES"
255117;2019-12-10;"terça-feira";"10:00:00";"SP";116;225,7;"GUARULHOS";"Não guardar distância de segurança";"Colisão traseira";"Com Vítimas Feridas";"Pleno dia";"Crescente";"Nublado";"Múltipla";"Reta";"Sim";4;0;2;0;2;0;2;2;-23,48586772;-46,54075317;"SPRF-SP";"DEL01-SP";"UOP01-DEL01-SP"
255118;2019-12-10;"terça-feira";"05:15:00";"RJ";116;118;"MAGE";"Falta de Atenção à Condução";"Saída de leito carroçável";"Sem Vítimas";"Amanhecer";"Decrescente";"Nublado";"Dupla";"Reta";"Não";1;0;0;0;0;1;0;1;-22,60969336;-43,03076263;"SPRF-RJ";"DEL04-RJ";"UOP02-DEL04-RJ"
255122;2019-12-08;"domingo";"19:30:00";"PI";343;335,8;"TERESINA";"Não guardar distância de segurança";"Colisão traseira";"Sem Vítimas";"Plena Noite";"Crescente";"Céu Claro";"Simples";"Reta";"Não";2;0;0;0;2;0;0;2;-5,061626;-42,696655;"SPRF-PI";"DEL01-PI";"UOP01-DEL01-PI"