"id";"data_inversa";"dia_semana";"horario";"uf";"br";"km";"municipio";"causa_acidente";"tipo_acidente";"classificacao_acidente";"fase_dia";"sentido_via";"condicao_metereologica";"tipo_pista";"tracado_via";"uso_solo";"pessoas";"mortos";"feridos_leves";"feridos_graves";"ilesos";"ignorados";"feridos";"veiculos";"latitude";"longitude";"regional";"delegacia";"uop"
255126;2019-12-10;"terça-feira";"09:30:00";"RR";401;0,7;"BOA VISTA";"Desobediência às normas de trânsito pelo condutor";"Colisão transversal";"Com Vítimas Feridas";"Pleno dia";"Decrescente";"Céu Claro";"Dupla";"Interseção de Vias";"Sim";7;0;2;0;5;0;2;2;2,803627;-60,684879;"SPRF-RR";"DEL01-RR";"UOP01-DEL01-RR"
255127;2019-12-10;"terça-feira";"10:00:00";"PR";376;92,5;"PARANAVAI";"Defeito Mecânico no Veículo";"Capotamento";"Sem Vítimas";"Pleno dia";"Decrescente";"Sol";"Simples";"Declive;Reta";"Não";1;0;0;0;1;0;0;1;-23,00536583;-52,54748191;"SPRF-PR";"DEL07-PR";"UOP02-DEL09-PR"
255129;2019-09-15;"domingo";"18:40:00";"BA";324;353,2;"CAPIM GROSSO";"Falta de Atenção à Condução";"Colisão frontal";"Com Vítimas Feridas";"Plena Noite";"Crescente";"Céu Claro";"Simples";"Reta";"Não";4;0;0;3;0;1;3;2;-11,37487892;-40,02496898;"SPRF-BA";"DEL04-BA";"UOP02-DEL04-BA"
255131;2019-12-10;"terça-feira";"10:50:00";"CE";222;0,5;"CAUCAIA";"Falta de Atenção à Condução";"Colisão transversal";"Com Vítimas Feridas";"Pleno dia";"Decrescente";"Céu Claro";"Dupla";"Reta";"Sim";2;0;1;0;1;0;1;2;-3,736507;-38,65337;"SPRF-CE";"DEL01-CE";"UOP01-DEL01-CE"
255132;2019-12-10;"terça-feira";"09:20:00";"RO";435;77,8;"COLORADO DO OESTE";"Defeito Mecânico no Veículo";"Incêndio";"Sem Vítimas";"Pleno dia";"Crescente";"Céu Claro";"Simples";"Reta";"Não";2;0;0;0;2;0;0;1;-13,10900126;-60,46158606;"SPRF-RO";"DEL04-RO";"UOP02-DEL04-RO"
255133;2019-12-10;"terça-feira";"10:40:00";"MS";163;650,4;"RIO VERDE DE MATO GROSSO";"Falta de Atenção à Condução";"Colisão com objeto estático";"Com Vítimas Feridas";"Pleno dia";"Decrescente";"Nublado";"Dupla";"Curva";"Não";1;0;0;1;0;0;1;1;-19,150505;-54,762364;"SPRF-MS";"DEL06-MS";"UOP02-DEL06-MS"
255134;2019-05-05;"domingo";"23:15:00";"PB";361;106,3;"ITAPORANGA";"Desobediência às normas de trânsito pelo condutor";"Colisão frontal";"Com Vítimas Fatais";"Plena Noite";"Crescente";"Céu Claro";"Simples";"Reta";"Não";2;1;0;0;1;0;0;2;-7,28641553;-38,08550535;"SPRF-PB";"DEL03-PB";"UOP01-DEL03-PB"
255135;2019-12-10;"terça-feira";"06:30:00";"MT";163;84;"RONDONOPOLIS";"Defeito Mecânico no Veículo";"Danos eventuais";"Com Vítimas Feridas";"Pleno dia";"Crescente";"Nublado";"Dupla";"Reta";"Não";4;0;0;1;3;0;1;1;-16,78834709;-54,67072783;"SPRF-MT";"DEL02-MT";"DEL2/2-UOP02/MT"
255140;2019-12-10;"terça-feira";"11:00:00";"MT";163;1040;"MATUPA";"Falta de Atenção à Condução";"Colisão transversal";"Com Vítimas Feridas";"Pleno dia";"Decrescente";"Nublado";"Simples";"Rotatória";"Sim";2;0;0;1;1;0;1;2;-10,16535316;-54,93698987;"SPRF-MT";"DEL06-MT";"UOP02-DEL06-MT"
255141;2019-12-10;"terça-feira";"12:30:00";"SC";101;206;"SAO JOSE";"Falta de Atenção à Condução";"Queda de ocupante de veículo";"Com Vítimas Feridas";"Pleno dia";"Crescente";"Sol";"Múltipla";"Reta";"Sim";1;0;1;0;0;0;1;1;-27,59193546;-48,61824557;"SPRF-SC";"DEL01-SC";"UOP01-DEL01-SC"
255142;2019-08-06;"terça-feira";"18:00:00";"PE";101;43,5;"IGARASSU";"Falta de Atenção à Condução";"Colisão lateral";"Com Vítimas Feridas";"Anoitecer";"Decrescente";"Céu Claro";"Múltipla";"Reta";"Sim";2;0;0;1;0;1;1;2;-7,85203498;-34,9091287;"SPRF-PE";"DEL01-PE";"UOP02-DEL01-PE"
255143;2019-12-10;"terça-feira";"12:30:00";"RJ";101;322;"NITEROI";"Falta de Atenção à Condução";"Queda de ocupante de veículo";"Com Vítimas Feridas";"Pleno dia";"Decrescente";"Nublado";"Dupla";"Reta";"Não";1;0;1;0;0;0;1;1;-22,878923;-43,110676;"SPRF-RJ";"DEL02-RJ";"UOP02-DEL02-RJ"
255145;2019-12-10;"terça-feira";"12:00:00";"RJ";101;63;"CAMPOS DOS GOYTACAZES";"Não guardar distância de segurança";"Colisão lateral";"Com Vítimas Feridas";"Pleno dia";"Crescente";"Nublado";"Simples";"Reta";"Sim";1;0;1;0;0;0;1;1;-21,742022;-41,33021;"SPRF-RJ";"DEL08-RJ";"UOP01-DEL08-RJ"
255150;2019-11-16;"sábado";"14:05:00";"SP";381;82,4;"SAO PAULO";"Desobediência às normas de trânsito pelo condutor";"Colisão traseira";"Sem Vítimas";"Pleno dia";"Crescente";"Céu Claro";"Múltipla";"Reta";"Não";3;0;0;0;3;0;0;2;-23,42655127;-46,57314777;"SPRF-SP";"DEL03-SP";"UOP01-DEL03-SP"
255151;2019-12-10;"terça-feira";"12:35:00";"RS";153;48;"ERECHIM";"Desobediência às normas de trânsito pelo condutor";"Colisão transversal";"Sem Vítimas";"Pleno dia";"Crescente";"Céu Claro";"Dupla";"Interseção de Vias";"Sim";3;0;0;0;3;0;0;2;-27,65118001;-52,257248;"SPRF-RS";"DEL08-RS";"UOP04-DEL08-RS"
255152;2019-12-10;"terça-feira";"13:35:00";"MG";365;509,7;"UBERLANDIA";"Falta de Atenção à Condução";"Colisão traseira";"Com Vítimas Feridas";"Pleno dia";"Crescente";"Chuva";"Simples";"Reta";"Não";5;0;1;0;4;0;1;2;-18,89301829;-48,13943907;"SPRF-MG";"DEL10-MG";"UOP01-DEL10-MG"
255153;2019-12-10;"terça-feira";"13:45:00";"SC";101;335,6;"TUBARAO";"Falta de Atenção à Condução";"Tombamento";"Com Vítimas Feridas";"Pleno dia";"Decrescente";"Sol";"Dupla";"Curva";"Sim";1;0;1;0;0;0;1;1;-28,47311347;-49,02437375;"SPRF-SC";"DEL02-SC";"UOP01-DEL02-SC"
255155;2019-11-08;"sexta-feira";"15:35:00";"MG";116;414,2;"GOVERNADOR VALADARES";"Falta de Atenção à Condução";"Colisão traseira";"Com Vítimas Feridas";"Pleno dia";"Crescente";"Céu Claro";"Simples";"Interseção de Vias";"Sim";2;0;1;0;1;0;1;2;-18,88045827;-41,96003979;"SPRF-MG";"DEL06-MG";"UOP01-DEL06-MG"
255156;2019-07-06;"sábado";"17:30:00";"BA";101;343;"TEOLANDIA";"Defeito Mecânico no Veículo";"Incêndio";"Sem Vítimas";"Anoitecer";"Decrescente";"Céu Claro";"Simples";"Reta";"Não";1;0;0;0;1;0;0;1;-13,55855923;-39,46735382;"SPRF-BA";"DEL05-BA";"UOP03-DEL05-BA"
255159;2019-12-10;"terça-feira";"14:00:00";"MG";381;937,1;"EXTREMA";"Velocidade Incompatível";"Capotamento";"Com Vítimas Feridas";"Pleno dia";"Decrescente";"Chuva";"Dupla";"Curva";"Não";2;0;1;0;1;0;1;1;-22,81240751;-46,28466194;"SPRF-MG";"DEL16-MG";"UOP03-DEL16-MG"
255160;2019-12-10;"terça-feira";"13:30:00";"GO";60;1;"SANTO ANTONIO DO DESCOBERTO";"Velocidade Incompatível";"Saída de leito carroçável";"Com Vítimas Fatais";"Pleno dia";"Decrescente";"Nublado";"Dupla";"Reta";"Não";9;2;4;3;0;0;7;4;-16,093578;-48,280799;"SPRF-DF";"DEL01-DF";"UOP01-DEL03-DF"
255161;2019-12-10;"terça-feira";"14:10:00";"RJ";101;282;"ITABORAI";"Falta de Atenção à Condução";"Colisão transversal";"Com Vítimas Feridas";"Pleno dia";"Decrescente";"Nublado";"Dupla";"Reta";"Sim";2;0;1;0;1;0;1;2;-22,7371391;-42,79664601;"SPRF-RJ";"DEL02-RJ";"UOP03-DEL02-RJ"
255162;2019-12-10;"terça-feira";"14:50:00";"SP";116;222,3;"GUARULHOS";"Não guardar distância de segurança";"Colisão lateral";"Sem Vítimas";"Pleno dia";"Decrescente";"Nublado";"Simples";"Reta";"Não";1;0;0;0;0;1;0;1;-23,47093408;-46,51631097;"SPRF-SP";"DEL01-SP";"UOP01-DEL01-SP"
255164;2019-12-10;"terça-feira";"13:50:00";"SP";101;50,1;"UBATUBA";"Falta de Atenção à Condução";"Colisão traseira";"Com Vítimas Feridas";"Pleno dia";"Crescente";"Nublado";"Simples";"Reta";"Sim";5;0;1;0;4;0;1;2;-23,45348297;-45,07417917;"SPRF-SP";"DEL06-SP";"UOP01-DEL06-SP"
255165;2019-12-10;"terça-feira";"14:40:00";"MG";381;838;"SAO SEBASTIAO DA BELA VISTA";"Velocidade Incompatível";"Saída de leito carroçável";"Com Vítimas Feridas";"Pleno dia";"Crescente";"Chuva";"Dupla";"Curva";"Não";1;0;1;0;0;0;1;1;-22,14975399;-45,82307523;"SPRF-MG";"DEL16-MG";"UOP01-DEL16-MG"
255169;2019-12-10;"terça-feira";"15:20:00";"RN";101;102;"PARNAMIRIM";"Desobediência às normas de trânsito pelo condutor";"Colisão traseira";"Com Vítimas Feridas";"Pleno dia";"Crescente";"Céu Claro";"Dupla";"Em Obras";"Sim";2;0;1;0;1;0;1;2;-5,88858217;-35,24018997;"SPRF-RN";"DEL01-RN";"UOP01-DEL01-RN"
255172;2019-12-10;"terça-feira";"14:50:00";"GO";153;620,2;"MORRINHOS";"Falta de Atenção à Condução";"Saída de leito carroçável";"Com Vítimas Feridas";"Pleno dia";"Decrescente";"Chuva";"Dupla";"Reta";"Não";2;0;2;0;0;0;2;1;-17,7218;-49,1547;"SPRF-GO";"DEL03-GO";"UOP01-DEL03-GO"
255174;2019-12-10;"terça-feira";"15:20:00";"SP";116;322;"JUQUITIBA";"Falta de Atenção à Condução";"Colisão com objeto estático";"Com Vítimas Feridas";"Pleno dia";"Decrescente";"Garoa/Chuvisco";"Dupla";"Reta";"Sim";2;0;2;0;0;0;2;1;-23,935106;-47,026682;"SPRF-SP";"DEL04-SP";"UOP03-DEL04-SP"
255175;2019-12-10;"terça-feira";"12:00:00";"RS";386;426,5;"MONTENEGRO";"Defeito Mecânico no Veículo";"Incêndio";"Sem Vítimas";"Pleno dia";"Decrescente";"Sol";"Simples";"Reta";"Não";1;0;0;0;1;0;0;1;-29,819479;-51,36208;"SPRF-RS";"DEL04-RS";"UOP02-DEL04-RS"
255177;2019-12-10;"terça-feira";"15:10:00";"SC";101;333,7;"TUBARAO";"Desobediência às normas de trânsito pelo condutor";"Colisão transversal";"Com Vítimas Feridas";"Pleno dia";"Decrescente";"Céu Claro";"Múltipla";"Viaduto;Interseção de Vias";"Sim";3;0;1;0;1;1;1;2;-28,46630107;-48,99653096;"SPRF-SC";"DEL02-SC";"UOP01-DEL02-SC"
255178;2019-12-10;"terça-feira";"15:20:00";"CE";222;8,4;"CAUCAIA";"Defeito na Via";"Saída de leito carroçável";"Com Vítimas Feridas";"Pleno dia";"Decrescente";"Sol";"Dupla";"Reta";"Sim";1;0;1;0;0;0;1;1;-3,75363558;-38,63803121;"SPRF-CE";"DEL01-CE";"UOP01-DEL01-CE"
255179;2019-12-10;"terça-feira";"15:31:00";"ES";101;48;"CONCEICAO DA BARRA";"Falta de Atenção à Condução";"Queda de ocupante de veículo";"Com Vítimas Feridas";"Pleno dia";"Crescente";"Céu Claro";"Simples";"Reta";"Não";1;0;1;0;0;0;1;1;-18,56864497;-39,8975839;"SPRF-ES";"DEL04-ES";"UOP02-DEL04-ES"
255181;2019-12-10;"terça-feira";"15:50:00";"ES";101;268,8;"SERRA";"Falta de Atenção à Condução";"Colisão lateral";"Com Vítimas Feridas";"Pleno dia";"Crescente";"Sol";"Dupla";"Reta";"Sim";2;0;1;0;1;0;1;2;-20,20842;-40,269405;"SPRF-ES";"DEL02-ES";"UOP01-DEL02-ES"
255182;2019-12-10;"terça-feira";"16:00:00";"RS";285;292;"PASSO FUNDO";"Falta de Atenção à Condução";"Colisão transversal";"Com Vítimas Feridas";"Pleno dia";"Crescente";"Céu Claro";"Simples";"Interseção de Vias";"Sim";2;0;2;0;0;0;2;2;-28,239017;-52,365276;"SPRF-RS";"DEL08-RS";"UOP03-DEL08-RS"
255183;2019-12-10;"terça-feira";"15:55:00";"RS";470;187,8;"VERANOPOLIS";"Velocidade Incompatível";"Tombamento";"Com Vítimas Feridas";"Pleno dia";"Decrescente";"Céu Claro";"Simples";"Curva";"Sim";1;0;0;1;0;0;1;1;-29,00734281;-51,55665994;"SPRF-RS";"DEL06-RS";"UOP02-DEL06-RS"
255185;2019-12-10;"terça-feira";"14:50:00";"ES";101;426,9;"ATILIO VIVACQUA";"Falta de Atenção à Condução";"Colisão traseira";"Com Vítimas Feridas";"Pleno dia";"Decrescente";"Nublado";"Simples";"Curva";"Não";3;0;2;0;1;0;2;2;-21,00770847;-41,13888973;"SPRF-ES";"DEL03-ES";"UOP02-DEL03-ES"
255191;2019-11-28;"quinta-feira";"20:15:00";"MG";262;356;"BETIM";"Restrição de Visibilidade";"Colisão com objeto estático";"Com Vítimas Feridas";"Plena Noite";"Decrescente";"Chuva";"Dupla";"Curva";"Sim";3;0;2;0;1;0;2;1;-19,97906129;-44,21765208;"SPRF-MG";"DEL01-MG";"UOP03-DEL01-MG"
255192;2019-12-03;"terça-feira";"16:30:00";"MG";116;747;"LEOPOLDINA";"Ultrapassagem Indevida";"Saída de leito carroçável";"Com Vítimas Feridas";"Pleno dia";"Decrescente";"Garoa/Chuvisco";"Simples";"Reta";"Não";2;0;1;0;0;1;1;2;-21,43637785;-42,53060917;"SPRF-MG";"DEL07-MG";"UOP01-DEL07-MG"
255193;2019-12-10;"terça-feira";"16:05:00";"RO";319;63;"PORTO VELHO";"Desobediência às normas de trânsito pelo condutor";"Colisão transversal";"Com Vítimas Feridas";"Pleno dia";"Crescente";"Céu Claro";"Dupla";"Interseção de Vias";"Sim";3;0;1;0;2;0;1;2;-8,76609822;-63,88448954;"SPRF-RO";"DEL01-RO";"UOP01-DEL01-RO"
255194;2019-12-10;"terça-feira";"17:25:00";"PB";230;17,9;"JOAO PESSOA";"Desobediência às normas de trânsito pelo condutor";"Colisão traseira";"Com Vítimas Feridas";"Anoitecer";"Decrescente";"Céu Claro";"Dupla";"Reta";"Sim";3;0;2;0;1;0;2;2;-7,1121;-34,8426;"SPRF-PB";"DEL01-PB";"UOP01-DEL01-PB"
255195;2019-12-07;"sábado";"03:00:00";"BA";101;953;"MUCURI";"Velocidade Incompatível";"Colisão com objeto estático";"Com Vítimas Feridas";"Plena Noite";"Crescente";"Ignorado";"Simples";"Curva";"Não";1;0;0;1;0;0;1;1;-18,16840196;-39,91873914;"SPRF-BA";"DEL09-BA";"UOP02-DEL09-BA"
255196;2019-12-10;"terça-feira";"17:50:00";"SP";116;282;"EMBU DAS ARTES";"Ingestão de Álcool";"Colisão traseira";"Sem Vítimas";"Anoitecer";"Decrescente";"Nublado";"Dupla";"Reta";"Sim";2;0;0;0;2;0;0;2;-23,66876089;-46,85562286;"SPRF-SP";"DEL04-SP";"UOP01-DEL04-SP"
255197;2019-12-10;"terça-feira";"16:00:00";"MG";381;815,4;"CAREACU";"Velocidade Incompatível";"Colisão com objeto estático";"Com Vítimas Feridas";"Pleno dia";"Decrescente";"Chuva";"Dupla";"Curva";"Não";3;0;3;0;0;0;3;1;-22,03394912;-45,67690909;"SPRF-MG";"DEL16-MG";"UOP02-DEL16-MG"
255198;2019-12-10;"terça-feira";"18:20:00";"SP";116;219;"GUARULHOS";"Falta de Atenção à Condução";"Colisão lateral";"Com Vítimas Feridas";"Anoitecer";"Crescente";"Chuva";"Múltipla";"Reta";"Sim";2;0;1;0;1;0;1;2;-23,46143954;-46,48885316;"SPRF-SP";"DEL01-SP";"UOP01-DEL01-SP"
255199;2019-12-10;"terça-feira";"17:50:00";"PI";343;4,5;"TERESINA";"Não guardar distância de segurança";"Colisão traseira";"Sem Vítimas";"Anoitecer";"Crescente";"Céu Claro";"Dupla";"Reta";"Sim";3;0;0;0;3;0;0;3;-5,08051405;-42,78977394;"SPRF-PI";"DEL05-PI";"UOP01-DEL05-PI"
255200;2019-12-10;"terça-feira";"07:40:00";"BA";116;426;"FEIRA DE SANTANA";"Falta de Atenção do Pedestre";"Atropelamento de Pedestre";"Sem Vítimas";"Pleno dia";"Decrescente";"Céu Claro";"Simples";"Reta";"Sim";3;0;0;0;3;0;0;2;-12,2694;-38,9898;"SPRF-BA";"DEL02-BA";"UOP01-DEL02-BA"
255201;2019-12-10;"terça-feira";"18:30:00";"PR";116;130;"FAZENDA RIO GRANDE";"Defeito Mecânico no Veículo";"Queda de ocupante de veículo";"Com Vítimas Feridas";"Pleno dia";"Crescente";"Céu Claro";"Dupla";"Reta";"Sim";2;0;1;1;0;0;2;1;-25,63927799;-49,31302988;"SPRF-PR";"DEL01-PR";"UOP03-DEL01-PR"
255202;2019-12-10;"terça-feira";"17:30:00";"MG";381;481;"CONTAGEM";"Desobediência às normas de trânsito pelo condutor";"Colisão com objeto estático";"Com Vítimas Feridas";"Pleno dia";"Crescente";"Nublado";"Dupla";"Aclive;Reta";"Sim";2;0;1;0;0;1;1;2;-19,95931561;-44,08825597;"SPRF-MG";"DEL01-MG";"UOP03-DEL01-MG"
255203;2019-12-10;"terça-feira";"18:30:00";"PR";277;590,6;"CASCAVEL";"Velocidade Incompatível";"Colisão traseira";"Com Vítimas Feridas";"Pleno dia";"Decrescente";"Céu Claro";"Simples";"Reta";"Sim";3;0;0;1;2;0;1;3;-24,98120697;-53,45591501;"SPRF-PR";"DEL04-PR";"UOP01-DEL04-PR"
255204;2019-12-10;"terça-feira";"18:50:00";"SC";280;52,3;"GUARAMIRIM";"Falta de Atenção à Condução";"Colisão traseira";"Com Vítimas Feridas";"Anoitecer";"Crescente";"Céu Claro";"Simples";"Reta";"Não";2;0;1;0;1;0;1;2;-26,468904;-48,96492;"SPRF-SC";"DEL03-SC";"UOP03-DEL03-SC"
255206;2019-12-10;"terça-feira";"17:25:00";"RO";364;14;"VILHENA";"Ingestão de Álcool";"Colisão com objeto estático";"Com Vítimas Feridas";"Anoitecer";"Crescente";"Chuva";"Simples";"Reta";"Não";1;0;1;0;0;0;1;1;-12,73898138;-60,13911417;"SPRF-RO";"DEL04-RO";"UOP01-DEL04-RO"
255207;2019-12-10;"terça-feira";"18:25:00";"PE";232;511;"SALGUEIRO";"Falta de Atenção à Condução";"Saída de leito carroçável";"Com Vítimas Feridas";"Plena Noite";"Decrescente";"Céu Claro";"Simples";"Reta";"Sim";2;0;2;0;0;0;2;1;-8,07019303;-39,14667499;"SPRF-PE";"DEL05-PE";"UOP01-DEL05-PE"
255208;2019-12-10;"terça-feira";"17:20:00";"PI";343;551,4;"AMARANTE";"Condutor Dormindo";"Saída de leito carroçável";"Com Vítimas Feridas";"Pleno dia";"Crescente";"Céu Claro";"Simples";"Curva";"Não";2;0;2;0;0;0;2;1;-6,618982;-42,822266;"SPRF-PI";"DEL03-PI";"UOP01-DEL03-PI"
255209;2019-12-08;"domingo";"12:10:00";"MT";163;609;"NOVA MUTUM";"Ingestão de Álcool";"Saída de leito carroçável";"Sem Vítimas";"Pleno dia";"Crescente";"Céu Claro";"Simples";"Reta";"Não";2;0;0;0;2;0;0;1;-13,82819498;-56,08026905;"SPRF-MT";"DEL01-MT";"UOP01-DEL01-MT"
255210;2019-12-10;"terça-feira";"19:20:00";"CE";20;407;"CAUCAIA";"Defeito Mecânico no Veículo";"Tombamento";"Com Vítimas Feridas";"Plena Noite";"Crescente";"Céu Claro";"Dupla";"Reta";"Sim";2;0;2;0;0;0;2;1;-3,76999035;-38,67006282;"SPRF-CE";"DEL01-CE";"UOP01-DEL01-CE"
255211;2019-12-10;"terça-feira";"18:30:00";"SC";101;206,5;"SAO JOSE";"Falta de Atenção à Condução";"Colisão traseira";"Com Vítimas Feridas";"Anoitecer";"Crescente";"Céu Claro";"Dupla";"Reta";"Sim";3;0;1;0;1;1;1;3;-27,59193546;-48,61824557;"SPRF-SC";"DEL01-SC";"UOP01-DEL01-SC"
255212;2019-12-10;"terça-feira";"19:13:00";"GO";153;507,8;"APARECIDA DE GOIANIA";"Não guardar distância de segurança";"Colisão traseira";"Com Vítimas Feridas";"Plena Noite";"Crescente";"Céu Claro";"Dupla";"Curva";"Sim";4;0;2;0;1;1;2;3;-16,7715;-49,2387;"SPRF-GO";"DEL01-GO";"UOP03-DEL01-GO"
255214;2019-12-10;"terça-feira";"17:45:00";"PR";476;133;"CURITIBA";"Não guardar distância de segurança";"Colisão lateral";"Com Vítimas Feridas";"Pleno dia";"Crescente";"Céu Claro";"Dupla";"Reta";"Sim";2;0;1;0;1;0;1;2;-25,469219;-49,254143;"SPRF-PR";"DEL01-PR";"UOP03-DEL01-PR"
255215;2019-12-10;"terça-feira";"15:55:00";"PR";369;159;"CAMBE";"Falta de Atenção à Condução";"Saída de leito carroçável";"Com Vítimas Feridas";"Pleno dia";"Decrescente";"Céu Claro";"Dupla";"Reta";"Sim";1;0;1;0;0;0;1;1;-23,28410412;-51,24448299;"SPRF-PR";"DEL07-PR";"UOP01-DEL07-PR"
255216;2019-12-10;"terça-feira";"19:50:00";"ES";101;241,5;"FUNDAO";"Falta de Atenção do Pedestre";"Atropelamento de Pedestre";"Com Vítimas Fatais";"Plena Noite";"Decrescente";"Nublado";"Simples";"Reta";"Não";2;1;0;0;1;0;0;2;-20,02389596;-40,39998096;"SPRF-ES";"DEL02-ES";"UOP01-DEL02-ES"
255217;2019-12-10;"terça-feira";"17:30:00";"RJ";116;166,8;"SAO JOAO DE MERITI";"Falta de Atenção à Condução";"Colisão lateral";"Com Vítimas Feridas";"Pleno dia";"Crescente";"Garoa/Chuvisco";"Múltipla";"Reta";"Sim";2;0;1;0;1;0;1;2;-22,80135765;-43,35124168;"SPRF-RJ";"DEL01-RJ";"UOP02-DEL01-RJ"
255220;2019-12-10;"terça-feira";"19:00:00";"ES";101;335;"GUARAPARI";"Desobediência às normas de trânsito pelo condutor";"Colisão transversal";"Com Vítimas Feridas";"Plena Noite";"Decrescente";"Nublado";"Simples";"Curva";"Não";2;0;1;0;1;0;1;2;-20,62718356;-40,52742029;"SPRF-ES";"DEL03-ES";"UOP01-DEL03-ES"
255222;2019-12-10;"terça-feira";"20:20:00";"SC";470;68,1;"INDAIAL";"Falta de Atenção à Condução";"Colisão lateral";"Com Vítimas Feridas";"Plena Noite";"Decrescente";"Céu Claro";"Simples";"Interseção de Vias";"Sim";2;0;1;0;1;0;1;2;-26,87814874;-49,23987692;"SPRF-SC";"DEL04-SC";"UOP01-DEL04-SC"
255223;2019-12-10;"terça-feira";"20:10:00";"SP";116;231,3;"SAO PAULO";"Falta de Atenção à Condução";"Tombamento";"Com Vítimas Feridas";"Plena Noite";"Decrescente";"Garoa/Chuvisco";"Múltipla";"Reta";"Sim";1;0;1;0;0;0;1;1;-23,518819;-46,581776;"SPRF-SP";"DEL01-SP";"UOP01-DEL01-SP"
255225;2019-12-10;"terça-feira";"16:30:00";"MG";50;174,8;"UBERABA";"Falta de Atenção à Condução";"Saída de leito carroçável";"Com Vítimas Feridas";"Pleno dia";"Decrescente";"Chuva";"Dupla";"Viaduto";"Sim";1;0;0;1;0;0;1;1;-19,770817;-47,973434;"SPRF-MG";"DEL13-MG";"UOP01-DEL13-MG"
255226;2019-12-10;"terça-feira";"20:30:00";"MG";40;687,5;"RESSAQUINHA";"Falta de Atenção à Condução";"Saída de leito carroçável";"Com Vítimas Feridas";"Plena Noite";"Crescente";"Chuva";"Simples";"Reta";"Não";2;0;1;1;0;0;2;1;-21,08104393;-43,76696216;"SPRF-MG";"DEL05-MG";"UOP02-DEL05-MG"
255227;2019-12-10;"terça-feira";"19:00:00";"BA";110;402;"SAO SEBASTIAO DO PASSE";"Desobediência às normas de trânsito pelo condutor";"Colisão frontal";"Com Vítimas Feridas";"Plena Noite";"Decrescente";"Céu Claro";"Simples";"Reta";"Não";2;0;1;0;1;0;1;2;-12,56682729;-38,53351962;"SPRF-BA";"DEL01-BA";"UOP01-DEL01-BA"
255229;2019-12-10;"terça-feira";"20:40:00";"PR";277;109,1;"CAMPO LARGO";"Falta de Atenção do Pedestre";"Atropelamento de Pedestre";"Com Vítimas Fatais";"Plena Noite";"Crescente";"Céu Claro";"Dupla";"Reta";"Sim";3;1;0;0;1;1;0;2;-25,44215342;-49,44864842;"SPRF-PR";"DEL01-PR";"UOP06-DEL01-PR"
255231;2019-12-10;"terça-feira";"17:40:00";"RS";285;567;"SAO LUIZ GONZAGA";"Desobediência às normas de trânsito pelo pedestre";"Atropelamento de Pedestre";"Com Vítimas Feridas";"Pleno dia";"Crescente";"Céu Claro";"Simples";"Reta";"Sim";2;0;2;0;0;0;2;2;-28,417452;-54,966869;"SPRF-RS";"DEL12-RS";"UOP01-DEL12-RS"
255233;2019-12-10;"terça-feira";"18:15:00";"MA";10;256,7;"IMPERATRIZ";"Desobediência às normas de trânsito pelo condutor";"Colisão frontal";"Com Vítimas Feridas";"Plena Noite";"Crescente";"Céu Claro";"Simples";"Interseção de Vias";"Sim";2;0;1;0;1;0;1;2;-5,499715;-47,471836;"SPRF-MA";"DEL04-MA";"UOP01-DEL04-MA"
255236;2019-12-10;"terça-feira";"20:55:00";"MT";163;783;"SORRISO";"Falta de Atenção à Condução";"Colisão transversal";"Com Vítimas Feridas";"Plena Noite";"Decrescente";"Nublado";"Simples";"Reta";"Sim";3;0;1;0;2;0;1;2;-12,31367;-55,57927;"SPRF-MT";"DEL06-MT";"UOP01-DEL06-MT"
255237;2019-12-10;"terça-feira";"19:10:00";"MA";222;324,9;"IGARAPE DO MEIO";"Pista Escorregadia";"Queda de ocupante de veículo";"Com Vítimas Feridas";"Plena Noite";"Crescente";"Chuva";"Simples";"Reta";"Não";1;0;0;1;0;0;1;1;-3,59070884;-44,98359009;"SPRF-MA";"DEL02-MA";"UI04-DEL02-MA"
255238;2019-12-10;"terça-feira";"21:40:00";"RS";471;530;"RIO GRANDE";"Condutor Dormindo";"Saída de leito carroçável";"Com Vítimas Feridas";"Plena Noite";"Crescente";"Céu Claro";"Simples";"Curva";"Não";2;0;1;1;0;0;2;1;-32,64365;-52,58498;"SPRF-RS";"DEL07-RS";"UOP02-DEL07-RS"
255240;2019-12-10;"terça-feira";"21:50:00";"CE";20;399,4;"CAUCAIA";"Ingestão de Substâncias Psicoativas";"Saída de leito carroçável";"Com Vítimas Feridas";"Plena Noite";"Decrescente";"Nublado";"Simples";"Reta";"Não";1;0;1;0;0;0;1;1;-3,8038424;-38,72308168;"SPRF-CE";"DEL01-CE";"UOP01-DEL01-CE"
255242;2019-12-10;"terça-feira";"22:35:00";"SC";101;203;"SAO JOSE";"Desobediência às normas de trânsito pelo condutor";"Colisão transversal";"Com Vítimas Feridas";"Plena Noite";"Crescente";"Céu Claro";"Dupla";"Interseção de Vias";"Sim";3;0;2;0;1;0;2;2;-27,5650044;-48,61460082;"SPRF-SC";"DEL01-SC";"UOP01-DEL01-SC"
255243;2019-12-10;"terça-feira";"22:20:00";"PR";277;590;"CASCAVEL";"Ingestão de Álcool";"Colisão frontal";"Com Vítimas Feridas";"Plena Noite";"Crescente";"Céu Claro";"Simples";"Reta";"Sim";3;0;3;0;0;0;3;2;-24,98120697;-53,45591501;"SPRF-PR";"DEL04-PR";"UOP01-DEL04-PR"