"id";"data_inversa";"dia_semana";"horario";"uf";"br";"km";"municipio";"causa_acidente";"tipo_acidente";"classificacao_acidente";"fase_dia";"sentido_via";"condicao_metereologica";"tipo_pista";"tracado_via";"uso_solo";"pessoas";"mortos";"feridos_leves";"feridos_graves";"ilesos";"ignorados";"feridos";"veiculos";"latitude";"longitude";"regional";"delegacia";"uop"
255244;2019-12-10;"terça-feira";"22:00:00";"PE";101;92;"CABO DE SANTO AGOSTINHO";"Falta de Atenção do Pedestre";"Atropelamento de Pedestre";"Com Vítimas Fatais";"Plena Noite";"Decrescente";"Céu Claro";"Simples";"Reta";"Sim";2;1;1;0;0;0;1;2;-8,24861205;-35,00179768;"SPRF-PE";"DEL01-PE";"UOP03-DEL01-PE"
255245;2019-12-10;"terça-feira";"22:30:00";"MG";365;639,7;"UBERLANDIA";"Falta de Atenção à Condução";"Colisão lateral";"Com Vítimas Feridas";"Plena Noite";"Crescente";"Nublado";"Dupla";"Declive;Reta";"Não";4;0;1;0;3;0;1;1;-18,88684795;-48,45608299;"SPRF-MG";"DEL15-MG";"UOP01-DEL15-MG"
255246;2019-12-10;"terça-feira";"22:00:00";"RS";285;292,8;"PASSO FUNDO";"Ingestão de Álcool";"Colisão transversal";"Com Vítimas Feridas";"Plena Noite";"Crescente";"Céu Claro";"Dupla";"Interseção de Vias";"Sim";2;0;1;0;0;1;1;2;-28,23687629;-52,37435818;"SPRF-RS";"DEL08-RS";"UOP03-DEL08-RS"
255247;2019-12-10;"terça-feira";"09:20:00";"RJ";40;91,9;"PETROPOLIS";"Pista Escorregadia";"Colisão com objeto estático";"Com Vítimas Feridas";"Pleno dia";"Crescente";"Nublado";"Simples";"Curva;Declive";"Não";1;0;1;0;0;0;1;1;-22,54903566;-43,24229724;"SPRF-RJ";"DEL06-RJ";"UOP01-DEL06-RJ"
255248;2019-12-10;"terça-feira";"20:00:00";"MG";50;17;"ARAGUARI";"Velocidade Incompatível";"Saída de leito carroçável";"Sem Vítimas";"Pleno dia";"Crescente";"Chuva";"Dupla";"Curva";"Sim";1;0;0;0;1;0;0;1;-18,56358502;-48,05639606;"SPRF-MG";"DEL15-MG";"UOP02-DEL15-MG"
255249;2019-12-10;"terça-feira";"20:30:00";"SC";470;139,4;"RIO DO SUL";"Ingestão de Álcool";"Colisão lateral";"Sem Vítimas";"Plena Noite";"Decrescente";"Nublado";"Simples";"Rotatória";"Sim";2;0;0;0;2;0;0;2;-27,217564;-49,65461;"SPRF-SC";"DEL04-SC";"UOP02-DEL04-SC"
255250;2019-12-10;"terça-feira";"19:45:00";"MT";70;380;"CAMPO VERDE";"Ingestão de Álcool";"Colisão transversal";"Com Vítimas Fatais";"Plena Noite";"Decrescente";"Céu Claro";"Simples";"Reta";"Sim";3;1;0;0;1;1;0;3;-15,50286015;-55,1046459;"SPRF-MT";"DEL05-MT";"UOP01-DEL05-MT"
255260;2019-12-11;"quarta-feira";"04:50:00";"MS";262;552,7;"MIRANDA";"Defeito Mecânico no Veículo";"Saída de leito carroçável";"Com Vítimas Feridas";"Amanhecer";"Decrescente";"Chuva";"Simples";"Curva";"Não";4;0;2;2;0;0;4;1;-20,26923616;-56,33219608;"SPRF-MS";"DEL03-MS";"UOP02-DEL03-MS"
255262;2019-12-11;"quarta-feira";"06:00:00";"SP";116;225;"GUARULHOS";"Falta de Atenção à Condução";"Colisão lateral";"Com Vítimas Feridas";"Pleno dia";"Crescente";"Nublado";"Múltipla";"Reta";"Sim";2;0;1;0;1;0;1;2;-23,48586772;-46,54075317;"SPRF-SP";"DEL01-SP";"UOP01-DEL01-SP"
255264;2019-12-11;"quarta-feira";"06:15:00";"RJ";101;400;"ITAGUAI";"Velocidade Incompatível";"Colisão transversal";"Com Vítimas Feridas";"Pleno dia";"Crescente";"Nublado";"Simples";"Interseção de Vias";"Sim";2;0;1;0;1;0;1;2;-22,8483707;-43,76952338;"SPRF-RJ";"DEL03-RJ";"UOP01-DEL03-RJ"
255265;2019-12-11;"quarta-feira";"06:00:00";"MG";40;517;"RIBEIRAO DAS NEVES";"Não guardar distância de segurança";"Colisão traseira";"Com Vítimas Feridas";"Pleno dia";"Crescente";"Chuva";"Dupla";"Reta";"Sim";3;0;1;1;1;0;2;2;-19,82351202;-44,08438913;"SPRF-MG";"DEL01-MG";"UOP02-DEL01-MG"
255266;2019-12-11;"quarta-feira";"05:50:00";"DF";40;5,5;"BRASILIA";"Falta de Atenção à Condução";"Tombamento";"Com Vítimas Feridas";"Amanhecer";"Decrescente";"Nublado";"Dupla";"Reta";"Sim";1;0;1;0;0;0;1;1;-16,020903;-47,980541;"SPRF-DF";"DEL01-DF";"UOP01-DEL01-DF"
255267;2019-12-11;"quarta-feira";"06:10:00";"MG";40;526;"CONTAGEM";"Velocidade Incompatível";"Colisão com objeto estático";"Com Vítimas Feridas";"Pleno dia";"Decrescente";"Chuva";"Dupla";"Reta";"Sim";3;0;3;0;0;0;3;1;-19,89255399;-44,04985478;"SPRF-MG";"DEL01-MG";"UOP02-DEL01-MG"
255268;2019-12-11;"quarta-feira";"03:15:00";"RO";364;196,8;"PIMENTA BUENO";"Ingestão de Álcool";"Colisão com objeto estático";"Com Vítimas Feridas";"Anoitecer";"Decrescente";"Nublado";"Simples";"Interseção de Vias";"Sim";1;0;1;0;0;0;1;1;-11,6932879;-61,17742991;"SPRF-RO";"DEL02-RO";"UOP02-DEL02-RO"
255269;2019-12-10;"terça-feira";"14:15:00";"BA";324;389;"GAVIAO";"Agressão Externa";"Capotamento";"Com Vítimas Feridas";"Pleno dia";"Decrescente";"Céu Claro";"Simples";"Reta";"Não";3;0;0;3;0;0;3;1;-11,51234936;-39,73008433;"SPRF-BA";"DEL04-BA";"UOP02-DEL04-BA"
255270;2019-12-11;"quarta-feira";"06:45:00";"PR";116;122;"CURITIBA";"Não guardar distância de segurança";"Colisão traseira";"Com Vítimas Feridas";"Pleno dia";"Decrescente";"Céu Claro";"Dupla";"Reta";"Não";2;0;1;0;1;0;1;2;-25,56857207;-49,31023179;"SPRF-PR";"DEL01-PR";"UOP03-DEL01-PR"
255271;2019-12-11;"quarta-feira";"00:45:00";"PR";376;540;"PALMEIRA";"Condutor Dormindo";"Saída de leito carroçável";"Com Vítimas Feridas";"Plena Noite";"Decrescente";"Nevoeiro/Neblina";"Dupla";"Reta";"Não";2;0;1;0;1;0;1;1;-25,413497;-49,775647;"SPRF-PR";"DEL01-PR";"UOP06-DEL01-PR"
255272;2019-12-11;"quarta-feira";"07:05:00";"GO";60;101,2;"ANAPOLIS";"Falta de Atenção à Condução";"Colisão transversal";"Com Vítimas Feridas";"Pleno dia";"Crescente";"Céu Claro";"Dupla";"Reta";"Sim";2;0;1;0;1;0;1;2;-16,40239144;-48,97632122;"SPRF-GO";"DEL02-GO";"UOP01-DEL02-GO"
255275;2019-12-11;"quarta-feira";"00:40:00";"MG";116;370;"FREI INOCENCIO";"Condutor Dormindo";"Colisão frontal";"Com Vítimas Feridas";"Plena Noite";"Decrescente";"Céu Claro";"Simples";"Reta";"Sim";2;0;0;1;1;0;1;2;-18,53888918;-41,89646387;"SPRF-MG";"DEL11-MG";"UOP01-DEL11-MG"
255276;2019-12-10;"terça-feira";"16:30:00";"AL";416;51,9;"IBATEGUARA";"Velocidade Incompatível";"Saída de leito carroçável";"Com Vítimas Feridas";"Anoitecer";"Decrescente";"Céu Claro";"Simples";"Aclive";"Não";4;0;0;4;0;0;4;1;-8,9679659;-35,96309603;"SPRF-AL";"DEL01-AL";"UOP02-DEL01-AL"
255278;2019-12-11;"quarta-feira";"07:30:00";"MG";116;644,8;"FERVEDOURO";"Avarias e/ou desgaste excessivo no pneu";"Saída de leito carroçável";"Com Vítimas Fatais";"Amanhecer";"Crescente";"Nublado";"Simples";"Curva";"Não";2;2;0;0;0;0;0;1;-20,67036494;-42,26892041;"SPRF-MG";"DEL07-MG";"UOP03-DEL07-MG"
255279;2019-12-11;"quarta-feira";"07:00:00";"PR";277;71,9;"SAO JOSE DOS PINHAIS";"Defeito Mecânico no Veículo";"Saída de leito carroçável";"Sem Vítimas";"Pleno dia";"Crescente";"Nublado";"Dupla";"Reta";"Sim";1;0;0;0;1;0;0;1;-25,50712266;-49,13669586;"SPRF-PR";"DEL01-PR";"UOP01-DEL01-PR"
255280;2019-12-11;"quarta-feira";"08:15:00";"MG";365;632;"UBERLANDIA";"Avarias e/ou desgaste excessivo no pneu";"Capotamento";"Com Vítimas Feridas";"Pleno dia";"Decrescente";"Nublado";"Dupla";"Reta;Aclive";"Sim";1;0;1;0;0;0;1;1;-18,90498729;-48,3405304;"SPRF-MG";"DEL15-MG";"UOP01-DEL15-MG"
255281;2019-12-11;"quarta-feira";"08:00:00";"RS";386;349,2;"LAJEADO";"Velocidade Incompatível";"Engavetamento";"Com Vítimas Feridas";"Pleno dia";"Decrescente";"Céu Claro";"Simples";"Declive";"Não";4;0;1;0;3;0;1;4;-29,46694221;-51,95435643;"SPRF-RS";"DEL04-RS";"UOP02-DEL04-RS"
255282;2019-12-11;"quarta-feira";"06:10:00";"BA";415;22;"ILHEUS";"Ultrapassagem Indevida";"Colisão lateral";"Com Vítimas Feridas";"Pleno dia";"Crescente";"Céu Claro";"Simples";"Curva";"Não";2;0;1;0;1;0;1;2;-14,8482;-39,281986;"SPRF-BA";"DEL05-BA";"UOP01-DEL05-BA"
255284;2019-12-11;"quarta-feira";"05:00:00";"MG";116;153,1;"PONTO DOS VOLANTES";"Falta de Atenção à Condução";"Saída de leito carroçável";"Com Vítimas Feridas";"Amanhecer";"Crescente";"Céu Claro";"Simples";"Ponte";"Não";2;0;1;0;1;0;1;1;-16,87572999;-41,47858717;"SPRF-MG";"DEL11-MG";"UOP02-DEL11-MG"
255285;2019-12-11;"quarta-feira";"08:35:00";"TO";153;334;"GUARAI";"Desobediência às normas de trânsito pelo condutor";"Colisão lateral";"Com Vítimas Feridas";"Pleno dia";"Decrescente";"Céu Claro";"Simples";"Reta";"Sim";2;0;1;0;1;0;1;2;-8,835718;-48,512123;"SPRF-TO";"DEL02-TO";"UOP02-DEL02-TO"
255287;2019-06-10;"segunda-feira";"06:30:00";"MG";116;282,9;"TEOFILO OTONI";"Pista Escorregadia";"Tombamento";"Sem Vítimas";"Plena Noite";"Crescente";"Chuva";"Simples";"Curva";"Não";1;0;0;0;1;0;0;1;-17,902369;-41,522926;"SPRF-MG";"DEL11-MG";"UOP01-DEL11-MG"
255289;2019-12-11;"quarta-feira";"08:50:00";"MG";381;686,7;"LAVRAS";"Falta de Atenção à Condução";"Saída de leito carroçável";"Sem Vítimas";"Pleno dia";"Crescente";"Chuva";"Dupla";"Curva;Declive";"Não";1;0;0;0;1;0;0;1;-21,20030689;-45,11944438;"SPRF-MG";"DEL04-MG";"UOP02-DEL04-MG"
255291;2019-12-11;"quarta-feira";"08:45:00";"RS";116;269;"CANOAS";"Não guardar distância de segurança";"Colisão traseira";"Com Vítimas Feridas";"Pleno dia";"Crescente";"Céu Claro";"Simples";"Reta";"Sim";3;0;2;0;1;0;2;2;-29,96233362;-51,1762476;"SPRF-RS";"DEL01-RS";"UOP01-DEL01-RS"
255292;2019-12-11;"quarta-feira";"08:30:00";"PR";476;125;"CURITIBA";"Não guardar distância de segurança";"Colisão traseira";"Com Vítimas Feridas";"Pleno dia";"Crescente";"Nublado";"Múltipla";"Reta";"Sim";2;0;1;0;1;0;1;2;-25,4083;-49,219658;"SPRF-PR";"DEL01-PR";"UOP07-DEL01-PR"
255293;2019-12-11;"quarta-feira";"09:00:00";"CE";222;4;"FORTALEZA";"Desobediência às normas de trânsito pelo pedestre";"Atropelamento de Pedestre";"Com Vítimas Feridas";"Pleno dia";"Decrescente";"Nublado";"Múltipla";"Reta";"Sim";2;0;1;0;1;0;1;2;-3,74164754;-38,60449792;"SPRF-CE";"DEL01-CE";"UOP01-DEL01-CE"
255294;2019-12-11;"quarta-feira";"09:00:00";"CE";116;7,8;"FORTALEZA";"Falta de Atenção à Condução";"Colisão traseira";"Com Vítimas Feridas";"Pleno dia";"Crescente";"Nublado";"Múltipla";"Interseção de Vias";"Sim";3;0;0;1;2;0;1;2;-3,81073099;-38,50074867;"SPRF-CE";"DEL01-CE";"UOP02-DEL01-CE"
255295;2019-12-11;"quarta-feira";"02:51:00";"RS";468;97,9;"TRES PASSOS";"Velocidade Incompatível";"Saída de leito carroçável";"Com Vítimas Fatais";"Plena Noite";"Crescente";"Céu Claro";"Simples";"Reta";"Sim";1;1;0;0;0;0;0;1;-27,48845026;-53,89320218;"SPRF-RS";"DEL08-RS";"UOP02-DEL08-RS"
255296;2019-12-11;"quarta-feira";"09:28:00";"DF";70;12,3;"BRASILIA";"Defeito Mecânico no Veículo";"Colisão transversal";"Com Vítimas Feridas";"Pleno dia";"Decrescente";"Nublado";"Dupla";"Interseção de Vias";"Não";4;0;1;2;1;0;3;2;-15,79320336;-48,16075265;"SPRF-DF";"DEL01-DF";"UOP02-DEL03-DF"
255298;2019-12-11;"quarta-feira";"09:00:00";"PR";116;145;"MANDIRITUBA";"Não guardar distância de segurança";"Colisão traseira";"Com Vítimas Feridas";"Pleno dia";"Crescente";"Nublado";"Simples";"Reta";"Não";3;0;1;0;2;0;1;3;-25,77290167;-49,32325542;"SPRF-PR";"DEL01-PR";"UOP03-DEL01-PR"
255299;2019-12-11;"quarta-feira";"09:35:00";"PE";428;190,2;"PETROLINA";"Falta de Atenção à Condução";"Colisão transversal";"Com Vítimas Feridas";"Pleno dia";"Decrescente";"Sol";"Dupla";"Interseção de Vias";"Sim";2;0;1;0;0;1;1;2;-9,37988027;-40,50871342;"SPRF-PE";"DEL06-PE";"UOP01-DEL06-PE"
255300;2019-12-11;"quarta-feira";"09:00:00";"MG";40;656;"CRISTIANO OTONI";"Velocidade Incompatível";"Saída de leito carroçável";"Com Vítimas Feridas";"Pleno dia";"Decrescente";"Chuva";"Dupla";"Curva";"Não";4;0;3;0;1;0;3;1;-20,87261896;-43,79985605;"SPRF-MG";"DEL05-MG";"UOP02-DEL05-MG"
255301;2019-12-11;"quarta-feira";"08:45:00";"RS";386;227,5;"MORMACO";"Falta de Atenção à Condução";"Colisão traseira";"Com Vítimas Feridas";"Pleno dia";"Crescente";"Céu Claro";"Simples";"Reta";"Não";6;0;2;0;4;0;2;2;-28,682615;-52,594723;"SPRF-RS";"DEL04-RS";"UOP03-DEL04-RS"
255302;2019-10-20;"domingo";"07:00:00";"RJ";40;108;"DUQUE DE CAXIAS";"Falta de Atenção à Condução";"Colisão com objeto estático";"Com Vítimas Feridas";"Pleno dia";"Decrescente";"Chuva";"Múltipla";"Reta";"Sim";1;0;0;1;0;0;1;1;-22,66476979;-43,28495144;"SPRF-RJ";"DEL01-RJ";"UOP01-DEL01-RJ"
255303;2019-12-11;"quarta-feira";"09:42:00";"DF";40;1,7;"BRASILIA";"Não guardar distância de segurança";"Engavetamento";"Com Vítimas Feridas";"Pleno dia";"Crescente";"Céu Claro";"Dupla";"Reta";"Sim";4;0;1;0;3;0;1;3;-15,985532;-47,987747;"SPRF-DF";"DEL01-DF";"UOP01-DEL01-DF"
255305;2019-11-21;"quinta-feira";"06:29:00";"DF";40;0,5;"BRASILIA";"Condutor Dormindo";"Colisão frontal";"Com Vítimas Fatais";"Amanhecer";"Decrescente";"Sol";"Dupla";"Reta";"Sim";2;1;0;0;1;0;0;2;-15,976897;-47,990129;"SPRF-DF";"DEL01-DF";"UOP01-DEL01-DF"
255306;2019-12-11;"quarta-feira";"07:45:00";"RS";386;349,3;"LAJEADO";"Falta de Atenção à Condução";"Colisão traseira";"Com Vítimas Feridas";"Pleno dia";"Decrescente";"Céu Claro";"Dupla";"Reta;Ponte";"Não";2;0;1;0;1;0;1;2;-29,465483;-51,95509;"SPRF-RS";"DEL04-RS";"UOP02-DEL04-RS"
255316;2019-12-11;"quarta-feira";"10:40:00";"GO";153;503,4;"GOIANIA";"Falta de Atenção à Condução";"Colisão traseira";"Sem Vítimas";"Pleno dia";"Crescente";"Nublado";"Dupla";"Reta;Viaduto;Declive";"Sim";2;0;0;0;2;0;0;2;-16,7366;-49,243;"SPRF-GO";"DEL01-GO";"UOP01-DEL01-GO"
255317;2019-12-11;"quarta-feira";"10:05:00";"RN";101;82,4;"NATAL";"Não guardar distância de segurança";"Engavetamento";"Sem Vítimas";"Pleno dia";"Decrescente";"Céu Claro";"Dupla";"Reta";"Sim";3;0;0;0;3;0;0;3;-5,76791511;-35,27456305;"SPRF-RN";"DEL02-RN";"UOP01-DEL02-RN"
255319;2019-12-11;"quarta-feira";"10:40:00";"PE";101;66,2;"RECIFE";"Falta de Atenção do Pedestre";"Atropelamento de Pedestre";"Com Vítimas Feridas";"Pleno dia";"Decrescente";"Céu Claro";"Múltipla";"Reta";"Sim";2;0;1;1;0;0;2;2;-8,03368534;-34,94184125;"SPRF-PE";"DEL01-PE";"UOP01-DEL01-PE"
255321;2019-12-11;"quarta-feira";"06:00:00";"MT";70;543,8;"NOSSA SENHORA DO LIVRAMENTO";"Falta de Atenção à Condução";"Saída de leito carroçável";"Com Vítimas Fatais";"Pleno dia";"Crescente";"Céu Claro";"Simples";"Reta";"Não";1;1;0;0;0;0;0;1;-15,67703033;-56,32792808;"SPRF-MT";"DEL01-MT";"DEL2/4-UOP02/MT"
255322;2019-12-11;"quarta-feira";"08:20:00";"MG";365;683,6;"MONTE ALEGRE DE MINAS";"Falta de Atenção à Condução";"Colisão traseira";"Sem Vítimas";"Pleno dia";"Crescente";"Céu Claro";"Dupla";"Reta";"Não";2;0;0;0;2;0;0;2;-18,851478;-48,847366;"SPRF-MG";"DEL15-MG";"UOP01-DEL15-MG"
255324;2019-12-11;"quarta-feira";"10:20:00";"MG";381;336;"NOVA ERA";"Falta de Atenção à Condução";"Capotamento";"Com Vítimas Feridas";"Pleno dia";"Crescente";"Nublado";"Simples";"Curva";"Não";1;0;1;0;0;0;1;1;-19,82119502;-43,07407899;"SPRF-MG";"DEL03-MG";"UOP01-DEL03-MG"
255325;2019-12-11;"quarta-feira";"11:00:00";"CE";402;288,1;"TURURU";"Defeito Mecânico no Veículo";"Colisão com objeto estático";"Com Vítimas Feridas";"Pleno dia";"Crescente";"Céu Claro";"Simples";"Reta";"Não";3;0;1;2;0;0;3;1;-3,61339014;-39,43322244;"SPRF-CE";"DEL01-CE";"UOP03-DEL01-CE"
255328;2019-12-11;"quarta-feira";"11:30:00";"BA";116;2;"ABARE";"Desobediência às normas de trânsito pelo condutor";"Colisão transversal";"Com Vítimas Fatais";"Pleno dia";"Crescente";"Céu Claro";"Simples";"Reta";"Não";4;2;2;0;0;0;2;2;-8,63609191;-39,25976503;"SPRF-PE";"DEL05-PE";"UOP03-DEL05-PE"
255329;2019-12-07;"sábado";"17:15:00";"RJ";101;313;"SAO GONCALO";"Defeito Mecânico no Veículo";"Colisão lateral";"Com Vítimas Feridas";"Pleno dia";"Crescente";"Nublado";"Dupla";"Reta";"Sim";1;0;1;0;0;0;1;1;-22,7931424;-43,0249685;"SPRF-RJ";"DEL02-RJ";"UOP02-DEL02-RJ"
255331;2019-12-11;"quarta-feira";"11:50:00";"PB";101;89;"JOAO PESSOA";"Falta de Atenção à Condução";"Colisão transversal";"Com Vítimas Feridas";"Pleno dia";"Crescente";"Céu Claro";"Múltipla";"Reta";"Sim";2;0;0;1;1;0;1;2;-7,1710694;-34,89765372;"SPRF-PB";"DEL01-PB";"UOP01-DEL01-PB"
255334;2019-12-11;"quarta-feira";"11:06:00";"RO";364;240;"CACOAL";"Ultrapassagem Indevida";"Colisão transversal";"Com Vítimas Feridas";"Pleno dia";"Crescente";"Chuva";"Simples";"Interseção de Vias;Declive";"Sim";2;0;1;0;1;0;1;2;-11,43579019;-61,47096987;"SPRF-RO";"DEL02-RO";"UOP02-DEL02-RO"
255337;2019-12-11;"quarta-feira";"12:15:00";"SC";101;329,3;"TUBARAO";"Avarias e/ou desgaste excessivo no pneu";"Tombamento";"Com Vítimas Feridas";"Pleno dia";"Crescente";"Céu Claro";"Dupla";"Curva";"Não";2;0;2;0;0;0;2;1;-28,44404822;-48,96611372;"SPRF-SC";"DEL02-SC";"UOP01-DEL02-SC"
255338;2019-12-11;"quarta-feira";"11:35:00";"PE";423;81,9;"JUCATI";"Falta de Atenção do Pedestre";"Atropelamento de Pedestre";"Com Vítimas Feridas";"Pleno dia";"Decrescente";"Sol";"Simples";"Reta";"Não";4;0;0;1;2;1;1;2;-8,77445381;-36,42734142;"SPRF-PE";"DEL03-PE";"UOP01-DEL03-PE"
255339;2019-02-24;"domingo";"03:00:00";"AM";174;964;"MANAUS";"Condutor Dormindo";"Saída de leito carroçável";"Com Vítimas Feridas";"Amanhecer";"Decrescente";"Céu Claro";"Simples";"Reta";"Não";1;0;0;1;0;0;1;1;-2,273;-60,041;"SPRF-AM";"DEL01-AM";"UOP02-DEL01-AM"
255341;2019-12-11;"quarta-feira";"13:30:00";"PR";369;177,3;"ROLANDIA";"Desobediência às normas de trânsito pelo condutor";"Colisão lateral";"Com Vítimas Feridas";"Pleno dia";"Decrescente";"Chuva";"Dupla";"Reta";"Sim";2;0;1;0;1;0;1;2;-23,3401257;-51,3873085;"SPRF-PR";"DEL07-PR";"UOP01-DEL07-PR"
255343;2019-09-26;"quinta-feira";"14:41:00";"RJ";101;281;"ITABORAI";"Falta de Atenção à Condução";"Colisão com objeto estático";"Com Vítimas Feridas";"Pleno dia";"Decrescente";"Ignorado";"Dupla";"Reta";"Sim";1;0;1;0;0;0;1;1;-22,76309436;-42,8732121;"SPRF-RJ";"DEL02-RJ";"UOP03-DEL02-RJ"
255345;2019-12-11;"quarta-feira";"13:30:00";"PE";101;49,9;"ABREU E LIMA";"Falta de Atenção do Pedestre";"Atropelamento de Pedestre";"Com Vítimas Feridas";"Pleno dia";"Decrescente";"Sol";"Múltipla";"Reta";"Sim";2;0;0;1;1;0;1;2;-7,9005152;-34,90180641;"SPRF-PE";"DEL01-PE";"UOP02-DEL01-PE"
255346;2019-12-11;"quarta-feira";"11:40:00";"BA";324;616;"SALVADOR";"Defeito Mecânico no Veículo";"Queda de ocupante de veículo";"Com Vítimas Feridas";"Pleno dia";"Crescente";"Sol";"Dupla";"Reta";"Sim";1;0;1;0;0;0;1;1;-12,87957905;-38,43213893;"SPRF-BA";"DEL01-BA";"UOP01-DEL01-BA"
255347;2019-12-11;"quarta-feira";"04:30:00";"BA";324;471,4;"TANQUINHO";"Ingestão de Álcool";"Saída de leito carroçável";"Com Vítimas Feridas";"Amanhecer";"Crescente";"Céu Claro";"Simples";"Curva";"Não";1;0;0;1;0;0;1;1;-11,96809631;-39,13613666;"SPRF-BA";"DEL02-BA";"UOP01-DEL02-BA"
255348;2019-12-11;"quarta-feira";"13:50:00";"SC";101;214,5;"PALHOCA";"Falta de Atenção à Condução";"Colisão traseira";"Com Vítimas Feridas";"Pleno dia";"Decrescente";"Sol";"Dupla";"Reta;Declive";"Sim";2;0;1;0;1;0;1;2;-27,64552397;-48,67124861;"SPRF-SC";"DEL01-SC";"UOP02-DEL01-SC"
255349;2019-12-11;"quarta-feira";"07:00:00";"RJ";101;417;"MANGARATIBA";"Velocidade Incompatível";"Colisão com objeto estático";"Com Vítimas Feridas";"Pleno dia";"Decrescente";"Nublado";"Simples";"Curva";"Não";1;0;1;0;0;0;1;1;-22,91293797;-43,89732384;"SPRF-RJ";"DEL03-RJ";"UOP01-DEL03-RJ"
255352;2019-12-04;"quarta-feira";"15:30:00";"AM";319;75;"CAREIRO";"Condutor Dormindo";"Colisão com objeto estático";"Com Vítimas Feridas";"Pleno dia";"Decrescente";"Céu Claro";"Simples";"Reta";"Não";1;0;1;0;0;0;1;1;-3,55266466;-60,17268337;"SPRF-AM";"DEL01-AM";"UOP04-DEL01-AM"
255353;2019-12-11;"quarta-feira";"13:30:00";"SP";116;185,4;"SANTA ISABEL";"Falta de Atenção à Condução";"Colisão com objeto estático";"Com Vítimas Feridas";"Pleno dia";"Decrescente";"Nublado";"Dupla";"Aclive";"Não";1;0;1;0;0;0;1;1;-23,35176424;-46,18966001;"SPRF-SP";"DEL02-SP";"UOP01-DEL02-SP"
255354;2019-12-11;"quarta-feira";"13:45:00";"PR";369;56,8;"BANDEIRANTES";"Falta de Atenção à Condução";"Colisão frontal";"Com Vítimas Feridas";"Pleno dia";"Decrescente";"Chuva";"Simples";"Reta";"Sim";2;0;2;0;0;0;2;2;-23,11753881;-50,37516832;"SPRF-PR";"DEL07-PR";"UOP05-DEL07-PR"
255355;2019-12-11;"quarta-feira";"14:15:00";"SC";280;55;"GUARAMIRIM";"Falta de Atenção à Condução";"Colisão transversal";"Com Vítimas Feridas";"Pleno dia";"Crescente";"Céu Claro";"Simples";"Reta";"Sim";2;0;1;0;1;0;1;2;-26,47584353;-48,9937858;"SPRF-SC";"DEL03-SC";"UOP03-DEL03-SC"
255356;2019-12-11;"quarta-feira";"10:10:00";"MG";116;694;"MURIAE";"Ultrapassagem Indevida";"Saída de leito carroçável";"Com Vítimas Feridas";"Pleno dia";"Decrescente";"Chuva";"Simples";"Curva";"Não";1;0;1;0;0;0;1;1;-21,03709257;-42,3671329;"SPRF-MG";"DEL07-MG";"UOP02-DEL07-MG"
255357;2019-12-11;"quarta-feira";"14:15:00";"MG";356;265,5;"MURIAE";"Falta de Atenção à Condução";"Colisão transversal";"Com Vítimas Feridas";"Pleno dia";"Crescente";"Garoa/Chuvisco";"Simples";"Rotatória";"Sim";2;0;1;0;1;0;1;2;-21,12838898;-42,366803;"SPRF-MG";"DEL07-MG";"UOP02-DEL07-MG"
255358;2019-12-11;"quarta-feira";"13:30:00";"RO";364;231,9;"CACOAL";"Falta de Atenção à Condução";"Colisão traseira";"Sem Vítimas";"Pleno dia";"Crescente";"Garoa/Chuvisco";"Simples";"Declive;Reta";"Sim";5;0;0;0;5;0;0;2;-11,466879;-61,405048;"SPRF-RO";"DEL02-RO";"UOP02-DEL02-RO"
255359;2019-12-11;"quarta-feira";"14:25:00";"SC";101;129;"BALNEARIO CAMBORIU";"Falta de Atenção à Condução";"Colisão traseira";"Com Vítimas Feridas";"Pleno dia";"Crescente";"Sol";"Dupla";"Reta";"Não";2;0;0;1;1;0;1;2;-26,98064277;-48,6790679;"SPRF-SC";"DEL04-SC";"UOP03-DEL04-SC"
255361;2019-11-06;"quarta-feira";"15:50:00";"RJ";40;117;"DUQUE DE CAXIAS";"Falta de Atenção à Condução";"Colisão lateral";"Com Vítimas Feridas";"Pleno dia";"Decrescente";"Garoa/Chuvisco";"Múltipla";"Reta";"Sim";2;0;1;0;0;1;1;2;-22,75036447;-43,28740066;"SPRF-RJ";"DEL01-RJ";"UOP01-DEL01-RJ"
255362;2019-12-11;"quarta-feira";"13:30:00";"PR";476;124,1;"CURITIBA";"Não guardar distância de segurança";"Colisão lateral";"Com Vítimas Feridas";"Pleno dia";"Crescente";"Nublado";"Dupla";"Reta;Em Obras;Declive";"Sim";2;0;1;0;1;0;1;2;-25,399845;-49,215855;"SPRF-PR";"DEL01-PR";"UOP07-DEL01-PR"
255363;2019-12-11;"quarta-feira";"14:30:00";"MG";40;558;"NOVA LIMA";"Agressão Externa";"Colisão com objeto em movimento";"Com Vítimas Feridas";"Pleno dia";"Decrescente";"Nublado";"Dupla";"Declive;Reta";"Não";2;0;1;0;1;0;1;2;-20,11082646;-43,97221642;"SPRF-MG";"DEL01-MG";"UOP02-DEL01-MG"
255366;2019-12-07;"sábado";"14:00:00";"MT";163;639;"NOVA MUTUM";"Pista Escorregadia";"Saída de leito carroçável";"Com Vítimas Feridas";"Pleno dia";"Decrescente";"Garoa/Chuvisco";"Simples";"Reta";"Não";1;0;1;0;0;0;1;1;-13,56662999;-56,0289131;"SPRF-MT";"DEL01-MT";"UOP01-DEL01-MT"