"id";"data_inversa";"dia_semana";"horario";"uf";"br";"km";"municipio";"causa_acidente";"tipo_acidente";"classificacao_acidente";"fase_dia";"sentido_via";"condicao_metereologica";"tipo_pista";"tracado_via";"uso_solo";"pessoas";"mortos";"feridos_leves";"feridos_graves";"ilesos";"ignorados";"feridos";"veiculos";"latitude";"longitude";"regional";"delegacia";"uop"
255368;2019-12-11;"quarta-feira";"15:30:00";"CE";222;0,7;"CAUCAIA";"Defeito Mecânico no Veículo";"Saída de leito carroçável";"Com Vítimas Feridas";"Pleno dia";"Decrescente";"Céu Claro";"Dupla";"Reta";"Sim";3;0;2;1;0;0;3;1;-3,736507;-38,65337;"SPRF-CE";"DEL01-CE";"UOP01-DEL01-CE"
255369;2019-12-11;"quarta-feira";"15:40:00";"RS";386;343,9;"LAJEADO";"Carga excessiva e/ou mal acondicionada";"Colisão com objeto estático";"Com Vítimas Feridas";"Pleno dia";"Decrescente";"Céu Claro";"Simples";"Reta";"Não";2;0;1;0;1;0;1;2;-29,434835;-52,002365;"SPRF-RS";"DEL04-RS";"UOP01-DEL04-RS"
255371;2019-12-11;"quarta-feira";"16:30:00";"MG";50;7;"UBERLANDIA";"Avarias e/ou desgaste excessivo no pneu";"Queda de ocupante de veículo";"Com Vítimas Feridas";"Pleno dia";"Decrescente";"Céu Claro";"Dupla";"Curva";"Não";2;0;2;0;0;0;2;1;-18,85448804;-48,23141277;"SPRF-MG";"DEL15-MG";"UOP02-DEL15-MG"
255372;2019-12-11;"quarta-feira";"15:40:00";"ES";259;64,5;"COLATINA";"Falta de Atenção à Condução";"Tombamento";"Com Vítimas Feridas";"Pleno dia";"Crescente";"Céu Claro";"Simples";"Reta";"Não";2;0;2;0;0;0;2;1;-19,52282295;-40,70687198;"SPRF-ES";"DEL02-ES";"UOP01-DEL02-ES"
255373;2019-12-11;"quarta-feira";"17:30:00";"RS";116;265;"CANOAS";"Falta de Atenção à Condução";"Colisão traseira";"Com Vítimas Feridas";"Pleno dia";"Crescente";"Céu Claro";"Múltipla";"Reta";"Não";3;0;1;0;2;0;1;3;-29,92342302;-51,17780944;"SPRF-RS";"DEL01-RS";"UOP01-DEL01-RS"
255374;2019-12-11;"quarta-feira";"17:45:00";"PE";428;185;"PETROLINA";"Falta de Atenção à Condução";"Colisão lateral";"Com Vítimas Feridas";"Anoitecer";"Decrescente";"Céu Claro";"Simples";"Reta";"Sim";2;0;1;0;1;0;1;2;-9,35204777;-40,47641695;"SPRF-PE";"DEL06-PE";"UOP01-DEL06-PE"
255375;2019-12-11;"quarta-feira";"17:00:00";"PI";343;4,7;"TERESINA";"Não guardar distância de segurança";"Colisão traseira";"Sem Vítimas";"Pleno dia";"Crescente";"Céu Claro";"Dupla";"Reta";"Sim";2;0;0;0;2;0;0;2;-5,0811695;-42,79280663;"SPRF-PI";"DEL01-PI";"UOP01-DEL01-PI"
255376;2019-12-11;"quarta-feira";"12:50:00";"MG";262;8,4;"MARTINS SOARES";"Não guardar distância de segurança";"Colisão traseira";"Sem Vítimas";"Pleno dia";"Crescente";"Nublado";"Simples";"Reta";"Não";3;0;0;0;3;0;0;3;-20,25369605;-41,82611703;"SPRF-MG";"DEL06-MG";"UOP03-DEL06-MG"
255377;2019-12-11;"quarta-feira";"15:15:00";"MS";262;365,3;"CAMPO GRANDE";"Animais na Pista";"Saída de leito carroçável";"Com Vítimas Feridas";"Pleno dia";"Decrescente";"Garoa/Chuvisco";"Simples";"Reta";"Sim";3;0;1;0;2;0;1;1;-20,49132429;-54,74025306;"SPRF-MS";"DEL01-MS";"UOP03-DEL01-MS"
255378;2019-12-11;"quarta-feira";"16:00:00";"MS";262;327;"CAMPO GRANDE";"Falta de Atenção à Condução";"Colisão transversal";"Com Vítimas Feridas";"Pleno dia";"Decrescente";"Nublado";"Simples";"Reta";"Sim";5;0;3;0;2;0;3;2;-20,46657314;-54,54372903;"SPRF-MS";"DEL01-MS";"UOP01-DEL01-MS"
255379;2019-12-11;"quarta-feira";"18:00:00";"PB";230;6;"CABEDELO";"Falta de Atenção à Condução";"Colisão com objeto estático";"Com Vítimas Feridas";"Plena Noite";"Crescente";"Céu Claro";"Dupla";"Reta";"Sim";1;0;1;0;0;0;1;1;-7,02;-34,8359;"SPRF-PB";"DEL01-PB";"UOP01-DEL01-PB"
255380;2019-12-11;"quarta-feira";"16:40:00";"RJ";116;102;"GUAPIMIRIM";"Pista Escorregadia";"Capotamento";"Com Vítimas Feridas";"Pleno dia";"Crescente";"Chuva";"Simples";"Curva";"Sim";1;0;1;0;0;0;1;1;-22,49820581;-42,99844401;"SPRF-RJ";"DEL04-RJ";"UOP02-DEL04-RJ"
255381;2019-12-11;"quarta-feira";"15:00:00";"BA";324;564;"SAO SEBASTIAO DO PASSE";"Objeto estático sobre o leito carroçável";"Colisão com objeto estático";"Com Vítimas Feridas";"Pleno dia";"Decrescente";"Céu Claro";"Dupla";"Declive";"Não";2;0;2;0;0;0;2;1;-12,5138723;-38,62480322;"SPRF-BA";"DEL01-BA";"UOP01-DEL01-BA"
255383;2019-12-11;"quarta-feira";"18:20:00";"DF";40;5,4;"BRASILIA";"Falta de Atenção à Condução";"Colisão traseira";"Com Vítimas Feridas";"Anoitecer";"Crescente";"Nublado";"Dupla";"Reta";"Sim";2;0;1;0;1;0;1;2;-16,020903;-47,980541;"SPRF-DF";"DEL01-DF";"UOP01-DEL01-DF"
255384;2019-12-11;"quarta-feira";"17:40:00";"GO";70;48,9;"COCALZINHO DE GOIAS";"Velocidade Incompatível";"Colisão frontal";"Com Vítimas Feridas";"Pleno dia";"Decrescente";"Chuva";"Simples";"Curva";"Não";5;0;0;1;4;0;1;2;-15,75008649;-48,60508204;"SPRF-DF";"DEL01-DF";"UOP02-DEL03-DF"
255385;2019-12-11;"quarta-feira";"18:07:00";"PR";277;723,6;"FOZ DO IGUACU";"Falta de Atenção à Condução";"Colisão traseira";"Com Vítimas Feridas";"Anoitecer";"Decrescente";"Céu Claro";"Dupla";"Reta";"Não";2;0;2;0;0;0;2;2;-25,49878215;-54,52985294;"SPRF-PR";"DEL05-PR";"UOP01-DEL05-PR"
255386;2019-12-11;"quarta-feira";"17:30:00";"SE";101;201,7;"CRISTINAPOLIS";"Defeito na Via";"Tombamento";"Com Vítimas Feridas";"Pleno dia";"Decrescente";"Céu Claro";"Simples";"Reta";"Sim";1;0;1;0;0;0;1;1;-11,49070496;-37,77641305;"SPRF-SE";"DEL02-SE";"UOP03-DEL02-SE"
255387;2019-12-11;"quarta-feira";"13:35:00";"MT";174;101,5;"CACERES";"Falta de Atenção à Condução";"Tombamento";"Com Vítimas Feridas";"Pleno dia";"Decrescente";"Sol";"Simples";"Reta";"Não";3;0;1;1;1;0;2;2;-15,83767801;-57,877233;"SPRF-MT";"DEL03-MT";"UOP01-DEL03-MT"
255390;2019-12-11;"quarta-feira";"18:30:00";"AL";423;43,1;"INHAPI";"Animais na Pista";"Atropelamento de Animal";"Com Vítimas Feridas";"Plena Noite";"Decrescente";"Céu Claro";"Simples";"Reta";"Não";1;0;1;0;0;0;1;1;-9,24166601;-37,661748;"SPRF-AL";"DEL03-AL";"UOP02-DEL03-AL"
255396;2019-12-11;"quarta-feira";"19:50:00";"PB";230;24,9;"JOAO PESSOA";"Não guardar distância de segurança";"Engavetamento";"Com Vítimas Feridas";"Plena Noite";"Crescente";"Céu Claro";"Simples";"Aclive;Reta";"Sim";5;0;1;0;4;0;1;4;-7,16959792;-34,87311694;"SPRF-PB";"DEL01-PB";"UOP01-DEL01-PB"
255398;2019-12-11;"quarta-feira";"20:10:00";"RJ";116;166,4;"SAO JOAO DE MERITI";"Ingestão de Álcool";"Colisão traseira";"Sem Vítimas";"Plena Noite";"Crescente";"Chuva";"Múltipla";"Reta";"Sim";2;0;0;0;2;0;0;2;-22,81560263;-43,30051808;"SPRF-RJ";"DEL01-RJ";"UOP02-DEL01-RJ"
255401;2019-12-11;"quarta-feira";"19:55:00";"SC";101;206,4;"SAO JOSE";"Falta de Atenção à Condução";"Colisão lateral";"Com Vítimas Feridas";"Plena Noite";"Decrescente";"Nublado";"Dupla";"Reta";"Sim";2;0;1;0;1;0;1;2;-27,59193546;-48,61824557;"SPRF-SC";"DEL01-SC";"UOP01-DEL01-SC"
255402;2019-12-11;"quarta-feira";"19:10:00";"SC";280;70,6;"JARAGUA DO SUL";"Ingestão de Álcool";"Colisão transversal";"Com Vítimas Feridas";"Anoitecer";"Decrescente";"Nublado";"Simples";"Reta";"Não";4;0;3;0;1;0;3;2;-26,46288952;-49,13196445;"SPRF-SC";"DEL03-SC";"UOP03-DEL03-SC"
255403;2019-12-11;"quarta-feira";"20:45:00";"PR";116;120;"CURITIBA";"Falta de Atenção à Condução";"Engavetamento";"Com Vítimas Feridas";"Plena Noite";"Crescente";"Céu Claro";"Dupla";"Reta";"Não";3;0;1;0;2;0;1;3;-25,55122256;-49,30503748;"SPRF-PR";"DEL01-PR";"UOP03-DEL01-PR"
255405;2019-12-11;"quarta-feira";"20:45:00";"SE";101;7,8;"CEDRO DE SAO JOAO";"Desobediência às normas de trânsito pelo condutor";"Colisão frontal";"Com Vítimas Fatais";"Plena Noite";"Crescente";"Céu Claro";"Simples";"Aclive";"Não";3;1;2;0;0;0;2;2;-10,25586103;-36,86127194;"SPRF-SE";"DEL02-SE";"UOP02-DEL02-SE"
255406;2019-12-11;"quarta-feira";"20:35:00";"TO";153;670,7;"GURUPI";"Defeito na Via";"Queda de ocupante de veículo";"Com Vítimas Feridas";"Plena Noite";"Decrescente";"Céu Claro";"Dupla";"Reta";"Sim";1;0;0;1;0;0;1;1;-11,70998005;-49,07471975;"SPRF-TO";"DEL02-TO";"UOP02-DEL01-TO"
255407;2019-12-11;"quarta-feira";"17:27:00";"RJ";101;319;"SAO GONCALO";"Falta de Atenção do Pedestre";"Atropelamento de Pedestre";"Com Vítimas Feridas";"Anoitecer";"Decrescente";"Nublado";"Dupla";"Reta";"Sim";2;0;1;0;1;0;1;2;-22,85411774;-43,1018014;"SPRF-RJ";"DEL02-RJ";"UOP02-DEL02-RJ"
255409;2019-12-11;"quarta-feira";"21:00:00";"ES";101;264,5;"SERRA";"Falta de Atenção à Condução";"Colisão transversal";"Com Vítimas Feridas";"Plena Noite";"Decrescente";"Céu Claro";"Dupla";"Interseção de Vias";"Sim";3;0;1;1;1;0;2;2;-20,17292791;-40,26736384;"SPRF-ES";"DEL02-ES";"UOP01-DEL02-ES"
255410;2019-12-11;"quarta-feira";"16:50:00";"MS";163;258,2;"DOURADOS";"Falta de Atenção à Condução";"Colisão transversal";"Com Vítimas Feridas";"Pleno dia";"Decrescente";"Chuva";"Múltipla";"Interseção de Vias";"Sim";2;0;1;0;1;0;1;2;-22,25842073;-54,78198853;"SPRF-MS";"DEL04-MS";"UOP01-DEL04-MS"
255411;2019-12-11;"quarta-feira";"20:30:00";"MS";163;479;"CAMPO GRANDE";"Falta de Atenção à Condução";"Tombamento";"Com Vítimas Feridas";"Plena Noite";"Decrescente";"Chuva";"Simples";"Reta";"Sim";1;0;0;1;0;0;1;1;-20,487322;-54,55929095;"SPRF-MS";"DEL01-MS";"UOP01-DEL01-MS"
255413;2019-12-11;"quarta-feira";"18:15:00";"RJ";40;38,2;"AREAL";"Velocidade Incompatível";"Capotamento";"Com Vítimas Feridas";"Plena Noite";"Decrescente";"Chuva";"Dupla";"Curva";"Não";1;0;0;1;0;0;1;1;-22,22751025;-43,11963242;"SPRF-RJ";"DEL06-RJ";"UOP02-DEL05-RJ"
255415;2019-12-11;"quarta-feira";"21:10:00";"PR";476;141;"CURITIBA";"Falta de Atenção à Condução";"Colisão transversal";"Com Vítimas Feridas";"Plena Noite";"Crescente";"Céu Claro";"Dupla";"Reta";"Sim";2;0;1;0;1;0;1;2;-25,528614;-49,298798;"SPRF-PR";"DEL01-PR";"UOP03-DEL01-PR"
255416;2019-12-11;"quarta-feira";"17:15:00";"SC";116;38,2;"ITAIOPOLIS";"Desobediência às normas de trânsito pelo condutor";"Colisão lateral";"Com Vítimas Feridas";"Pleno dia";"Crescente";"Nublado";"Simples";"Reta";"Não";2;0;0;1;1;0;1;2;-26,34282442;-50,0341709;"SPRF-SC";"DEL06-SC";"UOP01-DEL06-SC"
255417;2019-12-11;"quarta-feira";"21:30:00";"SP";116;179,2;"GUARAREMA";"Restrição de Visibilidade";"Colisão com objeto estático";"Com Vítimas Feridas";"Plena Noite";"Crescente";"Chuva";"Dupla";"Reta";"Não";2;0;2;0;0;0;2;1;-23,33202124;-46,13661688;"SPRF-SP";"DEL02-SP";"UOP01-DEL02-SP"
255418;2019-12-11;"quarta-feira";"21:05:00";"RN";101;146;"GOIANINHA";"Animais na Pista";"Atropelamento de Animal";"Com Vítimas Feridas";"Plena Noite";"Decrescente";"Céu Claro";"Simples";"Reta";"Sim";1;0;1;0;0;0;1;1;-6,26255354;-35,21147156;"SPRF-RN";"DEL01-RN";"UOP01-DEL01-RN"
255419;2019-12-07;"sábado";"19:05:00";"RJ";101;315;"SAO GONCALO";"Defeito na Via";"Colisão lateral";"Com Vítimas Feridas";"Plena Noite";"Decrescente";"Garoa/Chuvisco";"Simples";"Interseção de Vias";"Sim";3;0;1;0;2;0;1;2;-22,82262092;-43,08460805;"SPRF-RJ";"DEL02-RJ";"UOP02-DEL02-RJ"
255420;2019-12-11;"quarta-feira";"19:22:00";"RO";364;346,5;"JI-PARANA";"Desobediência às normas de trânsito pelo condutor";"Colisão frontal";"Sem Vítimas";"Plena Noite";"Decrescente";"Nublado";"Simples";"Reta";"Não";5;0;0;0;4;1;0;2;-10,865874;-61,968647;"SPRF-RO";"DEL02-RO";"UOP01-DEL02-RO"
255421;2019-12-11;"quarta-feira";"18:00:00";"PR";376;229,3;"APUCARANA";"Defeito na Via";"Saída de leito carroçável";"Com Vítimas Feridas";"Pleno dia";"Crescente";"Nublado";"Dupla";"Curva";"Não";1;0;1;0;0;0;1;1;-23,56497423;-51,54240131;"SPRF-PR";"DEL07-PR";"UOP03-DEL07-PR"
255423;2019-12-11;"quarta-feira";"22:00:00";"SP";116;1;"GUARULHOS";"Falta de Atenção à Condução";"Colisão frontal";"Com Vítimas Feridas";"Plena Noite";"Crescente";"Chuva";"Dupla";"Reta";"Sim";2;0;1;0;1;0;1;2;-23,44991278;-46,49203382;"SPRF-SP";"DEL01-SP";"UOP01-DEL01-SP"
255424;2019-12-11;"quarta-feira";"21:35:00";"MS";163;207,2;"CAARAPO";"Falta de Atenção à Condução";"Saída de leito carroçável";"Com Vítimas Feridas";"Plena Noite";"Crescente";"Nublado";"Simples";"Rotatória";"Não";2;0;2;0;0;0;2;1;-22,64660094;-54,81213792;"SPRF-MS";"DEL04-MS";"UOP02-DEL04-MS"
255426;2019-12-11;"quarta-feira";"19:00:00";"RR";401;150;"NORMANDIA";"Desobediência às normas de trânsito pelo condutor";"Colisão frontal";"Com Vítimas Fatais";"Plena Noite";"Crescente";"Céu Claro";"Simples";"Reta";"Não";2;2;0;0;0;0;0;2;3,66092901;-59,84083703;"SPRF-RR";"DEL01-RR";"UOP01-DEL01-RR"
255427;2019-12-11;"quarta-feira";"23:10:00";"GO";40;1,5;"VALPARAISO DE GOIAS";"Falta de Atenção à Condução";"Colisão lateral";"Com Vítimas Feridas";"Plena Noite";"Decrescente";"Céu Claro";"Dupla";"Reta";"Sim";2;0;0;2;0;0;2;1;-16,058245;-47,982825;"SPRF-DF";"DEL01-DF";"UOP01-DEL01-DF"
255428;2019-12-11;"quarta-feira";"22:30:00";"MG";40;553,3;"NOVA LIMA";"Avarias e/ou desgaste excessivo no pneu";"Saída de leito carroçável";"Sem Vítimas";"Plena Noite";"Crescente";"Chuva";"Dupla";"Declive;Curva";"Sim";1;0;0;0;0;1;0;1;-20,07249395;-43,98358226;"SPRF-MG";"DEL01-MG";"UOP02-DEL01-MG"
255429;2019-12-11;"quarta-feira";"20:00:00";"ES";101;2;"SERRA";"Falta de Atenção à Condução";"Queda de ocupante de veículo";"Com Vítimas Feridas";"Plena Noite";"Crescente";"Céu Claro";"Dupla";"Reta";"Sim";1;0;1;0;0;0;1;1;-20,129093;-40,308125;"SPRF-ES";"DEL02-ES";"UOP01-DEL02-ES"
255431;2019-12-11;"quarta-feira";"21:40:00";"SC";282;379,3;"HERVAL DOESTE";"Falta de Atenção à Condução";"Colisão com objeto estático";"Sem Vítimas";"Plena Noite";"Crescente";"Céu Claro";"Simples";"Reta";"Não";1;0;0;0;1;0;0;1;-27,214668;-51,489677;"SPRF-SC";"DEL07-SC";"UOP05-DEL07-SC"
255434;2019-12-11;"quarta-feira";"23:30:00";"PR";163;251;"TOLEDO";"Falta de Atenção à Condução";"Colisão com objeto estático";"Com Vítimas Feridas";"Plena Noite";"Decrescente";"Céu Claro";"Simples";"Curva";"Sim";1;0;1;0;0;0;1;1;-24,69499806;-53,74153005;"SPRF-PR";"DEL06-PR";"UOP02-DEL06-PR"
255435;2019-12-11;"quarta-feira";"22:15:00";"RO";364;710;"PORTO VELHO";"Falta de Atenção à Condução";"Atropelamento de Pedestre";"Com Vítimas Feridas";"Plena Noite";"Crescente";"Céu Claro";"Dupla";"Reta";"Sim";2;0;1;0;1;0;1;2;-8,78621576;-63,85712687;"SPRF-RO";"DEL01-RO";"UOP01-DEL01-RO"
255436;2019-12-11;"quarta-feira";"22:40:00";"MS";262;326,6;"CAMPO GRANDE";"Falta de Atenção do Pedestre";"Atropelamento de Pedestre";"Com Vítimas Feridas";"Plena Noite";"Decrescente";"Nublado";"Dupla";"Reta";"Não";2;0;1;0;0;1;1;2;-20,46867409;-54,53455902;"SPRF-MS";"DEL01-MS";"UOP01-DEL01-MS"
255437;2019-12-11;"quarta-feira";"23:00:00";"RJ";116;196,8;"QUEIMADOS";"Condutor Dormindo";"Capotamento";"Com Vítimas Feridas";"Plena Noite";"Crescente";"Garoa/Chuvisco";"Dupla";"Reta";"Sim";3;0;1;0;2;0;1;1;-22,73154039;-43,60336304;"SPRF-RJ";"DEL01-RJ";"UOP02-DEL01-RJ"
255441;2019-12-11;"quarta-feira";"23:30:00";"PI";407;421;"PICOS";"Ingestão de Álcool";"Colisão com objeto estático";"Com Vítimas Feridas";"Plena Noite";"Crescente";"Céu Claro";"Simples";"Reta";"Sim";2;0;1;0;0;1;1;2;-7,07989702;-41,45059599;"SPRF-PI";"DEL04-PI";"UOP01-DEL04-PI"
255442;2019-12-11;"quarta-feira";"21:40:00";"MS";262;571,3;"MIRANDA";"Não guardar distância de segurança";"Tombamento";"Com Vítimas Feridas";"Plena Noite";"Decrescente";"Céu Claro";"Simples";"Reta";"Não";1;0;0;1;0;0;1;1;-20,19024613;-56,48517008;"SPRF-MS";"DEL03-MS";"UOP02-DEL03-MS"
255443;2019-12-11;"quarta-feira";"20:30:00";"MG";356;276,9;"EUGENOPOLIS";"Velocidade Incompatível";"Colisão frontal";"Com Vítimas Feridas";"Plena Noite";"Crescente";"Chuva";"Simples";"Curva";"Não";2;0;1;0;1;0;1;2;-21,12645838;-42,27856636;"SPRF-MG";"DEL07-MG";"UOP02-DEL07-MG"
255444;2019-12-11;"quarta-feira";"21:10:00";"MA";135;93,8;"ITAPECURU MIRIM";"Falta de Atenção à Condução";"Colisão lateral";"Com Vítimas Fatais";"Plena Noite";"Decrescente";"Ignorado";"Simples";"Reta";"Não";2;1;0;0;1;0;0;2;-3,31440313;-44,43044386;"SPRF-MA";"DEL01-MA";"UOP02-DEL01-MA"
255446;2019-12-12;"quinta-feira";"00:20:00";"MG";365;621,1;"UBERLANDIA";"Defeito na Via";"Capotamento";"Com Vítimas Feridas";"Plena Noite";"Decrescente";"Nublado";"Múltipla";"Reta";"Sim";3;0;3;0;0;0;3;1;-18,9048022;-48,29052803;"SPRF-MG";"DEL15-MG";"UOP01-DEL15-MG"
255448;2019-12-12;"quinta-feira";"00:10:00";"MT";163;102;"RONDONOPOLIS";"Animais na Pista";"Atropelamento de Animal";"Com Vítimas Feridas";"Plena Noite";"Crescente";"Céu Claro";"Dupla";"Reta";"Não";1;0;1;0;0;0;1;1;-16,6450602;-54,68993838;"SPRF-MT";"DEL02-MT";"DEL2/2-UOP02/MT"
255449;2019-12-11;"quarta-feira";"21:00:00";"MT";70;277;"PRIMAVERA DO LESTE";"Velocidade Incompatível";"Colisão com objeto estático";"Com Vítimas Feridas";"Plena Noite";"Crescente";"Céu Claro";"Dupla";"Interseção de Vias";"Sim";3;0;3;0;0;0;3;1;-15,56095006;-54,29420829;"SPRF-MT";"DEL05-MT";"UOP01-DEL05-MT"
255451;2019-12-12;"quinta-feira";"01:15:00";"SP";116;443,5;"REGISTRO";"Avarias e/ou desgaste excessivo no pneu";"Queda de ocupante de veículo";"Com Vítimas Feridas";"Plena Noite";"Crescente";"Nublado";"Dupla";"Ponte";"Não";1;0;0;1;0;0;1;1;-24,48336513;-47,8324358;"SPRF-SP";"DEL05-SP";"UOP01-DEL05-SP"
255452;2019-12-03;"terça-feira";"22:00:00";"RO";364;343,2;"JI-PARANA";"Desobediência às normas de trânsito pelo condutor";"Colisão transversal";"Com Vítimas Feridas";"Plena Noite";"Decrescente";"Nublado";"Simples";"Interseção de Vias";"Sim";2;0;2;0;0;0;2;2;-10,87878519;-61,94499012;"SPRF-RO";"DEL02-RO";"UOP01-DEL02-RO"
255453;2019-12-12;"quinta-feira";"00:15:00";"SC";470;87,1;"ASCURRA";"Ingestão de álcool e/ou substâncias psicoativas pelo pedestre";"Capotamento";"Com Vítimas Feridas";"Plena Noite";"Crescente";"Nublado";"Simples";"Reta";"Sim";2;0;1;0;1;0;1;1;-26,948483;-49,366833;"SPRF-SC";"DEL04-SC";"UOP01-DEL04-SC"
255454;2019-12-12;"quinta-feira";"02:15:00";"MG";381;552;"ITAGUARA";"Condutor Dormindo";"Capotamento";"Com Vítimas Feridas";"Plena Noite";"Decrescente";"Chuva";"Dupla";"Reta";"Não";3;0;2;0;1;0;2;1;-20,33850122;-44,44215828;"SPRF-MG";"DEL04-MG";"UOP03-DEL04-MG"
255456;2019-12-12;"quinta-feira";"03:30:00";"RJ";101;3;"CAMPOS DOS GOYTACAZES";"Falta de Atenção à Condução";"Saída de leito carroçável";"Com Vítimas Feridas";"Plena Noite";"Crescente";"Chuva";"Simples";"Declive";"Não";4;0;3;0;1;0;3;1;-21,24259101;-41,32607896;"SPRF-RJ";"DEL08-RJ";"UOP01-DEL08-RJ"
255458;2019-12-12;"quinta-feira";"04:15:00";"GO";153;520;"HIDROLANDIA";"Pista Escorregadia";"Capotamento";"Sem Vítimas";"Plena Noite";"Decrescente";"Chuva";"Dupla";"Reta";"Sim";2;0;0;0;0;2;0;2;-16,8847;-49,254;"SPRF-GO";"DEL01-GO";"UOP03-DEL01-GO"
255461;2019-12-12;"quinta-feira";"05:00:00";"RS";116;253,2;"SAPUCAIA DO SUL";"Falta de Atenção à Condução";"Colisão com objeto estático";"Sem Vítimas";"Amanhecer";"Decrescente";"Céu Claro";"Dupla";"Reta";"Sim";1;0;0;0;0;1;0;1;-29,81784209;-51,16996166;"SPRF-RS";"DEL01-RS";"UOP02-DEL01-RS"
255462;2019-12-08;"domingo";"01:05:00";"RJ";101;313;"SAO GONCALO";"Falta de Atenção à Condução";"Atropelamento de Pedestre";"Com Vítimas Feridas";"Plena Noite";"Decrescente";"Nublado";"Dupla";"Reta";"Não";3;0;2;0;0;1;2;2;-22,81049093;-43,06983304;"SPRF-RJ";"DEL02-RJ";"UOP02-DEL02-RJ"
255463;2019-12-12;"quinta-feira";"05:00:00";"DF";20;5,9;"BRASILIA";"Defeito Mecânico no Veículo";"Colisão traseira";"Com Vítimas Feridas";"Amanhecer";"Crescente";"Garoa/Chuvisco";"Dupla";"Reta";"Sim";3;0;2;0;1;0;2;3;-15,670546;-47,816044;"SPRF-DF";"DEL02-DF";"UOP01-DEL02-DF"
255464;2019-12-12;"quinta-feira";"05:50:00";"RJ";40;109;"DUQUE DE CAXIAS";"Falta de Atenção à Condução";"Colisão traseira";"Com Vítimas Feridas";"Pleno dia";"Crescente";"Céu Claro";"Dupla";"Reta";"Sim";2;0;1;0;1;0;1;2;-22,67374628;-43,28638368;"SPRF-RJ";"DEL01-RJ";"UOP01-DEL01-RJ"
255465;2019-12-12;"quinta-feira";"05:40:00";"PR";277;70;"SAO JOSE DOS PINHAIS";"Fenômenos da Natureza";"Colisão com objeto estático";"Com Vítimas Feridas";"Amanhecer";"Crescente";"Sol";"Dupla";"Reta";"Sim";1;0;0;1;0;0;1;1;-25,510289;-49,13119197;"SPRF-PR";"DEL01-PR";"UOP07-DEL01-PR"
255467;2019-12-12;"quinta-feira";"06:00:00";"MG";262;361;"BETIM";"Desobediência às normas de trânsito pelo condutor";"Colisão frontal";"Com Vítimas Feridas";"Pleno dia";"Crescente";"Nublado";"Dupla";"Reta";"Não";2;0;1;0;1;0;1;2;-19,97906129;-44,21765208;"SPRF-MG";"DEL01-MG";"UOP03-DEL01-MG"
255468;2019-12-12;"quinta-feira";"06:40:00";"SP";116;206,9;"GUARULHOS";"Falta de Atenção à Condução";"Colisão lateral";"Com Vítimas Feridas";"Pleno dia";"Crescente";"Nublado";"Dupla";"Reta";"Sim";2;0;1;0;1;0;1;2;-23,41722629;-46,37510292;"SPRF-SP";"DEL01-SP";"UOP01-DEL01-SP"
255469;2019-12-12;"quinta-feira";"06:40:00";"PE";232;11,8;"JABOATAO DOS GUARARAPES";"Desobediência às normas de trânsito pelo condutor";"Colisão lateral";"Com Vítimas Feridas";"Pleno dia";"Decrescente";"Sol";"Dupla";"Reta";"Sim";3;0;1;0;1;1;1;3;-8,08195464;-34,99545022;"SPRF-PE";"DEL01-PE";"UOP01-DEL01-PE"
255470;2019-12-12;"quinta-feira";"05:00:00";"MA";222;672;"ACAILANDIA";"Ingestão de Álcool";"Colisão frontal";"Sem Vítimas";"Amanhecer";"Decrescente";"Céu Claro";"Simples";"Reta";"Sim";2;0;0;0;2;0;0;2;-4,94766499;-47,47711658;"SPRF-MA";"DEL04-MA";"UOP03-DEL04-MA"
255471;2019-12-12;"quinta-feira";"06:50:00";"RS";285;146,1;"MUITOS CAPOES";"Mal Súbito";"Saída de leito carroçável";"Com Vítimas Fatais";"Pleno dia";"Decrescente";"Céu Claro";"Simples";"Reta";"Não";1;1;0;0;0;0;0;1;-28,357988;-51,106682;"SPRF-RS";"DEL05-RS";"UOP03-DEL05-RS"
255473;2019-12-12;"quinta-feira";"07:10:00";"SC";470;59,8;"BLUMENAU";"Desobediência às normas de trânsito pelo condutor";"Colisão transversal";"Com Vítimas Feridas";"Pleno dia";"Decrescente";"Céu Claro";"Simples";"Reta";"Sim";2;0;1;0;1;0;1;2;-26,882812;-49,1548;"SPRF-SC";"DEL04-SC";"UOP01-DEL04-SC"
255475;2019-12-12;"quinta-feira";"07:20:00";"PE";101;74;"RECIFE";"Falta de Atenção à Condução";"Colisão traseira";"Com Vítimas Feridas";"Pleno dia";"Crescente";"Céu Claro";"Dupla";"Reta";"Sim";2;0;1;0;1;0;1;2;-8,10146485;-34,94901577;"SPRF-PE";"DEL01-PE";"UOP01-DEL01-PE"
255476;2019-12-12;"quinta-feira";"07:30:00";"PR";376;182;"MARINGA";"Falta de Atenção à Condução";"Colisão traseira";"Com Vítimas Feridas";"Pleno dia";"Decrescente";"Céu Claro";"Dupla";"Rotatória";"Sim";2;0;1;0;1;0;1;2;-23,43222156;-51,88688278;"SPRF-PR";"DEL07-PR";"UOP01-DEL09-PR"
255477;2019-12-01;"domingo";"19:00:00";"MG";116;498,4;"INHAPIM";"Velocidade Incompatível";"Colisão frontal";"Com Vítimas Feridas";"Plena Noite";"Crescente";"Chuva";"Simples";"Curva";"Sim";5;0;2;3;0;0;5;2;-19,54476495;-42,12568405;"SPRF-MG";"DEL06-MG";"UOP02-DEL06-MG"