"id";"data_inversa";"dia_semana";"horario";"uf";"br";"km";"municipio";"causa_acidente";"tipo_acidente";"classificacao_acidente";"fase_dia";"sentido_via";"condicao_metereologica";"tipo_pista";"tracado_via";"uso_solo";"pessoas";"mortos";"feridos_leves";"feridos_graves";"ilesos";"ignorados";"feridos";"veiculos";"latitude";"longitude";"regional";"delegacia";"uop"
255478;2019-12-12;"quinta-feira";"06:22:00";"RJ";116;176;"NOVA IGUACU";"Ingestão de Álcool";"Colisão lateral";"Com Vítimas Feridas";"Amanhecer";"Decrescente";"Céu Claro";"Múltipla";"Reta";"Sim";4;0;3;0;1;0;3;2;-22,7839538;-43,38195488;"SPRF-RJ";"DEL01-RJ";"UOP02-DEL01-RJ"
255479;2019-12-12;"quinta-feira";"07:30:00";"RS";285;294;"PASSO FUNDO";"Falta de Atenção à Condução";"Colisão transversal";"Com Vítimas Feridas";"Pleno dia";"Crescente";"Céu Claro";"Simples";"Reta";"Sim";3;0;0;1;1;1;1;3;-28,234547;-52,384975;"SPRF-RS";"DEL08-RS";"UOP03-DEL08-RS"
255480;2019-12-12;"quinta-feira";"06:50:00";"MG";251;519,2;"MONTES CLAROS";"Mal Súbito";"Tombamento";"Com Vítimas Feridas";"Pleno dia";"Crescente";"Céu Claro";"Simples";"Reta";"Não";1;0;1;0;0;0;1;1;-16,66359617;-43,77730598;"SPRF-MG";"DEL12-MG";"UOP01-DEL12-MG"
255481;2019-12-12;"quinta-feira";"07:30:00";"GO";153;606,8;"MORRINHOS";"Avarias e/ou desgaste excessivo no pneu";"Saída de leito carroçável";"Com Vítimas Feridas";"Amanhecer";"Crescente";"Chuva";"Dupla";"Reta";"Não";3;0;2;1;0;0;3;1;-17,6034;-49,1878;"SPRF-GO";"DEL03-GO";"UOP01-DEL03-GO"
255483;2019-12-12;"quinta-feira";"07:55:00";"RJ";101;315,9;"SAO GONCALO";"Falta de Atenção à Condução";"Colisão lateral";"Com Vítimas Feridas";"Pleno dia";"Crescente";"Nublado";"Simples";"Reta";"Não";2;0;1;0;1;0;1;2;-22,82262092;-43,08460805;"SPRF-RJ";"DEL02-RJ";"UOP02-DEL02-RJ"
255484;2019-12-12;"quinta-feira";"08:10:00";"ES";101;299;"VIANA";"Velocidade Incompatível";"Colisão traseira";"Com Vítimas Feridas";"Pleno dia";"Crescente";"Céu Claro";"Dupla";"Reta";"Sim";2;0;1;0;1;0;1;2;-20,35860628;-40,42327504;"SPRF-ES";"DEL01-ES";"UOP01-DEL01-ES"
255486;2019-12-12;"quinta-feira";"07:30:00";"GO";153;590,8;"MORRINHOS";"Velocidade Incompatível";"Saída de leito carroçável";"Com Vítimas Feridas";"Pleno dia";"Crescente";"Chuva";"Dupla";"Curva";"Não";1;0;0;1;0;0;1;1;-17,4675;-49,2187;"SPRF-GO";"DEL03-GO";"UOP01-DEL03-GO"
255488;2019-12-12;"quinta-feira";"07:55:00";"SC";101;119,2;"ITAJAI";"Não guardar distância de segurança";"Colisão traseira";"Com Vítimas Feridas";"Pleno dia";"Crescente";"Sol";"Dupla";"Reta";"Sim";3;0;2;0;1;0;2;3;-26,9043179;-48,71555481;"SPRF-SC";"DEL04-SC";"UOP04-DEL04-SC"
255489;2019-12-12;"quinta-feira";"08:00:00";"DF";70;19,3;"BRASILIA";"Falta de Atenção à Condução";"Colisão traseira";"Com Vítimas Feridas";"Pleno dia";"Decrescente";"Céu Claro";"Dupla";"Reta;Aclive";"Não";2;0;1;0;1;0;1;2;-15,789536;-48,223057;"SPRF-DF";"DEL01-DF";"UOP02-DEL03-DF"
255490;2019-11-20;"quarta-feira";"17:45:00";"PE";101;57,9;"PAULISTA";"Desobediência às normas de trânsito pelo condutor";"Colisão lateral";"Com Vítimas Feridas";"Anoitecer";"Decrescente";"Céu Claro";"Dupla";"Reta";"Não";3;0;1;1;0;1;2;3;-7,96346213;-34,91513486;"SPRF-PE";"DEL01-PE";"UOP02-DEL01-PE"
255491;2019-12-12;"quinta-feira";"07:15:00";"RJ";101;296;"ITABORAI";"Falta de Atenção à Condução";"Colisão lateral";"Com Vítimas Feridas";"Pleno dia";"Decrescente";"Nublado";"Dupla";"Curva";"Sim";3;0;1;0;2;0;1;2;-22,7670498;-42,91019601;"SPRF-RJ";"DEL02-RJ";"UOP03-DEL02-RJ"
255492;2019-12-12;"quinta-feira";"04:15:00";"RO";364;184,5;"PIMENTA BUENO";"Animais na Pista";"Saída de leito carroçável";"Com Vítimas Feridas";"Plena Noite";"Crescente";"Céu Claro";"Simples";"Reta";"Não";3;0;2;0;1;0;2;1;-11,74931921;-61,0963111;"SPRF-RO";"DEL02-RO";"UOP02-DEL02-RO"
255493;2019-12-12;"quinta-feira";"08:15:00";"CE";116;4;"FORTALEZA";"Falta de Atenção à Condução";"Queda de ocupante de veículo";"Com Vítimas Feridas";"Pleno dia";"Decrescente";"Céu Claro";"Dupla";"Reta";"Sim";1;0;1;0;0;0;1;1;-3,7867209;-38,5114568;"SPRF-CE";"DEL01-CE";"UOP02-DEL01-CE"
255494;2019-12-12;"quinta-feira";"07:30:00";"SP";116;139;"SAO JOSE DOS CAMPOS";"Não guardar distância de segurança";"Colisão traseira";"Com Vítimas Feridas";"Pleno dia";"Crescente";"Nublado";"Dupla";"Reta";"Não";2;0;1;0;1;0;1;2;-23,16153216;-45,80400592;"SPRF-SP";"DEL06-SP";"UOP02-DEL02-SP"
255495;2019-12-12;"quinta-feira";"08:25:00";"ES";101;297;"CARIACICA";"Desobediência às normas de trânsito pelo condutor";"Colisão traseira";"Com Vítimas Feridas";"Pleno dia";"Crescente";"Céu Claro";"Dupla";"Reta";"Sim";3;0;1;1;1;0;2;2;-20,34529844;-40,41026774;"SPRF-ES";"DEL01-ES";"UOP01-DEL01-ES"
255498;2019-12-12;"quinta-feira";"07:30:00";"CE";20;156;"PEDRA BRANCA";"Falta de Atenção do Pedestre";"Atropelamento de Pedestre";"Com Vítimas Feridas";"Pleno dia";"Decrescente";"Céu Claro";"Dupla";"Reta";"Sim";3;0;0;1;2;0;1;2;-5,43814265;-40,00271492;"SPRF-CE";"DEL02-CE";"UOP02-DEL02-CE"
255500;2019-12-12;"quinta-feira";"07:10:00";"MG";381;513;"IGARAPE";"Velocidade Incompatível";"Colisão com objeto estático";"Com Vítimas Feridas";"Pleno dia";"Decrescente";"Chuva";"Dupla";"Reta;Declive";"Não";1;0;1;0;0;0;1;1;-20,099993;-44,318903;"SPRF-MG";"DEL01-MG";"UOP03-DEL01-MG"
255501;2019-12-12;"quinta-feira";"09:10:00";"RJ";101;265;"RIO BONITO";"Falta de Atenção à Condução";"Colisão transversal";"Com Vítimas Feridas";"Pleno dia";"Decrescente";"Nublado";"Dupla";"Reta";"Não";3;0;0;1;1;1;1;3;-22,71359987;-42,64391188;"SPRF-RJ";"DEL02-RJ";"UOP03-DEL02-RJ"
255502;2019-12-12;"quinta-feira";"09:10:00";"PR";376;593,8;"CURITIBA";"Não guardar distância de segurança";"Colisão traseira";"Com Vítimas Feridas";"Pleno dia";"Decrescente";"Céu Claro";"Dupla";"Reta";"Sim";2;0;1;0;1;0;1;2;-25,48303834;-49,34805393;"SPRF-PR";"DEL01-PR";"UOP06-DEL01-PR"
255503;2019-12-12;"quinta-feira";"08:59:00";"SP";116;158,2;"JACAREI";"Falta de Atenção à Condução";"Engavetamento";"Com Vítimas Feridas";"Pleno dia";"Decrescente";"Nublado";"Dupla";"Reta";"Sim";4;0;2;0;2;0;2;4;-23,26098219;-45,95224857;"SPRF-SP";"DEL02-SP";"UOP01-DEL02-SP"
255504;2019-12-12;"quinta-feira";"07:20:00";"RS";116;229;"DOIS IRMAOS";"Falta de Atenção à Condução";"Colisão com objeto estático";"Com Vítimas Feridas";"Pleno dia";"Decrescente";"Céu Claro";"Dupla";"Declive";"Sim";1;0;1;0;0;0;1;1;-29,61838113;-51,12147984;"SPRF-RS";"DEL01-RS";"UOP02-DEL01-RS"
255505;2019-12-12;"quinta-feira";"08:00:00";"RS";448;11;"CANOAS";"Defeito Mecânico no Veículo";"Tombamento";"Com Vítimas Feridas";"Pleno dia";"Crescente";"Chuva";"Dupla";"Reta";"Sim";2;0;2;0;0;0;2;1;-29,909166;-51,241253;"SPRF-RS";"DEL01-RS";"UOP01-DEL01-RS"
255506;2019-12-12;"quinta-feira";"09:15:00";"PR";116;125,8;"FAZENDA RIO GRANDE";"Não guardar distância de segurança";"Colisão traseira";"Com Vítimas Feridas";"Pleno dia";"Decrescente";"Sol";"Dupla";"Reta";"Sim";3;0;0;1;2;0;1;2;-25,59505309;-49,31630659;"SPRF-PR";"DEL01-PR";"UOP03-DEL01-PR"
255507;2019-12-12;"quinta-feira";"09:12:00";"GO";70;312,8;"JUSSARA";"Desobediência às normas de trânsito pelo condutor";"Colisão transversal";"Com Vítimas Fatais";"Pleno dia";"Crescente";"Céu Claro";"Dupla";"Retorno Regulamentado";"Sim";2;1;0;0;1;0;0;2;-15,87276;-50,85091;"SPRF-GO";"DEL04-GO";"UOP01-DEL04-GO"
255508;2019-12-12;"quinta-feira";"09:30:00";"SC";101;208,8;"SAO JOSE";"Não guardar distância de segurança";"Colisão traseira";"Com Vítimas Feridas";"Pleno dia";"Decrescente";"Céu Claro";"Dupla";"Reta";"Sim";2;0;1;0;1;0;1;2;-27,60327979;-48,63201818;"SPRF-SC";"DEL01-SC";"UOP01-DEL01-SC"
255509;2019-12-12;"quinta-feira";"10:00:00";"SP";116;219;"GUARULHOS";"Não guardar distância de segurança";"Colisão lateral";"Com Vítimas Feridas";"Pleno dia";"Crescente";"Sol";"Múltipla";"Reta";"Sim";4;0;2;0;1;1;2;3;-23,46143954;-46,48885316;"SPRF-SP";"DEL01-SP";"UOP01-DEL01-SP"
255510;2019-09-14;"sábado";"21:20:00";"BA";116;658,6;"JEQUIE";"Falta de Atenção à Condução";"Colisão frontal";"Com Vítimas Fatais";"Plena Noite";"Decrescente";"Céu Claro";"Simples";"Reta";"Não";5;1;0;0;4;0;0;2;-13,68160894;-40,09548576;"SPRF-BA";"DEL03-BA";"UOP01-DEL03-BA"
255511;2019-12-12;"quinta-feira";"09:45:00";"SC";101;329,6;"TUBARAO";"Condutor Dormindo";"Colisão traseira";"Com Vítimas Feridas";"Pleno dia";"Crescente";"Céu Claro";"Dupla";"Reta";"Sim";3;0;2;0;1;0;2;2;-28,4543398;-48,9790875;"SPRF-SC";"DEL02-SC";"UOP01-DEL02-SC"
255512;2019-12-12;"quinta-feira";"07:25:00";"MT";364;402;"CUIABA";"Não guardar distância de segurança";"Colisão transversal";"Com Vítimas Feridas";"Pleno dia";"Decrescente";"Sol";"Dupla";"Viaduto";"Sim";2;0;1;0;1;0;1;2;-15,66855019;-55,95476508;"SPRF-MT";"DEL02-MT";"UOP02-DEL01-MT"
255513;2019-12-12;"quinta-feira";"10:00:00";"MG";40;520;"CONTAGEM";"Desobediência às normas de trânsito pelo condutor";"Colisão lateral";"Sem Vítimas";"Pleno dia";"Decrescente";"Nublado";"Dupla";"Reta";"Sim";2;0;0;0;1;1;0;2;-19,84761911;-44,07276144;"SPRF-MG";"DEL01-MG";"UOP02-DEL01-MG"
255516;2019-10-05;"sábado";"04:20:00";"PE";232;129,7;"CARUARU";"Ingestão de Álcool";"Saída de leito carroçável";"Com Vítimas Fatais";"Amanhecer";"Crescente";"Céu Claro";"Dupla";"Reta";"Sim";3;1;0;2;0;0;2;1;-8,30193507;-35,98092002;"SPRF-PE";"DEL02-PE";"UOP03-DEL02-PE"
255519;2019-12-12;"quinta-feira";"07:00:00";"MG";116;415,9;"GOVERNADOR VALADARES";"Falta de Atenção à Condução";"Colisão transversal";"Com Vítimas Feridas";"Pleno dia";"Decrescente";"Céu Claro";"Simples";"Reta";"Não";2;0;2;0;0;0;2;1;-18,88401297;-41,94924399;"SPRF-MG";"DEL06-MG";"UOP01-DEL06-MG"
255520;2019-12-12;"quinta-feira";"10:30:00";"PR";277;133;"CAMPO LARGO";"Defeito Mecânico no Veículo";"Incêndio";"Sem Vítimas";"Pleno dia";"Crescente";"Sol";"Dupla";"Reta";"Não";1;0;0;0;1;0;0;1;-25,44518045;-49,4985659;"SPRF-PR";"DEL01-PR";"UOP06-DEL01-PR"
255521;2019-12-12;"quinta-feira";"11:25:00";"GO";60;31;"ALEXANIA";"Pista Escorregadia";"Colisão traseira";"Com Vítimas Feridas";"Pleno dia";"Decrescente";"Chuva";"Dupla";"Curva";"Sim";2;0;1;0;0;1;1;2;-16,09093893;-48,4964633;"SPRF-DF";"DEL01-DF";"UOP01-DEL03-DF"
255522;2019-12-12;"quinta-feira";"11:32:00";"PR";369;209;"APUCARANA";"Falta de Atenção do Pedestre";"Atropelamento de Pedestre";"Com Vítimas Feridas";"Pleno dia";"Decrescente";"Céu Claro";"Dupla";"Aclive";"Não";2;0;1;0;1;0;1;2;-23,565918;-51,506112;"SPRF-PR";"DEL07-PR";"UOP03-DEL07-PR"
255523;2019-12-12;"quinta-feira";"10:50:00";"PA";163;1005;"SANTAREM";"Falta de Atenção à Condução";"Colisão transversal";"Com Vítimas Feridas";"Pleno dia";"Decrescente";"Céu Claro";"Dupla";"Interseção de Vias";"Sim";2;0;1;0;1;0;1;2;-2,42943608;-54,73462738;"SPRF-PA";"DEL05-PA";"UOP01-DEL05-PA"
255524;2019-12-12;"quinta-feira";"11:50:00";"SC";470;53,3;"BLUMENAU";"Falta de Atenção à Condução";"Colisão traseira";"Com Vítimas Feridas";"Pleno dia";"Decrescente";"Céu Claro";"Simples";"Reta";"Não";2;0;1;0;1;0;1;2;-26,867121;-49,102066;"SPRF-SC";"DEL04-SC";"UOP01-DEL04-SC"
255526;2019-12-12;"quinta-feira";"12:15:00";"SC";101;134;"BALNEARIO CAMBORIU";"Falta de Atenção à Condução";"Colisão frontal";"Com Vítimas Feridas";"Pleno dia";"Crescente";"Céu Claro";"Dupla";"Interseção de Vias";"Sim";2;0;1;0;1;0;1;2;-27,00218;-48,636433;"SPRF-SC";"DEL04-SC";"UOP03-DEL04-SC"
255527;2019-12-12;"quinta-feira";"12:00:00";"RN";304;41;"MOSSORO";"Falta de Atenção à Condução";"Capotamento";"Com Vítimas Feridas";"Pleno dia";"Decrescente";"Céu Claro";"Dupla";"Reta";"Sim";1;0;1;0;0;0;1;1;-5,20483515;-37,37615746;"SPRF-RN";"DEL04-RN";"UOP01-DEL04-RN"
255528;2019-12-12;"quinta-feira";"11:00:00";"CE";230;58,9;"LAVRAS DA MANGABEIRA";"Desobediência às normas de trânsito pelo condutor";"Colisão transversal";"Com Vítimas Feridas";"Pleno dia";"Decrescente";"Sol";"Simples";"Reta";"Não";4;0;1;1;2;0;2;2;-6,7604454;-39,11654724;"SPRF-CE";"DEL05-CE";"UOP01-DEL05-CE"
255529;2019-12-12;"quinta-feira";"12:15:00";"RJ";101;458;"ANGRA DOS REIS";"Falta de Atenção do Pedestre";"Atropelamento de Pedestre";"Com Vítimas Fatais";"Pleno dia";"Decrescente";"Chuva";"Simples";"Reta";"Sim";3;1;1;0;0;1;1;2;-23,0376863;-44,18393352;"SPRF-RJ";"DEL03-RJ";"UOP03-DEL03-RJ"
255530;2019-12-12;"quinta-feira";"12:30:00";"BA";324;528;"FEIRA DE SANTANA";"Defeito Mecânico no Veículo";"Tombamento";"Com Vítimas Feridas";"Pleno dia";"Decrescente";"Sol";"Dupla";"Reta";"Sim";2;0;2;0;0;0;2;1;-12,31728191;-38,87612093;"SPRF-BA";"DEL01-BA";"UOP01-DEL01-BA"
255531;2019-11-14;"quinta-feira";"14:11:00";"PI";316;3;"TERESINA";"Desobediência às normas de trânsito pelo condutor";"Colisão lateral";"Com Vítimas Feridas";"Pleno dia";"Crescente";"Céu Claro";"Simples";"Viaduto";"Sim";2;0;0;1;1;0;1;2;-5,12826443;-42,79292384;"SPRF-PI";"DEL01-PI";"UOP02-DEL01-PI"
255532;2019-12-12;"quinta-feira";"12:00:00";"RJ";101;66;"CAMPOS DOS GOYTACAZES";"Falta de Atenção à Condução";"Colisão com objeto em movimento";"Com Vítimas Feridas";"Pleno dia";"Crescente";"Garoa/Chuvisco";"Dupla";"Curva";"Não";2;0;1;0;1;0;1;2;-21,76090387;-41,34788959;"SPRF-RJ";"DEL08-RJ";"UOP02-DEL08-RJ"
255534;2019-12-12;"quinta-feira";"11:45:00";"RS";480;71;"ERECHIM";"Ultrapassagem Indevida";"Colisão frontal";"Com Vítimas Feridas";"Pleno dia";"Decrescente";"Nublado";"Simples";"Curva;Aclive";"Não";4;0;1;1;0;2;2;3;-27,63462904;-52,314186;"SPRF-RS";"DEL08-RS";"UOP04-DEL08-RS"
255535;2019-12-12;"quinta-feira";"13:44:00";"RN";304;42,5;"MOSSORO";"Falta de Atenção à Condução";"Colisão traseira";"Com Vítimas Feridas";"Pleno dia";"Decrescente";"Sol";"Dupla";"Reta";"Sim";3;0;2;0;1;0;2;2;-5,21278093;-37,37221494;"SPRF-RN";"DEL04-RN";"UOP01-DEL04-RN"
255537;2019-12-12;"quinta-feira";"14:00:00";"SP";153;61,5;"SAO JOSE DO RIO PRETO";"Não guardar distância de segurança";"Colisão traseira";"Com Vítimas Feridas";"Pleno dia";"Crescente";"Garoa/Chuvisco";"Dupla";"Reta";"Não";4;0;1;0;3;0;1;3;-20,80502876;-49,35574909;"SPRF-SP";"DEL09-SP";"UOP01-DEL09-SP"
255538;2019-09-07;"sábado";"15:20:00";"MG";116;475,8;"TARUMIRIM";"Falta de Atenção à Condução";"Colisão transversal";"Com Vítimas Feridas";"Pleno dia";"Decrescente";"Nublado";"Simples";"Reta";"Não";3;0;3;0;0;0;3;2;-19,35549992;-42,09254119;"SPRF-MG";"DEL06-MG";"UOP02-DEL06-MG"
255540;2019-12-12;"quinta-feira";"13:15:00";"MG";50;72;"UBERLANDIA";"Falta de Atenção à Condução";"Colisão traseira";"Com Vítimas Feridas";"Pleno dia";"Decrescente";"Sol";"Dupla";"Reta";"Sim";2;0;1;0;1;0;1;2;-18,85140204;-48,25345932;"SPRF-MG";"DEL15-MG";"UOP01-DEL15-MG"
255541;2019-12-12;"quinta-feira";"14:20:00";"RN";304;222;"CAICARA DO RIO DO VENTO";"Desobediência às normas de trânsito pelo condutor";"Colisão lateral";"Com Vítimas Feridas";"Pleno dia";"Decrescente";"Céu Claro";"Simples";"Reta";"Não";3;0;1;0;2;0;1;2;-5,7588167;-35,9728348;"SPRF-RN";"DEL01-RN";"UOP03-DEL01-RN"
255542;2019-12-12;"quinta-feira";"12:35:00";"RS";116;158;"CAXIAS DO SUL";"Não guardar distância de segurança";"Colisão traseira";"Com Vítimas Feridas";"Pleno dia";"Decrescente";"Céu Claro";"Simples";"Reta";"Não";3;0;1;0;2;0;1;3;-29,22015528;-51,16867117;"SPRF-RS";"DEL05-RS";"UOP01-DEL05-RS"
255543;2019-12-12;"quinta-feira";"14:40:00";"ES";101;211,6;"IBIRACU";"Falta de Atenção à Condução";"Colisão frontal";"Com Vítimas Feridas";"Pleno dia";"Crescente";"Nublado";"Simples";"Curva";"Sim";4;0;0;1;3;0;1;3;-19,81270008;-40,36552814;"SPRF-ES";"DEL02-ES";"UOP01-DEL02-ES"
255545;2019-12-12;"quinta-feira";"14:00:00";"TO";153;145;"ARAGUAINA";"Falta de Atenção à Condução";"Colisão traseira";"Com Vítimas Feridas";"Pleno dia";"Decrescente";"Céu Claro";"Dupla";"Curva";"Sim";3;0;2;0;1;0;2;2;-7,20503614;-48,24035166;"SPRF-TO";"DEL02-TO";"UOP01-DEL02-TO"
255550;2019-12-12;"quinta-feira";"14:25:00";"SP";116;105,5;"TAUBATE";"Não guardar distância de segurança";"Colisão traseira";"Com Vítimas Feridas";"Pleno dia";"Crescente";"Nublado";"Dupla";"Reta";"Sim";4;0;1;0;2;1;1;3;-23,00757973;-45,51466613;"SPRF-SP";"DEL06-SP";"UOP01-DEL06-SP"
255552;2019-12-12;"quinta-feira";"15:15:00";"BA";324;435;"RIACHAO DO JACUIPE";"Falta de Atenção à Condução";"Colisão com objeto em movimento";"Com Vítimas Feridas";"Pleno dia";"Crescente";"Céu Claro";"Simples";"Reta";"Não";2;0;1;0;1;0;1;2;-11,79439978;-39,41559691;"SPRF-BA";"DEL04-BA";"UOP02-DEL04-BA"
255554;2019-12-12;"quinta-feira";"15:40:00";"SP";116;102;"PINDAMONHANGABA";"Não guardar distância de segurança";"Colisão traseira";"Com Vítimas Feridas";"Pleno dia";"Decrescente";"Nublado";"Dupla";"Reta";"Não";2;0;2;0;0;0;2;1;-22,99497994;-45,48951403;"SPRF-SP";"DEL06-SP";"UOP01-DEL06-SP"
255556;2019-12-12;"quinta-feira";"15:20:00";"ES";262;158,5;"IBATIBA";"Desobediência às normas de trânsito pelo condutor";"Colisão transversal";"Com Vítimas Feridas";"Pleno dia";"Crescente";"Sol";"Simples";"Retorno Regulamentado";"Sim";4;0;1;0;2;1;1;3;-20,23111383;-41,49626094;"SPRF-ES";"DEL01-ES";"UOP02-DEL01-ES"
255557;2019-12-12;"quinta-feira";"16:00:00";"MG";40;793;"JUIZ DE FORA";"Pista Escorregadia";"Tombamento";"Com Vítimas Feridas";"Pleno dia";"Crescente";"Chuva";"Dupla";"Curva";"Não";1;0;1;0;0;0;1;1;-21,79449311;-43,41425031;"SPRF-MG";"DEL05-MG";"UOP01-DEL05-MG"
255559;2019-12-12;"quinta-feira";"15:55:00";"PE";101;26;"IGARASSU";"Defeito Mecânico no Veículo";"Queda de ocupante de veículo";"Com Vítimas Feridas";"Pleno dia";"Decrescente";"Sol";"Múltipla";"Reta";"Não";2;0;1;1;0;0;2;1;-7,70826223;-34,92811677;"SPRF-PE";"DEL01-PE";"UOP02-DEL01-PE"
255560;2019-12-12;"quinta-feira";"15:20:00";"PI";343;345,7;"TERESINA";"Falta de Atenção à Condução";"Colisão transversal";"Com Vítimas Feridas";"Pleno dia";"Decrescente";"Céu Claro";"Simples";"Reta";"Sim";2;0;0;1;1;0;1;2;-5,102889;-42,766506;"SPRF-PI";"DEL01-PI";"UOP01-DEL01-PI"
255562;2019-12-12;"quinta-feira";"15:40:00";"RJ";101;517;"ANGRA DOS REIS";"Pista Escorregadia";"Saída de leito carroçável";"Com Vítimas Feridas";"Pleno dia";"Decrescente";"Nublado";"Simples";"Curva";"Não";2;0;1;0;1;0;1;1;-22,99712334;-44,44431803;"SPRF-RJ";"DEL03-RJ";"UOP02-DEL03-RJ"
255566;2019-12-12;"quinta-feira";"16:50:00";"ES";101;291;"CARIACICA";"Falta de Atenção à Condução";"Colisão lateral";"Com Vítimas Feridas";"Pleno dia";"Crescente";"Céu Claro";"Dupla";"Reta";"Não";3;0;2;0;0;1;2;2;-20,29755744;-40,39445616;"SPRF-ES";"DEL01-ES";"UOP01-DEL01-ES"
255570;2019-12-12;"quinta-feira";"17:00:00";"RJ";116;68;"TERESOPOLIS";"Não guardar distância de segurança";"Colisão traseira";"Com Vítimas Feridas";"Pleno dia";"Crescente";"Chuva";"Simples";"Reta";"Não";2;0;1;0;1;0;1;2;-22,30203301;-42,93608798;"SPRF-RJ";"DEL04-RJ";"UOP01-DEL04-RJ"
255571;2019-12-12;"quinta-feira";"15:45:00";"PR";376;617;"SAO JOSE DOS PINHAIS";"Falta de Atenção à Condução";"Colisão lateral";"Sem Vítimas";"Pleno dia";"Decrescente";"Sol";"Dupla";"Reta";"Não";1;0;0;0;1;0;0;1;-25,58426494;-49,17618795;"SPRF-PR";"DEL01-PR";"UOP01-DEL01-PR"
255572;2019-12-12;"quinta-feira";"17:05:00";"PE";408;94;"SAO LOURENCO DA MATA";"Falta de Atenção do Pedestre";"Atropelamento de Pedestre";"Com Vítimas Fatais";"Anoitecer";"Crescente";"Céu Claro";"Dupla";"Reta";"Sim";2;1;0;0;1;0;0;2;-8,00448211;-35,04643006;"SPRF-PE";"DEL01-PE";"UOP01-DEL01-PE"
255574;2019-12-12;"quinta-feira";"16:05:00";"PB";104;134;"QUEIMADAS";"Falta de Atenção à Condução";"Engavetamento";"Sem Vítimas";"Pleno dia";"Decrescente";"Céu Claro";"Simples";"Reta";"Não";3;0;0;0;3;0;0;3;-7,317581;-35,895109;"SPRF-PB";"DEL02-PB";"UOP03-DEL02-PB"
255576;2019-12-12;"quinta-feira";"17:22:00";"DF";20;22,9;"BRASILIA";"Defeito Mecânico no Veículo";"Colisão com objeto estático";"Com Vítimas Feridas";"Pleno dia";"Crescente";"Nublado";"Dupla";"Reta";"Sim";2;0;1;0;1;0;1;2;-15,59560799;-47,66913593;"SPRF-DF";"DEL02-DF";"UOP01-DEL02-DF"
255579;2019-12-12;"quinta-feira";"17:45:00";"PR";369;84,1;"CORNELIO PROCOPIO";"Desobediência às normas de trânsito pelo condutor";"Colisão frontal";"Com Vítimas Feridas";"Anoitecer";"Decrescente";"Nublado";"Simples";"Curva";"Sim";3;0;0;2;0;1;2;2;-23,16701431;-50,61087012;"SPRF-PR";"DEL07-PR";"UOP05-DEL07-PR"
255580;2019-12-12;"quinta-feira";"16:40:00";"DF";70;13;"BRASILIA";"Falta de Atenção à Condução";"Colisão lateral";"Com Vítimas Feridas";"Pleno dia";"Decrescente";"Céu Claro";"Dupla";"Reta";"Sim";2;0;1;0;1;0;1;2;-15,794558;-48,166584;"SPRF-DF";"DEL01-DF";"UOP02-DEL03-DF"
255582;2019-12-12;"quinta-feira";"17:20:00";"SP";101;50;"UBATUBA";"Ultrapassagem Indevida";"Colisão transversal";"Com Vítimas Feridas";"Anoitecer";"Crescente";"Nublado";"Simples";"Reta";"Sim";3;0;1;0;1;1;1;3;-23,45018939;-45,07743735;"SPRF-SP";"DEL06-SP";"UOP01-DEL06-SP"
255583;2019-12-12;"quinta-feira";"18:00:00";"SP";101;51,5;"UBATUBA";"Ultrapassagem Indevida";"Colisão lateral";"Com Vítimas Feridas";"Pleno dia";"Decrescente";"Nublado";"Simples";"Reta";"Sim";2;0;1;0;1;0;1;2;-23,4623355;-45,06476561;"SPRF-SP";"DEL06-SP";"UOP01-DEL06-SP"
255585;2019-12-12;"quinta-feira";"17:10:00";"MG";40;771,8;"JUIZ DE FORA";"Velocidade Incompatível";"Saída de leito carroçável";"Com Vítimas Feridas";"Anoitecer";"Decrescente";"Chuva";"Simples";"Curva";"Sim";2;0;1;1;0;0;2;1;-21,60932712;-43,45892723;"SPRF-MG";"DEL05-MG";"UOP01-DEL05-MG"
255586;2019-12-12;"quinta-feira";"18:00:00";"RS";116;236,6;"NOVO HAMBURGO";"Falta de Atenção à Condução";"Colisão traseira";"Com Vítimas Feridas";"Pleno dia";"Decrescente";"Nublado";"Dupla";"Reta";"Sim";2;0;1;0;1;0;1;2;-29,67459092;-51,14257607;"SPRF-RS";"DEL01-RS";"UOP02-DEL01-RS"
255588;2019-12-12;"quinta-feira";"18:00:00";"SP";116;141;"SAO JOSE DOS CAMPOS";"Desobediência às normas de trânsito pelo condutor";"Tombamento";"Com Vítimas Feridas";"Anoitecer";"Decrescente";"Nublado";"Dupla";"Reta";"Não";1;0;1;0;0;0;1;1;-23,17004717;-45,82091491;"SPRF-SP";"DEL06-SP";"UOP02-DEL02-SP"
255589;2019-12-12;"quinta-feira";"17:30:00";"MA";10;176,1;"CAMPESTRE DO MARANHAO";"Desobediência às normas de trânsito pelo condutor";"Colisão transversal";"Com Vítimas Feridas";"Pleno dia";"Decrescente";"Céu Claro";"Simples";"Reta";"Sim";2;0;1;0;1;0;1;2;-6,176334;-47,363804;"SPRF-MA";"DEL04-MA";"UOP02-DEL04-MA"
255590;2019-12-12;"quinta-feira";"18:20:00";"RJ";116;167;"SAO JOAO DE MERITI";"Desobediência às normas de trânsito pelo condutor";"Colisão lateral";"Sem Vítimas";"Plena Noite";"Crescente";"Céu Claro";"Dupla";"Reta";"Não";3;0;0;0;3;0;0;2;-22,81803977;-43,30787252;"SPRF-RJ";"DEL01-RJ";"UOP02-DEL01-RJ"