"id";"data_inversa";"dia_semana";"horario";"uf";"br";"km";"municipio";"causa_acidente";"tipo_acidente";"classificacao_acidente";"fase_dia";"sentido_via";"condicao_metereologica";"tipo_pista";"tracado_via";"uso_solo";"pessoas";"mortos";"feridos_leves";"feridos_graves";"ilesos";"ignorados";"feridos";"veiculos";"latitude";"longitude";"regional";"delegacia";"uop"
255712;2019-12-13;"sexta-feira";"09:25:00";"PE";423;154,6;"IATI";"Velocidade Incompatível";"Saída de leito carroçável";"Com Vítimas Feridas";"Pleno dia";"Crescente";"Céu Claro";"Simples";"Curva";"Não";1;0;1;0;0;0;1;1;-9,0566026;-36,93412423;"SPRF-PE";"DEL03-PE";"UOP01-DEL03-PE"
255714;2019-12-13;"sexta-feira";"10:30:00";"MG";381;557;"ITAGUARA";"Defeito Mecânico no Veículo";"Incêndio";"Sem Vítimas";"Pleno dia";"Decrescente";"Nublado";"Dupla";"Reta";"Não";1;0;0;0;1;0;0;1;-20,36904195;-44,46938756;"SPRF-MG";"DEL04-MG";"UOP03-DEL04-MG"
255715;2019-12-13;"sexta-feira";"10:30:00";"SC";282;3;"FLORIANOPOLIS";"Desobediência às normas de trânsito pelo pedestre";"Colisão traseira";"Com Vítimas Feridas";"Pleno dia";"Decrescente";"Céu Claro";"Dupla";"Reta";"Sim";2;0;1;0;1;0;1;2;-27,600384;-48,599705;"SPRF-SC";"DEL01-SC";"UOP01-DEL01-SC"
255716;2019-12-13;"sexta-feira";"11:42:00";"GO";60;92,3;"ANAPOLIS";"Falta de Atenção à Condução";"Colisão lateral";"Sem Vítimas";"Pleno dia";"Crescente";"Nublado";"Dupla";"Reta;Retorno Regulamentado;Aclive";"Sim";2;0;0;0;2;0;0;2;-16,353;-48,9178;"SPRF-GO";"DEL02-GO";"UOP01-DEL02-GO"
255717;2019-12-01;"domingo";"09:20:00";"MS";60;410;"SIDROLANDIA";"Falta de Atenção à Condução";"Saída de leito carroçável";"Com Vítimas Feridas";"Pleno dia";"Decrescente";"Sol";"Simples";"Curva";"Não";1;0;1;0;0;0;1;1;-20,88358476;-54,82967832;"SPRF-MS";"DEL01-MS";"UOP04-DEL01-MS"
255718;2019-12-13;"sexta-feira";"12:05:00";"ES";101;208,4;"IBIRACU";"Não guardar distância de segurança";"Colisão traseira";"Com Vítimas Feridas";"Pleno dia";"Crescente";"Céu Claro";"Simples";"Reta";"Não";2;0;0;1;1;0;1;2;-19,77647225;-40,37212914;"SPRF-ES";"DEL02-ES";"UOP01-DEL02-ES"
255721;2019-12-13;"sexta-feira";"11:50:00";"ES";101;296;"CARIACICA";"Falta de Atenção à Condução";"Colisão lateral";"Com Vítimas Feridas";"Pleno dia";"Crescente";"Céu Claro";"Dupla";"Curva";"Sim";2;0;1;0;1;0;1;2;-20,34029997;-40,40405712;"SPRF-ES";"DEL01-ES";"UOP01-DEL01-ES"
255722;2019-12-13;"sexta-feira";"12:30:00";"MG";381;829;"SAO SEBASTIAO DA BELA VISTA";"Falta de Atenção à Condução";"Colisão traseira";"Com Vítimas Feridas";"Pleno dia";"Crescente";"Céu Claro";"Dupla";"Reta";"Não";2;0;1;0;1;0;1;2;-22,11989445;-45,76110363;"SPRF-MG";"DEL16-MG";"UOP01-DEL16-MG"
255723;2019-12-13;"sexta-feira";"12:42:00";"RN";110;40;"MOSSORO";"Falta de Atenção à Condução";"Capotamento";"Com Vítimas Feridas";"Pleno dia";"Crescente";"Sol";"Simples";"Reta";"Não";1;0;0;1;0;0;1;1;-5,17346354;-37,27076082;"SPRF-RN";"DEL04-RN";"UOP01-DEL04-RN"
255725;2019-12-13;"sexta-feira";"11:30:00";"RJ";116;195;"QUEIMADOS";"Velocidade Incompatível";"Capotamento";"Com Vítimas Fatais";"Pleno dia";"Decrescente";"Céu Claro";"Dupla";"Curva";"Não";2;1;0;1;0;0;1;1;-22,73139289;-43,5981096;"SPRF-RJ";"DEL01-RJ";"UOP02-DEL01-RJ"
255729;2019-12-13;"sexta-feira";"13:00:00";"BA";116;445;"ANTONIO CARDOSO";"Falta de Atenção à Condução";"Saída de leito carroçável";"Com Vítimas Feridas";"Pleno dia";"Crescente";"Sol";"Dupla";"Reta";"Não";1;0;1;0;0;0;1;1;-12,35209048;-39,09361256;"SPRF-BA";"DEL02-BA";"UOP01-DEL02-BA"
255730;2019-11-03;"domingo";"15:20:00";"PI";316;24,8;"TERESINA";"Desobediência às normas de trânsito pelo condutor";"Colisão frontal";"Com Vítimas Fatais";"Pleno dia";"Crescente";"Céu Claro";"Simples";"Curva";"Não";2;1;0;0;1;0;0;2;-5,28895702;-42,71707202;"SPRF-PI";"DEL01-PI";"UOP02-DEL01-PI"
255731;2019-12-13;"sexta-feira";"10:30:00";"BA";101;204;"MURITIBA";"Falta de Atenção à Condução";"Colisão frontal";"Com Vítimas Feridas";"Pleno dia";"Decrescente";"Céu Claro";"Simples";"Reta";"Não";3;0;1;0;2;0;1;2;-12,60322023;-39,01512623;"SPRF-BA";"DEL01-BA";"UOP03-DEL01-BA"
255733;2019-12-13;"sexta-feira";"12:50:00";"RJ";101;492;"ANGRA DOS REIS";"Falta de Atenção à Condução";"Colisão lateral";"Com Vítimas Feridas";"Pleno dia";"Crescente";"Céu Claro";"Simples";"Reta";"Não";3;0;1;0;1;1;1;3;-22,94874989;-44,3279949;"SPRF-RJ";"DEL03-RJ";"UOP02-DEL03-RJ"
255734;2019-12-13;"sexta-feira";"09:00:00";"SC";101;333,8;"TUBARAO";"Falta de Atenção à Condução";"Colisão traseira";"Com Vítimas Feridas";"Pleno dia";"Decrescente";"Céu Claro";"Dupla";"Reta";"Sim";2;0;1;0;1;0;1;2;-28,47801624;-49,03246283;"SPRF-SC";"DEL02-SC";"UOP01-DEL02-SC"
255735;2019-12-13;"sexta-feira";"11:45:00";"MS";158;52;"PARANAIBA";"Falta de Atenção à Condução";"Saída de leito carroçável";"Com Vítimas Feridas";"Pleno dia";"Crescente";"Céu Claro";"Simples";"Reta";"Não";3;0;0;3;0;0;3;1;-19,38372;-51,434885;"SPRF-MS";"DEL08-MS";"UOP01-DEL08-MS"
255736;2019-12-13;"sexta-feira";"12:45:00";"RO";364;711;"PORTO VELHO";"Falta de Atenção à Condução";"Colisão traseira";"Com Vítimas Feridas";"Pleno dia";"Crescente";"Sol";"Simples";"Rotatória";"Sim";2;0;1;0;1;0;1;2;-8,77758744;-63,87179917;"SPRF-RO";"DEL01-RO";"UOP01-DEL01-RO"
255737;2019-12-13;"sexta-feira";"13:50:00";"SC";101;214,3;"PALHOCA";"Desobediência às normas de trânsito pelo condutor";"Colisão transversal";"Com Vítimas Feridas";"Pleno dia";"Crescente";"Céu Claro";"Dupla";"Reta";"Sim";2;0;1;0;1;0;1;2;-27,64443;-48,67057;"SPRF-SC";"DEL01-SC";"UOP02-DEL01-SC"
255741;2019-12-13;"sexta-feira";"14:25:00";"SC";101;216;"PALHOCA";"Falta de Atenção à Condução";"Colisão lateral";"Com Vítimas Feridas";"Pleno dia";"Crescente";"Céu Claro";"Dupla";"Interseção de Vias";"Não";2;0;1;0;1;0;1;2;-27,65981409;-48,67747798;"SPRF-SC";"DEL01-SC";"UOP02-DEL01-SC"
255742;2019-12-13;"sexta-feira";"13:30:00";"ES";101;258;"SERRA";"Desobediência às normas de trânsito pelo condutor";"Colisão traseira";"Com Vítimas Feridas";"Pleno dia";"Crescente";"Céu Claro";"Dupla";"Reta";"Não";2;0;1;0;1;0;1;2;-20,13059888;-40,2961019;"SPRF-ES";"DEL02-ES";"UOP01-DEL02-ES"
255743;2019-12-13;"sexta-feira";"14:30:00";"SC";282;16;"PALHOCA";"Desobediência às normas de trânsito pelo condutor";"Colisão lateral";"Com Vítimas Feridas";"Pleno dia";"Decrescente";"Céu Claro";"Simples";"Reta";"Sim";2;0;1;0;1;0;1;2;-27,658611;-48,681847;"SPRF-SC";"DEL01-SC";"UOP02-DEL01-SC"
255744;2019-12-13;"sexta-feira";"10:30:00";"MA";135;19,9;"SAO LUIS";"Falta de Atenção à Condução";"Colisão transversal";"Sem Vítimas";"Pleno dia";"Decrescente";"Céu Claro";"Dupla";"Reta;Retorno Regulamentado";"Sim";2;0;0;0;1;1;0;2;-2,56574511;-44,33029915;"SPRF-MA";"DEL01-MA";"UOP01-DEL01-MA"
255745;2019-12-13;"sexta-feira";"14:00:00";"MG";40;720,7;"BARBACENA";"Falta de Atenção à Condução";"Colisão traseira";"Com Vítimas Feridas";"Pleno dia";"Decrescente";"Chuva";"Dupla";"Reta";"Sim";6;0;2;0;4;0;2;2;-21,30065792;-43,62327131;"SPRF-MG";"DEL05-MG";"UOP01-DEL05-MG"
255747;2019-12-13;"sexta-feira";"15:00:00";"BA";324;620;"SALVADOR";"Falta de Atenção à Condução";"Queda de ocupante de veículo";"Com Vítimas Feridas";"Pleno dia";"Decrescente";"Céu Claro";"Múltipla";"Curva";"Sim";1;0;1;0;0;0;1;1;-12,90482172;-38,45556535;"SPRF-BA";"DEL01-BA";"UOP01-DEL01-BA"
255748;2019-12-13;"sexta-feira";"13:45:00";"BA";116;827;"VITORIA DA CONQUISTA";"Falta de Atenção à Condução";"Colisão transversal";"Com Vítimas Feridas";"Pleno dia";"Crescente";"Sol";"Simples";"Reta";"Sim";2;0;1;0;1;0;1;2;-14,8886294;-40,8610958;"SPRF-BA";"DEL08-BA";"UOP01-DEL08-BA"
255749;2019-12-13;"sexta-feira";"12:10:00";"SC";470;7;"NAVEGANTES";"Desobediência às normas de trânsito pelo condutor";"Colisão transversal";"Com Vítimas Feridas";"Pleno dia";"Crescente";"Nublado";"Simples";"Reta";"Não";2;0;1;0;1;0;1;2;-26,84499;-48,71505;"SPRF-SC";"DEL04-SC";"UOP04-DEL04-SC"
255750;2019-12-13;"sexta-feira";"13:30:00";"MG";146;523,9;"GUAXUPE";"Falta de Atenção à Condução";"Colisão transversal";"Com Vítimas Feridas";"Pleno dia";"Decrescente";"Nublado";"Simples";"Interseção de Vias";"Não";3;0;1;0;2;0;1;2;-21,30912151;-46,63824814;"SPRF-MG";"DEL16-MG";"UOP01-DEL09-MG"
255753;2019-12-13;"sexta-feira";"14:30:00";"RJ";116;174;"BELFORD ROXO";"Falta de Atenção à Condução";"Atropelamento de Pedestre";"Com Vítimas Fatais";"Pleno dia";"Crescente";"Sol";"Múltipla";"Aclive";"Sim";2;1;0;0;1;0;0;2;-22,79423806;-43,36403759;"SPRF-RJ";"DEL01-RJ";"UOP02-DEL01-RJ"
255755;2019-12-13;"sexta-feira";"12:30:00";"MG";381;728,5;"CARMO DA CACHOEIRA";"Velocidade Incompatível";"Saída de leito carroçável";"Com Vítimas Feridas";"Pleno dia";"Crescente";"Chuva";"Dupla";"Declive;Curva";"Não";2;0;1;0;1;0;1;1;-21,52361199;-45,22481701;"SPRF-MG";"DEL04-MG";"UOP02-DEL04-MG"
255757;2019-12-13;"sexta-feira";"12:45:00";"MG";381;671,7;"PERDOES";"Velocidade Incompatível";"Saída de leito carroçável";"Com Vítimas Feridas";"Pleno dia";"Crescente";"Chuva";"Dupla";"Declive;Curva";"Não";1;0;1;0;0;0;1;1;-21,08945416;-45,06864195;"SPRF-MG";"DEL04-MG";"UOP02-DEL04-MG"
255758;2019-12-13;"sexta-feira";"15:00:00";"CE";222;68,4;"SAO GONCALO DO AMARANTE";"Desobediência às normas de trânsito pelo condutor";"Colisão frontal";"Com Vítimas Fatais";"Pleno dia";"Crescente";"Sol";"Simples";"Reta";"Não";10;2;5;2;0;1;7;2;-3,67061188;-39,152101;"SPRF-CE";"DEL01-CE";"UOP03-DEL01-CE"
255759;2019-12-13;"sexta-feira";"15:50:00";"RJ";493;1;"ITABORAI";"Desobediência às normas de trânsito pelo condutor";"Colisão transversal";"Com Vítimas Feridas";"Pleno dia";"Decrescente";"Sol";"Simples";"Curva";"Sim";2;0;1;0;1;0;1;2;-22,76398788;-42,92731895;"SPRF-RJ";"DEL02-RJ";"UOP02-DEL02-RJ"
255760;2019-12-13;"sexta-feira";"15:40:00";"SP";459;8,5;"PIQUETE";"Falta de Atenção à Condução";"Capotamento";"Com Vítimas Feridas";"Pleno dia";"Decrescente";"Céu Claro";"Simples";"Curva";"Não";2;0;1;0;1;0;1;1;-22,58182349;-45,19561482;"SPRF-SP";"DEL08-SP";"UOP03-DEL08-SP"
255762;2019-12-13;"sexta-feira";"15:35:00";"DF";20;9;"BRASILIA";"Falta de Atenção à Condução";"Colisão lateral";"Com Vítimas Feridas";"Pleno dia";"Decrescente";"Sol";"Dupla";"Reta";"Sim";2;0;1;0;1;0;1;2;-15,654671;-47,782917;"SPRF-DF";"DEL02-DF";"UOP01-DEL02-DF"
255764;2019-12-13;"sexta-feira";"14:23:00";"PR";153;41;"SANTO ANTONIO DA PLATINA";"Desobediência às normas de trânsito pelo condutor";"Colisão transversal";"Com Vítimas Feridas";"Pleno dia";"Crescente";"Céu Claro";"Simples";"Reta;Aclive;Em Obras";"Sim";3;0;1;0;2;0;1;2;-23,287931;-50,059216;"SPRF-PR";"DEL07-PR";"UOP04-DEL07-PR"
255765;2019-12-13;"sexta-feira";"16:20:00";"RJ";40;110,9;"DUQUE DE CAXIAS";"Desobediência às normas de trânsito pelo condutor";"Colisão traseira";"Com Vítimas Feridas";"Pleno dia";"Decrescente";"Sol";"Simples";"Reta";"Sim";3;0;1;0;2;0;1;2;-22,68289906;-43,28549346;"SPRF-RJ";"DEL01-RJ";"UOP01-DEL01-RJ"
255766;2019-12-13;"sexta-feira";"14:00:00";"MS";163;513,7;"JARAGUARI";"Ingestão de Álcool";"Queda de ocupante de veículo";"Sem Vítimas";"Pleno dia";"Crescente";"Céu Claro";"Simples";"Reta";"Não";1;0;0;0;1;0;0;1;-20,2191332;-54,4744986;"SPRF-MS";"DEL01-MS";"UOP02-DEL01-MS"
255767;2019-09-20;"sexta-feira";"17:50:00";"ES";262;18,9;"VIANA";"Falta de Atenção à Condução";"Colisão transversal";"Com Vítimas Feridas";"Anoitecer";"Decrescente";"Céu Claro";"Simples";"Reta";"Não";5;0;2;2;1;0;4;2;-20,39137228;-40,48080285;"SPRF-ES";"DEL01-ES";"UOP01-DEL01-ES"
255771;2019-12-13;"sexta-feira";"16:55:00";"SC";101;203;"SAO JOSE";"Falta de Atenção à Condução";"Colisão traseira";"Com Vítimas Feridas";"Pleno dia";"Decrescente";"Céu Claro";"Dupla";"Reta";"Não";4;0;2;0;2;0;2;2;-27,5650044;-48,61460082;"SPRF-SC";"DEL01-SC";"UOP01-DEL01-SC"
255774;2019-12-13;"sexta-feira";"16:30:00";"RS";386;350;"ESTRELA";"Falta de Atenção à Condução";"Colisão traseira";"Com Vítimas Feridas";"Pleno dia";"Decrescente";"Sol";"Dupla";"Reta;Declive";"Sim";2;0;1;0;1;0;1;2;-29,4743;-51,952923;"SPRF-RS";"DEL04-RS";"UOP02-DEL04-RS"
255775;2019-12-13;"sexta-feira";"16:40:00";"SC";101;147;"ITAPEMA";"Falta de Atenção à Condução";"Tombamento";"Com Vítimas Feridas";"Pleno dia";"Decrescente";"Nublado";"Dupla";"Reta";"Sim";1;0;0;1;0;0;1;1;-27,09237407;-48,61730888;"SPRF-SC";"DEL04-SC";"UOP03-DEL04-SC"
255777;2019-12-13;"sexta-feira";"17:00:00";"SP";116;280,5;"EMBU DAS ARTES";"Falta de Atenção à Condução";"Colisão lateral";"Com Vítimas Feridas";"Anoitecer";"Crescente";"Chuva";"Dupla";"Reta";"Sim";2;0;1;0;1;0;1;2;-23,66996108;-46,85590758;"SPRF-SP";"DEL04-SP";"UOP01-DEL04-SP"
255778;2019-12-13;"sexta-feira";"17:00:00";"SP";116;282,1;"EMBU DAS ARTES";"Falta de Atenção à Condução";"Colisão lateral";"Com Vítimas Feridas";"Pleno dia";"Decrescente";"Chuva";"Dupla";"Reta";"Sim";2;0;0;1;1;0;1;2;-23,68570216;-46,85970975;"SPRF-SP";"DEL04-SP";"UOP01-DEL04-SP"
255779;2019-12-13;"sexta-feira";"17:30:00";"SP";101;51,1;"UBATUBA";"Falta de Atenção à Condução";"Colisão transversal";"Com Vítimas Feridas";"Pleno dia";"Decrescente";"Nublado";"Simples";"Reta";"Sim";3;0;1;0;1;1;1;3;-23,45627795;-45,07111896;"SPRF-SP";"DEL06-SP";"UOP01-DEL06-SP"
255780;2019-12-13;"sexta-feira";"16:50:00";"PE";110;97,7;"SERTANIA";"Defeito Mecânico no Veículo";"Incêndio";"Sem Vítimas";"Pleno dia";"Crescente";"Céu Claro";"Simples";"Reta";"Não";1;0;0;0;1;0;0;1;-8,37247412;-37,29327894;"SPRF-PE";"DEL03-PE";"UOP02-DEL03-PE"
255781;2019-12-13;"sexta-feira";"17:00:00";"PR";277;682,5;"SAO MIGUEL DO IGUACU";"Restrição de Visibilidade";"Colisão traseira";"Com Vítimas Feridas";"Anoitecer";"Crescente";"Sol";"Dupla";"Reta;Interseção de Vias";"Não";2;0;2;0;0;0;2;2;-25,32986789;-54,18272203;"SPRF-PR";"DEL05-PR";"UOP01-DEL05-PR"
255782;2019-12-13;"sexta-feira";"17:25:00";"BA";101;712,8;"EUNAPOLIS";"Falta de Atenção à Condução";"Colisão frontal";"Com Vítimas Feridas";"Pleno dia";"Decrescente";"Sol";"Simples";"Reta";"Sim";2;0;1;0;1;0;1;2;-16,33478058;-39,58148718;"SPRF-BA";"DEL09-BA";"UOP01-DEL09-BA"
255783;2019-12-13;"sexta-feira";"15:29:00";"SC";101;150;"ITAPEMA";"Ingestão de Álcool";"Colisão traseira";"Com Vítimas Feridas";"Pleno dia";"Decrescente";"Nublado";"Simples";"Curva";"Sim";3;0;0;2;1;0;2;2;-27,11744799;-48,60940987;"SPRF-SC";"DEL04-SC";"UOP03-DEL04-SC"
255784;2019-12-13;"sexta-feira";"17:00:00";"CE";222;122;"ITAPAJE";"Falta de Atenção à Condução";"Colisão transversal";"Com Vítimas Feridas";"Pleno dia";"Decrescente";"Céu Claro";"Simples";"Reta";"Sim";2;0;1;1;0;0;2;2;-3,69938953;-39,57425626;"SPRF-CE";"DEL04-CE";"UOP03-DEL04-CE"
255785;2019-12-13;"sexta-feira";"16:00:00";"MS";262;326;"CAMPO GRANDE";"Falta de Atenção à Condução";"Colisão lateral";"Com Vítimas Feridas";"Pleno dia";"Decrescente";"Céu Claro";"Simples";"Reta";"Sim";2;0;1;0;1;0;1;2;-20,46939065;-54,49645699;"SPRF-MS";"DEL01-MS";"UOP01-DEL01-MS"
255787;2019-12-13;"sexta-feira";"17:45:00";"PR";0;0;"FOZ DO IGUACU";"Falta de Atenção à Condução";"Colisão transversal";"Com Vítimas Feridas";"Anoitecer";"Não Informado";"Céu Claro";"Dupla";"Interseção de Vias";"Sim";2;0;1;0;1;0;1;2;-25,5469;-54,5882;"SPRF-PR";"DEL05-PR";"UOP03-DEL05-PR"
255788;2019-12-13;"sexta-feira";"17:20:00";"BA";116;777;"PLANALTO";"Velocidade Incompatível";"Tombamento";"Com Vítimas Feridas";"Pleno dia";"Crescente";"Sol";"Simples";"Aclive";"Sim";1;0;1;0;0;0;1;1;-14,607391;-40,44086601;"SPRF-BA";"DEL08-BA";"UOP02-DEL08-BA"
255790;2019-12-13;"sexta-feira";"18:10:00";"SC";282;18;"PALHOCA";"Desobediência às normas de trânsito pelo condutor";"Colisão transversal";"Com Vítimas Feridas";"Pleno dia";"Crescente";"Céu Claro";"Simples";"Reta";"Não";3;0;0;1;1;1;1;3;-27,672798;-48,694286;"SPRF-SC";"DEL01-SC";"UOP02-DEL01-SC"
255792;2019-12-13;"sexta-feira";"16:00:00";"MG";262;440,7;"NOVA SERRANA";"Defeito Mecânico no Veículo";"Saída de leito carroçável";"Com Vítimas Feridas";"Pleno dia";"Crescente";"Sol";"Dupla";"Reta";"Sim";2;0;1;0;1;0;1;1;-19,87651737;-44,94644165;"SPRF-MG";"DEL08-MG";"UOP03-DEL08-MG"
255793;2019-12-13;"sexta-feira";"18:20:00";"SC";101;201,2;"SAO JOSE";"Desobediência às normas de trânsito pelo condutor";"Colisão transversal";"Com Vítimas Feridas";"Pleno dia";"Decrescente";"Céu Claro";"Dupla";"Reta";"Sim";2;0;1;0;1;0;1;2;-27,54836599;-48,61977975;"SPRF-SC";"DEL01-SC";"UOP01-DEL01-SC"
255794;2019-12-13;"sexta-feira";"18:40:00";"BA";101;263;"SANTO ANTONIO DE JESUS";"Desobediência às normas de trânsito pelo condutor";"Colisão frontal";"Com Vítimas Feridas";"Plena Noite";"Crescente";"Céu Claro";"Simples";"Curva;Aclive";"Não";2;0;1;0;0;1;1;2;-13,09003799;-39,27863203;"SPRF-BA";"DEL01-BA";"UOP02-DEL01-BA"
255795;2019-12-13;"sexta-feira";"17:58:00";"PR";476;157;"ARAUCARIA";"Falta de Atenção à Condução";"Colisão lateral";"Com Vítimas Feridas";"Pleno dia";"Crescente";"Céu Claro";"Simples";"Interseção de Vias";"Não";2;0;1;0;1;0;1;2;-25,60639;-49,421112;"SPRF-PR";"DEL01-PR";"UOP06-DEL01-PR"
255796;2019-12-13;"sexta-feira";"18:30:00";"SP";116;561,6;"BARRA DO TURVO";"Velocidade Incompatível";"Saída de leito carroçável";"Com Vítimas Feridas";"Anoitecer";"Crescente";"Garoa/Chuvisco";"Dupla";"Declive;Curva";"Não";1;0;1;0;0;0;1;1;-25,02045097;-48,51586004;"SPRF-SP";"DEL05-SP";"UOP02-DEL05-SP"
255799;2019-12-13;"sexta-feira";"18:10:00";"PB";230;162;"CAMPINA GRANDE";"Falta de Atenção à Condução";"Colisão transversal";"Com Vítimas Feridas";"Plena Noite";"Decrescente";"Céu Claro";"Simples";"Reta";"Não";2;0;0;1;1;0;1;2;-7,2277;-35,9439;"SPRF-PB";"DEL02-PB";"UOP01-DEL02-PB"
255800;2019-12-07;"sábado";"18:30:00";"PR";153;161,8;"VENTANIA";"Desobediência às normas de trânsito pelo condutor";"Saída de leito carroçável";"Com Vítimas Feridas";"Anoitecer";"Crescente";"Céu Claro";"Simples";"Reta";"Não";2;0;1;1;0;0;2;1;-24,23261289;-50,23123131;"SPRF-PR";"DEL03-PR";"UOP02-DEL03-PR"
255802;2019-12-13;"sexta-feira";"18:30:00";"BA";101;504,8;"ITABUNA";"Falta de Atenção à Condução";"Colisão traseira";"Com Vítimas Feridas";"Plena Noite";"Crescente";"Céu Claro";"Simples";"Reta";"Sim";2;0;0;1;0;1;1;2;-14,78534559;-39,29037171;"SPRF-BA";"DEL05-BA";"UOP01-DEL05-BA"
255803;2019-12-13;"sexta-feira";"18:10:00";"RS";386;434,7;"NOVA SANTA RITA";"Falta de Atenção à Condução";"Colisão transversal";"Com Vítimas Feridas";"Pleno dia";"Decrescente";"Céu Claro";"Dupla";"Reta";"Sim";4;0;4;0;0;0;4;2;-29,846369;-51,275738;"SPRF-RS";"DEL04-RS";"UOP02-DEL04-RS"
255804;2019-12-13;"sexta-feira";"18:15:00";"MT";364;270;"JACIARA";"Desobediência às normas de trânsito pelo condutor";"Colisão transversal";"Com Vítimas Feridas";"Anoitecer";"Decrescente";"Nublado";"Dupla";"Curva;Interseção de Vias;Aclive";"Não";3;0;1;0;1;1;1;3;-15,9689785;-54,94463002;"SPRF-MT";"DEL02-MT";"UOP02-DEL05-MT"
255805;2019-12-13;"sexta-feira";"17:40:00";"MT";364;273,8;"JACIARA";"Falta de Atenção à Condução";"Colisão lateral";"Com Vítimas Feridas";"Anoitecer";"Crescente";"Nublado";"Dupla";"Interseção de Vias";"Sim";3;0;2;0;1;0;2;2;-15,96077957;-54,96772983;"SPRF-MT";"DEL02-MT";"UOP02-DEL05-MT"
255806;2019-12-13;"sexta-feira";"19:20:00";"GO";153;505;"GOIANIA";"Não guardar distância de segurança";"Colisão traseira";"Com Vítimas Feridas";"Plena Noite";"Decrescente";"Céu Claro";"Dupla";"Reta";"Sim";4;0;1;0;3;0;1;3;-16,7537;-49,2411;"SPRF-GO";"DEL01-GO";"UOP01-DEL01-GO"
255807;2019-12-13;"sexta-feira";"16:40:00";"MA";222;322;"IGARAPE DO MEIO";"Ultrapassagem Indevida";"Colisão frontal";"Com Vítimas Fatais";"Pleno dia";"Crescente";"Nublado";"Simples";"Reta";"Não";2;1;0;1;0;0;1;2;-3,58324668;-44,96991319;"SPRF-MA";"DEL02-MA";"UI04-DEL02-MA"
255808;2019-12-13;"sexta-feira";"18:50:00";"RN";427;97,6;"CAICO";"Desobediência às normas de trânsito pelo condutor";"Colisão transversal";"Com Vítimas Feridas";"Plena Noite";"Decrescente";"Céu Claro";"Simples";"Reta";"Sim";2;0;1;0;1;0;1;2;-6,47026134;-37,08569175;"SPRF-RN";"DEL03-RN";"UOP01-DEL03-RN"
255809;2019-12-13;"sexta-feira";"18:50:00";"RJ";40;120,1;"DUQUE DE CAXIAS";"Desobediência às normas de trânsito pelo condutor";"Colisão lateral";"Com Vítimas Feridas";"Plena Noite";"Decrescente";"Céu Claro";"Dupla";"Reta";"Não";2;0;1;0;1;0;1;2;-22,77280597;-43,28626763;"SPRF-RJ";"DEL01-RJ";"UOP01-DEL01-RJ"
255810;2019-12-13;"sexta-feira";"18:15:00";"PR";369;57;"BANDEIRANTES";"Desobediência às normas de trânsito pelo condutor";"Colisão frontal";"Com Vítimas Feridas";"Anoitecer";"Crescente";"Nublado";"Simples";"Interseção de Vias;Aclive";"Sim";4;0;2;0;2;0;2;2;-23,10869292;-50,3675884;"SPRF-PR";"DEL07-PR";"UOP05-DEL07-PR"
255811;2019-12-13;"sexta-feira";"19:00:00";"PE";232;35,8;"MORENO";"Falta de Atenção à Condução";"Colisão traseira";"Com Vítimas Feridas";"Plena Noite";"Crescente";"Céu Claro";"Dupla";"Reta";"Sim";2;0;0;1;0;1;1;2;-8,10907341;-35,19256991;"SPRF-PE";"DEL01-PE";"UOP02-DEL02PE"
255812;2019-12-13;"sexta-feira";"18:45:00";"RJ";116;104;"GUAPIMIRIM";"Falta de Atenção à Condução";"Colisão lateral";"Com Vítimas Feridas";"Plena Noite";"Crescente";"Chuva";"Dupla";"Retorno Regulamentado";"Sim";2;0;1;0;1;0;1;2;-22,50841847;-42,99821493;"SPRF-RJ";"DEL04-RJ";"UOP02-DEL04-RJ"
255813;2019-12-13;"sexta-feira";"19:10:00";"SP";116;93,3;"PINDAMONHANGABA";"Falta de Atenção à Condução";"Saída de leito carroçável";"Com Vítimas Feridas";"Plena Noite";"Decrescente";"Nublado";"Dupla";"Reta";"Não";2;0;1;0;1;0;1;2;-22,95653207;-45,41300297;"SPRF-SP";"DEL06-SP";"UOP01-DEL06-SP"
255814;2019-12-13;"sexta-feira";"19:30:00";"SE";101;145;"ESTANCIA";"Animais na Pista";"Atropelamento de Animal";"Com Vítimas Feridas";"Plena Noite";"Crescente";"Céu Claro";"Dupla";"Reta";"Não";4;0;1;0;3;0;1;1;-11,21767721;-37,41754624;"SPRF-SE";"DEL02-SE";"UOP01-DEL02-SE"
255816;2019-12-13;"sexta-feira";"18:10:00";"RO";364;433;"JARU";"Falta de Atenção à Condução";"Saída de leito carroçável";"Com Vítimas Feridas";"Anoitecer";"Crescente";"Céu Claro";"Simples";"Reta";"Não";4;0;1;1;2;0;2;1;-10,39528019;-62,53268714;"SPRF-RO";"DEL03-RO";"UOP02-DEL03-RO"
255817;2019-12-13;"sexta-feira";"19:45:00";"RN";101;94;"NATAL";"Ingestão de Álcool";"Atropelamento de Pedestre";"Com Vítimas Feridas";"Plena Noite";"Decrescente";"Céu Claro";"Dupla";"Reta";"Sim";2;0;0;2;0;0;2;2;-5,83176615;-35,21191342;"SPRF-RN";"DEL01-RN";"UOP01-DEL01-RN"