"id";"data_inversa";"dia_semana";"horario";"uf";"br";"km";"municipio";"causa_acidente";"tipo_acidente";"classificacao_acidente";"fase_dia";"sentido_via";"condicao_metereologica";"tipo_pista";"tracado_via";"uso_solo";"pessoas";"mortos";"feridos_leves";"feridos_graves";"ilesos";"ignorados";"feridos";"veiculos";"latitude";"longitude";"regional";"delegacia";"uop"
256053;2019-12-14;"sábado";"18:40:00";"MG";153;17;"CENTRALINA";"Falta de Atenção à Condução";"Saída de leito carroçável";"Com Vítimas Feridas";"Plena Noite";"Decrescente";"Céu Claro";"Dupla";"Reta";"Sim";2;0;1;0;0;1;1;1;-18,573;-49,1936;"SPRF-MG";"DEL15-MG";"UOP03-DEL15-MG"
256054;2019-12-14;"sábado";"18:30:00";"PI";316;64;"MONSENHOR GIL";"Falta de Atenção à Condução";"Colisão traseira";"Com Vítimas Feridas";"Plena Noite";"Crescente";"Céu Claro";"Simples";"Reta";"Não";2;0;1;0;1;0;1;2;-5,60953308;-42,60810009;"SPRF-PI";"DEL01-PI";"UOP02-DEL01-PI"
256055;2019-12-14;"sábado";"18:50:00";"PB";230;154,5;"CAMPINA GRANDE";"Ingestão de Álcool";"Colisão lateral";"Com Vítimas Feridas";"Plena Noite";"Decrescente";"Céu Claro";"Simples";"Reta";"Não";4;0;1;1;1;1;2;4;-7,2777;-35,8985;"SPRF-PB";"DEL02-PB";"UOP01-DEL02-PB"
256056;2019-12-14;"sábado";"15:40:00";"RO";364;100;"VILHENA";"Falta de Atenção à Condução";"Capotamento";"Com Vítimas Feridas";"Pleno dia";"Crescente";"Chuva";"Simples";"Curva;Declive";"Não";2;0;2;0;0;0;2;1;-12,27246405;-60,64207431;"SPRF-RO";"DEL04-RO";"UOP01-DEL04-RO"
256057;2019-12-14;"sábado";"19:00:00";"SE";101;74,2;"MARUIM";"Falta de Atenção à Condução";"Colisão lateral";"Com Vítimas Feridas";"Plena Noite";"Decrescente";"Nublado";"Simples";"Aclive";"Não";3;0;0;1;2;0;1;2;-10,76273662;-37,11145231;"SPRF-SE";"DEL01-SE";"UOP01-DEL01-SE"
256058;2019-12-14;"sábado";"18:10:00";"SE";101;52,5;"CARMOPOLIS";"Falta de Atenção à Condução";"Tombamento";"Com Vítimas Fatais";"Plena Noite";"Decrescente";"Nublado";"Simples";"Curva";"Não";2;1;0;1;0;0;1;1;-10,61909194;-36,9820081;"SPRF-SE";"DEL02-SE";"UOP02-DEL02-SE"
256059;2019-12-14;"sábado";"16:30:00";"RJ";40;38;"AREAL";"Pista Escorregadia";"Saída de leito carroçável";"Sem Vítimas";"Pleno dia";"Crescente";"Garoa/Chuvisco";"Dupla";"Curva";"Não";3;0;0;0;3;0;0;1;-22,22751025;-43,11963242;"SPRF-RJ";"DEL06-RJ";"UOP02-DEL05-RJ"
256060;2019-12-14;"sábado";"19:20:00";"RS";116;257;"ESTEIO";"Falta de Atenção à Condução";"Colisão transversal";"Com Vítimas Feridas";"Plena Noite";"Decrescente";"Céu Claro";"Simples";"Reta";"Sim";3;0;1;0;2;0;1;2;-29,85262195;-51,17968329;"SPRF-RS";"DEL01-RS";"UOP02-DEL01-RS"
256063;2019-12-14;"sábado";"19:40:00";"RN";101;99;"NATAL";"Não guardar distância de segurança";"Colisão traseira";"Com Vítimas Feridas";"Plena Noite";"Decrescente";"Céu Claro";"Simples";"Reta";"Não";3;0;1;0;2;0;1;2;-5,86856192;-35,21771735;"SPRF-RN";"DEL01-RN";"UOP01-DEL01-RN"
256067;2019-12-14;"sábado";"19:00:00";"PR";116;153;"MANDIRITUBA";"Falta de Atenção à Condução";"Saída de leito carroçável";"Sem Vítimas";"Plena Noite";"Decrescente";"Nublado";"Simples";"Reta";"Não";1;0;0;0;1;0;0;1;-25,83870564;-49,34314731;"SPRF-PR";"DEL01-PR";"UOP03-DEL01-PR"
256068;2019-12-14;"sábado";"20:30:00";"BA";116;381;"SANTA BARBARA";"Ingestão de Álcool";"Queda de ocupante de veículo";"Com Vítimas Feridas";"Plena Noite";"Decrescente";"Nublado";"Simples";"Reta";"Não";2;0;2;0;0;0;2;1;-11,85867401;-38,97706396;"SPRF-BA";"DEL02-BA";"UOP01-DEL02-BA"
256069;2019-12-14;"sábado";"20:16:00";"SC";101;97,8;"BALNEARIO PICARRAS";"Desobediência às normas de trânsito pelo condutor";"Colisão frontal";"Com Vítimas Feridas";"Plena Noite";"Decrescente";"Nublado";"Dupla";"Reta";"Não";2;0;2;0;0;0;2;2;-26,72823703;-48,70224928;"SPRF-SC";"DEL03-SC";"UOP02-DEL03-SC"
256070;2019-12-14;"sábado";"19:20:00";"SC";470;89,2;"ASCURRA";"Desobediência às normas de trânsito pelo condutor";"Colisão transversal";"Com Vítimas Feridas";"Pleno dia";"Crescente";"Céu Claro";"Simples";"Reta";"Não";2;0;1;0;0;1;1;2;-26,961573;-49,371918;"SPRF-SC";"DEL04-SC";"UOP01-DEL04-SC"
256071;2019-12-14;"sábado";"18:40:00";"MT";174;276,8;"PONTES E LACERDA";"Falta de Atenção à Condução";"Saída de leito carroçável";"Com Vítimas Feridas";"Plena Noite";"Crescente";"Céu Claro";"Simples";"Declive";"Não";1;0;1;0;0;0;1;1;-15,3206748375;-59,2338235024;"SPRF-MT";"DEL04-MT";"UOP01-DEL04-MT"
256072;2019-12-14;"sábado";"19:45:00";"SC";101;200;"SAO JOSE";"Ingestão de Álcool";"Engavetamento";"Sem Vítimas";"Plena Noite";"Crescente";"Céu Claro";"Dupla";"Reta";"Sim";3;0;0;0;3;0;0;3;-27,54018513;-48,62287714;"SPRF-SC";"DEL01-SC";"UOP01-DEL01-SC"
256073;2019-12-14;"sábado";"18:50:00";"SP";116;415;"JUQUIA";"Falta de Atenção à Condução";"Queda de ocupante de veículo";"Com Vítimas Feridas";"Plena Noite";"Decrescente";"Céu Claro";"Dupla";"Reta";"Não";2;0;2;0;0;0;2;1;-24,334489;-47,641203;"SPRF-SP";"DEL05-SP";"UOP01-DEL05-SP"
256074;2019-12-14;"sábado";"20:45:00";"CE";222;312,9;"TIANGUA";"Falta de Atenção à Condução";"Colisão transversal";"Com Vítimas Feridas";"Plena Noite";"Crescente";"Céu Claro";"Simples";"Declive;Reta;Interseção de Vias";"Sim";2;0;0;1;0;1;1;2;-3,73019824;-41,00048488;"SPRF-CE";"DEL04-CE";"UOP02-DEL04-CE"
256076;2019-12-14;"sábado";"20:00:00";"BA";324;518,1;"FEIRA DE SANTANA";"Falta de Atenção à Condução";"Colisão traseira";"Com Vítimas Feridas";"Plena Noite";"Crescente";"Céu Claro";"Simples";"Reta";"Sim";3;0;1;0;0;2;1;3;-12,2606;-38,9323;"SPRF-BA";"DEL02-BA";"UOP01-DEL02-BA"
256077;2019-12-14;"sábado";"20:30:00";"RS";392;684,6;"ROQUE GONZALES";"Ingestão de Álcool";"Colisão lateral";"Sem Vítimas";"Plena Noite";"Crescente";"Céu Claro";"Simples";"Aclive";"Não";2;0;0;0;2;0;0;2;-28,12237715;-54,93986501;"SPRF-RS";"DEL10-RS";"UOP01-DEL10-RS"
256078;2019-12-14;"sábado";"19:45:00";"GO";50;258,1;"CATALAO";"Falta de Atenção à Condução";"Capotamento";"Com Vítimas Feridas";"Plena Noite";"Crescente";"Céu Claro";"Dupla";"Aclive;Reta";"Não";4;0;1;0;3;0;1;1;-18,0291;-47,8275;"SPRF-GO";"DEL06-GO";"UOP01-DEL06-GO"
256079;2019-12-14;"sábado";"19:00:00";"ES";262;19;"VIANA";"Falta de Atenção à Condução";"Colisão traseira";"Com Vítimas Feridas";"Plena Noite";"Crescente";"Céu Claro";"Simples";"Reta";"Sim";4;0;1;0;3;0;1;3;-20,3919143;-40,49002338;"SPRF-ES";"DEL01-ES";"UOP01-DEL01-ES"
256081;2019-12-14;"sábado";"19:00:00";"ES";482;66,8;"JERONIMO MONTEIRO";"Falta de Atenção à Condução";"Colisão frontal";"Com Vítimas Feridas";"Plena Noite";"Crescente";"Céu Claro";"Simples";"Reta";"Não";2;0;0;1;1;0;1;2;-20,78856701;-41,41085803;"SPRF-ES";"DEL03-ES";"UOP02-DEL03-ES"
256082;2019-12-14;"sábado";"19:50:00";"SC";282;17;"PALHOCA";"Falta de Atenção à Condução";"Queda de ocupante de veículo";"Com Vítimas Feridas";"Plena Noite";"Decrescente";"Céu Claro";"Simples";"Reta";"Não";3;0;1;0;2;0;1;2;-27,665707;-48,688065;"SPRF-SC";"DEL01-SC";"UOP02-DEL01-SC"
256084;2019-12-14;"sábado";"16:10:00";"MG";381;189,5;"PERIQUITO";"Ultrapassagem Indevida";"Saída de leito carroçável";"Com Vítimas Feridas";"Pleno dia";"Decrescente";"Sol";"Simples";"Reta";"Não";2;0;1;1;0;0;2;1;-19,09805376;-42,19736853;"SPRF-MG";"DEL06-MG";"UOP01-DEL06-MG"
256085;2019-12-14;"sábado";"21:10:00";"DF";20;45,9;"BRASILIA";"Falta de Atenção à Condução";"Saída de leito carroçável";"Com Vítimas Feridas";"Plena Noite";"Crescente";"Céu Claro";"Dupla";"Declive";"Não";1;0;1;0;0;0;1;1;-15,577153;-47,467113;"SPRF-DF";"DEL02-DF";"UOP01-DEL02-DF"
256086;2019-12-14;"sábado";"18:40:00";"RO";364;340;"JI-PARANA";"Desobediência às normas de trânsito pelo condutor";"Colisão lateral";"Sem Vítimas";"Plena Noite";"Crescente";"Céu Claro";"Simples";"Reta";"Sim";4;0;0;0;4;0;0;2;-10,898802;-61,93046;"SPRF-RO";"DEL02-RO";"UOP01-DEL02-RO"
256089;2019-12-14;"sábado";"17:30:00";"SP";488;1,5;"APARECIDA";"Falta de Atenção à Condução";"Colisão traseira";"Sem Vítimas";"Anoitecer";"Decrescente";"Nublado";"Dupla";"Reta";"Sim";2;0;0;0;1;1;0;2;-22,850164;-45,231808;"SPRF-SP";"DEL08-SP";"UOP01-DEL08-SP"
256092;2019-12-14;"sábado";"21:00:00";"RJ";116;180;"NOVA IGUACU";"Falta de Atenção à Condução";"Colisão traseira";"Com Vítimas Feridas";"Plena Noite";"Decrescente";"Céu Claro";"Múltipla";"Reta";"Sim";3;0;1;1;1;0;2;2;-22,7651616;-43,4154728;"SPRF-RJ";"DEL01-RJ";"UOP02-DEL01-RJ"
256094;2019-12-14;"sábado";"20:45:00";"SC";470;143,4;"RIO DO SUL";"Falta de Atenção à Condução";"Colisão com objeto estático";"Com Vítimas Feridas";"Plena Noite";"Crescente";"Garoa/Chuvisco";"Simples";"Rotatória";"Sim";1;0;1;0;0;0;1;1;-27,233143;-49,672886;"SPRF-SC";"DEL04-SC";"UOP02-DEL04-SC"
256095;2019-12-14;"sábado";"20:40:00";"GO";70;21,9;"COCALZINHO DE GOIAS";"Desobediência às normas de trânsito pelo condutor";"Colisão transversal";"Sem Vítimas";"Plena Noite";"Decrescente";"Nublado";"Simples";"Reta";"Sim";2;0;0;0;2;0;0;2;-15,74046213;-48,38392376;"SPRF-DF";"DEL01-DF";"UOP02-DEL03-DF"
256097;2019-12-14;"sábado";"13:00:00";"SC";470;65,9;"INDAIAL";"Falta de Atenção à Condução";"Colisão transversal";"Com Vítimas Feridas";"Pleno dia";"Crescente";"Céu Claro";"Simples";"Rotatória";"Não";2;0;1;0;1;0;1;2;-26,870411;-49,211864;"SPRF-SC";"DEL04-SC";"UOP01-DEL04-SC"
256099;2019-12-14;"sábado";"20:30:00";"PE";408;73,9;"PAUDALHO";"Desobediência às normas de trânsito pelo pedestre";"Atropelamento de Pedestre";"Com Vítimas Fatais";"Plena Noite";"Decrescente";"Nublado";"Dupla";"Reta;Declive";"Sim";2;1;0;0;0;1;0;2;-7,89069683;-35,17793383;"SPRF-PE";"DEL01-PE";"UOP01-DEL01-PE"
256100;2019-12-14;"sábado";"20:45:00";"GO";60;94,2;"ANAPOLIS";"Falta de Atenção à Condução";"Colisão traseira";"Com Vítimas Feridas";"Plena Noite";"Decrescente";"Céu Claro";"Simples";"Reta";"Sim";2;0;1;0;1;0;1;2;-16,3611;-48,9328;"SPRF-GO";"DEL02-GO";"UOP01-DEL02-GO"
256101;2019-06-20;"quinta-feira";"19:20:00";"RO";364;343,9;"JI-PARANA";"Falta de Atenção à Condução";"Colisão lateral";"Com Vítimas Feridas";"Plena Noite";"Decrescente";"Céu Claro";"Dupla";"Reta";"Sim";3;0;2;0;1;0;2;2;-10,87878519;-61,94499012;"SPRF-RO";"DEL02-RO";"UOP01-DEL02-RO"
256102;2019-12-14;"sábado";"19:05:00";"BA";101;694;"EUNAPOLIS";"Falta de Atenção à Condução";"Tombamento";"Com Vítimas Feridas";"Plena Noite";"Decrescente";"Nublado";"Simples";"Curva";"Não";1;0;0;1;0;0;1;1;-16,20082812;-39,60605621;"SPRF-BA";"DEL09-BA";"UOP01-DEL09-BA"
256103;2019-12-14;"sábado";"22:00:00";"PE";232;31,1;"MORENO";"Desobediência às normas de trânsito pelo condutor";"Colisão com objeto estático";"Com Vítimas Feridas";"Plena Noite";"Decrescente";"Céu Claro";"Dupla";"Curva";"Não";2;0;2;0;0;0;2;1;-8,10678602;-35,15841205;"SPRF-PE";"DEL01-PE";"UOP02-DEL02PE"
256104;2019-12-14;"sábado";"21:00:00";"BA";20;201;"LUIS EDUARDO MAGALHAES";"Falta de Atenção à Condução";"Colisão traseira";"Sem Vítimas";"Plena Noite";"Decrescente";"Céu Claro";"Simples";"Reta";"Não";2;0;0;0;0;2;0;2;-12,182835;-45,824945;"SPRF-BA";"DEL10-BA";"UOP01-DEL10-BA"
256107;2019-12-14;"sábado";"21:40:00";"CE";20;199,7;"BOA VIAGEM";"Restrição de Visibilidade";"Colisão frontal";"Com Vítimas Feridas";"Plena Noite";"Crescente";"Céu Claro";"Simples";"Reta;Aclive";"Não";4;0;1;2;0;1;3;3;-5,15941605;-39,75404192;"SPRF-CE";"DEL02-CE";"UOP02-DEL02-CE"
256108;2019-12-14;"sábado";"22:30:00";"MG";365;612;"UBERLANDIA";"Falta de Atenção à Condução";"Colisão traseira";"Com Vítimas Feridas";"Plena Noite";"Crescente";"Nublado";"Dupla";"Reta";"Sim";5;0;3;2;0;0;5;2;-18,93406985;-48,20154369;"SPRF-MG";"DEL15-MG";"UOP01-DEL15-MG"
256109;2019-12-14;"sábado";"20:30:00";"PR";277;718;"SANTA TEREZINHA DE ITAIPU";"Falta de Atenção à Condução";"Colisão traseira";"Com Vítimas Feridas";"Plena Noite";"Decrescente";"Céu Claro";"Dupla";"Declive";"Não";2;0;1;0;1;0;1;2;-25,48013487;-54,48530406;"SPRF-PR";"DEL05-PR";"UOP01-DEL05-PR"
256110;2019-12-14;"sábado";"23:00:00";"RJ";101;54,8;"CAMPOS DOS GOYTACAZES";"Desobediência às normas de trânsito pelo condutor";"Colisão transversal";"Com Vítimas Feridas";"Plena Noite";"Decrescente";"Céu Claro";"Simples";"Reta";"Sim";2;0;1;0;1;0;1;2;-21,66937699;-41,31111673;"SPRF-RJ";"DEL08-RJ";"UOP01-DEL08-RJ"
256111;2019-12-14;"sábado";"22:10:00";"RS";386;444;"CANOAS";"Condutor Dormindo";"Saída de leito carroçável";"Sem Vítimas";"Plena Noite";"Decrescente";"Céu Claro";"Dupla";"Reta";"Sim";1;0;0;0;0;1;0;1;-29,8911;-51,203064;"SPRF-RS";"DEL01-RS";"UOP01-DEL01-RS"
256112;2019-12-14;"sábado";"20:38:00";"MT";174;3;"PONTES E LACERDA";"Ingestão de Álcool";"Atropelamento de Pedestre";"Com Vítimas Feridas";"Plena Noite";"Crescente";"Céu Claro";"Simples";"Reta";"Sim";2;0;0;1;1;0;1;2;-15,2434207638;-59,3330576084;"SPRF-MT";"DEL04-MT";"UOP01-DEL04-MT"
256113;2019-12-14;"sábado";"21:00:00";"PR";376;592,6;"CURITIBA";"Animais na Pista";"Atropelamento de Animal";"Sem Vítimas";"Plena Noite";"Crescente";"Nublado";"Dupla";"Reta";"Sim";1;0;0;0;1;0;0;1;-25,47618203;-49,35134768;"SPRF-PR";"DEL01-PR";"UOP06-DEL01-PR"
256114;2019-12-14;"sábado";"22:30:00";"PI";343;343,5;"TERESINA";"Defeito na Via";"Tombamento";"Com Vítimas Feridas";"Pleno dia";"Crescente";"Céu Claro";"Simples";"Reta";"Sim";1;0;0;1;0;0;1;1;-5,087362;-42,757851;"SPRF-PI";"DEL01-PI";"UOP01-DEL01-PI"
256115;2019-12-14;"sábado";"22:45:00";"SE";101;91;"NOSSA SENHORA DO SOCORRO";"Condutor Dormindo";"Queda de ocupante de veículo";"Com Vítimas Feridas";"Plena Noite";"Decrescente";"Céu Claro";"Simples";"Curva";"Não";1;0;1;0;0;0;1;1;-10,89849802;-37,13176324;"SPRF-SE";"DEL01-SE";"UOP01-DEL01-SE"
256116;2019-12-14;"sábado";"22:35:00";"PR";116;39;"CAMPINA GRANDE DO SUL";"Pista Escorregadia";"Saída de leito carroçável";"Com Vítimas Feridas";"Plena Noite";"Crescente";"Chuva";"Múltipla";"Curva";"Não";1;0;1;0;0;0;1;1;-25,156168;-48,8613401;"SPRF-PR";"DEL01-PR";"UOP02-DEL01-PR"
256118;2019-12-14;"sábado";"21:50:00";"SC";101;6,5;"GARUVA";"Falta de Atenção do Pedestre";"Atropelamento de Pedestre";"Com Vítimas Feridas";"Plena Noite";"Decrescente";"Garoa/Chuvisco";"Dupla";"Reta";"Sim";2;0;1;0;1;0;1;2;-26,03137345;-48,86036396;"SPRF-SC";"DEL03-SC";"UOP01-DEL03-SC"
256119;2019-12-14;"sábado";"19:20:00";"CE";222;129,8;"ITAPAJE";"Ultrapassagem Indevida";"Colisão frontal";"Com Vítimas Fatais";"Plena Noite";"Crescente";"Céu Claro";"Simples";"Aclive";"Não";2;1;0;0;1;0;0;2;-3,714386;-39,633858;"SPRF-CE";"DEL04-CE";"UOP03-DEL04-CE"
256120;2019-12-14;"sábado";"22:40:00";"PR";277;600,1;"CASCAVEL";"Velocidade Incompatível";"Colisão traseira";"Com Vítimas Fatais";"Plena Noite";"Decrescente";"Céu Claro";"Dupla";"Reta";"Sim";4;1;0;0;0;3;0;3;-25,01271087;-53,5364381;"SPRF-PR";"DEL04-PR";"UOP01-DEL04-PR"
256121;2019-12-14;"sábado";"19:40:00";"PR";277;518,8;"GUARANIACU";"Ingestão de Álcool";"Colisão traseira";"Com Vítimas Feridas";"Plena Noite";"Decrescente";"Céu Claro";"Simples";"Reta";"Sim";2;0;1;0;1;0;1;2;-25,11240772;-52,83208297;"SPRF-PR";"DEL04-PR";"UOP04-DEL04-PR"
256122;2019-12-14;"sábado";"23:45:00";"SC";101;84,5;"BARRA VELHA";"Falta de Atenção à Condução";"Saída de leito carroçável";"Com Vítimas Feridas";"Plena Noite";"Crescente";"Chuva";"Múltipla";"Reta";"Sim";2;0;1;0;1;0;1;1;-26,62404682;-48,71394986;"SPRF-SC";"DEL03-SC";"UOP02-DEL03-SC"
256123;2019-12-14;"sábado";"19:40:00";"BA";116;583;"BREJOES";"Velocidade Incompatível";"Capotamento";"Com Vítimas Feridas";"Plena Noite";"Crescente";"Chuva";"Simples";"Curva";"Não";1;0;1;0;0;0;1;1;-13,1080123;-39,97367504;"SPRF-BA";"DEL03-BA";"UOP02-DEL03-BA"
256124;2019-12-12;"quinta-feira";"23:43:00";"PA";222;66;"DOM ELISEU";"Condutor Dormindo";"Saída de leito carroçável";"Com Vítimas Fatais";"Plena Noite";"Crescente";"Céu Claro";"Simples";"Reta";"Não";3;1;0;0;2;0;0;1;-4,538123;-47,830235;"SPRF-PA";"DEL02-PA";"UOP02-DEL02-PA"
256125;2019-12-14;"sábado";"22:20:00";"CE";116;17;"EUSEBIO";"Falta de Atenção à Condução";"Colisão com objeto estático";"Com Vítimas Fatais";"Plena Noite";"Decrescente";"Céu Claro";"Dupla";"Reta";"Sim";1;1;0;0;0;0;0;1;-3,89617918;-38,50336042;"SPRF-CE";"DEL01-CE";"UOP02-DEL01-CE"
256126;2019-12-15;"domingo";"00:15:00";"PR";376;175,8;"MARINGA";"Ingestão de Álcool";"Engavetamento";"Com Vítimas Feridas";"Plena Noite";"Crescente";"Chuva";"Dupla";"Interseção de Vias;Reta";"Não";4;0;1;0;2;1;1;3;-23,41241386;-51,94341302;"SPRF-PR";"DEL07-PR";"UOP01-DEL09-PR"
256127;2019-12-15;"domingo";"00:10:00";"PR";376;138,3;"NOVA ESPERANCA";"Pista Escorregadia";"Saída de leito carroçável";"Com Vítimas Feridas";"Plena Noite";"Decrescente";"Chuva";"Dupla";"Curva";"Não";3;0;3;0;0;0;3;1;-23,21846865;-52,18264997;"SPRF-PR";"DEL07-PR";"UOP02-DEL09-PR"
256128;2019-12-14;"sábado";"16:40:00";"RJ";493;83,5;"DUQUE DE CAXIAS";"Falta de Atenção do Pedestre";"Atropelamento de Pedestre";"Com Vítimas Fatais";"Pleno dia";"Crescente";"Céu Claro";"Dupla";"Reta";"Não";6;1;0;0;5;0;0;2;-22,672089;-43,285053;"SPRF-RJ";"DEL01-RJ";"UOP03-DEL01-RJ"
256129;2019-12-14;"sábado";"23:35:00";"RS";116;39;"VACARIA";"Ingestão de Álcool";"Colisão lateral";"Sem Vítimas";"Plena Noite";"Crescente";"Céu Claro";"Simples";"Interseção de Vias";"Sim";2;0;0;0;2;0;0;2;-28,5120121;-50,93237991;"SPRF-RS";"DEL05-RS";"UOP03-DEL05-RS"
256130;2019-12-14;"sábado";"22:00:00";"BA";367;26,3;"PORTO SEGURO";"Desobediência às normas de trânsito pelo condutor";"Colisão transversal";"Com Vítimas Feridas";"Plena Noite";"Crescente";"Céu Claro";"Simples";"Reta;Interseção de Vias";"Não";2;0;0;1;0;1;1;2;-16,43071712;-39,09561713;"SPRF-BA";"DEL09-BA";"UOP01-DEL09-BA"
256131;2019-12-15;"domingo";"00:15:00";"PR";376;261;"CALIFORNIA";"Ingestão de Álcool";"Queda de ocupante de veículo";"Com Vítimas Feridas";"Plena Noite";"Crescente";"Céu Claro";"Dupla";"Aclive";"Não";1;0;0;1;0;0;1;1;-23,70927793;-51,32245185;"SPRF-PR";"DEL07-PR";"UOP03-DEL07-PR"
256132;2019-12-15;"domingo";"01:00:00";"BA";242;852;"BARREIRAS";"Condutor Dormindo";"Colisão transversal";"Com Vítimas Feridas";"Plena Noite";"Crescente";"Céu Claro";"Simples";"Reta";"Não";6;0;1;0;5;0;1;2;-12,076164;-45,509309;"SPRF-BA";"DEL10-BA";"UOP01-DEL10-BA"
256133;2019-12-15;"domingo";"00:30:00";"ES";482;99,2;"GUACUI";"Velocidade Incompatível";"Saída de leito carroçável";"Com Vítimas Feridas";"Plena Noite";"Crescente";"Céu Claro";"Simples";"Curva";"Não";3;0;0;3;0;0;3;1;-20,77851313;-41,63173735;"SPRF-ES";"DEL03-ES";"UOP02-DEL03-ES"
256135;2019-12-15;"domingo";"02:05:00";"ES";101;297,8;"VIANA";"Velocidade Incompatível";"Saída de leito carroçável";"Sem Vítimas";"Plena Noite";"Decrescente";"Nublado";"Dupla";"Declive";"Sim";3;0;0;0;0;3;0;2;-20,34529844;-40,41026774;"SPRF-ES";"DEL01-ES";"UOP01-DEL01-ES"
256136;2019-12-15;"domingo";"02:05:00";"ES";393;25;"MUQUI";"Velocidade Incompatível";"Colisão frontal";"Com Vítimas Feridas";"Plena Noite";"Crescente";"Céu Claro";"Simples";"Curva";"Não";5;0;1;1;3;0;2;2;-20,95370668;-41,34812538;"SPRF-ES";"DEL03-ES";"UOP02-DEL03-ES"
256137;2019-12-15;"domingo";"01:55:00";"SC";101;151;"ITAPEMA";"Desobediência às normas de trânsito pelo condutor";"Colisão traseira";"Com Vítimas Feridas";"Plena Noite";"Crescente";"Céu Claro";"Dupla";"Reta";"Não";3;0;2;0;1;0;2;2;-27,126536;-48,609642;"SPRF-SC";"DEL04-SC";"UOP03-DEL04-SC"
256138;2019-12-15;"domingo";"02:20:00";"RS";116;151,8;"CAXIAS DO SUL";"Falta de Atenção à Condução";"Colisão lateral";"Com Vítimas Feridas";"Plena Noite";"Decrescente";"Céu Claro";"Dupla";"Curva";"Sim";3;0;1;0;2;0;1;2;-29,17694502;-51,16173896;"SPRF-RS";"DEL05-RS";"UOP01-DEL05-RS"
256139;2019-12-15;"domingo";"03:00:00";"RS";116;241,3;"NOVO HAMBURGO";"Ingestão de Álcool";"Capotamento";"Com Vítimas Feridas";"Plena Noite";"Decrescente";"Céu Claro";"Dupla";"Reta";"Sim";2;0;1;0;1;0;1;2;-29,71396796;-51,1476744;"SPRF-RS";"DEL01-RS";"UOP02-DEL01-RS"
256140;2019-12-15;"domingo";"03:30:00";"PB";412;72,4;"SERRA BRANCA";"Falta de Atenção à Condução";"Colisão frontal";"Com Vítimas Fatais";"Plena Noite";"Crescente";"Céu Claro";"Simples";"Reta";"Não";3;1;1;1;0;0;2;2;-7,478958;-36,635757;"SPRF-PB";"DEL02-PB";"UOP02-DEL02-PB"
256141;2019-12-15;"domingo";"01:00:00";"MT";364;19;"ALTO ARAGUAIA";"Falta de Atenção à Condução";"Colisão lateral";"Com Vítimas Feridas";"Plena Noite";"Crescente";"Nublado";"Simples";"Curva";"Não";2;0;1;0;1;0;1;2;-17,21387646;-53,33878994;"SPRF-MT";"DEL02-MT";"UOP02-DEL02-MT"
256142;2019-12-15;"domingo";"03:10:00";"GO";60;101,1;"ANAPOLIS";"Falta de Atenção à Condução";"Saída de leito carroçável";"Sem Vítimas";"Plena Noite";"Crescente";"Céu Claro";"Dupla";"Reta";"Não";1;0;0;0;1;0;0;1;-16,40208268;-48,97496939;"SPRF-GO";"DEL02-GO";"UOP01-DEL02-GO"
256143;2019-12-15;"domingo";"03:15:00";"RS";116;208,2;"PICADA CAFE";"Velocidade Incompatível";"Saída de leito carroçável";"Com Vítimas Fatais";"Plena Noite";"Crescente";"Céu Claro";"Simples";"Curva";"Não";1;1;0;0;0;0;0;1;-29,50493622;-51,1171341;"SPRF-RS";"DEL05-RS";"UOP02-DEL05-RS"
256145;2019-12-15;"domingo";"03:40:00";"PE";116;27,1;"SALGUEIRO";"Falta de Atenção à Condução";"Atropelamento de Pedestre";"Com Vítimas Fatais";"Plena Noite";"Crescente";"Céu Claro";"Simples";"Aclive;Reta";"Sim";2;1;0;0;0;1;0;2;-8,078546;-39,130867;"SPRF-PE";"DEL05-PE";"UOP01-DEL05-PE"
256147;2019-12-15;"domingo";"01:30:00";"SC";282;79,8;"RANCHO QUEIMADO";"Velocidade Incompatível";"Saída de leito carroçável";"Com Vítimas Feridas";"Plena Noite";"Crescente";"Chuva";"Simples";"Curva";"Não";1;0;1;0;0;0;1;1;-27,6662925;-49,16042805;"SPRF-SC";"DEL01-SC";"UOP03-DEL01-SC"
256148;2019-12-14;"sábado";"17:50:00";"AC";364;265;"SENA MADUREIRA";"Mal Súbito";"Tombamento";"Com Vítimas Feridas";"Anoitecer";"Decrescente";"Céu Claro";"Simples";"Reta";"Não";1;0;0;1;0;0;1;1;-9,11411301;-68,60928301;"SPRF-AC";"DEL01-AC";"UOP01-DEL01-AC"
256152;2019-12-15;"domingo";"02:20:00";"CE";20;422,3;"FORTALEZA";"Desobediência às normas de trânsito pelo condutor";"Colisão frontal";"Com Vítimas Feridas";"Plena Noite";"Crescente";"Céu Claro";"Dupla";"Reta";"Não";3;0;2;0;1;0;2;2;-3,76999035;-38,67006282;"SPRF-CE";"DEL01-CE";"UOP02-DEL01-CE"
256154;2019-12-15;"domingo";"03:45:00";"PB";104;130,3;"CAMPINA GRANDE";"Ingestão de Álcool";"Colisão traseira";"Sem Vítimas";"Plena Noite";"Decrescente";"Céu Claro";"Simples";"Reta";"Não";2;0;0;0;1;1;0;2;-7,29013399;-35,89029705;"SPRF-PB";"DEL02-PB";"UOP01-DEL02-PB"