"id";"data_inversa";"dia_semana";"horario";"uf";"br";"km";"municipio";"causa_acidente";"tipo_acidente";"classificacao_acidente";"fase_dia";"sentido_via";"condicao_metereologica";"tipo_pista";"tracado_via";"uso_solo";"pessoas";"mortos";"feridos_leves";"feridos_graves";"ilesos";"ignorados";"feridos";"veiculos";"latitude";"longitude";"regional";"delegacia";"uop"
256247;2019-12-15;"domingo";"13:20:00";"SC";101;188,9;"BIGUACU";"Falta de Atenção à Condução";"Tombamento";"Com Vítimas Feridas";"Pleno dia";"Decrescente";"Nublado";"Simples";"Declive";"Sim";1;0;0;1;0;0;1;1;-27,45123421;-48,63370766;"SPRF-SC";"DEL01-SC";"UOP01-DEL01-SC"
256248;2019-12-15;"domingo";"09:00:00";"SC";116;72;"MONTE CASTELO";"Falta de Atenção à Condução";"Colisão lateral";"Com Vítimas Feridas";"Plena Noite";"Crescente";"Céu Claro";"Simples";"Aclive";"Não";4;0;2;0;2;0;2;2;-26,48707;-50,23276105;"SPRF-SC";"DEL06-SC";"UOP02-DEL06-SC"
256250;2019-12-15;"domingo";"13:30:00";"BA";324;583,9;"CANDEIAS";"Defeito Mecânico no Veículo";"Queda de ocupante de veículo";"Com Vítimas Feridas";"Pleno dia";"Decrescente";"Céu Claro";"Dupla";"Reta";"Não";2;0;1;0;1;0;1;1;-12,6141891;-38,48700311;"SPRF-BA";"DEL01-BA";"UOP01-DEL01-BA"
256251;2019-12-15;"domingo";"09:00:00";"BA";324;575;"SAO SEBASTIAO DO PASSE";"Velocidade Incompatível";"Saída de leito carroçável";"Com Vítimas Feridas";"Pleno dia";"Crescente";"Céu Claro";"Dupla";"Reta";"Não";2;0;2;0;0;0;2;1;-12,57298496;-38,54513072;"SPRF-BA";"DEL01-BA";"UOP01-DEL01-BA"
256252;2019-12-15;"domingo";"12:15:00";"MT";364;226;"RONDONOPOLIS";"Ingestão de Álcool";"Saída de leito carroçável";"Sem Vítimas";"Pleno dia";"Crescente";"Chuva";"Dupla";"Reta";"Não";1;0;0;0;1;0;0;1;-16,29869398;-54,76073095;"SPRF-MT";"DEL02-MT";"UOP01-DEL02-MT"
256253;2019-12-15;"domingo";"14:00:00";"PR";376;83;"GUAIRACA";"Ingestão de Álcool";"Saída de leito carroçável";"Sem Vítimas";"Pleno dia";"Crescente";"Céu Claro";"Simples";"Reta";"Não";1;0;0;0;1;0;0;1;-22,97153262;-52,62330289;"SPRF-PR";"DEL07-PR";"UOP02-DEL09-PR"
256255;2019-12-15;"domingo";"13:50:00";"GO";414;364,1;"COCALZINHO DE GOIAS";"Falta de Atenção à Condução";"Saída de leito carroçável";"Com Vítimas Feridas";"Pleno dia";"Decrescente";"Céu Claro";"Simples";"Curva";"Não";1;0;0;1;0;0;1;1;-15,72799992;-48,70712223;"SPRF-GO";"DEL02-GO";"UOP01-DEL02-GO"
256256;2019-12-15;"domingo";"13:45:00";"TO";153;386,8;"RIO DOS BOIS";"Falta de Atenção à Condução";"Saída de leito carroçável";"Com Vítimas Feridas";"Pleno dia";"Decrescente";"Sol";"Simples";"Reta;Declive";"Não";5;0;3;1;1;0;4;1;-9,296131;-48,553452;"SPRF-TO";"DEL02-TO";"UOP02-DEL02-TO"
256257;2019-12-15;"domingo";"14:10:00";"PB";101;88;"JOAO PESSOA";"Falta de Atenção à Condução";"Colisão traseira";"Com Vítimas Feridas";"Pleno dia";"Decrescente";"Céu Claro";"Dupla";"Reta";"Sim";2;0;0;1;0;1;1;2;-7,16470016;-34,89993643;"SPRF-PB";"DEL01-PB";"UOP01-DEL01-PB"
256259;2019-12-15;"domingo";"13:50:00";"SP";116;71,5;"APARECIDA";"Ultrapassagem Indevida";"Colisão lateral";"Com Vítimas Feridas";"Pleno dia";"Crescente";"Céu Claro";"Dupla";"Interseção de Vias";"Não";2;0;1;0;1;0;1;2;-22,85651665;-45,23114328;"SPRF-SP";"DEL08-SP";"UOP01-DEL08-SP"
256260;2019-12-15;"domingo";"14:00:00";"MG";50;205;"DELTA";"Desobediência às normas de trânsito pelo condutor";"Colisão transversal";"Com Vítimas Feridas";"Pleno dia";"Crescente";"Céu Claro";"Simples";"Reta";"Não";3;0;1;0;2;0;1;2;-19,92627147;-47,82191068;"SPRF-MG";"DEL13-MG";"UOP01-DEL13-MG"
256261;2019-12-15;"domingo";"14:30:00";"PB";230;24,5;"JOAO PESSOA";"Falta de Atenção à Condução";"Colisão traseira";"Com Vítimas Feridas";"Pleno dia";"Decrescente";"Sol";"Simples";"Interseção de Vias";"Sim";2;0;1;0;1;0;1;2;-7,1637;-34,8618;"SPRF-PB";"DEL01-PB";"UOP01-DEL01-PB"
256262;2019-12-15;"domingo";"13:30:00";"SC";101;388,7;"CRICIUMA";"Falta de Atenção à Condução";"Colisão com objeto estático";"Sem Vítimas";"Pleno dia";"Decrescente";"Nublado";"Múltipla";"Reta";"Sim";1;0;0;0;1;0;0;1;-28,79857707;-49,3599844;"SPRF-SC";"DEL02-SC";"UOP02-DEL02-SC"
256265;2019-12-15;"domingo";"14:40:00";"MG";381;525,5;"BRUMADINHO";"Falta de Atenção à Condução";"Queda de ocupante de veículo";"Com Vítimas Feridas";"Pleno dia";"Crescente";"Céu Claro";"Dupla";"Curva";"Não";1;0;1;0;0;0;1;1;-20,16710798;-44,33422398;"SPRF-MG";"DEL04-MG";"UOP03-DEL04-MG"
256266;2019-12-15;"domingo";"14:50:00";"PB";230;20;"JOAO PESSOA";"Falta de Atenção à Condução";"Colisão com objeto estático";"Sem Vítimas";"Pleno dia";"Decrescente";"Sol";"Dupla";"Curva";"Sim";1;0;0;0;0;1;0;1;-7,13828714;-34,85283852;"SPRF-PB";"DEL01-PB";"UOP01-DEL01-PB"
256267;2019-12-15;"domingo";"15:00:00";"CE";20;387;"CAUCAIA";"Falta de Atenção à Condução";"Saída de leito carroçável";"Sem Vítimas";"Pleno dia";"Crescente";"Céu Claro";"Dupla";"Reta";"Não";1;0;0;0;1;0;0;1;-3,87165377;-38,80727818;"SPRF-CE";"DEL01-CE";"UOP01-DEL01-CE"
256268;2019-12-15;"domingo";"14:00:00";"RJ";116;305,7;"RESENDE";"Desobediência às normas de trânsito pelo condutor";"Colisão traseira";"Com Vítimas Feridas";"Pleno dia";"Crescente";"Céu Claro";"Simples";"Reta";"Não";3;0;1;0;2;0;1;2;-22,45573779;-44,39454802;"SPRF-RJ";"DEL07-RJ";"DEL5/7-UOP03/RJ"
256269;2019-12-15;"domingo";"09:50:00";"SC";282;109;"ALFREDO WAGNER";"Velocidade Incompatível";"Saída de leito carroçável";"Com Vítimas Feridas";"Pleno dia";"Decrescente";"Chuva";"Simples";"Curva";"Não";2;0;2;0;0;0;2;1;-27,719378;-49,3582;"SPRF-SC";"DEL01-SC";"UOP03-DEL01-SC"
256271;2019-12-15;"domingo";"15:10:00";"ES";101;217,4;"IBIRACU";"Condutor Dormindo";"Colisão com objeto estático";"Com Vítimas Feridas";"Pleno dia";"Crescente";"Céu Claro";"Dupla";"Reta";"Não";2;0;2;0;0;0;2;1;-19,847186;-40,384266;"SPRF-ES";"DEL02-ES";"UOP01-DEL02-ES"
256273;2019-12-15;"domingo";"07:15:00";"SC";282;37,3;"AGUAS MORNAS";"Velocidade Incompatível";"Saída de leito carroçável";"Com Vítimas Feridas";"Pleno dia";"Crescente";"Chuva";"Simples";"Reta";"Sim";1;0;1;0;0;0;1;1;-27,707325;-48,842983;"SPRF-SC";"DEL01-SC";"UOP03-DEL01-SC"
256274;2019-12-15;"domingo";"15:30:00";"SC";470;103,9;"APIUNA";"Falta de Atenção à Condução";"Colisão transversal";"Com Vítimas Feridas";"Pleno dia";"Crescente";"Nublado";"Simples";"Reta";"Não";2;0;1;0;1;0;1;2;-27,06143972;-49,41397928;"SPRF-SC";"DEL04-SC";"UOP02-DEL04-SC"
256275;2019-12-15;"domingo";"11:25:00";"RO";364;424;"JARU";"Desobediência às normas de trânsito pelo condutor";"Tombamento";"Com Vítimas Feridas";"Pleno dia";"Crescente";"Céu Claro";"Simples";"Interseção de Vias;Reta";"Sim";3;0;2;0;1;0;2;2;-10,43963629;-62,46889564;"SPRF-RO";"DEL03-RO";"UOP02-DEL03-RO"
256277;2019-12-15;"domingo";"15:20:00";"ES";101;256;"SERRA";"Falta de Atenção à Condução";"Tombamento";"Com Vítimas Feridas";"Pleno dia";"Crescente";"Céu Claro";"Dupla";"Reta";"Sim";1;0;1;0;0;0;1;1;-20,119123;-40,311005;"SPRF-ES";"DEL02-ES";"UOP01-DEL02-ES"
256278;2019-12-15;"domingo";"15:30:00";"CE";20;87;"TAUA";"Ingestão de Álcool";"Capotamento";"Com Vítimas Feridas";"Pleno dia";"Crescente";"Céu Claro";"Simples";"Reta";"Não";1;0;0;1;0;0;1;1;-5,98207173;-40,26102825;"SPRF-CE";"DEL02-CE";"UOP02-DEL02-CE"
256279;2019-12-15;"domingo";"15:30:00";"ES";101;203,8;"JOAO NEIVA";"Falta de Atenção à Condução";"Queda de ocupante de veículo";"Com Vítimas Feridas";"Pleno dia";"Crescente";"Céu Claro";"Simples";"Reta";"Sim";1;0;1;0;0;0;1;1;-19,74448248;-40,37263506;"SPRF-ES";"DEL02-ES";"UOP01-DEL02-ES"
256280;2019-12-15;"domingo";"13:55:00";"RJ";393;157,6;"TRES RIOS";"Avarias e/ou desgaste excessivo no pneu";"Queda de ocupante de veículo";"Com Vítimas Feridas";"Pleno dia";"Decrescente";"Céu Claro";"Simples";"Curva";"Não";2;0;1;0;1;0;1;1;-22,09474628;-43,07198988;"SPRF-RJ";"DEL06-RJ";"UOP01-DEL05-RJ"
256281;2019-12-15;"domingo";"15:20:00";"GO";70;16;"AGUAS LINDAS DE GOIAS";"Ingestão de Álcool";"Colisão traseira";"Sem Vítimas";"Pleno dia";"Crescente";"Céu Claro";"Simples";"Curva";"Não";2;0;0;0;2;0;0;2;-15,75474632;-48,34196135;"SPRF-DF";"DEL01-DF";"UOP02-DEL03-DF"
256282;2019-11-17;"domingo";"21:00:00";"ES";262;95;"DOMINGOS MARTINS";"Velocidade Incompatível";"Colisão frontal";"Com Vítimas Feridas";"Plena Noite";"Crescente";"Chuva";"Simples";"Curva";"Não";5;0;2;2;1;0;4;2;-20,3659225;-41,06040133;"SPRF-ES";"DEL01-ES";"UOP02-DEL01-ES"
256283;2019-12-15;"domingo";"15:45:00";"ES";482;61;"JERONIMO MONTEIRO";"Falta de Atenção à Condução";"Tombamento";"Com Vítimas Feridas";"Pleno dia";"Decrescente";"Céu Claro";"Simples";"Reta";"Sim";1;0;0;1;0;0;1;1;-20,79908383;-41,37191775;"SPRF-ES";"DEL03-ES";"UOP02-DEL03-ES"
256284;2019-12-15;"domingo";"11:30:00";"SC";282;51,4;"AGUAS MORNAS";"Velocidade Incompatível";"Saída de leito carroçável";"Com Vítimas Feridas";"Pleno dia";"Decrescente";"Chuva";"Simples";"Curva;Declive";"Não";2;0;1;0;1;0;1;1;-27,703712;-48,959267;"SPRF-SC";"DEL01-SC";"UOP03-DEL01-SC"
256285;2019-12-15;"domingo";"12:20:00";"SC";470;343,7;"CAMPOS NOVOS";"Falta de Atenção à Condução";"Saída de leito carroçável";"Com Vítimas Fatais";"Pleno dia";"Crescente";"Céu Claro";"Simples";"Curva";"Não";3;1;2;0;0;0;2;1;-27,53704367;-51,40485764;"SPRF-SC";"DEL07-SC";"UOP06-DEL07-SC"
256287;2019-12-15;"domingo";"15:30:00";"SC";101;376;"ICARA";"Defeito Mecânico no Veículo";"Colisão transversal";"Com Vítimas Feridas";"Pleno dia";"Crescente";"Nublado";"Dupla";"Reta";"Não";3;0;1;0;2;0;1;2;-28,72736111;-49,24066084;"SPRF-SC";"DEL02-SC";"UOP01-DEL02-SC"
256290;2019-12-15;"domingo";"13:30:00";"MG";50;73;"UBERLANDIA";"Falta de Atenção à Condução";"Queda de ocupante de veículo";"Com Vítimas Feridas";"Pleno dia";"Crescente";"Sol";"Dupla";"Reta";"Sim";3;0;1;0;1;1;1;3;-18,90383017;-48,23416471;"SPRF-MG";"DEL15-MG";"UOP01-DEL15-MG"
256291;2019-12-15;"domingo";"04:15:00";"GO";80;20,9;"PADRE BERNARDO";"Condutor Dormindo";"Saída de leito carroçável";"Com Vítimas Fatais";"Plena Noite";"Decrescente";"Céu Claro";"Simples";"Reta;Ponte;Declive";"Não";1;1;0;0;0;0;0;1;-15,37097754;-48,21920872;"SPRF-DF";"DEL01-DF";"UOP02-DEL03-DF"
256292;2019-12-15;"domingo";"06:00:00";"MA";222;260,5;"MIRANDA DO NORTE";"Falta de Atenção à Condução";"Saída de leito carroçável";"Com Vítimas Fatais";"Amanhecer";"Crescente";"Céu Claro";"Simples";"Reta";"Não";5;2;0;3;0;0;3;1;-3,57371589;-44,58787511;"SPRF-MA";"DEL01-MA";"UOP02-DEL01-MA"
256293;2019-12-15;"domingo";"10:00:00";"SC";282;50;"AGUAS MORNAS";"Velocidade Incompatível";"Saída de leito carroçável";"Com Vítimas Feridas";"Pleno dia";"Decrescente";"Chuva";"Simples";"Curva";"Não";2;0;1;0;1;0;1;1;-27,708536;-48,952251;"SPRF-SC";"DEL01-SC";"UOP03-DEL01-SC"
256295;2019-12-15;"domingo";"14:25:00";"SC";280;70;"JARAGUA DO SUL";"Ingestão de Álcool";"Colisão transversal";"Com Vítimas Feridas";"Pleno dia";"Crescente";"Céu Claro";"Simples";"Reta";"Não";3;0;1;0;2;0;1;2;-26,46522052;-49,12675918;"SPRF-SC";"DEL03-SC";"UOP03-DEL03-SC"
256296;2019-12-15;"domingo";"16:22:00";"ES";262;30,6;"DOMINGOS MARTINS";"Ingestão de Álcool";"Colisão transversal";"Com Vítimas Feridas";"Pleno dia";"Decrescente";"Nublado";"Simples";"Curva";"Não";8;0;6;0;2;0;6;4;-20,37451095;-40,56495316;"SPRF-ES";"DEL01-ES";"UOP01-DEL01-ES"
256297;2019-12-15;"domingo";"15:15:00";"PE";423;95,2;"GARANHUNS";"Pista Escorregadia";"Colisão lateral";"Com Vítimas Fatais";"Pleno dia";"Decrescente";"Chuva";"Simples";"Curva";"Sim";7;1;1;1;4;0;2;2;-8,879309;-36,480045;"SPRF-PE";"DEL03-PE";"UOP01-DEL03-PE"
256298;2019-12-15;"domingo";"16:00:00";"MS";267;483,9;"JARDIM";"Falta de Atenção à Condução";"Colisão traseira";"Com Vítimas Feridas";"Pleno dia";"Crescente";"Sol";"Simples";"Reta";"Sim";2;0;1;0;1;0;1;2;-21,477867;-56,166406;"SPRF-MS";"DEL05-MS";"UOP01-DEL05-MS"
256300;2019-12-15;"domingo";"16:00:00";"GO";60;231;"CEZARINA";"Falta de Atenção à Condução";"Colisão lateral";"Com Vítimas Feridas";"Pleno dia";"Decrescente";"Céu Claro";"Dupla";"Reta";"Não";2;0;1;0;1;0;1;2;-17,0616;-49,7986;"SPRF-GO";"DEL01-GO";"UOP02-DEL01-GO"
256301;2019-12-15;"domingo";"17:05:00";"MG";381;455;"SABARA";"Falta de Atenção à Condução";"Colisão traseira";"Com Vítimas Feridas";"Pleno dia";"Crescente";"Céu Claro";"Simples";"Reta";"Não";2;0;0;1;1;0;1;2;-19,85777408;-43,90468298;"SPRF-MG";"DEL01-MG";"UOP01-DEL01-MG"
256302;2019-12-15;"domingo";"14:30:00";"GO";153;556;"PROFESSOR JAMIL";"Animais na Pista";"Saída de leito carroçável";"Com Vítimas Feridas";"Pleno dia";"Crescente";"Céu Claro";"Dupla";"Reta";"Não";1;0;1;0;0;0;1;1;-17,1923;-49,2091;"SPRF-GO";"DEL03-GO";"UOP01-DEL03-GO"
256303;2019-12-15;"domingo";"16:45:00";"ES";484;97;"AFONSO CLAUDIO";"Falta de Atenção à Condução";"Queda de ocupante de veículo";"Com Vítimas Feridas";"Pleno dia";"Crescente";"Céu Claro";"Simples";"Curva";"Não";1;0;0;1;0;0;1;1;-20,00843853;-41,03189416;"SPRF-ES";"DEL01-ES";"UOP02-DEL01-ES"
256304;2019-12-15;"domingo";"15:35:00";"RR";401;2;"CANTA";"Falta de Atenção à Condução";"Capotamento";"Com Vítimas Feridas";"Pleno dia";"Crescente";"Céu Claro";"Simples";"Reta";"Não";2;0;1;0;1;0;1;1;2,79148227;-60,66135406;"SPRF-RR";"DEL01-RR";"UOP01-DEL01-RR"
256305;2019-12-15;"domingo";"17:00:00";"SC";470;7;"NAVEGANTES";"Desobediência às normas de trânsito pelo condutor";"Colisão traseira";"Com Vítimas Feridas";"Pleno dia";"Decrescente";"Nublado";"Simples";"Reta";"Não";6;0;1;0;5;0;1;2;-26,84499;-48,71505;"SPRF-SC";"DEL04-SC";"UOP04-DEL04-SC"
256306;2019-12-15;"domingo";"16:00:00";"AL";101;235,1;"PORTO REAL DO COLEGIO";"Velocidade Incompatível";"Saída de leito carroçável";"Com Vítimas Feridas";"Pleno dia";"Crescente";"Nublado";"Dupla";"Curva";"Não";2;0;1;0;1;0;1;1;-10,11732075;-36,77563499;"SPRF-AL";"DEL02-AL";"UOP02-DEL02-AL"
256307;2019-12-15;"domingo";"11:50:00";"MG";116;638,7;"DIVINO";"Desobediência às normas de trânsito pelo condutor";"Colisão frontal";"Com Vítimas Feridas";"Pleno dia";"Decrescente";"Sol";"Simples";"Reta";"Não";2;0;1;0;1;0;1;2;-20,63107733;-42,23047972;"SPRF-MG";"DEL07-MG";"UOP03-DEL07-MG"
256308;2019-12-15;"domingo";"17:30:00";"SP";116;192,1;"SANTA ISABEL";"Falta de Atenção à Condução";"Capotamento";"Com Vítimas Feridas";"Pleno dia";"Crescente";"Céu Claro";"Dupla";"Reta";"Não";2;0;2;0;0;0;2;1;-23,376923;-46,249733;"SPRF-SP";"DEL02-SP";"UOP01-DEL02-SP"
256309;2019-12-15;"domingo";"17:29:00";"PR";369;161,7;"CAMBE";"Ingestão de Álcool";"Colisão traseira";"Com Vítimas Feridas";"Pleno dia";"Decrescente";"Céu Claro";"Dupla";"Reta";"Sim";4;0;1;0;2;1;1;4;-23,2915149;-51,26564026;"SPRF-PR";"DEL07-PR";"UOP01-DEL07-PR"
256310;2019-12-15;"domingo";"17:40:00";"SP";116;219;"GUARULHOS";"Falta de Atenção à Condução";"Colisão traseira";"Com Vítimas Feridas";"Pleno dia";"Crescente";"Céu Claro";"Múltipla";"Reta";"Sim";4;0;2;0;2;0;2;2;-23,46241511;-46,49234101;"SPRF-SP";"DEL01-SP";"UOP01-DEL01-SP"
256313;2019-12-15;"domingo";"17:14:00";"SP";116;90;"PINDAMONHANGABA";"Falta de Atenção à Condução";"Colisão traseira";"Com Vítimas Feridas";"Pleno dia";"Decrescente";"Céu Claro";"Dupla";"Reta";"Não";3;0;2;0;1;0;2;2;-22,94361839;-45,3873088;"SPRF-SP";"DEL06-SP";"UOP01-DEL06-SP"
256315;2019-12-15;"domingo";"17:50:00";"PE";101;87;"CABO DE SANTO AGOSTINHO";"Ingestão de Álcool";"Colisão com objeto estático";"Com Vítimas Feridas";"Plena Noite";"Decrescente";"Céu Claro";"Simples";"Reta";"Sim";1;0;1;0;0;0;1;1;-8,18803219;-34,96573849;"SPRF-PE";"DEL01-PE";"UOP03-DEL01-PE"
256316;2019-12-15;"domingo";"04:45:00";"ES";262;88;"DOMINGOS MARTINS";"Desobediência às normas de trânsito pelo condutor";"Colisão transversal";"Com Vítimas Fatais";"Plena Noite";"Decrescente";"Ignorado";"Simples";"Interseção de Vias";"Não";2;1;0;0;0;1;0;2;-20,39120365;-41,0098457;"SPRF-ES";"DEL01-ES";"UOP02-DEL01-ES"
256318;2019-12-15;"domingo";"17:30:00";"RS";116;238,4;"NOVO HAMBURGO";"Avarias e/ou desgaste excessivo no pneu";"Colisão lateral";"Com Vítimas Feridas";"Pleno dia";"Decrescente";"Nublado";"Dupla";"Reta";"Sim";5;0;4;0;1;0;4;2;-29,68739789;-51,14197352;"SPRF-RS";"DEL01-RS";"UOP02-DEL01-RS"
256319;2019-12-15;"domingo";"18:15:00";"PE";116;77,3;"CABROBO";"Falta de Atenção à Condução";"Saída de leito carroçável";"Com Vítimas Feridas";"Plena Noite";"Crescente";"Céu Claro";"Simples";"Declive";"Não";5;0;1;0;4;0;1;1;-8,499682;-39,209816;"SPRF-PE";"DEL05-PE";"UOP03-DEL05-PE"
256320;2019-12-15;"domingo";"15:25:00";"MG";262;798;"UBERABA";"Falta de Atenção à Condução";"Saída de leito carroçável";"Com Vítimas Feridas";"Pleno dia";"Crescente";"Céu Claro";"Simples";"Reta";"Não";1;0;1;0;0;0;1;1;-19,777964;-47,9268;"SPRF-MG";"DEL13-MG";"UOP01-DEL13-MG"
256321;2019-12-15;"domingo";"17:10:00";"PI";135;388;"BOM JESUS";"Defeito na Via";"Saída de leito carroçável";"Com Vítimas Feridas";"Anoitecer";"Decrescente";"Céu Claro";"Simples";"Reta";"Não";3;0;2;1;0;0;3;1;-9,33351203;-44,52121394;"SPRF-PI";"DEL03-PI";"UOP02-DEL03-PI"
256322;2019-12-15;"domingo";"18:00:00";"SP";116;56;"LORENA";"Não guardar distância de segurança";"Engavetamento";"Com Vítimas Feridas";"Anoitecer";"Decrescente";"Céu Claro";"Dupla";"Reta";"Não";7;0;2;0;5;0;2;5;-22,76904403;-45,13040598;"SPRF-SP";"DEL08-SP";"UOP01-DEL08-SP"
256323;2019-12-15;"domingo";"18:20:00";"DF";70;3;"BRASILIA";"Falta de Atenção à Condução";"Colisão traseira";"Sem Vítimas";"Plena Noite";"Crescente";"Céu Claro";"Simples";"Reta";"Sim";2;0;0;0;2;0;0;2;-15,802453;-48,080387;"SPRF-DF";"DEL01-DF";"UOP02-DEL03-DF"
256324;2019-12-14;"sábado";"02:30:00";"TO";153;791;"TALISMA";"Defeito na Via";"Saída de leito carroçável";"Com Vítimas Feridas";"Plena Noite";"Decrescente";"Chuva";"Simples";"Reta";"Não";1;0;1;0;0;0;1;1;-12,73659401;-49,08071797;"SPRF-TO";"DEL02-TO";"UOP02-DEL01-TO"
256325;2019-12-15;"domingo";"18:00:00";"MG";262;415,2;"PARA DE MINAS";"Velocidade Incompatível";"Saída de leito carroçável";"Com Vítimas Feridas";"Pleno dia";"Decrescente";"Céu Claro";"Dupla";"Reta";"Não";5;0;2;3;0;0;5;1;-19,88500029;-44,72831997;"SPRF-MG";"DEL08-MG";"UOP03-DEL08-MG"
256326;2019-12-15;"domingo";"17:05:00";"MT";364;222;"RONDONOPOLIS";"Ingestão de Álcool";"Saída de leito carroçável";"Com Vítimas Feridas";"Pleno dia";"Decrescente";"Céu Claro";"Dupla";"Reta";"Não";2;0;2;0;0;0;2;1;-16,33227499;-54,74804497;"SPRF-MT";"DEL02-MT";"UOP01-DEL02-MT"
256327;2019-12-15;"domingo";"17:58:00";"SP";116;94;"PINDAMONHANGABA";"Ingestão de Álcool";"Colisão traseira";"Com Vítimas Feridas";"Anoitecer";"Crescente";"Céu Claro";"Dupla";"Reta";"Não";3;0;0;2;1;0;2;2;-22,96083987;-45,42156507;"SPRF-SP";"DEL06-SP";"UOP01-DEL06-SP"
256328;2019-12-15;"domingo";"09:50:00";"PI";135;218;"ELISEU MARTINS";"Falta de Atenção à Condução";"Saída de leito carroçável";"Com Vítimas Feridas";"Pleno dia";"Decrescente";"Céu Claro";"Simples";"Reta";"Não";3;0;2;0;1;0;2;1;-8,13847381;-43,72495607;"SPRF-PI";"DEL03-PI";"UOP02-DEL03-PI"
256331;2019-12-15;"domingo";"18:30:00";"ES";101;203;"JOAO NEIVA";"Falta de Atenção à Condução";"Queda de ocupante de veículo";"Com Vítimas Feridas";"Anoitecer";"Crescente";"Céu Claro";"Simples";"Curva";"Não";1;0;1;0;0;0;1;1;-19,74448248;-40,37263506;"SPRF-ES";"DEL04-ES";"UOP01-DEL04-ES"
256332;2019-12-15;"domingo";"18:20:00";"PE";101;71,3;"RECIFE";"Ingestão de Álcool";"Engavetamento";"Sem Vítimas";"Plena Noite";"Decrescente";"Céu Claro";"Simples";"Reta;Em Obras";"Sim";4;0;0;0;4;0;0;4;-8,080714;-34,943039;"SPRF-PE";"DEL01-PE";"UOP01-DEL01-PE"
256333;2019-12-15;"domingo";"17:00:00";"AC";364;129;"RIO BRANCO";"Falta de Atenção à Condução";"Queda de ocupante de veículo";"Com Vítimas Feridas";"Pleno dia";"Crescente";"Céu Claro";"Dupla";"Curva";"Não";1;0;1;0;0;0;1;1;-10,02882024;-67,82932804;"SPRF-AC";"DEL01-AC";"UOP01-DEL01-AC"
256335;2019-12-15;"domingo";"13:00:00";"SC";282;602;"MARAVILHA";"Desobediência às normas de trânsito pelo condutor";"Colisão transversal";"Com Vítimas Feridas";"Pleno dia";"Crescente";"Céu Claro";"Simples";"Interseção de Vias";"Não";2;0;1;0;1;0;1;2;-26,806049;-53,178757;"SPRF-SC";"DEL07-SC";"UOP02-DEL07-SC"
256336;2019-12-15;"domingo";"17:00:00";"PA";10;284;"MAE DO RIO";"Ultrapassagem Indevida";"Colisão traseira";"Sem Vítimas";"Pleno dia";"Decrescente";"Nublado";"Simples";"Aclive";"Não";2;0;0;0;2;0;0;2;-1,950051;-47,52415;"SPRF-PA";"DEL02-PA";"UOP01-DEL02-PA"
256338;2019-12-15;"domingo";"19:40:00";"SC";282;17,9;"PALHOCA";"Ingestão de Álcool";"Colisão frontal";"Com Vítimas Feridas";"Plena Noite";"Crescente";"Nublado";"Simples";"Reta";"Sim";3;0;0;1;2;0;1;3;-27,672798;-48,694286;"SPRF-SC";"DEL01-SC";"UOP02-DEL01-SC"
256339;2019-12-15;"domingo";"17:40:00";"RO";364;547;"ALTO PARAISO";"Falta de Atenção à Condução";"Colisão lateral";"Com Vítimas Feridas";"Anoitecer";"Decrescente";"Céu Claro";"Simples";"Reta";"Não";1;0;1;0;0;0;1;1;-9,66766005;-63,09796995;"SPRF-RO";"DEL03-RO";"UOP01-DEL03-RO"
256340;2019-12-15;"domingo";"18:30:00";"MT";163;88;"RONDONOPOLIS";"Ingestão de Álcool";"Saída de leito carroçável";"Sem Vítimas";"Plena Noite";"Crescente";"Céu Claro";"Dupla";"Aclive";"Não";1;0;0;0;1;0;0;1;-16,75646914;-54,65421973;"SPRF-MT";"DEL02-MT";"DEL2/2-UOP02/MT"
256341;2019-12-15;"domingo";"18:40:00";"ES";101;390;"RIO NOVO DO SUL";"Avarias e/ou desgaste excessivo no pneu";"Tombamento";"Com Vítimas Feridas";"Anoitecer";"Crescente";"Nublado";"Simples";"Reta";"Não";1;0;1;0;0;0;1;1;-20,86540549;-40,8878163;"SPRF-ES";"DEL03-ES";"UOP02-DEL03-ES"
256342;2019-12-15;"domingo";"18:15:00";"SP";116;55,5;"LORENA";"Defeito Mecânico no Veículo";"Incêndio";"Sem Vítimas";"Anoitecer";"Crescente";"Céu Claro";"Dupla";"Reta";"Não";1;0;0;0;1;0;0;1;-22,76356421;-45,12272385;"SPRF-SP";"DEL08-SP";"UOP01-DEL08-SP"
256343;2019-12-15;"domingo";"19:00:00";"PR";373;182,5;"PONTA GROSSA";"Falta de Atenção à Condução";"Colisão transversal";"Com Vítimas Feridas";"Pleno dia";"Decrescente";"Nublado";"Simples";"Reta";"Não";4;0;1;1;2;0;2;2;-25,04193864;-50,26741587;"SPRF-PR";"DEL03-PR";"UOP01-DEL03-PR"
256344;2019-12-15;"domingo";"19:40:00";"RJ";116;201;"SEROPEDICA";"Falta de Atenção à Condução";"Saída de leito carroçável";"Com Vítimas Feridas";"Plena Noite";"Crescente";"Céu Claro";"Dupla";"Reta";"Não";5;0;0;1;4;0;1;1;-22,73124742;-43,60364806;"SPRF-RJ";"DEL01-RJ";"UOP03-DEL01-RJ"
256345;2019-12-15;"domingo";"19:45:00";"CE";116;42,3;"HORIZONTE";"Falta de Atenção à Condução";"Colisão com objeto estático";"Sem Vítimas";"Plena Noite";"Decrescente";"Céu Claro";"Múltipla";"Reta";"Sim";2;0;0;0;2;0;0;1;-4,10857928;-38,4942173;"SPRF-CE";"DEL01-CE";"UOP02-DEL01-CE"