"id";"data_inversa";"dia_semana";"horario";"uf";"br";"km";"municipio";"causa_acidente";"tipo_acidente";"classificacao_acidente";"fase_dia";"sentido_via";"condicao_metereologica";"tipo_pista";"tracado_via";"uso_solo";"pessoas";"mortos";"feridos_leves";"feridos_graves";"ilesos";"ignorados";"feridos";"veiculos";"latitude";"longitude";"regional";"delegacia";"uop"
256347;2019-12-15;"domingo";"20:00:00";"GO";60;28,7;"ALEXANIA";"Falta de Atenção à Condução";"Saída de leito carroçável";"Com Vítimas Feridas";"Plena Noite";"Decrescente";"Nublado";"Dupla";"Curva";"Não";2;0;2;0;0;0;2;1;-16,0963;-48,5202;"SPRF-DF";"DEL01-DF";"UOP01-DEL03-DF"
256348;2019-12-15;"domingo";"19:44:00";"CE";116;504,9;"BREJO SANTO";"Falta de Atenção à Condução";"Colisão lateral";"Com Vítimas Feridas";"Plena Noite";"Crescente";"Céu Claro";"Simples";"Reta";"Sim";4;0;0;1;3;0;1;2;-7,47977281;-38,9815676;"SPRF-CE";"DEL05-CE";"UOP03-DEL05-CE"
256350;2019-12-15;"domingo";"19:50:00";"PA";163;1001;"SANTAREM";"Desobediência às normas de trânsito pelo condutor";"Colisão transversal";"Com Vítimas Feridas";"Plena Noite";"Crescente";"Céu Claro";"Simples";"Rotatória";"Sim";2;0;0;1;1;0;1;2;-2,464507;-54,72745295;"SPRF-PA";"DEL05-PA";"UOP01-DEL05-PA"
256353;2019-12-15;"domingo";"19:40:00";"SC";101;262,7;"PAULO LOPES";"Falta de Atenção do Pedestre";"Atropelamento de Pedestre";"Com Vítimas Feridas";"Plena Noite";"Crescente";"Nublado";"Dupla";"Curva";"Não";2;0;1;1;0;0;2;2;-28,0410345;-48,71259034;"SPRF-SC";"DEL02-SC";"UOP03-DEL02-SC"
256354;2019-12-15;"domingo";"19:20:00";"RO";429;67;"PRESIDENTE MEDICI";"Ingestão de Álcool";"Saída de leito carroçável";"Sem Vítimas";"Plena Noite";"Decrescente";"Céu Claro";"Simples";"Declive";"Não";1;0;0;0;1;0;0;1;-11,22269292;-62,12683415;"SPRF-RO";"DEL02-RO";"UOP03-DEL02-RO"
256355;2019-12-15;"domingo";"20:15:00";"RN";101;102,3;"PARNAMIRIM";"Defeito na Via";"Tombamento";"Com Vítimas Feridas";"Plena Noite";"Decrescente";"Céu Claro";"Múltipla";"Reta";"Sim";2;0;2;0;0;0;2;1;-5,88868426;-35,24075031;"SPRF-RN";"DEL01-RN";"UOP01-DEL01-RN"
256356;2019-12-15;"domingo";"20:50:00";"PR";376;622,9;"SAO JOSE DOS PINHAIS";"Velocidade Incompatível";"Saída de leito carroçável";"Sem Vítimas";"Plena Noite";"Decrescente";"Céu Claro";"Dupla";"Reta";"Sim";1;0;0;0;1;0;0;1;-25,62623389;-49,16547575;"SPRF-PR";"DEL01-PR";"UOP01-DEL01-PR"
256357;2019-12-15;"domingo";"18:55:00";"MT";70;288,8;"PRIMAVERA DO LESTE";"Ingestão de Álcool";"Saída de leito carroçável";"Com Vítimas Feridas";"Plena Noite";"Crescente";"Céu Claro";"Simples";"Interseção de Vias";"Não";1;0;1;0;0;0;1;1;-15,57668413;-54,36785699;"SPRF-MT";"DEL05-MT";"UOP01-DEL05-MT"
256358;2019-12-15;"domingo";"20:09:00";"MS";163;467;"CAMPO GRANDE";"Falta de Atenção à Condução";"Tombamento";"Com Vítimas Feridas";"Plena Noite";"Decrescente";"Nublado";"Simples";"Reta";"Não";1;0;1;0;0;0;1;1;-20,57932863;-54,57695024;"SPRF-MS";"DEL01-MS";"UOP01-DEL01-MS"
256359;2019-12-15;"domingo";"20:30:00";"MG";365;610;"UBERLANDIA";"Falta de Atenção à Condução";"Colisão traseira";"Sem Vítimas";"Plena Noite";"Crescente";"Céu Claro";"Dupla";"Reta";"Sim";4;0;0;0;4;0;0;2;-18,93324276;-48,1844902;"SPRF-MG";"DEL15-MG";"UOP01-DEL15-MG"
256361;2019-12-15;"domingo";"21:00:00";"MT";158;569;"AGUA BOA";"Ingestão de álcool e/ou substâncias psicoativas pelo pedestre";"Colisão traseira";"Com Vítimas Feridas";"Plena Noite";"Decrescente";"Céu Claro";"Simples";"Reta";"Sim";2;0;1;0;1;0;1;2;-14,06431192;-52,15395871;"SPRF-MT";"DEL07-MT";"UOP02-DEL07-MT"
256362;2019-12-15;"domingo";"21:30:00";"GO";70;10,3;"AGUAS LINDAS DE GOIAS";"Falta de Atenção do Pedestre";"Atropelamento de Pedestre";"Com Vítimas Feridas";"Plena Noite";"Crescente";"Céu Claro";"Dupla";"Reta";"Sim";2;0;0;1;1;0;1;2;-15,73738129;-48,29228118;"SPRF-DF";"DEL01-DF";"UOP02-DEL03-DF"
256363;2019-12-15;"domingo";"20:10:00";"MT";163;552;"DIAMANTINO";"Falta de Atenção à Condução";"Saída de leito carroçável";"Com Vítimas Feridas";"Pleno dia";"Crescente";"Céu Claro";"Simples";"Reta";"Não";1;0;1;0;0;0;1;1;-14,29259489;-56,1477147;"SPRF-MT";"DEL01-MT";"UOP01-DEL01-MT"
256364;2019-12-15;"domingo";"19:30:00";"PB";230;37,8;"SANTA RITA";"Sinalização da via insuficiente ou inadequada";"Colisão lateral";"Sem Vítimas";"Plena Noite";"Crescente";"Céu Claro";"Simples";"Em Obras";"Não";2;0;0;0;2;0;0;2;-7,1293;-34,9536;"SPRF-PB";"DEL01-PB";"UOP03-DEL01-PB"
256366;2019-12-15;"domingo";"19:30:00";"RR";174;501;"BOA VISTA";"Ingestão de álcool e/ou substâncias psicoativas pelo pedestre";"Colisão com objeto estático";"Sem Vítimas";"Plena Noite";"Crescente";"Céu Claro";"Dupla";"Desvio Temporário";"Sim";2;0;0;0;0;2;0;2;2,781689;-60,703827;"SPRF-RR";"DEL01-RR";"UOP01-DEL01-RR"
256367;2019-12-15;"domingo";"18:55:00";"RO";319;59,5;"PORTO VELHO";"Ingestão de Álcool";"Colisão transversal";"Sem Vítimas";"Plena Noite";"Decrescente";"Céu Claro";"Dupla";"Interseção de Vias";"Sim";2;0;0;0;2;0;0;2;-8,74254807;-63,9026035;"SPRF-RO";"DEL01-RO";"UOP01-DEL01-RO"
256368;2019-12-15;"domingo";"20:40:00";"GO";40;24;"LUZIANIA";"Falta de Atenção à Condução";"Tombamento";"Com Vítimas Feridas";"Plena Noite";"Decrescente";"Nublado";"Dupla";"Retorno Regulamentado";"Sim";1;0;1;0;0;0;1;1;-16,252738;-47,900437;"SPRF-DF";"DEL01-DF";"UOP01-DEL01-DF"
256369;2019-12-15;"domingo";"19:50:00";"SC";280;29,6;"ARAQUARI";"Falta de Atenção à Condução";"Colisão transversal";"Com Vítimas Feridas";"Anoitecer";"Decrescente";"Nublado";"Simples";"Reta";"Não";2;0;0;1;1;0;1;2;-26,41313602;-48,75797868;"SPRF-SC";"DEL03-SC";"UOP03-DEL03-SC"
256370;2019-12-15;"domingo";"19:10:00";"ES";101;304,9;"VIANA";"Desobediência às normas de trânsito pelo condutor";"Colisão transversal";"Com Vítimas Feridas";"Plena Noite";"Crescente";"Céu Claro";"Simples";"Em Obras";"Sim";3;0;1;1;1;0;2;2;-20,38392;-40,461254;"SPRF-ES";"DEL01-ES";"UOP01-DEL01-ES"
256371;2019-12-15;"domingo";"20:10:00";"SC";282;494,6;"XANXERE";"Ultrapassagem Indevida";"Colisão frontal";"Sem Vítimas";"Plena Noite";"Crescente";"Chuva";"Simples";"Declive;Curva";"Não";2;0;0;0;2;0;0;2;-26,87149;-52,318768;"SPRF-SC";"DEL07-SC";"UOP01-DEL07-SC"
256373;2019-12-15;"domingo";"21:50:00";"BA";418;92;"NOVA VICOSA";"Animais na Pista";"Atropelamento de Animal";"Com Vítimas Feridas";"Plena Noite";"Crescente";"Céu Claro";"Simples";"Reta";"Não";1;0;0;1;0;0;1;1;-17,88303238;-39,85283207;"SPRF-BA";"DEL09-BA";"UOP02-DEL09-BA"
256376;2019-12-15;"domingo";"22:00:00";"TO";153;137;"ARAGUAINA";"Ingestão de Álcool";"Colisão transversal";"Com Vítimas Feridas";"Plena Noite";"Crescente";"Céu Claro";"Dupla";"Reta";"Sim";2;0;0;1;1;0;1;2;-7,14630299;-48,20255603;"SPRF-TO";"DEL02-TO";"UOP01-DEL02-TO"
256377;2019-12-15;"domingo";"20:20:00";"PB";405;51,9;"MARIZOPOLIS";"Sinalização da via insuficiente ou inadequada";"Colisão com objeto estático";"Com Vítimas Feridas";"Plena Noite";"Crescente";"Céu Claro";"Simples";"Interseção de Vias";"Não";1;0;0;1;0;0;1;1;-6,847431;-38,358193;"SPRF-PB";"DEL03-PB";"UOP03-DEL03-PB"
256379;2019-12-15;"domingo";"21:30:00";"PR";476;181,5;"LAPA";"Velocidade Incompatível";"Colisão traseira";"Com Vítimas Feridas";"Plena Noite";"Decrescente";"Nublado";"Simples";"Reta";"Não";2;0;1;0;1;0;1;2;-25,71445747;-49,60817641;"SPRF-PR";"DEL01-PR";"UOP06-DEL01-PR"
256381;2019-12-15;"domingo";"20:00:00";"MG";354;703;"CAXAMBU";"Falta de Atenção do Pedestre";"Atropelamento de Pedestre";"Com Vítimas Feridas";"Plena Noite";"Crescente";"Céu Claro";"Simples";"Reta";"Sim";3;0;1;2;0;0;3;2;-21,97540939;-44,92323124;"SPRF-MG";"DEL05-MG";"UOP01-DEL17-MG"
256382;2019-12-15;"domingo";"20:30:00";"MG";262;91,5;"ABRE CAMPO";"Ingestão de álcool e/ou substâncias psicoativas pelo pedestre";"Colisão com objeto estático";"Com Vítimas Feridas";"Plena Noite";"Crescente";"Céu Claro";"Simples";"Reta";"Não";1;0;1;0;0;0;1;1;-20,33473903;-42,44915854;"SPRF-MG";"DEL03-MG";"UOP03-DEL03-MG"
256384;2019-12-15;"domingo";"22:20:00";"SP";116;206;"GUARULHOS";"Não guardar distância de segurança";"Colisão traseira";"Com Vítimas Feridas";"Plena Noite";"Crescente";"Céu Claro";"Dupla";"Reta";"Sim";3;0;2;0;1;0;2;2;-23,41722629;-46,37510292;"SPRF-SP";"DEL01-SP";"UOP01-DEL01-SP"
256385;2019-12-15;"domingo";"21:30:00";"PR";376;256,3;"CALIFORNIA";"Ingestão de álcool e/ou substâncias psicoativas pelo pedestre";"Atropelamento de Pedestre";"Com Vítimas Feridas";"Plena Noite";"Decrescente";"Nublado";"Simples";"Reta";"Não";2;0;0;1;1;0;1;2;-23,65855807;-51,37207031;"SPRF-PR";"DEL07-PR";"UOP03-DEL07-PR"
256386;2019-12-15;"domingo";"23:00:00";"SP";116;218,4;"GUARULHOS";"Falta de Atenção à Condução";"Colisão traseira";"Com Vítimas Feridas";"Plena Noite";"Crescente";"Nublado";"Múltipla";"Reta";"Não";4;0;1;0;3;0;1;2;-23,457972;-46,479927;"SPRF-SP";"DEL01-SP";"UOP01-DEL01-SP"
256388;2019-12-15;"domingo";"22:30:00";"PR";116;113;"CURITIBA";"Defeito Mecânico no Veículo";"Queda de ocupante de veículo";"Com Vítimas Feridas";"Plena Noite";"Decrescente";"Chuva";"Dupla";"Reta";"Não";2;0;2;0;0;0;2;1;-25,56513636;-49,24675108;"SPRF-PR";"DEL01-PR";"UOP06-DEL01-PR"
256389;2019-12-15;"domingo";"22:50:00";"PI";316;320;"PICOS";"Animais na Pista";"Atropelamento de Animal";"Com Vítimas Feridas";"Plena Noite";"Crescente";"Céu Claro";"Simples";"Reta";"Sim";1;0;0;1;0;0;1;1;-7,092462;-41,389029;"SPRF-PI";"DEL04-PI";"UOP01-DEL04-PI"
256390;2019-12-15;"domingo";"19:20:00";"RR";432;195;"CANTA";"Velocidade Incompatível";"Colisão frontal";"Com Vítimas Feridas";"Plena Noite";"Decrescente";"Céu Claro";"Simples";"Reta";"Não";2;0;0;1;1;0;1;2;2,64369401;-60,59182903;"SPRF-RR";"DEL01-RR";"UOP01-DEL01-RR"
256391;2019-12-15;"domingo";"21:30:00";"BA";367;83,1;"EUNAPOLIS";"Falta de Atenção à Condução";"Colisão transversal";"Sem Vítimas";"Plena Noite";"Crescente";"Chuva";"Simples";"Reta";"Sim";3;0;0;0;1;2;0;2;-16,37256267;-39,57064408;"SPRF-BA";"DEL09-BA";"UOP01-DEL09-BA"
256392;2019-12-15;"domingo";"18:30:00";"RJ";116;165;"RIO DE JANEIRO";"Falta de Atenção à Condução";"Colisão com objeto estático";"Sem Vítimas";"Anoitecer";"Decrescente";"Céu Claro";"Dupla";"Reta";"Sim";1;0;0;0;0;1;0;1;-22,81548519;-43,29087405;"SPRF-RJ";"DEL01-RJ";"UOP02-DEL01-RJ"
256393;2019-12-15;"domingo";"23:55:00";"PR";369;160;"CAMBE";"Ingestão de Álcool";"Saída de leito carroçável";"Com Vítimas Feridas";"Plena Noite";"Decrescente";"Garoa/Chuvisco";"Simples";"Curva;Aclive";"Sim";2;0;1;1;0;0;2;1;-23,28219761;-51,25420868;"SPRF-PR";"DEL07-PR";"UOP01-DEL07-PR"
256394;2019-12-16;"segunda-feira";"00:30:00";"MG";381;892,7;"CAMBUI";"Falta de Atenção à Condução";"Colisão traseira";"Com Vítimas Feridas";"Plena Noite";"Crescente";"Ignorado";"Dupla";"Reta";"Não";5;0;3;0;2;0;3;2;-22,60214538;-46,05862156;"SPRF-MG";"DEL16-MG";"UOP03-DEL16-MG"
256395;2019-12-16;"segunda-feira";"00:20:00";"GO";60;92,6;"ANAPOLIS";"Falta de Atenção à Condução";"Saída de leito carroçável";"Sem Vítimas";"Plena Noite";"Decrescente";"Nublado";"Dupla";"Reta";"Sim";1;0;0;0;0;1;0;1;-16,35320446;-48,9185679;"SPRF-GO";"DEL02-GO";"UOP01-DEL02-GO"
256397;2019-12-16;"segunda-feira";"01:05:00";"MG";365;16,1;"MONTES CLAROS";"Animais na Pista";"Atropelamento de Animal";"Com Vítimas Feridas";"Plena Noite";"Crescente";"Céu Claro";"Simples";"Curva;Declive";"Não";1;0;0;1;0;0;1;1;-16,87433198;-43,98487502;"SPRF-MG";"DEL12-MG";"UOP01-DEL12-MG"
256398;2019-12-16;"segunda-feira";"01:00:00";"CE";116;32;"HORIZONTE";"Ingestão de Álcool";"Colisão traseira";"Com Vítimas Feridas";"Plena Noite";"Decrescente";"Céu Claro";"Dupla";"Reta";"Não";3;0;2;0;1;0;2;2;-4,02676186;-38,51392889;"SPRF-CE";"DEL01-CE";"UOP02-DEL01-CE"
256399;2019-12-15;"domingo";"23:00:00";"RS";392;703,5;"ROQUE GONZALES";"Condutor Dormindo";"Saída de leito carroçável";"Sem Vítimas";"Plena Noite";"Decrescente";"Garoa/Chuvisco";"Simples";"Reta";"Não";1;0;0;0;1;0;0;1;-28,04189796;-55,08884892;"SPRF-RS";"DEL10-RS";"UOP01-DEL10-RS"
256400;2019-12-16;"segunda-feira";"00:15:00";"RJ";493;107,8;"SEROPEDICA";"Animais na Pista";"Atropelamento de Animal";"Com Vítimas Fatais";"Plena Noite";"Decrescente";"Céu Claro";"Dupla";"Reta";"Não";7;4;3;0;0;0;3;1;-22,78797;-43,77244;"SPRF-RJ";"DEL03-RJ";"UOP01-DEL03-RJ"
256401;2019-12-16;"segunda-feira";"01:00:00";"SC";101;201,7;"SAO JOSE";"Defeito Mecânico no Veículo";"Tombamento";"Com Vítimas Feridas";"Plena Noite";"Decrescente";"Céu Claro";"Múltipla";"Reta";"Sim";1;0;1;0;0;0;1;1;-27,55532688;-48,6192441;"SPRF-SC";"DEL01-SC";"UOP01-DEL01-SC"
256403;2019-12-15;"domingo";"21:40:00";"BA";418;88;"NOVA VICOSA";"Desobediência às normas de trânsito pelo condutor";"Atropelamento de Pedestre";"Com Vítimas Feridas";"Pleno dia";"Decrescente";"Céu Claro";"Simples";"Reta";"Sim";5;0;2;2;0;1;4;2;-17,88679824;-39,86337662;"SPRF-BA";"DEL09-BA";"UOP02-DEL09-BA"
256404;2019-12-15;"domingo";"22:30:00";"MA";402;4,8;"BACABEIRA";"Falta de Atenção à Condução";"Tombamento";"Com Vítimas Fatais";"Plena Noite";"Decrescente";"Céu Claro";"Simples";"Aclive";"Sim";2;1;0;0;0;1;0;2;-2,953501;-44,290794;"SPRF-MA";"DEL01-MA";"UOP01-DEL01-MA"
256407;2019-12-16;"segunda-feira";"03:25:00";"PE";101;58,1;"PAULISTA";"Desobediência às normas de trânsito pelo condutor";"Colisão traseira";"Sem Vítimas";"Pleno dia";"Crescente";"Céu Claro";"Dupla";"Reta";"Sim";2;0;0;0;1;1;0;2;-7,97063209;-34,92064675;"SPRF-PE";"DEL01-PE";"UOP02-DEL01-PE"
256408;2019-12-16;"segunda-feira";"01:00:00";"PR";277;170,6;"PALMEIRA";"Desobediência às normas de trânsito pelo condutor";"Colisão lateral";"Com Vítimas Feridas";"Plena Noite";"Crescente";"Chuva";"Dupla";"Interseção de Vias";"Sim";1;0;1;0;0;0;1;1;-25,43569331;-49,99883831;"SPRF-PR";"DEL01-PR";"UOP06-DEL01-PR"
256409;2019-12-16;"segunda-feira";"03:00:00";"SP";116;269,8;"TABOAO DA SERRA";"Falta de Atenção à Condução";"Colisão lateral";"Com Vítimas Feridas";"Plena Noite";"Crescente";"Céu Claro";"Múltipla";"Reta";"Sim";3;0;2;0;1;0;2;2;-23,60807998;-46,760488;"SPRF-SP";"DEL04-SP";"UOP01-DEL04-SP"
256410;2019-12-16;"segunda-feira";"03:45:00";"RS";116;292;"ELDORADO DO SUL";"Ingestão de Álcool";"Saída de leito carroçável";"Sem Vítimas";"Plena Noite";"Crescente";"Céu Claro";"Dupla";"Reta";"Não";1;0;0;0;1;0;0;1;-30,05365284;-51,33574234;"SPRF-RS";"DEL02-RS";"UOP01-DEL02-RS"
256414;2019-12-16;"segunda-feira";"03:25:00";"BA";324;556;"AMELIA RODRIGUES";"Pista Escorregadia";"Saída de leito carroçável";"Com Vítimas Feridas";"Plena Noite";"Crescente";"Chuva";"Dupla";"Reta";"Não";3;0;2;0;0;1;2;1;-12,47106487;-38,6824229;"SPRF-BA";"DEL01-BA";"UOP01-DEL01-BA"
256415;2019-12-16;"segunda-feira";"05:00:00";"DF";251;2;"BRASILIA";"Falta de Atenção à Condução";"Saída de leito carroçável";"Com Vítimas Fatais";"Amanhecer";"Crescente";"Céu Claro";"Simples";"Reta";"Não";1;1;0;0;0;0;0;1;-16,032738;-47,543346;"SPRF-DF";"DEL01-DF";"UOP01-DEL01-DF"
256416;2019-12-16;"segunda-feira";"05:00:00";"GO";70;53,4;"COCALZINHO DE GOIAS";"Animais na Pista";"Atropelamento de Animal";"Com Vítimas Feridas";"Amanhecer";"Decrescente";"Céu Claro";"Simples";"Reta";"Não";2;0;1;1;0;0;2;1;-15,75067958;-48,64470457;"SPRF-DF";"DEL01-DF";"UOP02-DEL03-DF"
256422;2019-12-15;"domingo";"03:50:00";"MG";50;9;"ARAGUARI";"Ingestão de Álcool";"Saída de leito carroçável";"Sem Vítimas";"Plena Noite";"Decrescente";"Chuva";"Dupla";"Reta";"Não";1;0;0;0;1;0;0;1;-18,49737007;-48,04354824;"SPRF-MG";"DEL15-MG";"UOP02-DEL15-MG"
256425;2019-12-16;"segunda-feira";"07:00:00";"SC";101;139;"BALNEARIO CAMBORIU";"Defeito Mecânico no Veículo";"Capotamento";"Com Vítimas Feridas";"Pleno dia";"Decrescente";"Garoa/Chuvisco";"Dupla";"Curva";"Sim";1;0;1;0;0;0;1;1;-27,02982303;-48,60115006;"SPRF-SC";"DEL04-SC";"UOP03-DEL04-SC"
256426;2019-12-16;"segunda-feira";"03:00:00";"MA";10;252,8;"IMPERATRIZ";"Ingestão de álcool e/ou substâncias psicoativas pelo pedestre";"Colisão lateral";"Sem Vítimas";"Plena Noite";"Crescente";"Céu Claro";"Simples";"Reta";"Sim";3;0;0;0;3;0;0;2;-5,53562;-47,469585;"SPRF-MA";"DEL04-MA";"UOP01-DEL04-MA"
256427;2019-12-16;"segunda-feira";"06:55:00";"BA";324;613;"SALVADOR";"Desobediência às normas de trânsito pelo condutor";"Colisão traseira";"Sem Vítimas";"Pleno dia";"Crescente";"Chuva";"Dupla";"Reta";"Sim";2;0;0;0;2;0;0;2;-12,85531601;-38,42055197;"SPRF-BA";"DEL01-BA";"UOP01-DEL01-BA"
256428;2019-12-16;"segunda-feira";"06:00:00";"MS";60;414,7;"SIDROLANDIA";"Falta de Atenção à Condução";"Saída de leito carroçável";"Com Vítimas Feridas";"Pleno dia";"Crescente";"Céu Claro";"Simples";"Reta";"Não";3;0;1;0;2;0;1;1;-20,89554922;-54,86568024;"SPRF-MS";"DEL01-MS";"UOP04-DEL01-MS"
256429;2019-12-09;"segunda-feira";"17:12:00";"BA";324;516;"FEIRA DE SANTANA";"Falta de Atenção à Condução";"Colisão transversal";"Com Vítimas Feridas";"Pleno dia";"Decrescente";"Céu Claro";"Simples";"Curva";"Sim";2;0;1;0;1;0;1;2;-12,24252225;-38,93715989;"SPRF-BA";"DEL02-BA";"UOP01-DEL02-BA"
256431;2019-12-16;"segunda-feira";"06:50:00";"SP";381;54;"MAIRIPORA";"Falta de Atenção do Pedestre";"Atropelamento de Pedestre";"Com Vítimas Feridas";"Pleno dia";"Crescente";"Céu Claro";"Dupla";"Retorno Regulamentado";"Sim";2;0;0;1;1;0;1;2;-23,24467813;-46,5951314;"SPRF-SP";"DEL03-SP";"UOP01-DEL03-SP"
256432;2019-12-16;"segunda-feira";"07:10:00";"MG";50;71;"UBERLANDIA";"Desobediência às normas de trânsito pelo condutor";"Colisão traseira";"Com Vítimas Feridas";"Amanhecer";"Decrescente";"Céu Claro";"Dupla";"Viaduto";"Sim";4;0;1;1;2;0;2;4;-18,85140204;-48,25345932;"SPRF-MG";"DEL15-MG";"UOP01-DEL15-MG"
256433;2019-12-16;"segunda-feira";"07:00:00";"SP";116;145;"SAO JOSE DOS CAMPOS";"Falta de Atenção à Condução";"Colisão traseira";"Com Vítimas Feridas";"Pleno dia";"Crescente";"Céu Claro";"Simples";"Reta";"Sim";2;0;1;0;1;0;1;2;-23,1869844;-45,8548078;"SPRF-SP";"DEL02-SP";"UOP01-DEL02-SP"
256434;2019-12-16;"segunda-feira";"07:35:00";"CE";116;9;"FORTALEZA";"Falta de Atenção à Condução";"Colisão lateral";"Com Vítimas Feridas";"Pleno dia";"Decrescente";"Céu Claro";"Dupla";"Reta";"Sim";2;0;1;0;1;0;1;2;-3,82779096;-38,50486117;"SPRF-CE";"DEL01-CE";"UOP02-DEL01-CE"
256435;2019-12-16;"segunda-feira";"06:40:00";"GO";251;27,6;"CRISTALINA";"Desobediência às normas de trânsito pelo condutor";"Colisão transversal";"Com Vítimas Feridas";"Pleno dia";"Decrescente";"Céu Claro";"Simples";"Reta";"Sim";2;0;0;1;1;0;1;2;-16,10012382;-47,50171815;"SPRF-DF";"DEL01-DF";"UOP01-DEL01-DF"
256438;2019-12-16;"segunda-feira";"07:20:00";"RJ";40;121;"DUQUE DE CAXIAS";"Falta de Atenção à Condução";"Colisão lateral";"Com Vítimas Feridas";"Pleno dia";"Crescente";"Céu Claro";"Múltipla";"Reta";"Sim";3;0;1;0;2;0;1;2;-22,78185499;-43,28571273;"SPRF-RJ";"DEL01-RJ";"UOP01-DEL01-RJ"
256439;2019-12-16;"segunda-feira";"08:05:00";"DF";60;10;"BRASILIA";"Falta de Atenção à Condução";"Colisão lateral";"Com Vítimas Feridas";"Pleno dia";"Decrescente";"Céu Claro";"Dupla";"Reta";"Não";3;0;1;0;2;0;1;2;-15,909476;-48,149597;"SPRF-DF";"DEL01-DF";"UOP01-DEL03-DF"
256440;2019-12-16;"segunda-feira";"06:20:00";"SP";116;28,2;"SILVEIRAS";"Falta de Atenção à Condução";"Colisão traseira";"Com Vítimas Feridas";"Amanhecer";"Decrescente";"Chuva";"Dupla";"Curva";"Não";2;0;1;0;1;0;1;2;-22,62492006;-44,91571997;"SPRF-SP";"DEL08-SP";"UOP02-DEL08-SP"
256441;2019-12-16;"segunda-feira";"07:45:00";"PR";116;9,9;"COLOMBO";"Falta de Atenção do Pedestre";"Atropelamento de Pedestre";"Com Vítimas Feridas";"Pleno dia";"Crescente";"Nublado";"Dupla";"Reta";"Não";3;0;0;2;1;0;2;3;-25,3708;-49,1246;"SPRF-PR";"DEL01-PR";"UOP01-DEL01-PR"
256442;2019-12-16;"segunda-feira";"07:50:00";"SC";101;216,7;"PALHOCA";"Desobediência às normas de trânsito pelo condutor";"Colisão traseira";"Com Vítimas Feridas";"Pleno dia";"Decrescente";"Nublado";"Dupla";"Reta";"Não";3;0;1;0;2;0;1;3;-27,65981409;-48,67747798;"SPRF-SC";"DEL01-SC";"UOP02-DEL01-SC"
256445;2019-10-29;"terça-feira";"17:00:00";"MG";459;106;"POUSO ALEGRE";"Desobediência às normas de trânsito pelo condutor";"Colisão transversal";"Com Vítimas Feridas";"Pleno dia";"Crescente";"Ignorado";"Dupla";"Rotatória";"Sim";2;0;0;1;1;0;1;2;-22,23387;-45,898136;"SPRF-MG";"DEL16-MG";"UOP01-DEL16-MG"
256446;2019-12-16;"segunda-feira";"07:45:00";"MG";116;527,2;"CARATINGA";"Falta de Atenção à Condução";"Colisão transversal";"Com Vítimas Feridas";"Pleno dia";"Decrescente";"Sol";"Simples";"Reta";"Sim";2;0;0;1;1;0;1;2;-19,78510701;-42,13445297;"SPRF-MG";"DEL06-MG";"UOP02-DEL06-MG"
256447;2019-12-16;"segunda-feira";"07:25:00";"SP";116;220;"GUARULHOS";"Não guardar distância de segurança";"Colisão lateral";"Com Vítimas Feridas";"Pleno dia";"Decrescente";"Céu Claro";"Múltipla";"Reta";"Sim";2;0;1;0;0;1;1;2;-23,46472809;-46,49793962;"SPRF-SP";"DEL01-SP";"UOP01-DEL01-SP"
256448;2019-12-16;"segunda-feira";"07:05:00";"MS";163;255,9;"DOURADOS";"Desobediência às normas de trânsito pelo condutor";"Colisão transversal";"Com Vítimas Feridas";"Amanhecer";"Crescente";"Nublado";"Múltipla";"Interseção de Vias";"Não";2;0;1;0;1;0;1;2;-22,25918529;-54,80367335;"SPRF-MS";"DEL04-MS";"UOP01-DEL04-MS"
256449;2019-12-16;"segunda-feira";"06:57:00";"ES";101;214;"IBIRACU";"Desobediência às normas de trânsito pelo condutor";"Colisão lateral";"Com Vítimas Feridas";"Pleno dia";"Crescente";"Céu Claro";"Simples";"Reta";"Não";3;0;0;1;2;0;1;3;-19,82999127;-40,37211181;"SPRF-ES";"DEL02-ES";"UOP01-DEL02-ES"
256451;2019-12-16;"segunda-feira";"06:35:00";"PR";476;136;"CURITIBA";"Desobediência às normas de trânsito pelo condutor";"Colisão traseira";"Com Vítimas Feridas";"Pleno dia";"Decrescente";"Nublado";"Múltipla";"Reta";"Sim";2;0;1;0;1;0;1;2;-25,491047;-49,271679;"SPRF-PR";"DEL01-PR";"UOP03-DEL01-PR"
256453;2019-12-16;"segunda-feira";"06:35:00";"PR";277;102,5;"CURITIBA";"Falta de Atenção à Condução";"Colisão traseira";"Com Vítimas Feridas";"Pleno dia";"Crescente";"Chuva";"Dupla";"Reta";"Não";2;0;1;0;1;0;1;2;-25,51408786;-49,33726669;"SPRF-PR";"DEL01-PR";"UOP06-DEL01-PR"
256454;2019-12-16;"segunda-feira";"00:00:00";"RJ";116;165;"RIO DE JANEIRO";"Deficiência ou não Acionamento do Sistema de Iluminação/Sinalização do Veículo";"Incêndio";"Sem Vítimas";"Plena Noite";"Decrescente";"Céu Claro";"Dupla";"Reta";"Não";1;0;0;0;1;0;0;1;-22,81548519;-43,29087405;"SPRF-RJ";"DEL01-RJ";"UOP02-DEL01-RJ"