"id";"data_inversa";"dia_semana";"horario";"uf";"br";"km";"municipio";"causa_acidente";"tipo_acidente";"classificacao_acidente";"fase_dia";"sentido_via";"condicao_metereologica";"tipo_pista";"tracado_via";"uso_solo";"pessoas";"mortos";"feridos_leves";"feridos_graves";"ilesos";"ignorados";"feridos";"veiculos";"latitude";"longitude";"regional";"delegacia";"uop"
256671;2019-12-17;"terça-feira";"09:10:00";"MG";40;555,4;"NOVA LIMA";"Pista Escorregadia";"Colisão com objeto estático";"Com Vítimas Feridas";"Pleno dia";"Crescente";"Céu Claro";"Simples";"Curva;Declive";"Sim";1;0;1;0;0;0;1;1;-20,08472706;-43,97697012;"SPRF-MG";"DEL01-MG";"UOP02-DEL01-MG"
256672;2019-11-10;"domingo";"18:45:00";"RS";392;82,9;"PELOTAS";"Falta de Atenção à Condução";"Colisão com objeto estático";"Com Vítimas Feridas";"Anoitecer";"Decrescente";"Nublado";"Simples";"Curva;Declive";"Não";1;0;1;0;0;0;1;1;-31,66084278;-52,4657217;"SPRF-RS";"DEL07-RS";"UOP01-DEL07-RS"
256673;2019-12-17;"terça-feira";"09:10:00";"MG";40;478,8;"SETE LAGOAS";"Desobediência às normas de trânsito pelo condutor";"Colisão transversal";"Sem Vítimas";"Pleno dia";"Decrescente";"Céu Claro";"Dupla";"Reta;Declive;Retorno Regulamentado";"Não";4;0;0;0;4;0;0;2;-19,52848686;-44,25950083;"SPRF-MG";"DEL02-MG";"UOP01-DEL02-MG"
256676;2019-12-17;"terça-feira";"09:40:00";"SC";470;138,7;"RIO DO SUL";"Falta de Atenção à Condução";"Colisão transversal";"Com Vítimas Feridas";"Pleno dia";"Crescente";"Chuva";"Simples";"Reta";"Sim";2;0;1;0;1;0;1;2;-27,23831888;-49,6469184;"SPRF-SC";"DEL04-SC";"UOP02-DEL04-SC"
256679;2019-12-17;"terça-feira";"10:10:00";"CE";222;5,5;"CAUCAIA";"Falta de Atenção à Condução";"Colisão lateral";"Com Vítimas Feridas";"Pleno dia";"Decrescente";"Sol";"Múltipla";"Curva";"Sim";3;0;2;0;0;1;2;2;-3,74296918;-38,61330997;"SPRF-CE";"DEL01-CE";"UOP01-DEL01-CE"
256680;2019-12-17;"terça-feira";"09:50:00";"SC";470;158,1;"TROMBUDO CENTRAL";"Não guardar distância de segurança";"Colisão traseira";"Com Vítimas Feridas";"Pleno dia";"Decrescente";"Chuva";"Simples";"Reta";"Sim";3;0;1;0;2;0;1;2;-27,287016;-49,778389;"SPRF-SC";"DEL04-SC";"UOP02-DEL04-SC"
256682;2019-12-16;"segunda-feira";"21:00:00";"SC";282;167;"BOM RETIRO";"Animais na Pista";"Saída de leito carroçável";"Com Vítimas Feridas";"Pleno dia";"Crescente";"Chuva";"Simples";"Reta";"Não";2;0;2;0;0;0;2;1;-27,748844;-49,817348;"SPRF-SC";"DEL05-SC";"UOP01-DEL05-SC"
256684;2019-12-06;"sexta-feira";"00:40:00";"MS";262;502;"ANASTACIO";"Condutor Dormindo";"Saída de leito carroçável";"Sem Vítimas";"Plena Noite";"Crescente";"Céu Claro";"Simples";"Reta";"Não";2;0;0;0;2;0;0;1;-20,49802929;-55,92902018;"SPRF-MS";"DEL03-MS";"UOP01-DEL03-MS"
256687;2019-12-17;"terça-feira";"11:40:00";"RN";101;97;"NATAL";"Falta de Atenção à Condução";"Colisão lateral";"Com Vítimas Feridas";"Pleno dia";"Decrescente";"Céu Claro";"Dupla";"Reta";"Sim";3;0;1;0;2;0;1;3;-5,85758898;-35,21271205;"SPRF-RN";"DEL01-RN";"UOP01-DEL01-RN"
256690;2019-12-17;"terça-feira";"09:00:00";"MG";365;85;"JEQUITAI";"Ultrapassagem Indevida";"Colisão lateral";"Com Vítimas Feridas";"Pleno dia";"Crescente";"Céu Claro";"Simples";"Reta";"Não";3;0;1;0;2;0;1;2;-17,16499801;-44,41819599;"SPRF-MG";"DEL12-MG";"UOP01-DEL12-MG"
256691;2019-12-17;"terça-feira";"12:10:00";"DF";40;5,5;"BRASILIA";"Falta de Atenção à Condução";"Colisão transversal";"Com Vítimas Feridas";"Pleno dia";"Decrescente";"Céu Claro";"Dupla";"Reta";"Não";2;0;1;0;1;0;1;2;-16,020903;-47,980541;"SPRF-DF";"DEL01-DF";"UOP01-DEL01-DF"
256692;2019-12-17;"terça-feira";"11:30:00";"SC";101;403,9;"MARACAJA";"Falta de Atenção à Condução";"Capotamento";"Com Vítimas Feridas";"Pleno dia";"Decrescente";"Chuva";"Dupla";"Curva";"Não";4;0;3;0;1;0;3;1;-28,87065022;-49,45169172;"SPRF-SC";"DEL02-SC";"UOP02-DEL02-SC"
256693;2019-12-17;"terça-feira";"10:00:00";"SP";116;168,7;"JACAREI";"Falta de Atenção à Condução";"Colisão frontal";"Sem Vítimas";"Pleno dia";"Crescente";"Céu Claro";"Dupla";"Aclive";"Sim";2;0;0;0;2;0;0;2;-23,30595094;-46,03761792;"SPRF-SP";"DEL02-SP";"UOP01-DEL02-SP"
256695;2019-12-17;"terça-feira";"11:20:00";"MS";163;661,6;"RIO VERDE DE MATO GROSSO";"Velocidade Incompatível";"Saída de leito carroçável";"Com Vítimas Feridas";"Pleno dia";"Decrescente";"Chuva";"Simples";"Curva";"Não";1;0;1;0;0;0;1;1;-19,07493708;-54,79156441;"SPRF-MS";"DEL06-MS";"UOP02-DEL06-MS"
256696;2019-12-15;"domingo";"04:00:00";"RO";319;59;"PORTO VELHO";"Desobediência às normas de trânsito pelo condutor";"Colisão transversal";"Com Vítimas Feridas";"Plena Noite";"Decrescente";"Nevoeiro/Neblina";"Dupla";"Interseção de Vias";"Sim";4;0;0;2;1;1;2;3;-8,766685;-63,884052;"SPRF-RO";"DEL01-RO";"UOP01-DEL01-RO"
256697;2019-12-17;"terça-feira";"12:10:00";"MG";262;371,5;"JUATUBA";"Falta de Atenção à Condução";"Saída de leito carroçável";"Com Vítimas Feridas";"Pleno dia";"Decrescente";"Sol";"Dupla";"Curva";"Sim";1;0;1;0;0;0;1;1;-19,95604453;-44,36647296;"SPRF-MG";"DEL01-MG";"UOP03-DEL01-MG"
256698;2019-12-17;"terça-feira";"12:45:00";"SC";101;206,6;"SAO JOSE";"Falta de Atenção à Condução";"Colisão traseira";"Sem Vítimas";"Pleno dia";"Decrescente";"Chuva";"Múltipla";"Reta";"Sim";2;0;0;0;2;0;0;2;-27,59854521;-48,62084454;"SPRF-SC";"DEL01-SC";"UOP01-DEL01-SC"
256699;2019-12-17;"terça-feira";"12:45:00";"PR";376;679,8;"GUARATUBA";"Não guardar distância de segurança";"Engavetamento";"Com Vítimas Feridas";"Pleno dia";"Crescente";"Garoa/Chuvisco";"Dupla";"Curva";"Não";4;0;1;0;3;0;1;3;-25,95050276;-48,90514477;"SPRF-PR";"DEL01-PR";"UOP04-DEL01-PR"
256700;2019-12-17;"terça-feira";"13:00:00";"PR";376;89;"PARANAVAI";"Ultrapassagem Indevida";"Colisão frontal";"Com Vítimas Feridas";"Pleno dia";"Crescente";"Nublado";"Simples";"Aclive";"Não";5;0;3;1;0;1;4;3;-22,99751013;-52,57548503;"SPRF-PR";"DEL07-PR";"UOP02-DEL09-PR"
256701;2019-12-17;"terça-feira";"13:05:00";"PB";230;67,7;"SOBRADO";"Condutor Dormindo";"Saída de leito carroçável";"Com Vítimas Feridas";"Pleno dia";"Crescente";"Céu Claro";"Dupla";"Curva";"Não";1;0;1;0;0;0;1;1;-7,19197413;-35,22318801;"SPRF-PB";"DEL01-PB";"UOP03-DEL01-PB"
256702;2019-12-17;"terça-feira";"10:50:00";"RJ";493;110;"ITAGUAI";"Falta de Atenção à Condução";"Saída de leito carroçável";"Com Vítimas Feridas";"Pleno dia";"Decrescente";"Céu Claro";"Dupla";"Reta";"Sim";1;0;1;0;0;0;1;1;-22,7689303;-43,73669028;"SPRF-RJ";"DEL03-RJ";"UOP01-DEL03-RJ"
256705;2019-12-17;"terça-feira";"12:50:00";"PE";101;175,7;"JOAQUIM NABUCO";"Falta de Atenção à Condução";"Colisão traseira";"Com Vítimas Feridas";"Pleno dia";"Decrescente";"Sol";"Dupla";"Reta";"Não";2;0;1;0;0;1;1;2;-8,60296585;-35,535297;"SPRF-PE";"DEL01-PE";"UOP03-DEL01-PE"
256707;2019-12-17;"terça-feira";"13:10:00";"MG";40;526;"CONTAGEM";"Avarias e/ou desgaste excessivo no pneu";"Tombamento";"Com Vítimas Feridas";"Pleno dia";"Decrescente";"Céu Claro";"Dupla";"Reta";"Sim";2;0;2;0;0;0;2;1;-19,89255399;-44,04985478;"SPRF-MG";"DEL01-MG";"UOP02-DEL01-MG"
256710;2019-12-17;"terça-feira";"09:00:00";"SC";163;103;"SAO JOSE DO CEDRO";"Desobediência às normas de trânsito pelo condutor";"Colisão com objeto estático";"Sem Vítimas";"Pleno dia";"Crescente";"Ignorado";"Simples";"Reta";"Sim";1;0;0;0;1;0;0;1;-26,46209088;-53,5077059;"SPRF-SC";"DEL07-SC";"UOP03-DEL07-SC"
256713;2019-12-17;"terça-feira";"14:40:00";"SC";101;198;"BIGUACU";"Velocidade Incompatível";"Tombamento";"Com Vítimas Feridas";"Pleno dia";"Crescente";"Chuva";"Múltipla";"Reta";"Sim";1;0;1;0;0;0;1;1;-27,52658712;-48,63506019;"SPRF-SC";"DEL01-SC";"UOP01-DEL01-SC"
256714;2019-12-17;"terça-feira";"14:15:00";"PR";376;181,4;"SARANDI";"Falta de Atenção à Condução";"Queda de ocupante de veículo";"Com Vítimas Feridas";"Pleno dia";"Crescente";"Chuva";"Múltipla";"Reta";"Sim";1;0;1;0;0;0;1;1;-23,43197477;-51,88671852;"SPRF-PR";"DEL07-PR";"UOP01-DEL09-PR"
256715;2019-12-17;"terça-feira";"10:30:00";"RJ";393;206;"VASSOURAS";"Velocidade Incompatível";"Saída de leito carroçável";"Com Vítimas Feridas";"Pleno dia";"Crescente";"Céu Claro";"Simples";"Reta";"Não";1;0;0;1;0;0;1;1;-22,2617741;-43,4488678;"SPRF-RJ";"DEL05-RJ";"UOP03-DEL05-RJ"
256717;2019-12-17;"terça-feira";"15:10:00";"BA";116;427;"FEIRA DE SANTANA";"Pista Escorregadia";"Queda de ocupante de veículo";"Com Vítimas Feridas";"Pleno dia";"Decrescente";"Sol";"Dupla";"Viaduto";"Sim";1;0;1;0;0;0;1;1;-12,26881121;-38,98974007;"SPRF-BA";"DEL02-BA";"UOP01-DEL02-BA"
256719;2019-12-17;"terça-feira";"07:30:00";"AM";174;954;"MANAUS";"Pista Escorregadia";"Saída de leito carroçável";"Sem Vítimas";"Pleno dia";"Crescente";"Nublado";"Simples";"Declive";"Não";2;0;0;0;1;1;0;1;-2,36386195;-60,04188351;"SPRF-AM";"DEL01-AM";"UOP01-DEL01-AM"
256720;2019-12-17;"terça-feira";"15:13:00";"RJ";101;468;"ANGRA DOS REIS";"Defeito Mecânico no Veículo";"Queda de ocupante de veículo";"Com Vítimas Feridas";"Pleno dia";"Decrescente";"Céu Claro";"Simples";"Reta";"Não";1;0;1;0;0;0;1;1;-23,00721537;-44,22359287;"SPRF-RJ";"DEL03-RJ";"UOP03-DEL03-RJ"
256721;2019-12-17;"terça-feira";"13:40:00";"PE";428;175,6;"PETROLINA";"Defeito Mecânico no Veículo";"Saída de leito carroçável";"Com Vítimas Feridas";"Pleno dia";"Decrescente";"Sol";"Simples";"Reta";"Não";2;0;1;0;1;0;1;2;-9,26025696;-40,42934308;"SPRF-PE";"DEL06-PE";"UOP01-DEL06-PE"
256722;2019-12-17;"terça-feira";"15:59:00";"SP";116;211;"GUARULHOS";"Não guardar distância de segurança";"Colisão traseira";"Com Vítimas Feridas";"Pleno dia";"Crescente";"Nublado";"Múltipla";"Reta";"Sim";2;0;0;1;1;0;1;2;-23,4324306;-46,4194352;"SPRF-SP";"DEL01-SP";"UOP01-DEL01-SP"
256724;2019-12-17;"terça-feira";"10:30:00";"AP";156;820;"OIAPOQUE";"Defeito Mecânico no Veículo";"Tombamento";"Com Vítimas Feridas";"Pleno dia";"Decrescente";"Chuva";"Simples";"Reta";"Sim";2;0;2;0;0;0;2;1;3,84076874;-51,82270288;"SPRF-AP";"DEL01-AP";"UOP03-DEL01-AP"
256728;2019-12-17;"terça-feira";"15:30:00";"ES";101;169;"ARACRUZ";"Falta de Atenção à Condução";"Saída de leito carroçável";"Com Vítimas Feridas";"Pleno dia";"Decrescente";"Céu Claro";"Simples";"Reta";"Não";2;0;2;0;0;0;2;1;-19,54224113;-40,16291381;"SPRF-ES";"DEL04-ES";"UOP01-DEL04-ES"
256730;2019-12-17;"terça-feira";"15:40:00";"RS";116;231;"IVOTI";"Ingestão de Álcool";"Colisão transversal";"Com Vítimas Feridas";"Pleno dia";"Decrescente";"Céu Claro";"Múltipla";"Interseção de Vias";"Sim";2;0;1;0;1;0;1;2;-29,62743221;-51,13858608;"SPRF-RS";"DEL01-RS";"UOP02-DEL01-RS"
256731;2019-12-17;"terça-feira";"16:20:00";"DF";70;18;"BRASILIA";"Falta de Atenção à Condução";"Colisão transversal";"Com Vítimas Feridas";"Pleno dia";"Crescente";"Céu Claro";"Dupla";"Reta";"Não";2;0;1;0;1;0;1;2;-15,791093;-48,21096;"SPRF-DF";"DEL01-DF";"UOP02-DEL03-DF"
256732;2019-12-17;"terça-feira";"15:50:00";"PE";101;61,1;"RECIFE";"Falta de Atenção à Condução";"Colisão lateral";"Com Vítimas Feridas";"Pleno dia";"Crescente";"Vento";"Dupla";"Reta";"Sim";2;0;1;0;1;0;1;2;-7,99097103;-34,93598295;"SPRF-PE";"DEL01-PE";"UOP02-DEL01-PE"
256734;2019-12-17;"terça-feira";"12:55:00";"SC";116;209,7;"PONTE ALTA";"Velocidade Incompatível";"Saída de leito carroçável";"Com Vítimas Feridas";"Pleno dia";"Decrescente";"Chuva";"Simples";"Curva";"Não";1;0;1;0;0;0;1;1;-27,49607258;-50,37005465;"SPRF-SC";"DEL05-SC";"UOP03-DEL05-SC"
256735;2019-12-17;"terça-feira";"16:30:00";"MG";381;486;"BETIM";"Velocidade Incompatível";"Colisão traseira";"Com Vítimas Feridas";"Pleno dia";"Crescente";"Sol";"Dupla";"Reta";"Sim";4;0;1;0;3;0;1;3;-19,9558786;-44,10765588;"SPRF-MG";"DEL01-MG";"UOP03-DEL01-MG"
256737;2019-12-17;"terça-feira";"17:00:00";"AP";210;4;"MACAPA";"Falta de Atenção à Condução";"Colisão transversal";"Com Vítimas Feridas";"Pleno dia";"Decrescente";"Céu Claro";"Dupla";"Interseção de Vias";"Sim";2;0;1;0;1;0;1;2;0,08824228;-51,09472897;"SPRF-AP";"DEL01-AP";"UOP01-DEL01-AP"
256739;2019-12-17;"terça-feira";"16:00:00";"MT";70;25,2;"BARRA DO GARCAS";"Ultrapassagem Indevida";"Colisão frontal";"Com Vítimas Feridas";"Pleno dia";"Crescente";"Céu Claro";"Simples";"Aclive";"Não";5;0;0;4;1;0;4;2;-15,83258009;-52,46566923;"SPRF-MT";"DEL07-MT";"UOP01-DEL07-MT"
256740;2019-12-17;"terça-feira";"16:55:00";"SP";116;147,9;"SAO JOSE DOS CAMPOS";"Falta de Atenção à Condução";"Colisão traseira";"Com Vítimas Feridas";"Pleno dia";"Decrescente";"Nublado";"Múltipla";"Reta";"Sim";3;0;2;0;1;0;2;2;-23,19984649;-45,87833762;"SPRF-SP";"DEL02-SP";"UOP01-DEL02-SP"
256741;2019-12-17;"terça-feira";"16:30:00";"RS";116;101,4;"SAO MARCOS";"Defeito Mecânico no Veículo";"Saída de leito carroçável";"Com Vítimas Feridas";"Pleno dia";"Decrescente";"Céu Claro";"Simples";"Curva";"Não";6;0;5;1;0;0;6;1;-28,89092406;-51,11503543;"SPRF-RS";"DEL05-RS";"UOP01-DEL05-RS"
256742;2019-12-17;"terça-feira";"17:30:00";"GO";60;38,2;"GOIANIA";"Não guardar distância de segurança";"Colisão traseira";"Com Vítimas Feridas";"Pleno dia";"Decrescente";"Céu Claro";"Múltipla";"Reta";"Sim";2;0;1;0;1;0;1;2;-16,6777;-49,2676;"SPRF-GO";"DEL01-GO";"UOP02-DEL01-GO"
256743;2019-12-01;"domingo";"21:40:00";"MG";40;483;"SETE LAGOAS";"Velocidade Incompatível";"Saída de leito carroçável";"Com Vítimas Feridas";"Plena Noite";"Crescente";"Chuva";"Dupla";"Curva";"Não";2;0;2;0;0;0;2;1;-19,56753;-44,23715;"SPRF-MG";"DEL02-MG";"UOP01-DEL02-MG"
256744;2019-12-17;"terça-feira";"16:20:00";"RJ";101;418;"MANGARATIBA";"Velocidade Incompatível";"Colisão com objeto estático";"Com Vítimas Feridas";"Pleno dia";"Decrescente";"Nublado";"Simples";"Aclive";"Não";1;0;1;0;0;0;1;1;-22,9178274;-43,90471593;"SPRF-RJ";"DEL03-RJ";"UOP01-DEL03-RJ"
256745;2019-12-17;"terça-feira";"17:40:00";"MG";381;485,4;"BETIM";"Falta de Atenção à Condução";"Colisão lateral";"Com Vítimas Feridas";"Pleno dia";"Decrescente";"Céu Claro";"Múltipla";"Reta";"Sim";2;0;1;0;1;0;1;2;-19,95656893;-44,10495758;"SPRF-MG";"DEL01-MG";"UOP03-DEL01-MG"
256747;2019-12-17;"terça-feira";"16:30:00";"MG";381;459;"BELO HORIZONTE";"Falta de Atenção à Condução";"Colisão lateral";"Com Vítimas Feridas";"Pleno dia";"Crescente";"Céu Claro";"Dupla";"Reta";"Sim";4;0;1;0;2;1;1;3;-19,86832234;-43,9373869;"SPRF-MG";"DEL01-MG";"UOP01-DEL01-MG"
256748;2019-12-17;"terça-feira";"17:30:00";"SP";116;162;"JACAREI";"Falta de Atenção à Condução";"Tombamento";"Sem Vítimas";"Pleno dia";"Decrescente";"Chuva";"Múltipla";"Reta";"Sim";1;0;0;0;1;0;0;1;-23,28133317;-45,98394689;"SPRF-SP";"DEL02-SP";"UOP01-DEL02-SP"
256749;2019-12-17;"terça-feira";"18:00:00";"PR";476;158,9;"ARAUCARIA";"Falta de Atenção à Condução";"Colisão transversal";"Com Vítimas Feridas";"Pleno dia";"Crescente";"Chuva";"Simples";"Reta";"Não";3;0;1;1;1;0;2;2;-25,613539;-49,424255;"SPRF-PR";"DEL01-PR";"UOP06-DEL01-PR"
256750;2019-12-17;"terça-feira";"17:50:00";"SE";235;109,3;"CARIRA";"Desobediência às normas de trânsito pelo condutor";"Colisão lateral";"Com Vítimas Fatais";"Anoitecer";"Crescente";"Céu Claro";"Simples";"Aclive;Reta";"Sim";3;1;0;2;0;0;2;2;-10,346371;-37,707779;"SPRF-SE";"DEL01-SE";"UOP02-DEL01-SE"
256751;2019-12-17;"terça-feira";"18:00:00";"PE";232;133;"CARUARU";"Falta de Atenção à Condução";"Colisão traseira";"Com Vítimas Feridas";"Plena Noite";"Decrescente";"Céu Claro";"Dupla";"Reta";"Não";2;0;1;0;0;1;1;2;-8,30607988;-36,01576003;"SPRF-PE";"DEL02-PE";"UOP03-DEL02-PE"
256752;2019-12-17;"terça-feira";"17:30:00";"SP";381;75;"SAO PAULO";"Velocidade Incompatível";"Capotamento";"Sem Vítimas";"Anoitecer";"Decrescente";"Garoa/Chuvisco";"Múltipla";"Curva";"Sim";1;0;0;0;1;0;0;1;-23,37660089;-46,56409613;"SPRF-SP";"DEL03-SP";"UOP01-DEL03-SP"
256753;2019-12-17;"terça-feira";"16:00:00";"MS";163;554;"BANDEIRANTES";"Desobediência às normas de trânsito pelo condutor";"Saída de leito carroçável";"Com Vítimas Feridas";"Pleno dia";"Decrescente";"Nublado";"Simples";"Aclive";"Não";1;0;1;0;0;0;1;1;-19,87347013;-54,37096865;"SPRF-MS";"DEL01-MS";"UOP02-DEL01-MS"
256754;2019-12-17;"terça-feira";"18:27:00";"PE";101;50,1;"ABREU E LIMA";"Desobediência às normas de trânsito pelo condutor";"Colisão transversal";"Com Vítimas Feridas";"Plena Noite";"Crescente";"Céu Claro";"Simples";"Interseção de Vias";"Sim";3;0;2;0;1;0;2;2;-7,90938602;-34,90123228;"SPRF-PE";"DEL01-PE";"UOP02-DEL01-PE"
256756;2019-11-11;"segunda-feira";"10:00:00";"MG";251;477;"FRANCISCO SA";"Animais na Pista";"Atropelamento de Animal";"Com Vítimas Feridas";"Pleno dia";"Decrescente";"Céu Claro";"Simples";"Reta";"Não";1;0;0;1;0;0;1;1;-16,468982;-43,48431;"SPRF-MG";"DEL12-MG";"UOP01-DEL12-MG"
256757;2019-12-17;"terça-feira";"18:00:00";"SC";116;9,7;"MAFRA";"Falta de Atenção à Condução";"Saída de leito carroçável";"Com Vítimas Feridas";"Plena Noite";"Crescente";"Chuva";"Simples";"Curva";"Não";1;0;1;0;0;0;1;1;-26,16297778;-49,84696715;"SPRF-SC";"DEL06-SC";"UOP01-DEL06-SC"
256758;2019-12-17;"terça-feira";"18:45:00";"SC";101;199;"BIGUACU";"Falta de Atenção à Condução";"Colisão lateral";"Com Vítimas Feridas";"Pleno dia";"Crescente";"Chuva";"Dupla";"Reta";"Não";2;0;1;0;1;0;1;2;-27,53413705;-48,63003205;"SPRF-SC";"DEL01-SC";"UOP01-DEL01-SC"
256759;2019-12-17;"terça-feira";"18:25:00";"PR";476;133;"CURITIBA";"Pista Escorregadia";"Queda de ocupante de veículo";"Com Vítimas Feridas";"Pleno dia";"Crescente";"Garoa/Chuvisco";"Múltipla";"Reta";"Sim";2;0;0;1;1;0;1;2;-25,469219;-49,254143;"SPRF-PR";"DEL01-PR";"UOP03-DEL01-PR"
256760;2019-12-17;"terça-feira";"18:30:00";"BA";407;6;"JUAZEIRO";"Restrição de Visibilidade";"Atropelamento de Pedestre";"Com Vítimas Fatais";"Plena Noite";"Crescente";"Céu Claro";"Dupla";"Reta";"Sim";2;1;0;0;0;1;0;2;-9,45595491;-40,48655981;"SPRF-PE";"DEL06-PE";"UOP01-DEL06-PE"
256762;2019-12-17;"terça-feira";"19:00:00";"SC";101;209;"SAO JOSE";"Falta de Atenção à Condução";"Colisão lateral";"Com Vítimas Feridas";"Anoitecer";"Decrescente";"Chuva";"Múltipla";"Aclive";"Sim";2;0;1;0;1;0;1;2;-27,61000542;-48,63895057;"SPRF-SC";"DEL01-SC";"UOP01-DEL01-SC"
256763;2019-12-17;"terça-feira";"19:00:00";"ES";101;266;"SERRA";"Não guardar distância de segurança";"Colisão traseira";"Com Vítimas Feridas";"Plena Noite";"Decrescente";"Céu Claro";"Múltipla";"Reta";"Sim";2;0;2;0;0;0;2;2;-20,190199;-40,26828891;"SPRF-ES";"DEL02-ES";"UOP01-DEL02-ES"
256764;2019-12-17;"terça-feira";"17:30:00";"MG";116;701,6;"MURIAE";"Falta de Atenção à Condução";"Colisão transversal";"Com Vítimas Feridas";"Anoitecer";"Crescente";"Céu Claro";"Simples";"Reta";"Sim";3;0;0;1;2;0;1;2;-21,11084891;-42,3806104;"SPRF-MG";"DEL07-MG";"UOP02-DEL07-MG"
256766;2019-12-17;"terça-feira";"18:30:00";"RJ";493;4,5;"ITABORAI";"Defeito na Via";"Tombamento";"Com Vítimas Feridas";"Plena Noite";"Crescente";"Céu Claro";"Simples";"Em Obras";"Não";1;0;1;0;0;0;1;1;-22,74828913;-42,9500441;"SPRF-RJ";"DEL02-RJ";"UOP02-DEL02-RJ"
256769;2019-12-17;"terça-feira";"17:20:00";"MG";262;444;"NOVA SERRANA";"Falta de Atenção à Condução";"Saída de leito carroçável";"Com Vítimas Feridas";"Pleno dia";"Crescente";"Sol";"Dupla";"Reta";"Sim";2;0;2;0;0;0;2;1;-19,881131;-44,931502;"SPRF-MG";"DEL08-MG";"UOP03-DEL08-MG"
256770;2019-12-17;"terça-feira";"19:30:00";"PR";369;32;"ANDIRA";"Falta de Atenção à Condução";"Queda de ocupante de veículo";"Com Vítimas Feridas";"Plena Noite";"Decrescente";"Chuva";"Múltipla";"Reta";"Não";1;0;1;0;0;0;1;1;-23,03692595;-50,19405216;"SPRF-PR";"DEL07-PR";"UOP05-DEL07-PR"
256772;2019-12-17;"terça-feira";"16:30:00";"MS";158;107;"PARANAIBA";"Falta de Atenção à Condução";"Colisão com objeto estático";"Com Vítimas Feridas";"Pleno dia";"Crescente";"Chuva";"Simples";"Reta";"Não";3;0;1;1;1;0;2;1;-19,76152096;-51,12322487;"SPRF-MS";"DEL08-MS";"UOP01-DEL08-MS"
256773;2019-12-17;"terça-feira";"14:30:00";"BA";367;84;"EUNAPOLIS";"Não guardar distância de segurança";"Colisão traseira";"Com Vítimas Feridas";"Pleno dia";"Crescente";"Céu Claro";"Simples";"Reta";"Sim";2;0;1;0;1;0;1;2;-16,37465;-39,579426;"SPRF-BA";"DEL09-BA";"UOP01-DEL09-BA"
256775;2019-12-17;"terça-feira";"18:45:00";"RR";401;0,9;"BOA VISTA";"Falta de Atenção à Condução";"Colisão lateral";"Com Vítimas Feridas";"Plena Noite";"Crescente";"Céu Claro";"Dupla";"Reta";"Sim";1;0;0;1;0;0;1;1;2,8061678;-60,68998;"SPRF-RR";"DEL01-RR";"UOP01-DEL01-RR"
256776;2019-12-17;"terça-feira";"19:13:00";"BA";116;574;"BREJOES";"Falta de Atenção à Condução";"Colisão transversal";"Com Vítimas Feridas";"Plena Noite";"Crescente";"Céu Claro";"Simples";"Reta";"Sim";3;0;2;0;1;0;2;2;-13,07542578;-39,96152592;"SPRF-BA";"DEL03-BA";"UOP02-DEL03-BA"
256777;2019-12-17;"terça-feira";"18:50:00";"RR";432;209;"CANTA";"Falta de Atenção à Condução";"Colisão frontal";"Com Vítimas Feridas";"Plena Noite";"Crescente";"Nublado";"Simples";"Reta";"Não";5;0;4;0;1;0;4;2;2,762605;-60,6088519;"SPRF-RR";"DEL01-RR";"UOP01-DEL01-RR"
256779;2019-12-17;"terça-feira";"18:50:00";"PI";407;544;"JACOBINA DO PIAUI";"Desobediência às normas de trânsito pelo condutor";"Colisão traseira";"Sem Vítimas";"Anoitecer";"Decrescente";"Céu Claro";"Simples";"Reta";"Não";2;0;0;0;2;0;0;2;-7,88174603;-41,20350414;"SPRF-PI";"DEL04-PI";"UOP01-DEL04-PI"
256781;2019-12-17;"terça-feira";"20:00:00";"MA";10;254;"IMPERATRIZ";"Desobediência às normas de trânsito pelo condutor";"Colisão transversal";"Com Vítimas Feridas";"Plena Noite";"Decrescente";"Nublado";"Simples";"Reta";"Sim";2;0;1;0;1;0;1;2;-5,51148807;-47,47170925;"SPRF-MA";"DEL04-MA";"UOP01-DEL04-MA"
256782;2019-12-17;"terça-feira";"20:30:00";"SP";381;79;"SAO PAULO";"Velocidade Incompatível";"Capotamento";"Com Vítimas Feridas";"Plena Noite";"Decrescente";"Garoa/Chuvisco";"Dupla";"Reta";"Não";5;0;1;0;4;0;1;5;-23,41333397;-46,58083353;"SPRF-SP";"DEL03-SP";"UOP01-DEL03-SP"
256785;2019-12-17;"terça-feira";"20:05:00";"RS";386;219,5;"TIO HUGO";"Velocidade Incompatível";"Saída de leito carroçável";"Com Vítimas Feridas";"Plena Noite";"Decrescente";"Céu Claro";"Simples";"Reta";"Não";2;0;1;1;0;0;2;1;-28,615384;-52,611175;"SPRF-RS";"DEL04-RS";"UOP03-DEL04-RS"
256787;2019-12-17;"terça-feira";"14:30:00";"SC";282;404,8;"JOACABA";"Velocidade Incompatível";"Saída de leito carroçável";"Com Vítimas Feridas";"Pleno dia";"Crescente";"Chuva";"Simples";"Curva";"Não";2;0;2;0;0;0;2;1;-27,104719;-51,644424;"SPRF-SC";"DEL07-SC";"UOP05-DEL07-SC"
256789;2019-12-17;"terça-feira";"19:45:00";"PI";316;21,8;"TERESINA";"Avarias e/ou desgaste excessivo no pneu";"Queda de ocupante de veículo";"Com Vítimas Feridas";"Plena Noite";"Decrescente";"Céu Claro";"Simples";"Curva";"Não";3;0;3;0;0;0;3;1;-5,276939;-42,725807;"SPRF-PI";"DEL01-PI";"UOP02-DEL01-PI"