"id";"data_inversa";"dia_semana";"horario";"uf";"br";"km";"municipio";"causa_acidente";"tipo_acidente";"classificacao_acidente";"fase_dia";"sentido_via";"condicao_metereologica";"tipo_pista";"tracado_via";"uso_solo";"pessoas";"mortos";"feridos_leves";"feridos_graves";"ilesos";"ignorados";"feridos";"veiculos";"latitude";"longitude";"regional";"delegacia";"uop"
256790;2019-12-17;"terça-feira";"18:30:00";"SC";282;519,6;"XAXIM";"Falta de Atenção à Condução";"Colisão lateral";"Sem Vítimas";"Pleno dia";"Crescente";"Céu Claro";"Simples";"Reta";"Não";2;0;0;0;2;0;0;2;-26,947527;-52,517536;"SPRF-SC";"DEL07-SC";"UOP01-DEL07-SC"
256791;2019-12-17;"terça-feira";"18:20:00";"RS";470;154;"NOVA PRATA";"Não guardar distância de segurança";"Colisão traseira";"Com Vítimas Feridas";"Anoitecer";"Crescente";"Céu Claro";"Simples";"Reta";"Não";4;0;2;0;2;0;2;2;-28,77711311;-51,61126545;"SPRF-RS";"DEL06-RS";"UOP02-DEL06-RS"
256792;2019-12-17;"terça-feira";"21:45:00";"MG";40;787,5;"JUIZ DE FORA";"Velocidade Incompatível";"Saída de leito carroçável";"Com Vítimas Fatais";"Plena Noite";"Decrescente";"Nublado";"Dupla";"Curva";"Sim";1;1;0;0;0;0;0;1;-21,73607735;-43,44262787;"SPRF-MG";"DEL05-MG";"UOP01-DEL05-MG"
256793;2019-12-17;"terça-feira";"20:10:00";"RJ";393;106;"SAPUCAIA";"Falta de Atenção à Condução";"Queda de ocupante de veículo";"Com Vítimas Feridas";"Plena Noite";"Crescente";"Céu Claro";"Simples";"Reta";"Sim";1;0;0;1;0;0;1;1;-21,87764485;-42,67025797;"SPRF-RJ";"DEL04-RJ";"UOP01-DEL04-RJ"
256794;2019-12-17;"terça-feira";"20:45:00";"MS";163;667;"RIO VERDE DE MATO GROSSO";"Restrição de Visibilidade";"Colisão traseira";"Com Vítimas Feridas";"Plena Noite";"Crescente";"Chuva";"Simples";"Curva";"Não";7;0;3;1;3;0;4;2;-19,03128995;-54,82195496;"SPRF-MS";"DEL06-MS";"UOP02-DEL06-MS"
256795;2019-12-17;"terça-feira";"20:30:00";"GO";153;509,9;"APARECIDA DE GOIANIA";"Deficiência ou não Acionamento do Sistema de Iluminação/Sinalização do Veículo";"Colisão com objeto estático";"Com Vítimas Feridas";"Plena Noite";"Crescente";"Chuva";"Dupla";"Reta;Aclive;Viaduto";"Sim";2;0;1;0;1;0;1;2;-16,7888;-49,2379;"SPRF-GO";"DEL01-GO";"UOP03-DEL01-GO"
256796;2019-12-17;"terça-feira";"22:05:00";"PE";232;195,1;"SANHARO";"Falta de Atenção à Condução";"Colisão traseira";"Sem Vítimas";"Plena Noite";"Crescente";"Céu Claro";"Simples";"Reta";"Não";2;0;0;0;2;0;0;2;-8,36547121;-36,5628009;"SPRF-PE";"DEL02-PE";"UOP03-DEL02-PE"
256797;2019-12-17;"terça-feira";"20:45:00";"MG";116;209,8;"GOVERNADOR VALADARES";"Ingestão de Álcool";"Colisão traseira";"Com Vítimas Feridas";"Plena Noite";"Decrescente";"Céu Claro";"Dupla";"Reta";"Sim";2;0;1;0;1;0;1;2;-18,845289;-41,98106;"SPRF-MG";"DEL11-MG";"UOP01-DEL11-MG"
256798;2019-12-17;"terça-feira";"22:00:00";"SP";116;205;"ARUJA";"Desobediência às normas de trânsito pelo condutor";"Colisão lateral";"Com Vítimas Feridas";"Plena Noite";"Decrescente";"Nublado";"Múltipla";"Aclive";"Não";2;0;1;0;1;0;1;2;-23,41475243;-46,36600788;"SPRF-SP";"DEL01-SP";"UOP01-DEL01-SP"
256799;2019-12-17;"terça-feira";"22:15:00";"GO";40;5;"VALPARAISO DE GOIAS";"Falta de Atenção à Condução";"Colisão traseira";"Com Vítimas Feridas";"Plena Noite";"Crescente";"Céu Claro";"Dupla";"Reta";"Sim";3;0;1;0;2;0;1;3;-16,093134;-47,982236;"SPRF-DF";"DEL01-DF";"UOP01-DEL01-DF"
256800;2019-12-17;"terça-feira";"18:25:00";"SC";282;29,8;"SANTO AMARO DA IMPERATRIZ";"Pista Escorregadia";"Colisão frontal";"Com Vítimas Fatais";"Anoitecer";"Decrescente";"Chuva";"Simples";"Curva;Aclive";"Não";2;1;0;1;0;0;1;2;-27,679737;-48,786785;"SPRF-SC";"DEL01-SC";"UOP03-DEL01-SC"
256801;2019-12-17;"terça-feira";"19:00:00";"SC";101;417;"ARARANGUA";"Desobediência às normas de trânsito pelo condutor";"Colisão transversal";"Com Vítimas Feridas";"Anoitecer";"Decrescente";"Ignorado";"Simples";"Reta";"Sim";3;0;0;1;2;0;1;3;-28,97376391;-49,53023409;"SPRF-SC";"DEL02-SC";"UOP02-DEL02-SC"
256802;2019-12-17;"terça-feira";"23:20:00";"PE";232;8;"RECIFE";"Desobediência às normas de trânsito pelo condutor";"Colisão transversal";"Sem Vítimas";"Plena Noite";"Decrescente";"Nublado";"Dupla";"Interseção de Vias";"Sim";2;0;0;0;2;0;0;2;-8,07583727;-34,97015791;"SPRF-PE";"DEL01-PE";"UOP01-DEL01-PE"
256803;2019-12-17;"terça-feira";"21:45:00";"DF";70;9,3;"BRASILIA";"Falta de Atenção do Pedestre";"Atropelamento de Pedestre";"Com Vítimas Feridas";"Plena Noite";"Crescente";"Céu Claro";"Dupla";"Reta";"Sim";3;0;1;1;1;0;2;2;-15,78547632;-48,13492835;"SPRF-DF";"DEL01-DF";"UOP02-DEL03-DF"
256804;2019-12-17;"terça-feira";"23:25:00";"CE";222;3,8;"CAUCAIA";"Falta de Atenção à Condução";"Colisão lateral";"Com Vítimas Feridas";"Plena Noite";"Crescente";"Céu Claro";"Múltipla";"Reta";"Sim";2;0;0;1;1;0;1;2;-3,7403769;-38,59569202;"SPRF-CE";"DEL01-CE";"UOP01-DEL01-CE"
256805;2019-12-17;"terça-feira";"22:45:00";"GO";153;42;"PORANGATU";"Ultrapassagem Indevida";"Colisão lateral";"Com Vítimas Feridas";"Plena Noite";"Crescente";"Céu Claro";"Simples";"Reta";"Não";8;0;2;0;6;0;2;2;-13,184284;-49,166084;"SPRF-GO";"DEL07-GO";"UOP01-DEL07-GO"
256807;2019-12-18;"quarta-feira";"00:08:00";"SP";116;227;"SAO PAULO";"Ingestão de Álcool";"Colisão com objeto estático";"Com Vítimas Feridas";"Plena Noite";"Decrescente";"Nublado";"Múltipla";"Declive";"Sim";1;0;1;0;0;0;1;1;-23,49659264;-46,55648754;"SPRF-SP";"DEL01-SP";"UOP01-DEL01-SP"
256809;2019-12-17;"terça-feira";"22:15:00";"SC";280;44,2;"GUARAMIRIM";"Pista Escorregadia";"Capotamento";"Sem Vítimas";"Plena Noite";"Crescente";"Chuva";"Simples";"Reta";"Não";1;0;0;0;0;1;0;1;-26,4517722;-48,88789399;"SPRF-SC";"DEL03-SC";"UOP03-DEL03-SC"
256810;2019-12-17;"terça-feira";"23:10:00";"SC";280;50,5;"GUARAMIRIM";"Falta de Atenção à Condução";"Colisão traseira";"Com Vítimas Feridas";"Plena Noite";"Decrescente";"Chuva";"Simples";"Reta";"Sim";2;0;1;0;0;1;1;2;-26,4619489;-48,94618404;"SPRF-SC";"DEL03-SC";"UOP03-DEL03-SC"
256811;2019-12-18;"quarta-feira";"00:15:00";"PR";163;288;"MARECHAL CANDIDO RONDON";"Ingestão de Álcool";"Saída de leito carroçável";"Sem Vítimas";"Plena Noite";"Crescente";"Céu Claro";"Simples";"Curva";"Não";4;0;0;0;4;0;0;1;-24,55143816;-54,0412003;"SPRF-PR";"DEL06-PR";"UOP02-DEL06-PR"
256813;2019-12-18;"quarta-feira";"00:30:00";"PR";376;521,2;"PONTA GROSSA";"Falta de Atenção à Condução";"Colisão com objeto estático";"Sem Vítimas";"Plena Noite";"Decrescente";"Céu Claro";"Dupla";"Curva";"Não";1;0;0;0;0;1;0;1;-25,28834128;-49,90237918;"SPRF-PR";"DEL03-PR";"UOP04-DEL03-PR"
256815;2019-10-08;"terça-feira";"15:00:00";"PA";163;183;"RUROPOLIS";"Falta de Atenção à Condução";"Saída de leito carroçável";"Com Vítimas Feridas";"Pleno dia";"Crescente";"Ignorado";"Simples";"Reta";"Não";1;0;1;0;0;0;1;1;-4,07249426;-54,92752075;"SPRF-PA";"DEL05-PA";"UOP01-DEL05-PA"
256816;2019-12-18;"quarta-feira";"00:20:00";"SP";116;269;"TABOAO DA SERRA";"Ingestão de Álcool";"Engavetamento";"Sem Vítimas";"Plena Noite";"Decrescente";"Garoa/Chuvisco";"Dupla";"Reta";"Sim";3;0;0;0;3;0;0;3;-23,60865;-46,75882;"SPRF-SP";"DEL04-SP";"UOP01-DEL04-SP"
256823;2019-12-18;"quarta-feira";"02:45:00";"GO";153;587,6;"PROFESSOR JAMIL";"Falta de Atenção à Condução";"Capotamento";"Com Vítimas Feridas";"Plena Noite";"Crescente";"Céu Claro";"Dupla";"Curva";"Não";1;0;1;0;0;0;1;1;-17,443;-49,2317;"SPRF-GO";"DEL03-GO";"UOP01-DEL03-GO"
256825;2019-12-18;"quarta-feira";"04:00:00";"ES";262;2,8;"CARIACICA";"Falta de Atenção à Condução";"Queda de ocupante de veículo";"Com Vítimas Feridas";"Plena Noite";"Crescente";"Céu Claro";"Múltipla";"Reta";"Não";1;0;0;1;0;0;1;1;-20,33275688;-40,36077696;"SPRF-ES";"DEL01-ES";"UOP01-DEL01-ES"
256831;2019-12-18;"quarta-feira";"02:15:00";"SP";381;90;"GUARULHOS";"Velocidade Incompatível";"Capotamento";"Sem Vítimas";"Plena Noite";"Decrescente";"Chuva";"Dupla";"Curva";"Não";1;0;0;0;0;1;0;1;-23,49479479;-46,55959864;"SPRF-SP";"DEL03-SP";"UOP01-DEL03-SP"
256835;2019-12-17;"terça-feira";"19:00:00";"BA";407;72;"JAGUARARI";"Velocidade Incompatível";"Colisão traseira";"Com Vítimas Feridas";"Pleno dia";"Decrescente";"Céu Claro";"Simples";"Reta";"Não";5;0;4;0;1;0;4;3;-9,99404;-40,23845;"SPRF-BA";"DEL04-BA";"UOP01-DEL04-BA"
256836;2019-12-18;"quarta-feira";"05:35:00";"RS";290;36,4;"SANTO ANTONIO DA PATRULHA";"Falta de Atenção à Condução";"Colisão traseira";"Com Vítimas Feridas";"Amanhecer";"Crescente";"Céu Claro";"Dupla";"Reta";"Não";3;0;1;0;2;0;1;2;-29,885529;-50,62759;"SPRF-RS";"DEL03-RS";"UOP01-DEL03-RS"
256837;2019-12-18;"quarta-feira";"06:00:00";"MG";381;924;"ITAPEVA";"Falta de Atenção à Condução";"Colisão com objeto estático";"Sem Vítimas";"Pleno dia";"Crescente";"Chuva";"Dupla";"Curva";"Não";2;0;0;0;1;1;0;2;-22,77050246;-46,23490598;"SPRF-MG";"DEL16-MG";"UOP03-DEL16-MG"
256838;2019-12-18;"quarta-feira";"06:25:00";"RS";116;258;"ESTEIO";"Falta de Atenção do Pedestre";"Colisão traseira";"Com Vítimas Feridas";"Pleno dia";"Decrescente";"Sol";"Dupla";"Reta";"Sim";2;0;1;0;1;0;1;2;-29,86134412;-51,18075555;"SPRF-RS";"DEL01-RS";"UOP02-DEL01-RS"
256839;2019-12-18;"quarta-feira";"06:15:00";"RS";386;127;"SARANDI";"Defeito Mecânico no Veículo";"Incêndio";"Sem Vítimas";"Pleno dia";"Crescente";"Sol";"Simples";"Reta";"Não";1;0;0;0;1;0;0;1;-27,920189;-52,965775;"SPRF-RS";"DEL08-RS";"UOP01-DEL08-RS"
256841;2019-12-17;"terça-feira";"22:45:00";"MG";40;522,7;"CONTAGEM";"Avarias e/ou desgaste excessivo no pneu";"Queda de ocupante de veículo";"Com Vítimas Feridas";"Plena Noite";"Decrescente";"Céu Claro";"Dupla";"Reta";"Sim";1;0;1;0;0;0;1;1;-19,86689151;-44,06320095;"SPRF-MG";"DEL01-MG";"UOP02-DEL01-MG"
256842;2019-12-18;"quarta-feira";"07:05:00";"SC";470;123;"IBIRAMA";"Falta de Atenção à Condução";"Colisão traseira";"Com Vítimas Feridas";"Pleno dia";"Crescente";"Nublado";"Simples";"Reta";"Não";2;0;0;1;1;0;1;2;-27,106783;-49,522049;"SPRF-SC";"DEL04-SC";"UOP02-DEL04-SC"
256844;2019-12-17;"terça-feira";"19:45:00";"MG";262;441,9;"NOVA SERRANA";"Defeito Mecânico no Veículo";"Tombamento";"Com Vítimas Feridas";"Plena Noite";"Decrescente";"Vento";"Dupla";"Reta";"Sim";2;0;2;0;0;0;2;1;-19,88296154;-44,90293014;"SPRF-MG";"DEL08-MG";"UOP03-DEL08-MG"
256845;2019-12-18;"quarta-feira";"07:00:00";"PA";163;1002;"SANTAREM";"Ingestão de álcool e/ou substâncias psicoativas pelo pedestre";"Colisão lateral";"Com Vítimas Feridas";"Pleno dia";"Crescente";"Céu Claro";"Simples";"Reta";"Sim";4;0;2;0;2;0;2;3;-2,45567004;-54,72854541;"SPRF-PA";"DEL05-PA";"UOP01-DEL05-PA"
256846;2019-12-18;"quarta-feira";"06:20:00";"SC";280;123,9;"RIO NEGRINHO";"Falta de Atenção à Condução";"Colisão com objeto estático";"Sem Vítimas";"Amanhecer";"Decrescente";"Nublado";"Simples";"Reta";"Sim";2;0;0;0;2;0;0;2;-26,24420169;-49,46557991;"SPRF-SC";"DEL06-SC";"UOP03-DEL06-SC"
256847;2019-12-18;"quarta-feira";"07:00:00";"PA";163;1005;"SANTAREM";"Falta de Atenção à Condução";"Colisão traseira";"Com Vítimas Feridas";"Pleno dia";"Crescente";"Céu Claro";"Dupla";"Reta";"Sim";2;0;2;0;0;0;2;2;-2,424035;-54,735718;"SPRF-PA";"DEL05-PA";"UOP01-DEL05-PA"
256848;2019-12-18;"quarta-feira";"06:40:00";"GO";20;157,9;"ALVORADA DO NORTE";"Defeito na Via";"Saída de leito carroçável";"Com Vítimas Fatais";"Pleno dia";"Decrescente";"Céu Claro";"Simples";"Reta";"Não";4;1;1;2;0;0;3;1;-14,639812;-46,627869;"SPRF-DF";"DEL02-DF";"UOP03-DEL02-DF"
256849;2019-12-18;"quarta-feira";"07:30:00";"SP";381;85;"SAO PAULO";"Não guardar distância de segurança";"Colisão traseira";"Com Vítimas Feridas";"Pleno dia";"Decrescente";"Garoa/Chuvisco";"Múltipla";"Reta";"Sim";2;0;1;0;1;0;1;2;-23,449343;-46,56983501;"SPRF-SP";"DEL03-SP";"UOP01-DEL03-SP"
256850;2019-12-18;"quarta-feira";"06:00:00";"MT";364;190;"RONDONOPOLIS";"Falta de Atenção à Condução";"Queda de ocupante de veículo";"Com Vítimas Feridas";"Anoitecer";"Decrescente";"Céu Claro";"Simples";"Reta";"Não";1;0;1;0;0;0;1;1;-16,5554419;-54,57066995;"SPRF-MT";"DEL02-MT";"UOP01-DEL02-MT"
256851;2019-09-13;"sexta-feira";"00:15:00";"SC";101;198;"BIGUACU";"Avarias e/ou desgaste excessivo no pneu";"Tombamento";"Com Vítimas Feridas";"Plena Noite";"Decrescente";"Céu Claro";"Dupla";"Reta";"Sim";2;0;1;1;0;0;2;1;-27,52658712;-48,63506019;"SPRF-SC";"DEL01-SC";"UOP01-DEL01-SC"
256852;2019-12-18;"quarta-feira";"06:40:00";"PI";316;4,2;"TERESINA";"Não guardar distância de segurança";"Colisão traseira";"Com Vítimas Feridas";"Pleno dia";"Decrescente";"Sol";"Múltipla";"Reta";"Sim";3;0;1;0;2;0;1;2;-5,13655894;-42,78900388;"SPRF-PI";"DEL01-PI";"UOP02-DEL01-PI"
256854;2019-12-18;"quarta-feira";"07:40:00";"PE";232;195;"SANHARO";"Falta de Atenção à Condução";"Colisão lateral";"Sem Vítimas";"Pleno dia";"Crescente";"Sol";"Simples";"Reta";"Sim";2;0;0;0;2;0;0;2;-8,36547121;-36,5628009;"SPRF-PE";"DEL02-PE";"UOP03-DEL02-PE"
256857;2019-12-18;"quarta-feira";"07:55:00";"PB";101;85,5;"BAYEUX";"Não guardar distância de segurança";"Colisão traseira";"Com Vítimas Feridas";"Pleno dia";"Crescente";"Céu Claro";"Dupla";"Reta";"Sim";2;0;0;1;1;0;1;2;-7,14538184;-34,91662887;"SPRF-PB";"DEL01-PB";"UOP01-DEL01-PB"
256860;2019-12-18;"quarta-feira";"08:00:00";"ES";101;43;"CONCEICAO DA BARRA";"Falta de Atenção à Condução";"Colisão transversal";"Com Vítimas Feridas";"Pleno dia";"Crescente";"Sol";"Simples";"Reta";"Não";7;0;2;4;1;0;6;2;-18,52562495;-39,91069385;"SPRF-ES";"DEL04-ES";"UOP02-DEL04-ES"
256861;2019-12-18;"quarta-feira";"07:20:00";"SP";381;50;"ATIBAIA";"Condutor Dormindo";"Colisão com objeto estático";"Com Vítimas Feridas";"Pleno dia";"Decrescente";"Chuva";"Dupla";"Reta";"Sim";1;0;1;0;0;0;1;1;-23,21359807;-46,59367981;"SPRF-SP";"DEL03-SP";"UOP01-DEL03-SP"
256862;2019-12-18;"quarta-feira";"07:35:00";"PR";116;115;"CURITIBA";"Falta de Atenção à Condução";"Colisão lateral";"Com Vítimas Feridas";"Pleno dia";"Decrescente";"Nublado";"Dupla";"Reta";"Sim";4;0;0;1;2;1;1;4;-25,55953326;-49,26560414;"SPRF-PR";"DEL01-PR";"UOP06-DEL01-PR"
256863;2019-12-18;"quarta-feira";"07:40:00";"PR";373;177,9;"PONTA GROSSA";"Falta de Atenção à Condução";"Colisão transversal";"Com Vítimas Feridas";"Pleno dia";"Decrescente";"Chuva";"Dupla";"Reta";"Sim";2;0;1;0;1;0;1;2;-25,05253288;-50,23257673;"SPRF-PR";"DEL03-PR";"UOP01-DEL03-PR"
256865;2019-12-18;"quarta-feira";"08:15:00";"RN";304;18,5;"MOSSORO";"Defeito Mecânico no Veículo";"Tombamento";"Com Vítimas Feridas";"Pleno dia";"Decrescente";"Sol";"Simples";"Reta";"Não";2;0;2;0;0;0;2;1;-5,01827603;-37,36084004;"SPRF-RN";"DEL04-RN";"UOP02-DEL04-RN"
256866;2019-12-18;"quarta-feira";"07:50:00";"GO";153;511,5;"APARECIDA DE GOIANIA";"Falta de Atenção à Condução";"Colisão traseira";"Com Vítimas Feridas";"Pleno dia";"Decrescente";"Nublado";"Múltipla";"Reta";"Sim";2;0;1;0;1;0;1;2;-16,8026;-49,2388;"SPRF-GO";"DEL01-GO";"UOP03-DEL01-GO"
256867;2019-12-18;"quarta-feira";"08:15:00";"PE";101;102;"CABO DE SANTO AGOSTINHO";"Falta de Atenção à Condução";"Colisão transversal";"Com Vítimas Feridas";"Pleno dia";"Decrescente";"Céu Claro";"Simples";"Reta";"Sim";2;0;1;0;1;0;1;2;-8,28870734;-35,04100746;"SPRF-PE";"DEL01-PE";"UOP03-DEL01-PE"
256868;2019-12-18;"quarta-feira";"07:00:00";"SP";116;169;"JACAREI";"Defeito Mecânico no Veículo";"Incêndio";"Sem Vítimas";"Pleno dia";"Decrescente";"Chuva";"Dupla";"Aclive";"Não";1;0;0;0;1;0;0;1;-23,307652;-46,045128;"SPRF-SP";"DEL02-SP";"UOP01-DEL02-SP"
256870;2019-12-18;"quarta-feira";"08:30:00";"DF";20;17,2;"BRASILIA";"Não guardar distância de segurança";"Saída de leito carroçável";"Com Vítimas Feridas";"Pleno dia";"Crescente";"Céu Claro";"Dupla";"Reta";"Não";1;0;1;0;0;0;1;1;-15,621374;-47,71698;"SPRF-DF";"DEL02-DF";"UOP01-DEL02-DF"
256871;2019-12-18;"quarta-feira";"05:40:00";"MG";40;705,3;"BARBACENA";"Ingestão de Álcool";"Colisão com objeto estático";"Com Vítimas Feridas";"Amanhecer";"Crescente";"Céu Claro";"Dupla";"Curva";"Não";2;0;1;1;0;0;2;1;-21,19178602;-43,75167711;"SPRF-MG";"DEL05-MG";"UOP02-DEL05-MG"
256873;2019-12-18;"quarta-feira";"08:00:00";"BA";116;823,5;"VITORIA DA CONQUISTA";"Desobediência às normas de trânsito pelo condutor";"Colisão traseira";"Sem Vítimas";"Pleno dia";"Crescente";"Céu Claro";"Dupla";"Reta";"Sim";3;0;0;0;2;1;0;3;-14,848261;-40,84835;"SPRF-BA";"DEL08-BA";"UOP01-DEL08-BA"
256874;2019-12-18;"quarta-feira";"08:35:00";"ES";262;3,6;"CARIACICA";"Falta de Atenção do Pedestre";"Atropelamento de Pedestre";"Com Vítimas Feridas";"Pleno dia";"Decrescente";"Sol";"Múltipla";"Curva";"Sim";2;0;1;0;1;0;1;2;-20,33556302;-40,37311435;"SPRF-ES";"DEL01-ES";"UOP01-DEL01-ES"
256875;2019-12-18;"quarta-feira";"09:20:00";"SC";470;50,5;"BLUMENAU";"Defeito na Via";"Colisão com objeto estático";"Com Vítimas Feridas";"Pleno dia";"Decrescente";"Nublado";"Simples";"Reta;Em Obras;Desvio Temporário";"Sim";1;0;1;0;0;0;1;1;-26,859768;-49,074493;"SPRF-SC";"DEL04-SC";"UOP01-DEL04-SC"
256877;2019-12-18;"quarta-feira";"08:10:00";"PA";163;1004;"SANTAREM";"Falta de Atenção à Condução";"Colisão transversal";"Com Vítimas Feridas";"Pleno dia";"Crescente";"Céu Claro";"Dupla";"Reta;Interseção de Vias";"Sim";3;0;1;0;2;0;1;2;-2,43417191;-54,73365253;"SPRF-PA";"DEL05-PA";"UOP01-DEL05-PA"
256881;2019-12-18;"quarta-feira";"06:20:00";"RJ";116;116;"NOVA IGUACU";"Defeito Mecânico no Veículo";"Queda de ocupante de veículo";"Com Vítimas Feridas";"Pleno dia";"Decrescente";"Céu Claro";"Dupla";"Reta";"Sim";2;0;2;0;0;0;2;1;-22,77002344;-43,40738475;"SPRF-RJ";"DEL04-RJ";"UOP02-DEL04-RJ"
256882;2019-12-18;"quarta-feira";"07:20:00";"MG";459;106,1;"POUSO ALEGRE";"Falta de Atenção à Condução";"Colisão lateral";"Sem Vítimas";"Pleno dia";"Crescente";"Nublado";"Simples";"Rotatória";"Sim";2;0;0;0;1;1;0;2;-22,23941655;-45,87764313;"SPRF-MG";"DEL16-MG";"UOP01-DEL16-MG"
256884;2019-12-18;"quarta-feira";"07:30:00";"SC";480;128,2;"CHAPECO";"Não guardar distância de segurança";"Colisão traseira";"Com Vítimas Feridas";"Pleno dia";"Crescente";"Sol";"Dupla";"Reta";"Sim";2;0;1;0;1;0;1;2;-27,03781899;-52,63432603;"SPRF-SC";"DEL07-SC";"UOP01-DEL07-SC"
256885;2019-12-18;"quarta-feira";"09:35:00";"SP";116;209;"GUARULHOS";"Falta de Atenção à Condução";"Tombamento";"Com Vítimas Feridas";"Pleno dia";"Decrescente";"Garoa/Chuvisco";"Dupla";"Reta";"Sim";1;0;1;0;0;0;1;1;-23,4250992;-46,40233934;"SPRF-SP";"DEL01-SP";"UOP01-DEL01-SP"
256886;2019-12-18;"quarta-feira";"09:45:00";"SC";470;72,9;"INDAIAL";"Desobediência às normas de trânsito pelo condutor";"Colisão traseira";"Com Vítimas Feridas";"Pleno dia";"Crescente";"Céu Claro";"Simples";"Reta";"Não";2;0;1;0;1;0;1;2;-26,901979;-49,268745;"SPRF-SC";"DEL04-SC";"UOP01-DEL04-SC"
256887;2019-12-18;"quarta-feira";"09:30:00";"PA";230;125;"MARABA";"Desobediência às normas de trânsito pelo condutor";"Colisão traseira";"Com Vítimas Feridas";"Pleno dia";"Crescente";"Sol";"Simples";"Reta";"Sim";2;0;0;1;1;0;1;2;-5,37652185;-49,14349399;"SPRF-PA";"DEL03-PA";"UOP01-DEL03-PA"
256889;2019-12-18;"quarta-feira";"09:50:00";"SC";101;221;"PALHOCA";"Defeito Mecânico no Veículo";"Saída de leito carroçável";"Com Vítimas Feridas";"Pleno dia";"Crescente";"Céu Claro";"Dupla";"Curva";"Sim";1;0;1;0;0;0;1;1;-27,70012652;-48,66021182;"SPRF-SC";"DEL01-SC";"UOP02-DEL01-SC"
256891;2019-12-18;"quarta-feira";"10:00:00";"SC";282;1,9;"FLORIANOPOLIS";"Falta de Atenção à Condução";"Colisão traseira";"Com Vítimas Feridas";"Pleno dia";"Decrescente";"Céu Claro";"Dupla";"Reta";"Sim";2;0;0;1;1;0;1;2;-27,602955;-48,580509;"SPRF-SC";"DEL01-SC";"UOP01-DEL01-SC"
256892;2019-12-18;"quarta-feira";"09:30:00";"RS";392;707,6;"PORTO XAVIER";"Condutor Dormindo";"Colisão frontal";"Com Vítimas Feridas";"Pleno dia";"Decrescente";"Céu Claro";"Simples";"Curva;Aclive";"Não";6;0;5;1;0;0;6;2;-28,01178597;-55,10655798;"SPRF-RS";"DEL10-RS";"UOP01-DEL10-RS"
256893;2019-12-18;"quarta-feira";"10:10:00";"MG";116;742;"LEOPOLDINA";"Falta de Atenção à Condução";"Colisão transversal";"Com Vítimas Feridas";"Pleno dia";"Crescente";"Céu Claro";"Simples";"Reta";"Não";2;0;1;0;1;0;1;2;-21,40594838;-42,50133258;"SPRF-MG";"DEL07-MG";"UOP01-DEL07-MG"
256894;2019-12-18;"quarta-feira";"09:45:00";"ES";101;286;"CARIACICA";"Falta de Atenção à Condução";"Tombamento";"Com Vítimas Feridas";"Pleno dia";"Crescente";"Céu Claro";"Dupla";"Reta";"Sim";1;0;0;1;0;0;1;1;-20,25902175;-40,37753412;"SPRF-ES";"DEL01-ES";"UOP01-DEL01-ES"
256896;2019-12-18;"quarta-feira";"08:50:00";"MS";262;96,1;"TRES LAGOAS";"Defeito na Via";"Saída de leito carroçável";"Com Vítimas Feridas";"Pleno dia";"Decrescente";"Céu Claro";"Simples";"Reta";"Não";3;0;2;0;1;0;2;1;-20,58251787;-52,46027295;"SPRF-MS";"DEL07-MS";"UOP02-DEL07-MS"
256897;2019-12-18;"quarta-feira";"10:00:00";"PE";101;65;"RECIFE";"Falta de Atenção à Condução";"Saída de leito carroçável";"Com Vítimas Feridas";"Pleno dia";"Crescente";"Céu Claro";"Múltipla";"Reta";"Não";2;0;2;0;0;0;2;1;-8,02478597;-34,94276635;"SPRF-PE";"DEL01-PE";"UOP01-DEL01-PE"
256898;2019-12-18;"quarta-feira";"10:40:00";"SC";101;212;"PALHOCA";"Desobediência às normas de trânsito pelo condutor";"Colisão lateral";"Com Vítimas Feridas";"Pleno dia";"Decrescente";"Céu Claro";"Dupla";"Reta";"Sim";2;0;1;0;1;0;1;2;-27,62996929;-48,65903871;"SPRF-SC";"DEL01-SC";"UOP02-DEL01-SC"
256901;2019-12-18;"quarta-feira";"07:55:00";"PR";376;459;"TIBAGI";"Velocidade Incompatível";"Saída de leito carroçável";"Com Vítimas Feridas";"Pleno dia";"Crescente";"Chuva";"Dupla";"Curva";"Não";2;0;1;0;1;0;1;1;-24,942304;-50,40307587;"SPRF-PR";"DEL03-PR";"UOP01-DEL03-PR"
256904;2019-12-18;"quarta-feira";"11:40:00";"ES";262;4,5;"CARIACICA";"Ingestão de Álcool";"Colisão transversal";"Com Vítimas Feridas";"Pleno dia";"Decrescente";"Céu Claro";"Múltipla";"Interseção de Vias";"Sim";2;0;2;0;0;0;2;2;-20,33609327;-40,37812784;"SPRF-ES";"DEL01-ES";"UOP01-DEL01-ES"
256905;2019-12-14;"sábado";"21:26:00";"BA";110;359,1;"CATU";"Defeito na Via";"Colisão transversal";"Com Vítimas Feridas";"Plena Noite";"Decrescente";"Céu Claro";"Simples";"Reta";"Não";2;0;2;0;0;0;2;2;-12,29658371;-38,37338897;"SPRF-BA";"DEL01-BA";"UOP04-DEL01-BA"
256906;2019-12-18;"quarta-feira";"12:00:00";"SC";116;21,6;"ITAIOPOLIS";"Falta de Atenção à Condução";"Colisão traseira";"Com Vítimas Feridas";"Pleno dia";"Crescente";"Garoa/Chuvisco";"Simples";"Reta";"Não";3;0;2;0;1;0;2;2;-26,24948781;-49,90733133;"SPRF-SC";"DEL06-SC";"UOP01-DEL06-SC"