"id";"data_inversa";"dia_semana";"horario";"uf";"br";"km";"municipio";"causa_acidente";"tipo_acidente";"classificacao_acidente";"fase_dia";"sentido_via";"condicao_metereologica";"tipo_pista";"tracado_via";"uso_solo";"pessoas";"mortos";"feridos_leves";"feridos_graves";"ilesos";"ignorados";"feridos";"veiculos";"latitude";"longitude";"regional";"delegacia";"uop"
256907;2019-12-18;"quarta-feira";"11:47:00";"AP";210;1;"MACAPA";"Falta de Atenção à Condução";"Colisão transversal";"Com Vítimas Feridas";"Pleno dia";"Decrescente";"Céu Claro";"Simples";"Curva;Interseção de Vias;Retorno Regulamentado";"Sim";3;0;1;0;2;0;1;2;0,07816717;-51,06998693;"SPRF-AP";"DEL01-AP";"UOP01-DEL01-AP"
256910;2019-12-18;"quarta-feira";"09:00:00";"RJ";116;86;"TERESOPOLIS";"Pista Escorregadia";"Saída de leito carroçável";"Com Vítimas Feridas";"Pleno dia";"Crescente";"Nublado";"Simples";"Curva";"Sim";1;0;1;0;0;0;1;1;-22,43671224;-42,94971377;"SPRF-RJ";"DEL04-RJ";"UOP01-DEL04-RJ"
256911;2019-12-18;"quarta-feira";"11:00:00";"RJ";116;77;"TERESOPOLIS";"Falta de Atenção à Condução";"Colisão transversal";"Com Vítimas Feridas";"Pleno dia";"Crescente";"Céu Claro";"Simples";"Reta";"Sim";2;0;0;1;1;0;1;2;-22,36917806;-42,94876879;"SPRF-RJ";"DEL04-RJ";"UOP01-DEL04-RJ"
256913;2019-12-18;"quarta-feira";"09:30:00";"PB";361;18;"SANTA TERESINHA";"Falta de Atenção à Condução";"Saída de leito carroçável";"Com Vítimas Feridas";"Pleno dia";"Decrescente";"Céu Claro";"Simples";"Reta";"Não";3;0;1;1;1;0;2;1;-7,06700484;-37,41014311;"SPRF-PB";"DEL03-PB";"UOP01-DEL03-PB"
256914;2019-12-18;"quarta-feira";"12:40:00";"PB";361;6,2;"PATOS";"Desobediência às normas de trânsito pelo condutor";"Colisão transversal";"Com Vítimas Feridas";"Pleno dia";"Decrescente";"Céu Claro";"Múltipla";"Reta";"Sim";3;0;0;2;1;0;2;2;-7,03594312;-37,31112598;"SPRF-PB";"DEL03-PB";"UOP01-DEL03-PB"
256915;2019-12-18;"quarta-feira";"09:50:00";"SC";101;149,9;"ITAPEMA";"Defeito Mecânico no Veículo";"Tombamento";"Com Vítimas Feridas";"Pleno dia";"Crescente";"Céu Claro";"Dupla";"Reta";"Sim";1;0;0;1;0;0;1;1;-27,1089649;-48,61277586;"SPRF-SC";"DEL04-SC";"UOP03-DEL04-SC"
256917;2019-12-18;"quarta-feira";"12:55:00";"SC";101;198;"SAO JOSE";"Defeito Mecânico no Veículo";"Colisão transversal";"Com Vítimas Feridas";"Pleno dia";"Crescente";"Nublado";"Simples";"Interseção de Vias";"Não";2;0;1;0;1;0;1;2;-27,52658712;-48,63506019;"SPRF-SC";"DEL01-SC";"UOP01-DEL01-SC"
256918;2019-12-18;"quarta-feira";"12:50:00";"SP";116;215;"GUARULHOS";"Não guardar distância de segurança";"Colisão lateral";"Com Vítimas Feridas";"Pleno dia";"Crescente";"Nublado";"Simples";"Reta";"Não";1;0;1;0;0;0;1;1;-23,44695693;-46,45394103;"SPRF-SP";"DEL01-SP";"UOP01-DEL01-SP"
256919;2019-12-18;"quarta-feira";"12:43:00";"RS";158;326;"SANTA MARIA";"Falta de Atenção à Condução";"Colisão lateral";"Com Vítimas Feridas";"Pleno dia";"Decrescente";"Céu Claro";"Dupla";"Em Obras";"Sim";2;0;1;0;1;0;1;2;-29,70975376;-53,80284617;"SPRF-RS";"DEL09-RS";"UOP01-DEL09-RS"
256920;2019-12-18;"quarta-feira";"11:10:00";"GO";153;39;"PORANGATU";"Avarias e/ou desgaste excessivo no pneu";"Saída de leito carroçável";"Com Vítimas Feridas";"Pleno dia";"Decrescente";"Sol";"Simples";"Reta";"Não";4;0;4;0;0;0;4;1;-13,160282;-49,178574;"SPRF-GO";"DEL07-GO";"UOP01-DEL07-GO"
256922;2019-12-18;"quarta-feira";"12:05:00";"SP";116;431;"REGISTRO";"Falta de Atenção à Condução";"Queda de ocupante de veículo";"Com Vítimas Feridas";"Pleno dia";"Crescente";"Chuva";"Dupla";"Reta";"Não";1;0;1;0;0;0;1;1;-24,41194876;-47,75392914;"SPRF-SP";"DEL05-SP";"UOP01-DEL05-SP"
256924;2019-12-18;"quarta-feira";"02:20:00";"MA";135;181,6;"SAO MATEUS DO MARANHAO";"Defeito Mecânico no Veículo";"Incêndio";"Sem Vítimas";"Plena Noite";"Decrescente";"Céu Claro";"Simples";"Reta";"Sim";1;0;0;0;1;0;0;1;-4,02943302;-44,46517693;"SPRF-MA";"DEL03-MA";"UOP01-DEL03-MA"
256925;2019-12-18;"quarta-feira";"13:20:00";"SC";101;198;"SAO JOSE";"Falta de Atenção à Condução";"Colisão transversal";"Com Vítimas Feridas";"Pleno dia";"Crescente";"Céu Claro";"Dupla";"Interseção de Vias";"Sim";2;0;1;0;1;0;1;2;-27,52658712;-48,63506019;"SPRF-SC";"DEL01-SC";"UOP01-DEL01-SC"
256926;2019-12-18;"quarta-feira";"13:20:00";"PE";101;50;"ABREU E LIMA";"Desobediência às normas de trânsito pelo condutor";"Colisão lateral";"Com Vítimas Feridas";"Pleno dia";"Decrescente";"Céu Claro";"Simples";"Retorno Regulamentado";"Sim";2;0;1;0;1;0;1;2;-7,90938602;-34,90123228;"SPRF-PE";"DEL01-PE";"UOP02-DEL01-PE"
256927;2019-12-18;"quarta-feira";"12:00:00";"SC";101;88,5;"BARRA VELHA";"Falta de Atenção à Condução";"Tombamento";"Com Vítimas Feridas";"Pleno dia";"Crescente";"Nublado";"Múltipla";"Reta";"Sim";1;0;1;0;0;0;1;1;-26,64253985;-48,68950684;"SPRF-SC";"DEL03-SC";"UOP02-DEL03-SC"
256929;2019-12-18;"quarta-feira";"12:50:00";"PI";316;4;"TERESINA";"Falta de Atenção à Condução";"Colisão traseira";"Com Vítimas Feridas";"Pleno dia";"Crescente";"Sol";"Múltipla";"Reta";"Sim";3;0;1;0;2;0;1;3;-5,13991859;-42,7850318;"SPRF-PI";"DEL01-PI";"UOP02-DEL01-PI"
256931;2019-12-18;"quarta-feira";"13:00:00";"RJ";393;234;"VASSOURAS";"Falta de Atenção à Condução";"Colisão transversal";"Sem Vítimas";"Pleno dia";"Crescente";"Chuva";"Simples";"Curva";"Sim";3;0;0;0;3;0;0;2;-22,3773112;-43,63589201;"SPRF-RJ";"DEL05-RJ";"UOP03-DEL05-RJ"
256932;2019-12-18;"quarta-feira";"07:15:00";"SC";282;457,2;"PONTE SERRADA";"Defeito Mecânico no Veículo";"Capotamento";"Com Vítimas Feridas";"Pleno dia";"Crescente";"Céu Claro";"Simples";"Reta";"Não";2;0;1;1;0;0;2;1;-26,88917874;-51,98799871;"SPRF-SC";"DEL07-SC";"UOP04-DEL07-SC"
256933;2019-12-08;"domingo";"22:30:00";"RO";364;914,5;"PORTO VELHO";"Defeito na Via";"Capotamento";"Com Vítimas Feridas";"Plena Noite";"Crescente";"Nublado";"Simples";"Reta";"Não";2;0;1;0;1;0;1;1;-9,73220336;-65,24922294;"SPRF-RO";"DEL01-RO";"UOP03-DEL01-RO"
256934;2019-12-18;"quarta-feira";"11:30:00";"BA";116;673,9;"JEQUIE";"Desobediência às normas de trânsito pelo condutor";"Colisão traseira";"Com Vítimas Feridas";"Pleno dia";"Crescente";"Nublado";"Simples";"Ponte";"Não";2;0;0;1;0;1;1;2;-13,80845298;-40,11215229;"SPRF-BA";"DEL03-BA";"UOP01-DEL03-BA"
256936;2019-11-21;"quinta-feira";"09:05:00";"PE";232;406,5;"SERRA TALHADA";"Falta de Atenção à Condução";"Colisão traseira";"Com Vítimas Feridas";"Pleno dia";"Crescente";"Sol";"Simples";"Aclive";"Sim";3;0;1;0;2;0;1;2;-7,98822898;-38,25731456;"SPRF-PE";"DEL04-PE";"UOP01-DEL04-PE"
256940;2019-12-18;"quarta-feira";"13:30:00";"BA";101;896;"CARAVELAS";"Condutor Dormindo";"Saída de leito carroçável";"Com Vítimas Feridas";"Pleno dia";"Decrescente";"Céu Claro";"Simples";"Curva";"Não";2;0;0;2;0;0;2;1;-17,75064853;-39,76261139;"SPRF-BA";"DEL09-BA";"UOP02-DEL09-BA"
256942;2019-12-18;"quarta-feira";"14:20:00";"RJ";116;118,5;"MAGE";"Desobediência às normas de trânsito pelo condutor";"Colisão transversal";"Sem Vítimas";"Pleno dia";"Crescente";"Céu Claro";"Simples";"Reta";"Não";2;0;0;0;2;0;0;2;-22,60969336;-43,03076263;"SPRF-RJ";"DEL04-RJ";"UOP02-DEL04-RJ"
256943;2019-03-13;"quarta-feira";"18:00:00";"PI";343;245;"COCAL DE TELHA";"Restrição de Visibilidade";"Colisão com objeto estático";"Sem Vítimas";"Anoitecer";"Crescente";"Nublado";"Simples";"Reta";"Não";2;0;0;0;2;0;0;1;-4,687044;-42,083023;"SPRF-PI";"DEL01-PI";"UOP03-DEL01-PI"
256944;2019-12-18;"quarta-feira";"13:50:00";"RN";101;96;"NATAL";"Falta de Atenção à Condução";"Colisão traseira";"Com Vítimas Feridas";"Pleno dia";"Decrescente";"Céu Claro";"Dupla";"Reta";"Sim";5;0;1;0;4;0;1;2;-5,84949622;-35,20890752;"SPRF-RN";"DEL01-RN";"UOP01-DEL01-RN"
256945;2019-12-18;"quarta-feira";"15:05:00";"SC";282;5,2;"SAO JOSE";"Não guardar distância de segurança";"Colisão traseira";"Com Vítimas Feridas";"Pleno dia";"Crescente";"Nublado";"Dupla";"Reta";"Sim";2;0;1;0;1;0;1;2;-27,588425;-48,612919;"SPRF-SC";"DEL01-SC";"UOP01-DEL01-SC"
256946;2019-11-22;"sexta-feira";"13:20:00";"MT";364;1053;"SAPEZAL";"Falta de Atenção à Condução";"Capotamento";"Com Vítimas Feridas";"Pleno dia";"Crescente";"Céu Claro";"Simples";"Curva";"Não";2;0;2;0;0;0;2;1;-13,53524836;-58,98206097;"SPRF-MT";"DEL04-MT";"UOP01-DEL04-MT"
256947;2019-12-18;"quarta-feira";"15:25:00";"PI";316;308,5;"PICOS";"Falta de Atenção à Condução";"Colisão transversal";"Com Vítimas Feridas";"Pleno dia";"Decrescente";"Céu Claro";"Simples";"Retorno Regulamentado";"Sim";2;0;0;1;0;1;1;2;-7,07773683;-41,492757;"SPRF-PI";"DEL04-PI";"UOP01-DEL04-PI"
256948;2019-11-12;"terça-feira";"10:40:00";"RR";174;505;"BOA VISTA";"Não guardar distância de segurança";"Colisão traseira";"Sem Vítimas";"Pleno dia";"Crescente";"Céu Claro";"Dupla";"Reta";"Sim";3;0;0;0;3;0;0;3;2,805917;-60,690617;"SPRF-RR";"DEL01-RR";"UOP01-DEL01-RR"
256949;2019-12-18;"quarta-feira";"11:50:00";"RS";116;217;"MORRO REUTER";"Falta de Atenção à Condução";"Colisão transversal";"Com Vítimas Feridas";"Pleno dia";"Crescente";"Céu Claro";"Simples";"Reta";"Sim";2;0;1;0;1;0;1;2;-29,54396389;-51,08555876;"SPRF-RS";"DEL05-RS";"UOP02-DEL05-RS"
256951;2019-12-18;"quarta-feira";"14:40:00";"ES";101;262;"SERRA";"Não guardar distância de segurança";"Colisão traseira";"Sem Vítimas";"Pleno dia";"Crescente";"Sol";"Dupla";"Reta";"Sim";2;0;0;0;2;0;0;2;-20,1572331;-40,27678329;"SPRF-ES";"DEL02-ES";"UOP01-DEL02-ES"
256952;2019-12-18;"quarta-feira";"13:15:00";"MS";262;536;"MIRANDA";"Defeito Mecânico no Veículo";"Saída de leito carroçável";"Com Vítimas Feridas";"Pleno dia";"Crescente";"Céu Claro";"Simples";"Reta";"Não";1;0;1;0;0;0;1;1;-20,33088088;-56,19417194;"SPRF-MS";"DEL03-MS";"UOP02-DEL03-MS"
256954;2019-10-16;"quarta-feira";"18:10:00";"BA";415;53;"ITABUNA";"Falta de Atenção à Condução";"Colisão com objeto em movimento";"Com Vítimas Feridas";"Plena Noite";"Crescente";"Céu Claro";"Simples";"Reta";"Não";1;0;0;1;0;0;1;1;-14,81574494;-39,29612388;"SPRF-BA";"DEL05-BA";"UOP01-DEL05-BA"
256955;2019-12-18;"quarta-feira";"15:15:00";"PR";277;510;"GUARANIACU";"Ingestão de Álcool";"Colisão traseira";"Com Vítimas Feridas";"Pleno dia";"Crescente";"Céu Claro";"Simples";"Reta";"Não";2;0;1;0;1;0;1;2;-25,16661416;-52,68560842;"SPRF-PR";"DEL04-PR";"UOP04-DEL04-PR"
256956;2019-12-18;"quarta-feira";"16:15:00";"RN";101;82,8;"NATAL";"Falta de Atenção à Condução";"Colisão com objeto estático";"Com Vítimas Feridas";"Pleno dia";"Decrescente";"Sol";"Dupla";"Reta";"Sim";1;0;1;0;0;0;1;1;-5,76791511;-35,27456305;"SPRF-RN";"DEL02-RN";"UOP01-DEL02-RN"
256959;2019-12-18;"quarta-feira";"15:50:00";"ES";101;328;"GUARAPARI";"Ingestão de Álcool";"Colisão transversal";"Com Vítimas Feridas";"Pleno dia";"Crescente";"Céu Claro";"Simples";"Reta";"Não";2;0;1;0;1;0;1;2;-20,57963019;-40,4901487;"SPRF-ES";"DEL03-ES";"UOP01-DEL03-ES"
256960;2019-12-18;"quarta-feira";"16:15:00";"PE";232;195,9;"SANHARO";"Falta de Atenção à Condução";"Colisão transversal";"Com Vítimas Feridas";"Pleno dia";"Crescente";"Céu Claro";"Simples";"Reta";"Sim";6;0;0;3;3;0;3;2;-8,36547121;-36,5628009;"SPRF-PE";"DEL02-PE";"UOP03-DEL02-PE"
256961;2019-12-18;"quarta-feira";"15:30:00";"MG";381;483,5;"BETIM";"Falta de Atenção à Condução";"Tombamento";"Com Vítimas Feridas";"Pleno dia";"Crescente";"Sol";"Dupla";"Reta";"Não";1;0;1;0;0;0;1;1;-19,95594491;-44,10721699;"SPRF-MG";"DEL01-MG";"UOP03-DEL01-MG"
256962;2019-12-18;"quarta-feira";"16:00:00";"DF";60;26,3;"BRASILIA";"Velocidade Incompatível";"Saída de leito carroçável";"Com Vítimas Feridas";"Pleno dia";"Crescente";"Nevoeiro/Neblina";"Múltipla";"Declive";"Não";2;0;1;0;1;0;1;1;-16,003504;-48,245281;"SPRF-DF";"DEL01-DF";"UOP01-DEL03-DF"
256963;2019-12-18;"quarta-feira";"14:15:00";"SC";282;383,4;"JOACABA";"Mal Súbito";"Colisão com objeto estático";"Com Vítimas Feridas";"Pleno dia";"Crescente";"Céu Claro";"Simples";"Curva;Interseção de Vias";"Não";1;0;1;0;0;0;1;1;-27,200508;-51,507919;"SPRF-SC";"DEL07-SC";"UOP05-DEL07-SC"
256964;2019-12-18;"quarta-feira";"13:00:00";"RS";101;12,9;"DOM PEDRO DE ALCANTARA";"Objeto estático sobre o leito carroçável";"Colisão traseira";"Sem Vítimas";"Pleno dia";"Crescente";"Sol";"Dupla";"Reta";"Não";3;0;0;0;3;0;0;2;-29,38659602;-49,83647398;"SPRF-RS";"DEL03-RS";"UOP02-DEL03-RS"
256966;2019-12-18;"quarta-feira";"12:15:00";"CE";222;43;"CAUCAIA";"Falta de Atenção à Condução";"Colisão com objeto estático";"Com Vítimas Feridas";"Pleno dia";"Crescente";"Céu Claro";"Simples";"Reta";"Não";1;0;0;1;0;0;1;1;-3,67885144;-38,93266816;"SPRF-CE";"DEL01-CE";"UOP03-DEL01-CE"
256968;2019-12-18;"quarta-feira";"15:40:00";"RJ";493;3,2;"ITABORAI";"Falta de Atenção à Condução";"Colisão traseira";"Com Vítimas Feridas";"Anoitecer";"Crescente";"Ignorado";"Dupla";"Reta";"Sim";2;0;1;0;0;1;1;2;-22,7525329;-42,94160092;"SPRF-RJ";"DEL02-RJ";"UOP02-DEL02-RJ"
256970;2019-12-18;"quarta-feira";"16:45:00";"MG";50;70;"UBERLANDIA";"Falta de Atenção à Condução";"Colisão traseira";"Com Vítimas Feridas";"Pleno dia";"Crescente";"Céu Claro";"Dupla";"Reta";"Sim";2;0;0;1;1;0;1;2;-18,85140204;-48,25345932;"SPRF-MG";"DEL15-MG";"UOP01-DEL15-MG"
256971;2019-12-18;"quarta-feira";"15:15:00";"GO";153;144;"CAMPINORTE";"Defeito Mecânico no Veículo";"Saída de leito carroçável";"Com Vítimas Fatais";"Pleno dia";"Crescente";"Céu Claro";"Simples";"Reta";"Não";3;1;1;1;0;0;2;1;-14,029192;-49,08828;"SPRF-GO";"DEL07-GO";"UOP01-DEL07-GO"
256972;2019-12-18;"quarta-feira";"15:00:00";"SE";101;88;"NOSSA SENHORA DO SOCORRO";"Falta de Atenção à Condução";"Tombamento";"Com Vítimas Feridas";"Pleno dia";"Crescente";"Céu Claro";"Dupla";"Aclive;Reta";"Sim";2;0;2;0;0;0;2;1;-10,87034345;-37,13449717;"SPRF-SE";"DEL01-SE";"UOP01-DEL01-SE"
256973;2019-12-18;"quarta-feira";"14:30:00";"PI";316;79,8;"LAGOINHA DO PIAUI";"Falta de Atenção à Condução";"Colisão transversal";"Com Vítimas Feridas";"Pleno dia";"Decrescente";"Céu Claro";"Simples";"Reta";"Não";3;0;1;1;1;0;2;2;-5,73432518;-42,61241278;"SPRF-PI";"DEL01-PI";"UOP02-DEL01-PI"
256977;2019-12-18;"quarta-feira";"15:50:00";"RJ";101;197;"CASIMIRO DE ABREU";"Falta de Atenção à Condução";"Capotamento";"Com Vítimas Feridas";"Pleno dia";"Crescente";"Chuva";"Dupla";"Curva";"Não";1;0;1;0;0;0;1;1;-22,49157051;-42,11796332;"SPRF-RJ";"DEL02-RJ";"UOP04-DEL08-RJ"
256980;2019-12-18;"quarta-feira";"14:25:00";"PR";476;199,2;"LAPA";"Velocidade Incompatível";"Atropelamento de Pedestre";"Com Vítimas Feridas";"Pleno dia";"Crescente";"Nublado";"Simples";"Reta;Declive";"Sim";2;0;1;0;0;1;1;2;-25,772074;-49,745663;"SPRF-PR";"DEL02-PR";"UOP04-DEL02-PR"
256981;2019-12-18;"quarta-feira";"17:35:00";"PR";467;83,5;"CASCAVEL";"Não guardar distância de segurança";"Colisão traseira";"Com Vítimas Feridas";"Pleno dia";"Decrescente";"Sol";"Dupla";"Reta";"Não";2;0;1;0;1;0;1;2;-24,8125;-53,6653;"SPRF-PR";"DEL04-PR";"UOP01-DEL04-PR"
256984;2019-12-18;"quarta-feira";"16:00:00";"PE";101;122;"ESCADA";"Condutor Dormindo";"Capotamento";"Com Vítimas Feridas";"Pleno dia";"Decrescente";"Sol";"Dupla";"Reta";"Não";1;0;1;0;0;0;1;1;-8,35939636;-35,19500398;"SPRF-PE";"DEL01-PE";"UOP03-DEL01-PE"
256986;2019-12-18;"quarta-feira";"17:00:00";"RS";116;264;"CANOAS";"Falta de Atenção à Condução";"Colisão transversal";"Com Vítimas Feridas";"Pleno dia";"Crescente";"Céu Claro";"Dupla";"Reta";"Sim";3;0;2;0;1;0;2;2;-29,914435;-51,17754495;"SPRF-RS";"DEL01-RS";"UOP01-DEL01-RS"
256988;2019-12-18;"quarta-feira";"17:15:00";"DF";40;3,3;"BRASILIA";"Não guardar distância de segurança";"Queda de ocupante de veículo";"Com Vítimas Feridas";"Pleno dia";"Crescente";"Nublado";"Dupla";"Reta";"Sim";3;0;2;0;0;1;2;2;-16,003145;-47,983944;"SPRF-DF";"DEL01-DF";"UOP01-DEL01-DF"
256990;2019-12-18;"quarta-feira";"18:00:00";"PE";101;3;"GOIANA";"Animais na Pista";"Atropelamento de Animal";"Com Vítimas Feridas";"Plena Noite";"Decrescente";"Céu Claro";"Simples";"Reta";"Sim";1;0;1;0;0;0;1;1;-7,52387351;-34,99333161;"SPRF-PE";"DEL01-PE";"UOP02-DEL01-PE"
256992;2019-12-18;"quarta-feira";"14:30:00";"PI";230;309;"FLORIANO";"Falta de Atenção à Condução";"Colisão lateral";"Com Vítimas Feridas";"Pleno dia";"Decrescente";"Céu Claro";"Simples";"Reta";"Sim";2;0;0;1;1;0;1;2;-6,77433132;-43,00632318;"SPRF-PI";"DEL03-PI";"UOP01-DEL03-PI"
256993;2019-12-18;"quarta-feira";"18:00:00";"PI";343;339;"TERESINA";"Desobediência às normas de trânsito pelo condutor";"Colisão lateral";"Com Vítimas Feridas";"Plena Noite";"Decrescente";"Céu Claro";"Simples";"Reta";"Não";2;0;1;0;1;0;1;2;-5,067146;-42,730965;"SPRF-PI";"DEL01-PI";"UOP01-DEL01-PI"
256994;2019-12-18;"quarta-feira";"17:45:00";"MG";381;479,9;"CONTAGEM";"Pista Escorregadia";"Colisão traseira";"Com Vítimas Feridas";"Pleno dia";"Decrescente";"Garoa/Chuvisco";"Dupla";"Reta";"Sim";2;0;1;0;1;0;1;2;-19,95889605;-44,069202;"SPRF-MG";"DEL01-MG";"UOP03-DEL01-MG"
256995;2019-12-18;"quarta-feira";"17:10:00";"RJ";101;333;"RIO DE JANEIRO";"Desobediência às normas de trânsito pelo condutor";"Colisão lateral";"Com Vítimas Feridas";"Pleno dia";"Decrescente";"Céu Claro";"Dupla";"Reta";"Não";3;0;1;0;2;0;1;2;-22,87827816;-43,21053578;"SPRF-RJ";"DEL02-RJ";"UOP02-DEL02-RJ"
256998;2019-12-18;"quarta-feira";"18:00:00";"PR";277;586;"CASCAVEL";"Falta de Atenção à Condução";"Colisão transversal";"Com Vítimas Feridas";"Pleno dia";"Decrescente";"Céu Claro";"Simples";"Reta";"Sim";3;0;1;0;2;0;1;2;-24,9649472;-53,4210459;"SPRF-PR";"DEL04-PR";"UOP01-DEL04-PR"
256999;2019-12-18;"quarta-feira";"18:29:00";"CE";116;8,9;"FORTALEZA";"Falta de Atenção à Condução";"Colisão traseira";"Com Vítimas Feridas";"Plena Noite";"Crescente";"Céu Claro";"Dupla";"Reta";"Sim";2;0;1;0;1;0;1;2;-3,826207;-38,50441;"SPRF-CE";"DEL01-CE";"UOP02-DEL01-CE"
257000;2019-12-18;"quarta-feira";"18:40:00";"RJ";101;502;"ANGRA DOS REIS";"Pista Escorregadia";"Queda de ocupante de veículo";"Com Vítimas Fatais";"Anoitecer";"Crescente";"Chuva";"Simples";"Reta";"Não";3;1;0;0;2;0;0;3;-22,92526971;-44,36990312;"SPRF-RJ";"DEL03-RJ";"UOP02-DEL03-RJ"
257001;2019-12-18;"quarta-feira";"17:50:00";"MG";381;479,9;"CONTAGEM";"Não guardar distância de segurança";"Colisão traseira";"Com Vítimas Feridas";"Anoitecer";"Crescente";"Céu Claro";"Dupla";"Reta";"Sim";3;0;1;0;2;0;1;2;-19,95889605;-44,069202;"SPRF-MG";"DEL01-MG";"UOP03-DEL01-MG"
257002;2019-12-18;"quarta-feira";"18:10:00";"RJ";101;197;"CASIMIRO DE ABREU";"Falta de Atenção à Condução";"Capotamento";"Com Vítimas Feridas";"Anoitecer";"Crescente";"Ignorado";"Dupla";"Curva";"Não";1;0;1;0;0;0;1;1;-22,49157051;-42,11796332;"SPRF-RJ";"DEL02-RJ";"UOP04-DEL08-RJ"
257003;2019-12-18;"quarta-feira";"17:50:00";"MG";40;461,5;"SETE LAGOAS";"Pista Escorregadia";"Saída de leito carroçável";"Com Vítimas Feridas";"Pleno dia";"Crescente";"Chuva";"Dupla";"Curva;Declive";"Não";1;0;1;0;0;0;1;1;-19,4065509;-44,33367766;"SPRF-MG";"DEL02-MG";"UOP01-DEL02-MG"
257005;2019-12-18;"quarta-feira";"17:30:00";"RJ";116;277;"BARRA MANSA";"Pista Escorregadia";"Saída de leito carroçável";"Com Vítimas Feridas";"Pleno dia";"Decrescente";"Chuva";"Dupla";"Reta";"Sim";1;0;1;0;0;0;1;1;-22,55905501;-44,17284006;"SPRF-RJ";"DEL07-RJ";"UOP02-DEL07-RJ"
257006;2019-12-18;"quarta-feira";"15:20:00";"MG";116;276;"TEOFILO OTONI";"Não guardar distância de segurança";"Colisão traseira";"Sem Vítimas";"Pleno dia";"Crescente";"Céu Claro";"Múltipla";"Rotatória";"Sim";2;0;0;0;2;0;0;2;-17,85105696;-41,51454492;"SPRF-MG";"DEL11-MG";"UOP01-DEL11-MG"
257007;2019-12-18;"quarta-feira";"17:20:00";"MG";50;145,3;"UBERABA";"Velocidade Incompatível";"Saída de leito carroçável";"Com Vítimas Feridas";"Pleno dia";"Decrescente";"Chuva";"Dupla";"Curva";"Não";2;0;0;2;0;0;2;2;-19,51997196;-48,03997088;"SPRF-MG";"DEL13-MG";"UOP01-DEL13-MG"
257008;2019-12-18;"quarta-feira";"10:00:00";"GO";70;451;"GOIAS";"Falta de Atenção à Condução";"Capotamento";"Com Vítimas Feridas";"Pleno dia";"Crescente";"Céu Claro";"Simples";"Curva";"Não";3;0;3;0;0;0;3;1;-15,89534882;-50,44062194;"SPRF-GO";"DEL04-GO";"UOP01-DEL04-GO"
257009;2019-12-18;"quarta-feira";"19:00:00";"DF";70;16;"BRASILIA";"Desobediência às normas de trânsito pelo condutor";"Colisão traseira";"Com Vítimas Feridas";"Plena Noite";"Crescente";"Nublado";"Dupla";"Reta";"Não";5;0;2;0;3;0;2;3;-15,796144;-48,194225;"SPRF-DF";"DEL01-DF";"UOP02-DEL03-DF"
257012;2019-12-18;"quarta-feira";"18:50:00";"PR";476;137;"CURITIBA";"Falta de Atenção do Pedestre";"Atropelamento de Pedestre";"Com Vítimas Feridas";"Anoitecer";"Decrescente";"Nublado";"Múltipla";"Reta";"Sim";2;0;0;1;1;0;1;2;-25,498302;-49,277546;"SPRF-PR";"DEL01-PR";"UOP03-DEL01-PR"
257014;2019-12-18;"quarta-feira";"19:40:00";"PE";423;54;"LAJEDO";"Restrição de Visibilidade";"Colisão com objeto em movimento";"Com Vítimas Feridas";"Plena Noite";"Crescente";"Céu Claro";"Simples";"Reta";"Não";2;0;0;1;1;0;1;2;-8,607734;-36,29399698;"SPRF-PE";"DEL03-PE";"UOP01-DEL03-PE"
257015;2019-12-18;"quarta-feira";"18:40:00";"ES";101;290,5;"CARIACICA";"Falta de Atenção à Condução";"Colisão com objeto estático";"Com Vítimas Feridas";"Plena Noite";"Decrescente";"Céu Claro";"Dupla";"Reta";"Sim";1;0;1;0;0;0;1;1;-20,29411242;-40,3930119;"SPRF-ES";"DEL01-ES";"UOP01-DEL01-ES"
257016;2019-12-18;"quarta-feira";"19:00:00";"SC";101;121;"ITAJAI";"Falta de Atenção à Condução";"Colisão transversal";"Com Vítimas Feridas";"Anoitecer";"Decrescente";"Nublado";"Dupla";"Reta";"Não";2;0;0;2;0;0;2;2;-26,92103178;-48,70856446;"SPRF-SC";"DEL04-SC";"UOP04-DEL04-SC"
257017;2019-12-18;"quarta-feira";"20:00:00";"PI";343;342;"TERESINA";"Falta de Atenção à Condução";"Colisão lateral";"Sem Vítimas";"Plena Noite";"Decrescente";"Céu Claro";"Simples";"Rotatória";"Sim";2;0;0;0;2;0;0;2;-5,08254452;-42,74996996;"SPRF-PI";"DEL01-PI";"UOP01-DEL01-PI"
257018;2019-12-18;"quarta-feira";"19:15:00";"MS";262;317,8;"CAMPO GRANDE";"Falta de Atenção do Pedestre";"Atropelamento de Pedestre";"Com Vítimas Fatais";"Plena Noite";"Crescente";"Nublado";"Simples";"Reta";"Não";4;1;0;0;3;0;0;2;-20,470885;-54,456173;"SPRF-MS";"DEL01-MS";"UOP01-DEL01-MS"
257019;2019-12-18;"quarta-feira";"15:00:00";"RS";116;115;"SAO MARCOS";"Falta de Atenção do Pedestre";"Atropelamento de Pedestre";"Com Vítimas Feridas";"Pleno dia";"Crescente";"Céu Claro";"Simples";"Reta;Aclive";"Sim";2;0;1;0;1;0;1;2;-28,9712;-51,072197;"SPRF-RS";"DEL05-RS";"UOP01-DEL05-RS"