"id";"data_inversa";"dia_semana";"horario";"uf";"br";"km";"municipio";"causa_acidente";"tipo_acidente";"classificacao_acidente";"fase_dia";"sentido_via";"condicao_metereologica";"tipo_pista";"tracado_via";"uso_solo";"pessoas";"mortos";"feridos_leves";"feridos_graves";"ilesos";"ignorados";"feridos";"veiculos";"latitude";"longitude";"regional";"delegacia";"uop"
257021;2019-12-18;"quarta-feira";"19:00:00";"MT";364;57,7;"ALTO GARCAS";"Restrição de Visibilidade";"Atropelamento de Pedestre";"Com Vítimas Feridas";"Plena Noite";"Decrescente";"Chuva";"Simples";"Reta";"Sim";2;0;1;0;1;0;1;2;-16,94441591;-53,53013084;"SPRF-MT";"DEL02-MT";"UOP02-DEL02-MT"
257022;2019-12-18;"quarta-feira";"20:30:00";"SP";116;177;"GUARAREMA";"Falta de Atenção à Condução";"Colisão traseira";"Com Vítimas Feridas";"Plena Noite";"Decrescente";"Nublado";"Dupla";"Reta";"Não";2;0;2;0;0;0;2;2;-23,32333315;-46,11958293;"SPRF-SP";"DEL02-SP";"UOP01-DEL02-SP"
257023;2019-12-18;"quarta-feira";"20:15:00";"GO";60;75,7;"ANAPOLIS";"Condutor Dormindo";"Saída de leito carroçável";"Com Vítimas Feridas";"Plena Noite";"Crescente";"Céu Claro";"Dupla";"Reta";"Não";2;0;2;0;0;0;2;1;-16,28080274;-48,79165649;"SPRF-GO";"DEL02-GO";"UOP01-DEL02-GO"
257024;2019-12-18;"quarta-feira";"00:30:00";"PI";316;44;"LAGOA DO PIAUI";"Animais na Pista";"Atropelamento de Animal";"Sem Vítimas";"Plena Noite";"Crescente";"Ignorado";"Simples";"Reta";"Não";1;0;0;0;1;0;0;1;-5,43754797;-42,63447174;"SPRF-PI";"DEL01-PI";"UOP02-DEL01-PI"
257026;2019-12-18;"quarta-feira";"18:00:00";"MG";262;34,1;"MANHUACU";"Falta de Atenção à Condução";"Colisão transversal";"Com Vítimas Feridas";"Anoitecer";"Crescente";"Céu Claro";"Múltipla";"Interseção de Vias";"Sim";3;0;1;0;2;0;1;2;-20,25692664;-42,01099203;"SPRF-MG";"DEL06-MG";"UOP03-DEL06-MG"
257027;2019-12-18;"quarta-feira";"21:00:00";"RJ";116;37;"SAPUCAIA";"Falta de Atenção à Condução";"Colisão frontal";"Com Vítimas Feridas";"Plena Noite";"Crescente";"Nublado";"Simples";"Reta";"Sim";5;0;0;4;1;0;4;2;-22,10884271;-42,78535659;"SPRF-RJ";"DEL04-RJ";"UOP01-DEL04-RJ"
257028;2019-12-18;"quarta-feira";"17:15:00";"RJ";101;319;"SAO GONCALO";"Defeito Mecânico no Veículo";"Incêndio";"Sem Vítimas";"Pleno dia";"Decrescente";"Nublado";"Simples";"Reta";"Sim";1;0;0;0;1;0;0;1;-22,85411774;-43,1018014;"SPRF-RJ";"DEL02-RJ";"UOP02-DEL02-RJ"
257029;2019-12-18;"quarta-feira";"19:15:00";"RJ";101;64;"CAMPOS DOS GOYTACAZES";"Desobediência às normas de trânsito pelo condutor";"Colisão transversal";"Com Vítimas Feridas";"Plena Noite";"Crescente";"Céu Claro";"Simples";"Reta";"Sim";2;0;1;0;1;0;1;2;-21,74908605;-41,33632461;"SPRF-RJ";"DEL08-RJ";"UOP02-DEL08-RJ"
257030;2019-12-18;"quarta-feira";"20:45:00";"MG";381;556;"ITAGUARA";"Defeito Mecânico no Veículo";"Saída de leito carroçável";"Com Vítimas Feridas";"Plena Noite";"Decrescente";"Nublado";"Dupla";"Curva";"Não";2;0;2;0;0;0;2;1;-20,36068712;-44,46666568;"SPRF-MG";"DEL04-MG";"UOP03-DEL04-MG"
257031;2019-12-18;"quarta-feira";"20:00:00";"ES";393;10;"CACHOEIRO DE ITAPEMIRIM";"Falta de Atenção à Condução";"Tombamento";"Com Vítimas Feridas";"Plena Noite";"Crescente";"Céu Claro";"Simples";"Reta";"Não";1;0;1;0;0;0;1;1;-20,84255004;-41,24026997;"SPRF-ES";"DEL03-ES";"UOP02-DEL03-ES"
257032;2019-12-18;"quarta-feira";"19:00:00";"PR";376;197;"MARIALVA";"Avarias e/ou desgaste excessivo no pneu";"Colisão com objeto estático";"Sem Vítimas";"Plena Noite";"Crescente";"Chuva";"Dupla";"Declive";"Não";1;0;0;0;1;0;0;1;-23,50257988;-51,75323097;"SPRF-PR";"DEL07-PR";"UOP01-DEL09-PR"
257034;2019-12-18;"quarta-feira";"21:00:00";"PI";343;9,5;"PARNAIBA";"Desobediência às normas de trânsito pelo condutor";"Tombamento";"Com Vítimas Fatais";"Plena Noite";"Crescente";"Céu Claro";"Simples";"Reta";"Sim";2;1;0;1;0;0;1;1;-2,900722;-41,732681;"SPRF-PI";"DEL05-PI";"UOP01-DEL05-PI"
257035;2019-12-18;"quarta-feira";"22:25:00";"SC";470;59;"BLUMENAU";"Ingestão de Álcool";"Colisão traseira";"Sem Vítimas";"Pleno dia";"Crescente";"Nublado";"Simples";"Curva";"Não";2;0;0;0;2;0;0;2;-26,882812;-49,1548;"SPRF-SC";"DEL04-SC";"UOP01-DEL04-SC"
257036;2019-12-18;"quarta-feira";"21:17:00";"RO";364;197,4;"PIMENTA BUENO";"Desobediência às normas de trânsito pelo condutor";"Colisão transversal";"Com Vítimas Feridas";"Plena Noite";"Crescente";"Nublado";"Simples";"Interseção de Vias";"Sim";2;0;1;0;1;0;1;2;-11,67880278;-61,1878925;"SPRF-RO";"DEL02-RO";"UOP02-DEL02-RO"
257037;2019-12-18;"quarta-feira";"21:00:00";"PE";232;413,4;"SERRA TALHADA";"Ingestão de Álcool";"Saída de leito carroçável";"Sem Vítimas";"Plena Noite";"Decrescente";"Céu Claro";"Simples";"Reta";"Não";1;0;0;0;1;0;0;1;-7,98857087;-38,32972307;"SPRF-PE";"DEL04-PE";"UOP01-DEL04-PE"
257038;2019-12-18;"quarta-feira";"22:00:00";"SC";101;358;"SANGAO";"Desobediência às normas de trânsito pelo condutor";"Colisão transversal";"Com Vítimas Feridas";"Plena Noite";"Decrescente";"Céu Claro";"Simples";"Interseção de Vias";"Não";2;0;0;1;1;0;1;2;-28,642765;-49,100403;"SPRF-SC";"DEL02-SC";"UOP01-DEL02-SC"
257039;2019-12-18;"quarta-feira";"14:40:00";"RO";364;302;"PRESIDENTE MEDICI";"Falta de Atenção à Condução";"Saída de leito carroçável";"Com Vítimas Feridas";"Pleno dia";"Crescente";"Céu Claro";"Simples";"Reta";"Não";5;0;4;1;0;0;5;1;-11,226642;-61,90184;"SPRF-RO";"DEL02-RO";"UOP01-DEL02-RO"
257040;2019-12-18;"quarta-feira";"23:00:00";"SC";470;63,3;"INDAIAL";"Falta de Atenção à Condução";"Tombamento";"Com Vítimas Feridas";"Plena Noite";"Crescente";"Céu Claro";"Simples";"Reta";"Não";1;0;1;0;0;0;1;1;-26,872396;-49,19228;"SPRF-SC";"DEL04-SC";"UOP01-DEL04-SC"
257041;2019-12-18;"quarta-feira";"21:20:00";"RS";285;123,4;"VACARIA";"Desobediência às normas de trânsito pelo pedestre";"Atropelamento de Pedestre";"Com Vítimas Feridas";"Plena Noite";"Crescente";"Céu Claro";"Simples";"Reta";"Sim";2;0;1;1;0;0;2;2;-28,499468;-50,951084;"SPRF-RS";"DEL05-RS";"UOP03-DEL05-RS"
257044;2019-12-18;"quarta-feira";"22:30:00";"PA";316;61;"CASTANHAL";"Desobediência às normas de trânsito pelo condutor";"Colisão transversal";"Com Vítimas Feridas";"Plena Noite";"Decrescente";"Céu Claro";"Dupla";"Interseção de Vias";"Sim";1;0;1;0;0;0;1;1;-1,29686015;-47,94639002;"SPRF-PA";"DEL01-PA";"UOP01-DEL01-PA"
257045;2019-12-18;"quarta-feira";"22:30:00";"BA";116;804;"VITORIA DA CONQUISTA";"Animais na Pista";"Atropelamento de Animal";"Com Vítimas Fatais";"Plena Noite";"Crescente";"Céu Claro";"Simples";"Reta";"Não";1;1;0;0;0;0;0;1;-14,73489475;-40,64877613;"SPRF-BA";"DEL08-BA";"UOP01-DEL08-BA"
257049;2019-12-18;"quarta-feira";"23:10:00";"MG";50;33,7;"ARAGUARI";"Pista Escorregadia";"Saída de leito carroçável";"Com Vítimas Feridas";"Plena Noite";"Crescente";"Garoa/Chuvisco";"Dupla";"Retorno Regulamentado";"Sim";3;0;3;0;0;0;3;1;-18,64659268;-48,13020967;"SPRF-MG";"DEL15-MG";"UOP02-DEL15-MG"
257050;2019-12-18;"quarta-feira";"21:20:00";"MG";40;461,7;"SETE LAGOAS";"Ingestão de Álcool";"Colisão com objeto estático";"Sem Vítimas";"Plena Noite";"Decrescente";"Nublado";"Múltipla";"Aclive;Reta";"Não";1;0;0;0;1;0;0;1;-19,41233;-44,33697;"SPRF-MG";"DEL02-MG";"UOP01-DEL02-MG"
257051;2019-12-18;"quarta-feira";"21:30:00";"RS";392;710;"PORTO XAVIER";"Desobediência às normas de trânsito pelo condutor";"Colisão transversal";"Com Vítimas Feridas";"Plena Noite";"Crescente";"Céu Claro";"Simples";"Reta";"Não";3;0;1;1;1;0;2;2;-27,99318021;-55,13150107;"SPRF-RS";"DEL10-RS";"UOP01-DEL10-RS"
257052;2019-12-18;"quarta-feira";"22:50:00";"PI";316;4,6;"TERESINA";"Falta de Atenção à Condução";"Colisão transversal";"Sem Vítimas";"Plena Noite";"Crescente";"Céu Claro";"Múltipla";"Interseção de Vias";"Sim";1;0;0;0;1;0;0;1;-5,13655894;-42,78900388;"SPRF-PI";"DEL01-PI";"UOP02-DEL01-PI"
257053;2019-12-18;"quarta-feira";"17:30:00";"AM";174;897;"MANAUS";"Agressão Externa";"Capotamento";"Com Vítimas Feridas";"Anoitecer";"Crescente";"Céu Claro";"Simples";"Reta";"Não";2;0;1;0;0;1;1;2;-2,93342444;-60,03446281;"SPRF-AM";"DEL01-AM";"UOP01-DEL01-AM"
257054;2019-11-16;"sábado";"04:00:00";"RN";304;35,5;"MOSSORO";"Falta de Atenção à Condução";"Atropelamento de Pedestre";"Com Vítimas Fatais";"Amanhecer";"Crescente";"Céu Claro";"Simples";"Curva";"Sim";2;1;0;0;0;1;0;2;-5,16149497;-37,35068212;"SPRF-RN";"DEL04-RN";"UOP02-DEL04-RN"
257056;2019-12-18;"quarta-feira";"23:15:00";"CE";20;8;"FORTALEZA";"Falta de Atenção à Condução";"Saída de leito carroçável";"Sem Vítimas";"Plena Noite";"Crescente";"Chuva";"Dupla";"Curva";"Não";1;0;0;0;1;0;0;1;-3,86029931;-38,53771091;"SPRF-CE";"DEL02-CE";"UOP02-DEL02-CE"
257057;2019-12-18;"quarta-feira";"23:15:00";"CE";20;424,1;"FORTALEZA";"Ingestão de Álcool";"Saída de leito carroçável";"Sem Vítimas";"Plena Noite";"Crescente";"Chuva";"Dupla";"Curva";"Não";1;0;0;0;1;0;0;1;-3,76999035;-38,67006282;"SPRF-CE";"DEL01-CE";"UOP02-DEL01-CE"
257058;2019-12-18;"quarta-feira";"20:00:00";"MG";365;161;"PIRAPORA";"Animais na Pista";"Atropelamento de Animal";"Com Vítimas Feridas";"Plena Noite";"Crescente";"Céu Claro";"Simples";"Reta";"Sim";1;0;0;1;0;0;1;1;-17,36446786;-44,92847403;"SPRF-MG";"DEL12-MG";"UOP01-DEL12-MG"
257059;2019-12-18;"quarta-feira";"23:30:00";"SP";116;275,2;"TABOAO DA SERRA";"Condutor Dormindo";"Saída de leito carroçável";"Com Vítimas Feridas";"Plena Noite";"Decrescente";"Garoa/Chuvisco";"Dupla";"Reta";"Sim";1;0;1;0;0;0;1;1;-23,63638826;-46,83251584;"SPRF-SP";"DEL04-SP";"UOP01-DEL04-SP"
257061;2019-12-18;"quarta-feira";"23:20:00";"PR";277;431,3;"VIRMOND";"Ingestão de Álcool";"Saída de leito carroçável";"Com Vítimas Feridas";"Plena Noite";"Decrescente";"Céu Claro";"Simples";"Curva";"Não";1;0;1;0;0;0;1;1;-25,3784;-52,202767;"SPRF-PR";"DEL04-PR";"UOP02-DEL04-PR"
257062;2019-12-18;"quarta-feira";"18:10:00";"RO";364;339,8;"JI-PARANA";"Falta de Atenção do Pedestre";"Atropelamento de Pedestre";"Com Vítimas Fatais";"Plena Noite";"Crescente";"Céu Claro";"Dupla";"Reta";"Sim";3;1;0;0;2;0;0;2;-10,907816;-61,93017402;"SPRF-RO";"DEL02-RO";"UOP01-DEL02-RO"
257063;2019-12-19;"quinta-feira";"00:10:00";"PR";476;30;"ADRIANOPOLIS";"Defeito Mecânico no Veículo";"Incêndio";"Sem Vítimas";"Plena Noite";"Crescente";"Céu Claro";"Simples";"Reta";"Não";1;0;0;0;1;0;0;1;-24,81547;-49,040592;"SPRF-PR";"DEL01-PR";"UOP07-DEL01-PR"
257066;2019-12-19;"quinta-feira";"00:40:00";"MG";381;916,5;"CAMANDUCAIA";"Falta de Atenção à Condução";"Colisão traseira";"Com Vítimas Feridas";"Plena Noite";"Crescente";"Céu Claro";"Simples";"Aclive;Reta";"Não";3;0;2;1;0;0;3;2;-22,74124226;-46,13581648;"SPRF-MG";"DEL16-MG";"UOP03-DEL16-MG"
257068;2019-12-18;"quarta-feira";"23:47:00";"PR";277;728,3;"FOZ DO IGUACU";"Mal Súbito";"Tombamento";"Com Vítimas Feridas";"Plena Noite";"Crescente";"Céu Claro";"Dupla";"Reta";"Sim";1;0;1;0;0;0;1;1;-25,50956278;-54,57674146;"SPRF-PR";"DEL05-PR";"UOP03-DEL05-PR"
257070;2019-12-18;"quarta-feira";"22:45:00";"MT";70;514;"VARZEA GRANDE";"Animais na Pista";"Atropelamento de Animal";"Com Vítimas Feridas";"Plena Noite";"Crescente";"Céu Claro";"Simples";"Reta";"Sim";2;0;2;0;0;0;2;1;-15,70634076;-56,13670349;"SPRF-MT";"DEL01-MT";"DEL2/4-UOP02/MT"
257073;2019-12-18;"quarta-feira";"23:50:00";"PA";316;261;"CACHOEIRA DO PIRIA";"Animais na Pista";"Atropelamento de Animal";"Com Vítimas Feridas";"Plena Noite";"Crescente";"Céu Claro";"Simples";"Reta";"Não";2;0;1;0;1;0;1;2;-1,81431485;-46,42291496;"SPRF-PA";"DEL01-PA";"UOP04-DEL01-PA"
257074;2019-12-19;"quinta-feira";"00:30:00";"PI";343;176,6;"PIRIPIRI";"Animais na Pista";"Atropelamento de Animal";"Com Vítimas Feridas";"Plena Noite";"Decrescente";"Vento";"Simples";"Reta";"Não";1;0;1;0;0;0;1;1;-4,210357;-41,778091;"SPRF-PI";"DEL02-PI";"UOP01-DEL02-PI"
257076;2019-12-19;"quinta-feira";"02:30:00";"RS";116;252,2;"SAPUCAIA DO SUL";"Velocidade Incompatível";"Colisão com objeto estático";"Sem Vítimas";"Plena Noite";"Crescente";"Céu Claro";"Múltipla";"Reta";"Sim";1;0;0;0;1;0;0;1;-29,80913395;-51,1675292;"SPRF-RS";"DEL01-RS";"UOP02-DEL01-RS"
257077;2019-12-19;"quinta-feira";"02:25:00";"MG";356;266,2;"MURIAE";"Desobediência às normas de trânsito pelo condutor";"Colisão transversal";"Com Vítimas Feridas";"Plena Noite";"Decrescente";"Céu Claro";"Simples";"Interseção de Vias";"Sim";2;0;1;0;0;1;1;2;-21,12823134;-42,35802453;"SPRF-MG";"DEL07-MG";"UOP02-DEL07-MG"
257078;2019-12-19;"quinta-feira";"03:30:00";"ES";101;277,2;"SERRA";"Falta de Atenção à Condução";"Saída de leito carroçável";"Sem Vítimas";"Plena Noite";"Decrescente";"Céu Claro";"Dupla";"Reta";"Sim";2;0;0;0;1;1;0;2;-20,21307738;-40,32125972;"SPRF-ES";"DEL02-ES";"UOP01-DEL02-ES"
257085;2019-12-19;"quinta-feira";"05:00:00";"PR";116;16;"CAMPINA GRANDE DO SUL";"Pista Escorregadia";"Capotamento";"Com Vítimas Feridas";"Amanhecer";"Decrescente";"Garoa/Chuvisco";"Dupla";"Curva";"Não";4;0;1;0;3;0;1;1;-25,09969807;-48,692225;"SPRF-PR";"DEL01-PR";"UOP02-DEL01-PR"
257087;2019-12-19;"quinta-feira";"05:12:00";"RO";364;202,6;"PIMENTA BUENO";"Desobediência às normas de trânsito pelo condutor";"Colisão transversal";"Com Vítimas Feridas";"Amanhecer";"Crescente";"Nublado";"Simples";"Interseção de Vias";"Sim";32;0;1;0;31;0;1;2;-11,632271;-61,20358944;"SPRF-RO";"DEL02-RO";"UOP02-DEL02-RO"
257088;2019-12-19;"quinta-feira";"05:50:00";"MG";381;789;"SAO GONCALO DO SAPUCAI";"Condutor Dormindo";"Saída de leito carroçável";"Com Vítimas Feridas";"Pleno dia";"Crescente";"Nublado";"Dupla";"Reta";"Não";4;0;4;0;0;0;4;1;-21,9086826;-45,57042805;"SPRF-MG";"DEL16-MG";"UOP02-DEL16-MG"
257089;2019-12-19;"quinta-feira";"05:20:00";"MA";135;5,7;"SAO LUIS";"Falta de Atenção à Condução";"Colisão lateral";"Com Vítimas Fatais";"Amanhecer";"Crescente";"Ignorado";"Dupla";"Reta";"Sim";3;1;0;0;2;0;0;2;-2,62145385;-44,25797421;"SPRF-MA";"DEL01-MA";"UOP01-DEL01-MA"
257090;2019-12-19;"quinta-feira";"06:15:00";"CE";304;53,2;"ARACATI";"Falta de Atenção à Condução";"Colisão transversal";"Com Vítimas Feridas";"Amanhecer";"Decrescente";"Céu Claro";"Simples";"Interseção de Vias";"Não";2;0;1;0;0;1;1;2;-4,57402355;-37,73636121;"SPRF-CE";"DEL03-CE";"UOP03-DEL03-CE"
257092;2019-12-19;"quinta-feira";"06:00:00";"MG";365;583,5;"INDIANOPOLIS";"Defeito Mecânico no Veículo";"Saída de leito carroçável";"Com Vítimas Feridas";"Pleno dia";"Decrescente";"Nublado";"Simples";"Reta";"Não";1;0;1;0;0;0;1;1;-18,86861187;-47,98372099;"SPRF-MG";"DEL15-MG";"UOP02-DEL15-MG"
257094;2019-12-19;"quinta-feira";"05:30:00";"PR";116;15,3;"CAMPINA GRANDE DO SUL";"Velocidade Incompatível";"Saída de leito carroçável";"Com Vítimas Feridas";"Amanhecer";"Decrescente";"Garoa/Chuvisco";"Dupla";"Reta";"Não";3;0;2;0;1;0;2;1;-25,09832756;-48,68266005;"SPRF-PR";"DEL01-PR";"UOP02-DEL01-PR"
257095;2019-12-19;"quinta-feira";"04:30:00";"SC";282;81,9;"RANCHO QUEIMADO";"Falta de Atenção à Condução";"Saída de leito carroçável";"Sem Vítimas";"Amanhecer";"Decrescente";"Garoa/Chuvisco";"Múltipla";"Reta";"Não";1;0;0;0;1;0;0;1;-27,662018;-49,168583;"SPRF-SC";"DEL01-SC";"UOP03-DEL01-SC"
257096;2019-12-19;"quinta-feira";"07:00:00";"GO";20;29,8;"FORMOSA";"Falta de Atenção à Condução";"Engavetamento";"Com Vítimas Feridas";"Pleno dia";"Crescente";"Chuva";"Simples";"Declive";"Não";6;0;1;0;5;0;1;6;-15,505777;-47,114758;"SPRF-DF";"DEL02-DF";"UOP01-DEL02-DF"
257097;2019-12-19;"quinta-feira";"07:10:00";"BA";116;418;"FEIRA DE SANTANA";"Falta de Atenção à Condução";"Colisão lateral";"Com Vítimas Feridas";"Pleno dia";"Crescente";"Céu Claro";"Simples";"Reta";"Sim";2;0;0;1;1;0;1;2;-12,185808;-38,965225;"SPRF-BA";"DEL02-BA";"UOP01-DEL02-BA"
257098;2019-12-19;"quinta-feira";"05:10:00";"SC";282;556;"NOVA ITABERABA";"Condutor Dormindo";"Saída de leito carroçável";"Com Vítimas Feridas";"Amanhecer";"Crescente";"Céu Claro";"Simples";"Retorno Regulamentado";"Não";1;0;1;0;0;0;1;1;-26,930964;-52,819202;"SPRF-SC";"DEL07-SC";"UOP01-DEL07-SC"
257100;2019-12-19;"quinta-feira";"06:50:00";"SE";101;110;"SAO CRISTOVAO";"Velocidade Incompatível";"Saída de leito carroçável";"Com Vítimas Feridas";"Pleno dia";"Crescente";"Chuva";"Dupla";"Curva";"Sim";2;0;2;0;0;0;2;1;-10,96959411;-37,27937094;"SPRF-SE";"DEL02-SE";"UOP01-DEL02-SE"
257102;2019-12-19;"quinta-feira";"07:30:00";"ES";101;119;"SOORETAMA";"Defeito Mecânico no Veículo";"Saída de leito carroçável";"Com Vítimas Feridas";"Pleno dia";"Decrescente";"Céu Claro";"Simples";"Reta";"Não";2;0;1;0;1;0;1;1;-19,13567283;-40,07109336;"SPRF-ES";"DEL04-ES";"UOP01-DEL04-ES"
257103;2019-12-19;"quinta-feira";"07:00:00";"PR";376;652;"TIJUCAS DO SUL";"Falta de Atenção à Condução";"Colisão lateral";"Com Vítimas Feridas";"Pleno dia";"Decrescente";"Céu Claro";"Dupla";"Curva";"Não";3;0;1;0;2;0;1;1;-25,8461583;-49,068884;"SPRF-PR";"DEL01-PR";"UOP04-DEL01-PR"
257105;2019-12-19;"quinta-feira";"07:40:00";"RS";116;268;"CANOAS";"Falta de Atenção à Condução";"Colisão lateral";"Com Vítimas Feridas";"Pleno dia";"Crescente";"Céu Claro";"Múltipla";"Reta";"Sim";2;0;1;0;1;0;1;2;-29,95042502;-51,17652939;"SPRF-RS";"DEL01-RS";"UOP01-DEL01-RS"
257107;2019-12-19;"quinta-feira";"08:00:00";"RN";110;47;"MOSSORO";"Falta de Atenção do Pedestre";"Atropelamento de Pedestre";"Com Vítimas Feridas";"Pleno dia";"Crescente";"Céu Claro";"Simples";"Reta";"Sim";2;0;1;0;0;1;1;2;-5,20338376;-37,32563418;"SPRF-RN";"DEL04-RN";"UOP01-DEL04-RN"
257108;2019-12-19;"quinta-feira";"08:00:00";"GO";40;74,4;"CRISTALINA";"Velocidade Incompatível";"Saída de leito carroçável";"Com Vítimas Feridas";"Pleno dia";"Crescente";"Nublado";"Simples";"Curva";"Não";4;0;4;0;0;0;4;1;-16,627234;-47,741451;"SPRF-DF";"DEL01-DF";"UOP02-DEL01-DF"
257109;2019-12-19;"quinta-feira";"07:10:00";"DF";20;17,3;"BRASILIA";"Falta de Atenção à Condução";"Colisão traseira";"Com Vítimas Feridas";"Pleno dia";"Decrescente";"Chuva";"Dupla";"Aclive";"Não";3;0;1;0;2;0;1;2;-15,621374;-47,71698;"SPRF-DF";"DEL02-DF";"UOP01-DEL02-DF"
257112;2019-12-19;"quinta-feira";"08:00:00";"SC";282;3,5;"FLORIANOPOLIS";"Não guardar distância de segurança";"Colisão traseira";"Sem Vítimas";"Pleno dia";"Decrescente";"Céu Claro";"Múltipla";"Curva";"Sim";2;0;0;0;2;0;0;2;-27,600384;-48,599705;"SPRF-SC";"DEL01-SC";"UOP01-DEL01-SC"
257113;2019-12-19;"quinta-feira";"07:20:00";"PR";277;453,9;"LARANJEIRAS DO SUL";"Desobediência às normas de trânsito pelo condutor";"Colisão transversal";"Com Vítimas Feridas";"Pleno dia";"Crescente";"Céu Claro";"Simples";"Reta;Rotatória;Declive";"Sim";4;0;2;0;2;0;2;2;-25,38566946;-52,41111701;"SPRF-PR";"DEL04-PR";"UOP02-DEL04-PR"
257115;2019-12-19;"quinta-feira";"08:15:00";"CE";116;11;"FORTALEZA";"Defeito Mecânico no Veículo";"Tombamento";"Com Vítimas Feridas";"Pleno dia";"Decrescente";"Céu Claro";"Dupla";"Reta";"Sim";2;0;2;0;0;0;2;1;-3,84394724;-38,49891546;"SPRF-CE";"DEL01-CE";"UOP02-DEL01-CE"
257116;2019-12-13;"sexta-feira";"19:30:00";"ES";101;211;"IBIRACU";"Ingestão de Substâncias Psicoativas";"Saída de leito carroçável";"Sem Vítimas";"Plena Noite";"Decrescente";"Céu Claro";"Dupla";"Aclive";"Não";1;0;0;0;1;0;0;1;-19,80700903;-40,36767233;"SPRF-ES";"DEL02-ES";"UOP01-DEL02-ES"
257117;2019-12-19;"quinta-feira";"08:30:00";"PR";277;73;"SAO JOSE DOS PINHAIS";"Falta de Atenção à Condução";"Colisão lateral";"Com Vítimas Feridas";"Pleno dia";"Crescente";"Nublado";"Dupla";"Reta";"Sim";3;0;1;0;0;2;1;3;-25,50185493;-49,14905548;"SPRF-PR";"DEL01-PR";"UOP01-DEL01-PR"
257118;2019-12-19;"quinta-feira";"08:00:00";"SP";116;210;"GUARULHOS";"Não guardar distância de segurança";"Colisão lateral";"Com Vítimas Feridas";"Pleno dia";"Crescente";"Nublado";"Múltipla";"Reta";"Sim";2;0;1;0;1;0;1;2;-23,42870023;-46,41085991;"SPRF-SP";"DEL01-SP";"UOP01-DEL01-SP"
257119;2019-12-19;"quinta-feira";"07:30:00";"PR";376;678,8;"GUARATUBA";"Falta de Atenção à Condução";"Saída de leito carroçável";"Com Vítimas Feridas";"Pleno dia";"Crescente";"Céu Claro";"Dupla";"Curva";"Não";3;0;1;0;2;0;1;1;-25,94235196;-48,90906594;"SPRF-PR";"DEL01-PR";"UOP04-DEL01-PR"
257122;2019-12-19;"quinta-feira";"08:05:00";"PR";116;22,7;"CAMPINA GRANDE DO SUL";"Pista Escorregadia";"Colisão com objeto estático";"Sem Vítimas";"Pleno dia";"Decrescente";"Garoa/Chuvisco";"Dupla";"Reta";"Não";1;0;0;0;1;0;0;1;-25,10922624;-48,74659689;"SPRF-PR";"DEL01-PR";"UOP02-DEL01-PR"
257123;2019-12-19;"quinta-feira";"07:30:00";"MS";163;482,9;"CAMPO GRANDE";"Defeito Mecânico no Veículo";"Tombamento";"Com Vítimas Feridas";"Pleno dia";"Crescente";"Céu Claro";"Simples";"Reta";"Sim";2;0;2;0;0;0;2;1;-20,46271123;-54,55411122;"SPRF-MS";"DEL01-MS";"UOP02-DEL01-MS"
257126;2019-12-19;"quinta-feira";"09:30:00";"SC";282;2;"FLORIANOPOLIS";"Falta de Atenção à Condução";"Colisão traseira";"Com Vítimas Feridas";"Pleno dia";"Decrescente";"Nublado";"Múltipla";"Reta";"Sim";3;0;1;0;0;2;1;3;-27,603289;-48,590416;"SPRF-SC";"DEL01-SC";"UOP01-DEL01-SC"
257129;2019-12-19;"quinta-feira";"10:25:00";"SC";470;58,7;"BLUMENAU";"Falta de Atenção à Condução";"Colisão transversal";"Com Vítimas Feridas";"Pleno dia";"Decrescente";"Nublado";"Simples";"Curva";"Sim";2;0;1;0;1;0;1;2;-26,88333979;-49,15253162;"SPRF-SC";"DEL04-SC";"UOP01-DEL04-SC"
257130;2019-12-19;"quinta-feira";"10:00:00";"SC";101;207,8;"SAO JOSE";"Não guardar distância de segurança";"Colisão traseira";"Com Vítimas Feridas";"Pleno dia";"Decrescente";"Céu Claro";"Múltipla";"Reta";"Sim";2;0;1;0;1;0;1;2;-27,60001226;-48,6226467;"SPRF-SC";"DEL01-SC";"UOP01-DEL01-SC"
257131;2019-12-19;"quinta-feira";"10:30:00";"ES";101;273,3;"SERRA";"Avarias e/ou desgaste excessivo no pneu";"Tombamento";"Com Vítimas Feridas";"Pleno dia";"Decrescente";"Sol";"Dupla";"Reta";"Sim";2;0;2;0;0;0;2;1;-20,22029207;-40,29048811;"SPRF-ES";"DEL02-ES";"UOP01-DEL02-ES"
257132;2019-12-19;"quinta-feira";"10:30:00";"PE";101;58,6;"PAULISTA";"Velocidade Incompatível";"Capotamento";"Com Vítimas Feridas";"Pleno dia";"Crescente";"Céu Claro";"Dupla";"Reta";"Não";1;0;1;0;0;0;1;1;-7,97063209;-34,92064675;"SPRF-PE";"DEL01-PE";"UOP02-DEL01-PE"
257133;2019-12-19;"quinta-feira";"09:40:00";"RJ";101;274;"TANGUA";"Falta de Atenção à Condução";"Colisão com objeto estático";"Sem Vítimas";"Pleno dia";"Decrescente";"Céu Claro";"Dupla";"Reta";"Não";1;0;0;0;1;0;0;1;-22,73506292;-42,71948103;"SPRF-RJ";"DEL02-RJ";"UOP03-DEL02-RJ"