"id";"data_inversa";"dia_semana";"horario";"uf";"br";"km";"municipio";"causa_acidente";"tipo_acidente";"classificacao_acidente";"fase_dia";"sentido_via";"condicao_metereologica";"tipo_pista";"tracado_via";"uso_solo";"pessoas";"mortos";"feridos_leves";"feridos_graves";"ilesos";"ignorados";"feridos";"veiculos";"latitude";"longitude";"regional";"delegacia";"uop"
257261;2019-12-19;"quinta-feira";"21:55:00";"DF";40;2;"BRASILIA";"Falta de Atenção à Condução";"Colisão lateral";"Com Vítimas Feridas";"Plena Noite";"Crescente";"Céu Claro";"Dupla";"Reta";"Sim";2;0;0;1;1;0;1;2;-15,99435;-47,985947;"SPRF-DF";"DEL01-DF";"UOP01-DEL01-DF"
257263;2019-12-19;"quinta-feira";"20:55:00";"MS";262;382,7;"TERENOS";"Ingestão de Álcool";"Colisão com objeto estático";"Com Vítimas Feridas";"Plena Noite";"Crescente";"Céu Claro";"Dupla";"Rotatória";"Sim";1;0;1;0;0;0;1;1;-20,44071205;-54,85510206;"SPRF-MS";"DEL01-MS";"UOP03-DEL01-MS"
257265;2019-12-19;"quinta-feira";"21:30:00";"SC";101;336;"TUBARAO";"Falta de Atenção à Condução";"Colisão traseira";"Com Vítimas Feridas";"Plena Noite";"Crescente";"Céu Claro";"Múltipla";"Rotatória";"Sim";2;0;1;0;1;0;1;2;-28,47311347;-49,02437375;"SPRF-SC";"DEL02-SC";"UOP01-DEL02-SC"
257266;2019-12-19;"quinta-feira";"22:10:00";"PB";230;14,3;"CABEDELO";"Velocidade Incompatível";"Colisão traseira";"Com Vítimas Feridas";"Plena Noite";"Decrescente";"Céu Claro";"Múltipla";"Interseção de Vias;Reta";"Sim";5;0;2;0;3;0;2;4;-7,09499444;-34,84790325;"SPRF-PB";"DEL01-PB";"UOP01-DEL01-PB"
257267;2019-12-19;"quinta-feira";"21:20:00";"SC";116;5,2;"MAFRA";"Falta de Atenção à Condução";"Colisão transversal";"Com Vítimas Feridas";"Plena Noite";"Crescente";"Nublado";"Simples";"Reta";"Sim";2;0;2;0;0;0;2;2;-26,14204337;-49,81667743;"SPRF-SC";"DEL06-SC";"UOP01-DEL06-SC"
257269;2019-11-21;"quinta-feira";"17:40:00";"MG";40;509;"RIBEIRAO DAS NEVES";"Não guardar distância de segurança";"Colisão traseira";"Com Vítimas Feridas";"Anoitecer";"Decrescente";"Nublado";"Dupla";"Reta";"Não";2;0;0;1;1;0;1;2;-19,76728744;-44,12855905;"SPRF-MG";"DEL01-MG";"UOP02-DEL01-MG"
257271;2019-12-19;"quinta-feira";"22:00:00";"PI";316;11;"TERESINA";"Ingestão de Álcool";"Colisão frontal";"Com Vítimas Feridas";"Plena Noite";"Decrescente";"Nublado";"Dupla";"Reta";"Sim";2;0;2;0;0;0;2;2;-5,191739;-42,76076102;"SPRF-PI";"DEL01-PI";"UOP02-DEL01-PI"
257273;2019-12-19;"quinta-feira";"22:40:00";"DF";70;14,8;"BRASILIA";"Mal Súbito";"Saída de leito carroçável";"Com Vítimas Feridas";"Plena Noite";"Crescente";"Nublado";"Dupla";"Curva";"Não";2;0;1;0;1;0;1;2;-15,797312;-48,176056;"SPRF-DF";"DEL01-DF";"UOP02-DEL03-DF"
257275;2019-12-19;"quinta-feira";"21:30:00";"PE";104;67;"CARUARU";"Falta de Atenção à Condução";"Capotamento";"Sem Vítimas";"Plena Noite";"Decrescente";"Céu Claro";"Dupla";"Reta";"Sim";1;0;0;0;0;1;0;1;-8,3016;-35,9882;"SPRF-PE";"DEL02-PE";"UOP01-DEL02-PE"
257276;2019-12-19;"quinta-feira";"23:20:00";"SC";101;204,8;"SAO JOSE";"Falta de Atenção à Condução";"Atropelamento de Pedestre";"Com Vítimas Feridas";"Plena Noite";"Decrescente";"Nublado";"Dupla";"Reta";"Sim";2;0;1;0;0;1;1;2;-27,57413014;-48,61363083;"SPRF-SC";"DEL01-SC";"UOP01-DEL01-SC"
257277;2019-12-19;"quinta-feira";"19:30:00";"MG";116;528,4;"CARATINGA";"Falta de Atenção à Condução";"Colisão traseira";"Com Vítimas Feridas";"Plena Noite";"Decrescente";"Céu Claro";"Simples";"Reta";"Sim";3;0;0;1;2;0;1;3;-19,794033;-42,13731414;"SPRF-MG";"DEL06-MG";"UOP02-DEL06-MG"
257279;2019-12-19;"quinta-feira";"23:30:00";"PR";369;155,9;"LONDRINA";"Falta de Atenção à Condução";"Colisão traseira";"Com Vítimas Feridas";"Plena Noite";"Crescente";"Nublado";"Dupla";"Reta";"Sim";2;0;1;1;0;0;2;2;-23,29157941;-51,21681869;"SPRF-PR";"DEL07-PR";"UOP01-DEL07-PR"
257280;2019-12-19;"quinta-feira";"08:15:00";"MT";70;373;"CAMPO VERDE";"Falta de Atenção à Condução";"Colisão lateral";"Com Vítimas Feridas";"Plena Noite";"Decrescente";"Chuva";"Simples";"Reta";"Não";3;0;3;0;0;0;3;2;-15,50595745;-55,10948181;"SPRF-MT";"DEL05-MT";"UOP01-DEL05-MT"
257283;2019-12-19;"quinta-feira";"21:00:00";"SC";280;19;"ARAQUARI";"Ingestão de Álcool";"Colisão traseira";"Sem Vítimas";"Plena Noite";"Decrescente";"Nublado";"Simples";"Reta";"Sim";2;0;0;0;2;0;0;2;-26,3693676;-48,67221803;"SPRF-SC";"DEL03-SC";"UOP03-DEL03-SC"
257285;2019-12-20;"sexta-feira";"00:15:00";"SC";470;61,3;"BLUMENAU";"Desobediência às normas de trânsito pelo condutor";"Colisão lateral";"Sem Vítimas";"Plena Noite";"Decrescente";"Nublado";"Simples";"Reta";"Sim";2;0;0;0;2;0;0;2;-26,878952;-49,17421;"SPRF-SC";"DEL04-SC";"UOP01-DEL04-SC"
257287;2019-12-19;"quinta-feira";"22:40:00";"RJ";116;79;"TERESOPOLIS";"Desobediência às normas de trânsito pelo condutor";"Colisão frontal";"Sem Vítimas";"Plena Noite";"Decrescente";"Nublado";"Simples";"Reta";"Sim";2;0;0;0;1;1;0;2;-22,381704;-42,954777;"SPRF-RJ";"DEL04-RJ";"UOP01-DEL04-RJ"
257288;2019-12-20;"sexta-feira";"01:10:00";"CE";222;8;"CAUCAIA";"Animais na Pista";"Capotamento";"Com Vítimas Feridas";"Plena Noite";"Crescente";"Céu Claro";"Dupla";"Reta";"Não";1;0;1;0;0;0;1;1;-3,75363558;-38,63803121;"SPRF-CE";"DEL01-CE";"UOP01-DEL01-CE"
257289;2019-12-20;"sexta-feira";"01:20:00";"SC";101;245;"PAULO LOPES";"Velocidade Incompatível";"Capotamento";"Com Vítimas Feridas";"Plena Noite";"Decrescente";"Céu Claro";"Dupla";"Reta";"Não";4;0;2;1;1;0;3;1;-27,901682;-48,64892;"SPRF-SC";"DEL02-SC";"UOP03-DEL02-SC"
257293;2019-12-19;"quinta-feira";"23:00:00";"PI";316;3,9;"TERESINA";"Desobediência às normas de trânsito pelo condutor";"Colisão transversal";"Com Vítimas Feridas";"Plena Noite";"Decrescente";"Céu Claro";"Múltipla";"Interseção de Vias";"Não";2;0;1;0;1;0;1;2;-5,1230884;-42,79500961;"SPRF-PI";"DEL01-PI";"UOP02-DEL01-PI"
257294;2019-12-20;"sexta-feira";"02:35:00";"PB";230;14,5;"CABEDELO";"Ingestão de Álcool";"Tombamento";"Com Vítimas Feridas";"Plena Noite";"Crescente";"Céu Claro";"Dupla";"Reta";"Sim";1;0;0;1;0;0;1;1;-7,0844;-34,8488;"SPRF-PB";"DEL01-PB";"UOP01-DEL01-PB"
257296;2019-12-20;"sexta-feira";"01:50:00";"MT";70;509;"CUIABA";"Ingestão de Álcool";"Colisão frontal";"Sem Vítimas";"Plena Noite";"Decrescente";"Céu Claro";"Simples";"Reta";"Não";7;0;0;0;7;0;0;2;-15,697222;-56,086883;"SPRF-MT";"DEL02-MT";"UOP02-DEL01-MT"
257297;2019-12-20;"sexta-feira";"02:23:00";"PR";369;109,7;"URAI";"Desobediência às normas de trânsito pelo condutor";"Colisão frontal";"Com Vítimas Fatais";"Plena Noite";"Decrescente";"Nublado";"Simples";"Reta";"Não";47;1;3;0;42;1;3;3;-23,26771418;-50,8023262;"SPRF-PR";"DEL07-PR";"UOP05-DEL07-PR"
257298;2019-12-20;"sexta-feira";"03:20:00";"SC";101;118,5;"ITAJAI";"Ingestão de Álcool";"Colisão com objeto estático";"Com Vítimas Feridas";"Plena Noite";"Crescente";"Nublado";"Dupla";"Reta";"Sim";1;0;1;0;0;0;1;1;-26,895859;-48,71903;"SPRF-SC";"DEL04-SC";"UOP04-DEL04-SC"
257299;2019-12-20;"sexta-feira";"02:15:00";"PR";373;182,2;"PONTA GROSSA";"Ingestão de Álcool";"Capotamento";"Sem Vítimas";"Plena Noite";"Decrescente";"Céu Claro";"Simples";"Reta";"Sim";1;0;0;0;1;0;0;1;-25,04193864;-50,26741587;"SPRF-PR";"DEL03-PR";"UOP01-DEL03-PR"
257300;2019-12-20;"sexta-feira";"01:15:00";"SC";280;30;"ARAQUARI";"Falta de Atenção à Condução";"Colisão traseira";"Com Vítimas Feridas";"Plena Noite";"Decrescente";"Nublado";"Simples";"Reta";"Não";4;0;1;2;0;1;3;3;-26,4141523;-48,76209493;"SPRF-SC";"DEL03-SC";"UOP03-DEL03-SC"
257302;2019-12-20;"sexta-feira";"05:20:00";"SC";101;88;"BARRA VELHA";"Falta de Atenção à Condução";"Colisão transversal";"Com Vítimas Feridas";"Amanhecer";"Decrescente";"Céu Claro";"Simples";"Viaduto;Interseção de Vias;Reta";"Sim";2;0;1;0;1;0;1;2;-26,65088291;-48,68678212;"SPRF-SC";"DEL03-SC";"UOP02-DEL03-SC"
257303;2019-12-20;"sexta-feira";"05:50:00";"SP";116;210,8;"GUARULHOS";"Não guardar distância de segurança";"Engavetamento";"Com Vítimas Feridas";"Amanhecer";"Crescente";"Nublado";"Múltipla";"Reta";"Sim";5;0;1;0;4;0;1;3;-23,42870023;-46,41085991;"SPRF-SP";"DEL01-SP";"UOP01-DEL01-SP"
257304;2019-12-20;"sexta-feira";"05:40:00";"PB";230;50,8;"SANTA RITA";"Condutor Dormindo";"Saída de leito carroçável";"Com Vítimas Feridas";"Pleno dia";"Crescente";"Céu Claro";"Dupla";"Reta";"Não";1;0;1;0;0;0;1;1;-7,19124199;-35,0634278;"SPRF-PB";"DEL01-PB";"UOP03-DEL01-PB"
257306;2019-12-20;"sexta-feira";"06:05:00";"PE";232;10;"JABOATAO DOS GUARARAPES";"Velocidade Incompatível";"Tombamento";"Com Vítimas Feridas";"Pleno dia";"Decrescente";"Sol";"Dupla";"Reta";"Sim";1;0;1;0;0;0;1;1;-8,07917241;-34,98718609;"SPRF-PE";"DEL01-PE";"UOP01-DEL01-PE"
257309;2019-12-19;"quinta-feira";"15:10:00";"MG";262;877;"CAMPO FLORIDO";"Falta de Atenção do Pedestre";"Atropelamento de Pedestre";"Com Vítimas Feridas";"Pleno dia";"Crescente";"Céu Claro";"Simples";"Reta";"Sim";2;0;1;0;1;0;1;2;-19,76890227;-48,57699683;"SPRF-MG";"DEL13-MG";"UOP01-DEL13-MG"
257311;2019-12-20;"sexta-feira";"05:50:00";"PE";101;31;"ITAPISSUMA";"Pista Escorregadia";"Tombamento";"Com Vítimas Feridas";"Amanhecer";"Decrescente";"Céu Claro";"Simples";"Reta";"Não";1;0;1;0;0;0;1;1;-7,74443874;-34,93872764;"SPRF-PE";"DEL01-PE";"UOP02-DEL01-PE"
257318;2019-12-19;"quinta-feira";"21:10:00";"SC";101;228,8;"PALHOCA";"Desobediência às normas de trânsito pelo condutor";"Colisão frontal";"Com Vítimas Fatais";"Plena Noite";"Decrescente";"Nublado";"Simples";"Aclive";"Sim";3;1;2;0;0;0;2;2;-27,7597249;-48,63078869;"SPRF-SC";"DEL01-SC";"UOP02-DEL01-SC"
257321;2019-12-20;"sexta-feira";"08:00:00";"SP";116;219,9;"GUARULHOS";"Desobediência às normas de trânsito pelo condutor";"Colisão lateral";"Com Vítimas Feridas";"Pleno dia";"Crescente";"Nublado";"Múltipla";"Reta";"Sim";4;0;2;0;2;0;2;2;-23,46143954;-46,48885316;"SPRF-SP";"DEL01-SP";"UOP01-DEL01-SP"
257323;2019-12-20;"sexta-feira";"07:19:00";"RN";101;98,5;"PARNAMIRIM";"Falta de Atenção à Condução";"Colisão traseira";"Com Vítimas Feridas";"Pleno dia";"Decrescente";"Céu Claro";"Simples";"Reta";"Sim";2;0;1;0;1;0;1;2;-5,86949;-35,21802;"SPRF-RN";"DEL01-RN";"UOP01-DEL01-RN"
257324;2019-12-20;"sexta-feira";"08:00:00";"RJ";40;111,2;"DUQUE DE CAXIAS";"Não guardar distância de segurança";"Colisão lateral";"Com Vítimas Feridas";"Pleno dia";"Crescente";"Sol";"Múltipla";"Reta";"Sim";2;0;0;1;1;0;1;2;-22,691868;-43,287453;"SPRF-RJ";"DEL01-RJ";"UOP01-DEL01-RJ"
257325;2019-12-20;"sexta-feira";"08:15:00";"SP";116;212;"GUARULHOS";"Falta de Atenção à Condução";"Colisão traseira";"Com Vítimas Feridas";"Pleno dia";"Crescente";"Sol";"Múltipla";"Reta";"Sim";2;0;1;0;1;0;1;2;-23,43608315;-46,42805094;"SPRF-SP";"DEL01-SP";"UOP01-DEL01-SP"
257326;2019-12-20;"sexta-feira";"08:00:00";"SP";116;150;"SAO JOSE DOS CAMPOS";"Defeito Mecânico no Veículo";"Tombamento";"Com Vítimas Feridas";"Pleno dia";"Crescente";"Nublado";"Dupla";"Reta";"Sim";2;0;2;0;0;0;2;1;-23,21335525;-45,8930588;"SPRF-SP";"DEL02-SP";"UOP01-DEL02-SP"
257329;2019-12-20;"sexta-feira";"08:30:00";"MG";40;470;"SETE LAGOAS";"Falta de Atenção à Condução";"Colisão traseira";"Com Vítimas Feridas";"Pleno dia";"Decrescente";"Céu Claro";"Dupla";"Reta";"Sim";3;0;1;0;2;0;1;3;-19,46787403;-44,29555707;"SPRF-MG";"DEL02-MG";"UOP01-DEL02-MG"
257330;2019-12-20;"sexta-feira";"07:00:00";"RS";468;39;"CORONEL BICACO";"Velocidade Incompatível";"Saída de leito carroçável";"Com Vítimas Fatais";"Amanhecer";"Crescente";"Céu Claro";"Simples";"Curva";"Não";4;1;3;0;0;0;3;1;-27,78059885;-53,60450994;"SPRF-RS";"DEL08-RS";"UOP01-DEL08-RS"
257331;2019-12-20;"sexta-feira";"05:00:00";"CE";116;23,3;"AQUIRAZ";"Falta de Atenção à Condução";"Colisão com objeto estático";"Sem Vítimas";"Amanhecer";"Decrescente";"Ignorado";"Dupla";"Declive;Reta;Retorno Regulamentado";"Não";2;0;0;0;2;0;0;1;-3,95254852;-38,51234349;"SPRF-CE";"DEL01-CE";"UOP02-DEL01-CE"
257333;2019-02-12;"terça-feira";"09:35:00";"BA";101;585;"CAMACAN";"Desobediência às normas de trânsito pelo condutor";"Colisão frontal";"Com Vítimas Feridas";"Pleno dia";"Crescente";"Céu Claro";"Simples";"Reta";"Não";3;0;0;3;0;0;3;2;-15,3832;-39,4865;"SPRF-BA";"DEL05-BA";"UOP02-DEL05-BA"
257335;2019-12-20;"sexta-feira";"07:40:00";"GO";20;119;"FLORES DE GOIAS";"Velocidade Incompatível";"Colisão traseira";"Com Vítimas Feridas";"Pleno dia";"Crescente";"Céu Claro";"Simples";"Reta";"Não";5;0;2;0;3;0;2;1;-14,873932;-46,835747;"SPRF-DF";"DEL02-DF";"UOP03-DEL02-DF"
257344;2019-12-20;"sexta-feira";"05:00:00";"MT";70;730,2;"CACERES";"Falta de Atenção à Condução";"Colisão transversal";"Sem Vítimas";"Amanhecer";"Decrescente";"Céu Claro";"Simples";"Reta";"Sim";5;0;0;0;5;0;0;2;-16,10424311;-57,6770593;"SPRF-MT";"DEL03-MT";"UOP01-DEL03-MT"
257345;2019-12-13;"sexta-feira";"07:55:00";"RJ";116;197;"QUEIMADOS";"Falta de Atenção à Condução";"Colisão com objeto estático";"Com Vítimas Feridas";"Pleno dia";"Crescente";"Céu Claro";"Dupla";"Curva";"Não";2;0;1;0;1;0;1;1;-22,72980637;-43,56512004;"SPRF-RJ";"DEL01-RJ";"UOP02-DEL01-RJ"
257346;2019-12-20;"sexta-feira";"08:00:00";"SC";101;44,5;"JOINVILLE";"Não guardar distância de segurança";"Colisão traseira";"Com Vítimas Feridas";"Pleno dia";"Decrescente";"Céu Claro";"Dupla";"Reta";"Não";2;0;1;0;1;0;1;2;-26,31238996;-48,87458997;"SPRF-SC";"DEL03-SC";"UOP01-DEL03-SC"
257347;2019-11-17;"domingo";"16:00:00";"MT";364;113,6;"ALTO GARCAS";"Velocidade Incompatível";"Saída de leito carroçável";"Com Vítimas Feridas";"Pleno dia";"Crescente";"Nublado";"Simples";"Reta";"Não";1;0;1;0;0;0;1;1;-16,84630678;-53,84867993;"SPRF-MT";"DEL02-MT";"UOP02-DEL02-MT"
257349;2019-12-20;"sexta-feira";"10:10:00";"MG";381;492;"BETIM";"Defeito Mecânico no Veículo";"Tombamento";"Com Vítimas Feridas";"Pleno dia";"Crescente";"Sol";"Simples";"Declive;Curva";"Sim";2;0;2;0;0;0;2;1;-19,97490091;-44,19004301;"SPRF-MG";"DEL01-MG";"UOP03-DEL01-MG"
257350;2019-12-20;"sexta-feira";"09:28:00";"RJ";116;120;"MAGE";"Avarias e/ou desgaste excessivo no pneu";"Tombamento";"Com Vítimas Feridas";"Pleno dia";"Decrescente";"Céu Claro";"Dupla";"Reta";"Sim";2;0;1;0;1;0;1;1;-22,62191389;-43,04363229;"SPRF-RJ";"DEL04-RJ";"UOP02-DEL04-RJ"
257351;2019-12-08;"domingo";"17:45:00";"MG";381;337;"NOVA ERA";"Velocidade Incompatível";"Capotamento";"Com Vítimas Feridas";"Anoitecer";"Crescente";"Chuva";"Simples";"Curva";"Não";1;0;1;0;0;0;1;1;-19,82388218;-43,08235792;"SPRF-MG";"DEL03-MG";"UOP01-DEL03-MG"
257352;2019-12-20;"sexta-feira";"11:15:00";"RS";290;73;"GRAVATAI";"Falta de Atenção à Condução";"Colisão traseira";"Com Vítimas Feridas";"Pleno dia";"Crescente";"Céu Claro";"Dupla";"Reta";"Não";4;0;1;0;3;0;1;3;-29,952868;-50,986462;"SPRF-RS";"DEL03-RS";"UOP01-DEL03-RS"
257354;2019-12-20;"sexta-feira";"09:30:00";"CE";20;285,9;"CANINDE";"Animais na Pista";"Atropelamento de Animal";"Com Vítimas Feridas";"Pleno dia";"Crescente";"Céu Claro";"Simples";"Reta";"Não";1;0;1;0;0;0;1;1;-4,53678688;-39,36016384;"SPRF-CE";"DEL02-CE";"UOP01-DEL02-CE"
257355;2019-12-20;"sexta-feira";"08:51:00";"MT";163;841;"SINOP";"Falta de Atenção à Condução";"Colisão traseira";"Com Vítimas Feridas";"Pleno dia";"Crescente";"Sol";"Simples";"Reta";"Sim";6;0;1;0;5;0;1;2;-11,81578814;-55,48307598;"SPRF-MT";"DEL06-MT";"UOP02-DEL06-MT"
257357;2019-12-20;"sexta-feira";"08:45:00";"MG";381;486;"BETIM";"Desobediência às normas de trânsito pelo condutor";"Colisão traseira";"Com Vítimas Feridas";"Pleno dia";"Decrescente";"Sol";"Dupla";"Reta";"Sim";2;0;1;0;1;0;1;2;-19,95644414;-44,13611598;"SPRF-MG";"DEL01-MG";"UOP03-DEL01-MG"
257358;2019-12-20;"sexta-feira";"09:20:00";"RJ";40;119;"DUQUE DE CAXIAS";"Defeito Mecânico no Veículo";"Tombamento";"Com Vítimas Feridas";"Pleno dia";"Crescente";"Céu Claro";"Múltipla";"Reta";"Sim";1;0;1;0;0;0;1;1;-22,76929061;-43,28651017;"SPRF-RJ";"DEL01-RJ";"UOP01-DEL01-RJ"
257359;2019-12-20;"sexta-feira";"10:20:00";"GO";40;85,6;"CRISTALINA";"Desobediência às normas de trânsito pelo condutor";"Colisão transversal";"Com Vítimas Feridas";"Pleno dia";"Decrescente";"Sol";"Dupla";"Reta";"Não";2;0;1;0;1;0;1;2;-16,70851728;-47,68172162;"SPRF-DF";"DEL01-DF";"UOP02-DEL01-DF"
257361;2019-12-20;"sexta-feira";"11:00:00";"MG";153;4;"ARAPORA";"Condutor Dormindo";"Saída de leito carroçável";"Com Vítimas Feridas";"Pleno dia";"Crescente";"Sol";"Dupla";"Reta";"Não";2;0;2;0;0;0;2;1;-18,45132998;-49,18791489;"SPRF-MG";"DEL15-MG";"UOP03-DEL15-MG"
257362;2019-12-20;"sexta-feira";"09:30:00";"PR";116;119,2;"CURITIBA";"Falta de Atenção à Condução";"Colisão lateral";"Com Vítimas Feridas";"Pleno dia";"Crescente";"Céu Claro";"Dupla";"Reta";"Sim";2;0;1;0;1;0;1;2;-25,57737775;-49,31236094;"SPRF-PR";"DEL01-PR";"UOP03-DEL01-PR"
257365;2019-12-20;"sexta-feira";"12:10:00";"SC";101;199;"SAO JOSE";"Desobediência às normas de trânsito pelo condutor";"Colisão lateral";"Com Vítimas Feridas";"Pleno dia";"Crescente";"Céu Claro";"Dupla";"Reta";"Sim";2;0;1;0;1;0;1;2;-27,53413705;-48,63003205;"SPRF-SC";"DEL01-SC";"UOP01-DEL01-SC"
257366;2019-11-26;"terça-feira";"07:30:00";"MG";50;145,9;"UBERABA";"Falta de Atenção à Condução";"Saída de leito carroçável";"Com Vítimas Feridas";"Pleno dia";"Crescente";"Céu Claro";"Dupla";"Reta";"Não";1;0;1;0;0;0;1;1;-19,51997196;-48,03997088;"SPRF-MG";"DEL13-MG";"UOP01-DEL13-MG"
257367;2019-12-20;"sexta-feira";"10:50:00";"PR";277;64;"SAO JOSE DOS PINHAIS";"Falta de Atenção à Condução";"Colisão lateral";"Sem Vítimas";"Pleno dia";"Decrescente";"Sol";"Dupla";"Reta";"Não";2;0;0;0;2;0;0;2;-25,55703867;-49,02612685;"SPRF-PR";"DEL01-PR";"UOP07-DEL01-PR"
257368;2019-12-20;"sexta-feira";"11:20:00";"RJ";101;106;"CAMPOS DOS GOYTACAZES";"Defeito Mecânico no Veículo";"Queda de ocupante de veículo";"Com Vítimas Feridas";"Pleno dia";"Crescente";"Céu Claro";"Dupla";"Reta";"Não";2;0;1;0;1;0;1;1;-21,92528217;-41,62213085;"SPRF-RJ";"DEL08-RJ";"UOP02-DEL08-RJ"
257369;2019-12-20;"sexta-feira";"03:00:00";"RO";364;697;"PORTO VELHO";"Falta de Atenção à Condução";"Saída de leito carroçável";"Sem Vítimas";"Plena Noite";"Crescente";"Garoa/Chuvisco";"Dupla";"Reta";"Não";1;0;0;0;0;1;0;1;-8,80214359;-63,74544566;"SPRF-RO";"DEL01-RO";"UOP01-DEL01-RO"
257370;2019-12-20;"sexta-feira";"12:10:00";"RS";386;359;"ESTRELA";"Defeito Mecânico no Veículo";"Saída de leito carroçável";"Com Vítimas Feridas";"Pleno dia";"Crescente";"Sol";"Dupla";"Reta";"Não";2;0;1;0;1;0;1;1;-29,540054;-51,913406;"SPRF-RS";"DEL04-RS";"UOP02-DEL04-RS"
257371;2019-12-20;"sexta-feira";"10:50:00";"RS";101;34;"TRES FORQUILHAS";"Falta de Atenção à Condução";"Queda de ocupante de veículo";"Com Vítimas Feridas";"Pleno dia";"Crescente";"Céu Claro";"Dupla";"Reta";"Não";1;0;1;0;0;0;1;1;-29,50900276;-49,98702728;"SPRF-RS";"DEL03-RS";"UOP02-DEL03-RS"
257373;2019-12-20;"sexta-feira";"12:00:00";"PR";376;475;"PONTA GROSSA";"Falta de Atenção à Condução";"Saída de leito carroçável";"Com Vítimas Feridas";"Pleno dia";"Crescente";"Céu Claro";"Dupla";"Reta";"Não";2;0;1;0;1;0;1;1;-25,05467785;-50,22938892;"SPRF-PR";"DEL03-PR";"UOP01-DEL03-PR"
257374;2019-12-20;"sexta-feira";"09:00:00";"MG";40;517;"RIBEIRAO DAS NEVES";"Desobediência às normas de trânsito pelo condutor";"Colisão transversal";"Com Vítimas Feridas";"Pleno dia";"Crescente";"Sol";"Dupla";"Reta";"Sim";2;0;0;1;1;0;1;2;-19,82351202;-44,08438913;"SPRF-MG";"DEL01-MG";"UOP02-DEL01-MG"
257376;2019-12-20;"sexta-feira";"10:45:00";"MG";365;638;"UBERLANDIA";"Agressão Externa";"Colisão com objeto estático";"Com Vítimas Feridas";"Pleno dia";"Decrescente";"Sol";"Dupla";"Retorno Regulamentado";"Não";4;0;4;0;0;0;4;1;-18,89191346;-48,42307806;"SPRF-MG";"DEL15-MG";"UOP01-DEL15-MG"
257378;2019-12-20;"sexta-feira";"10:30:00";"MS";262;298;"CAMPO GRANDE";"Falta de Atenção à Condução";"Colisão com objeto estático";"Com Vítimas Feridas";"Pleno dia";"Decrescente";"Céu Claro";"Simples";"Curva";"Não";1;0;1;0;0;0;1;1;-20,50777298;-54,278024;"SPRF-MS";"DEL01-MS";"UOP01-DEL01-MS"
257379;2019-12-20;"sexta-feira";"11:30:00";"BA";101;284;"LAJE";"Falta de Atenção à Condução";"Tombamento";"Com Vítimas Feridas";"Pleno dia";"Decrescente";"Nublado";"Simples";"Reta";"Não";1;0;0;1;0;0;1;1;-13,26062292;-39,32435125;"SPRF-BA";"DEL01-BA";"UOP02-DEL01-BA"
257380;2019-12-20;"sexta-feira";"13:00:00";"BA";242;899;"LUIS EDUARDO MAGALHAES";"Ingestão de Álcool";"Colisão frontal";"Com Vítimas Fatais";"Pleno dia";"Crescente";"Céu Claro";"Simples";"Reta";"Não";3;1;1;0;1;0;1;2;-12,08306773;-45,73347703;"SPRF-BA";"DEL10-BA";"UOP01-DEL10-BA"
257383;2019-12-20;"sexta-feira";"10:40:00";"PA";230;116;"MARABA";"Desobediência às normas de trânsito pelo condutor";"Colisão lateral";"Com Vítimas Feridas";"Pleno dia";"Decrescente";"Céu Claro";"Dupla";"Reta";"Sim";3;0;2;0;1;0;2;2;-5,35947454;-49,08301084;"SPRF-PA";"DEL03-PA";"UOP01-DEL03-PA"
257385;2019-12-20;"sexta-feira";"11:20:00";"ES";101;383,5;"RIO NOVO DO SUL";"Condutor Dormindo";"Saída de leito carroçável";"Com Vítimas Feridas";"Pleno dia";"Decrescente";"Céu Claro";"Simples";"Reta";"Não";2;0;0;2;0;0;2;1;-20,82532924;-40,85473381;"SPRF-ES";"DEL03-ES";"UOP01-DEL03-ES"
257386;2019-12-20;"sexta-feira";"12:10:00";"PR";277;110;"CAMPO LARGO";"Não guardar distância de segurança";"Engavetamento";"Com Vítimas Feridas";"Pleno dia";"Decrescente";"Sol";"Dupla";"Aclive";"Sim";6;0;3;0;3;0;3;3;-25,44625996;-49,36369775;"SPRF-PR";"DEL01-PR";"UOP06-DEL01-PR"
257387;2019-12-20;"sexta-feira";"12:29:00";"SC";280;53,6;"GUARAMIRIM";"Falta de Atenção à Condução";"Colisão transversal";"Com Vítimas Feridas";"Pleno dia";"Decrescente";"Céu Claro";"Simples";"Interseção de Vias";"Sim";2;0;0;1;1;0;1;2;-26,47236756;-48,97426617;"SPRF-SC";"DEL03-SC";"UOP03-DEL03-SC"
257389;2019-12-20;"sexta-feira";"12:15:00";"MG";381;936,2;"EXTREMA";"Falta de Atenção à Condução";"Capotamento";"Com Vítimas Feridas";"Pleno dia";"Crescente";"Chuva";"Dupla";"Curva";"Não";2;0;1;0;1;0;1;1;-22,82914914;-46,31469547;"SPRF-MG";"DEL16-MG";"UOP03-DEL16-MG"
257390;2019-12-20;"sexta-feira";"12:30:00";"RS";290;102;"PORTO ALEGRE";"Defeito Mecânico no Veículo";"Incêndio";"Sem Vítimas";"Pleno dia";"Decrescente";"Céu Claro";"Dupla";"Reta";"Não";1;0;0;0;1;0;0;1;-29,987228;-51,25613;"SPRF-RS";"DEL01-RS";"UOP01-DEL01-RS"
257391;2019-12-20;"sexta-feira";"14:00:00";"RJ";393;281,8;"BARRA DO PIRAI";"Defeito Mecânico no Veículo";"Danos eventuais";"Sem Vítimas";"Pleno dia";"Decrescente";"Nublado";"Simples";"Reta";"Sim";1;0;0;0;1;0;0;1;-22,48025569;-44,02974901;"SPRF-RJ";"DEL05-RJ";"UOP04-DEL05-RJ"