"id";"data_inversa";"dia_semana";"horario";"uf";"br";"km";"municipio";"causa_acidente";"tipo_acidente";"classificacao_acidente";"fase_dia";"sentido_via";"condicao_metereologica";"tipo_pista";"tracado_via";"uso_solo";"pessoas";"mortos";"feridos_leves";"feridos_graves";"ilesos";"ignorados";"feridos";"veiculos";"latitude";"longitude";"regional";"delegacia";"uop"
257519;2019-12-20;"sexta-feira";"20:20:00";"RJ";40;31;"TRES RIOS";"Pista Escorregadia";"Saída de leito carroçável";"Sem Vítimas";"Anoitecer";"Decrescente";"Chuva";"Dupla";"Curva";"Não";4;0;0;0;4;0;0;1;-22,19245612;-43,16023202;"SPRF-RJ";"DEL06-RJ";"UOP02-DEL05-RJ"
257520;2019-12-20;"sexta-feira";"20:30:00";"SC";282;70,3;"RANCHO QUEIMADO";"Ingestão de Álcool";"Saída de leito carroçável";"Com Vítimas Feridas";"Plena Noite";"Decrescente";"Nevoeiro/Neblina";"Simples";"Curva";"Não";1;0;1;0;0;0;1;1;-27,69040636;-49,09090519;"SPRF-SC";"DEL01-SC";"UOP03-DEL01-SC"
257521;2019-12-20;"sexta-feira";"21:00:00";"BA";330;797;"JEQUIE";"Falta de Atenção à Condução";"Saída de leito carroçável";"Com Vítimas Fatais";"Plena Noite";"Crescente";"Ignorado";"Simples";"Curva";"Não";1;1;0;0;0;0;0;1;-13,9254033;-40,00293732;"SPRF-BA";"DEL03-BA";"UOP01-DEL03-BA"
257523;2019-12-20;"sexta-feira";"15:15:00";"ES";482;100,2;"GUACUI";"Falta de Atenção à Condução";"Queda de ocupante de veículo";"Sem Vítimas";"Pleno dia";"Decrescente";"Nublado";"Dupla";"Curva";"Não";1;0;0;0;0;1;0;1;-20,776826;-41,631775;"SPRF-ES";"DEL03-ES";"UOP02-DEL03-ES"
257524;2019-12-20;"sexta-feira";"21:40:00";"MG";381;510;"SAO JOAQUIM DE BICAS";"Pista Escorregadia";"Colisão traseira";"Com Vítimas Feridas";"Plena Noite";"Decrescente";"Chuva";"Dupla";"Reta";"Não";3;0;2;0;1;0;2;3;-20,06657351;-44,29515839;"SPRF-MG";"DEL01-MG";"UOP03-DEL01-MG"
257526;2019-12-20;"sexta-feira";"20:50:00";"MG";116;511;"UBAPORANGA";"Ingestão de Álcool";"Colisão traseira";"Sem Vítimas";"Plena Noite";"Crescente";"Céu Claro";"Simples";"Rotatória";"Não";2;0;0;0;2;0;0;2;-19,65371791;-42,11137522;"SPRF-MG";"DEL06-MG";"UOP02-DEL06-MG"
257527;2019-12-20;"sexta-feira";"10:40:00";"SC";101;184;"BIGUACU";"Defeito Mecânico no Veículo";"Queda de ocupante de veículo";"Com Vítimas Feridas";"Pleno dia";"Crescente";"Sol";"Dupla";"Reta";"Não";2;0;1;0;1;0;1;1;-27,41613807;-48,6266443;"SPRF-SC";"DEL01-SC";"UOP01-DEL01-SC"
257529;2019-12-20;"sexta-feira";"20:47:00";"RJ";101;313,9;"SAO GONCALO";"Defeito Mecânico no Veículo";"Colisão transversal";"Com Vítimas Feridas";"Plena Noite";"Crescente";"Nublado";"Dupla";"Reta";"Não";2;0;1;0;1;0;1;2;-22,81049093;-43,06983304;"SPRF-RJ";"DEL02-RJ";"UOP02-DEL02-RJ"
257530;2019-12-20;"sexta-feira";"20:30:00";"RS";386;335,6;"MARQUES DE SOUZA";"Velocidade Incompatível";"Saída de leito carroçável";"Com Vítimas Feridas";"Plena Noite";"Decrescente";"Nublado";"Simples";"Curva";"Não";1;0;0;1;0;0;1;1;-29,385532;-52,052769;"SPRF-RS";"DEL04-RS";"UOP01-DEL04-RS"
257532;2019-12-20;"sexta-feira";"22:05:00";"MG";381;503;"SAO JOAQUIM DE BICAS";"Velocidade Incompatível";"Colisão com objeto estático";"Com Vítimas Feridas";"Plena Noite";"Crescente";"Chuva";"Dupla";"Reta";"Sim";3;0;2;0;1;0;2;2;-20,03855134;-44,25495493;"SPRF-MG";"DEL01-MG";"UOP03-DEL01-MG"
257534;2019-12-20;"sexta-feira";"20:30:00";"GO";153;570,6;"PROFESSOR JAMIL";"Avarias e/ou desgaste excessivo no pneu";"Saída de leito carroçável";"Com Vítimas Feridas";"Plena Noite";"Crescente";"Chuva";"Dupla";"Declive;Reta";"Não";3;0;3;0;0;0;3;1;-17,3032;-49,2355;"SPRF-GO";"DEL03-GO";"UOP01-DEL03-GO"
257535;2019-12-20;"sexta-feira";"22:30:00";"SP";381;88;"GUARULHOS";"Falta de Atenção à Condução";"Colisão com objeto estático";"Com Vítimas Feridas";"Plena Noite";"Crescente";"Nublado";"Dupla";"Reta";"Sim";1;0;1;0;0;0;1;1;-23,47469314;-46,56112919;"SPRF-SP";"DEL03-SP";"UOP01-DEL03-SP"
257536;2019-06-10;"segunda-feira";"13:12:00";"RJ";116;166;"RIO DE JANEIRO";"Não guardar distância de segurança";"Engavetamento";"Com Vítimas Feridas";"Pleno dia";"Decrescente";"Céu Claro";"Dupla";"Reta";"Sim";4;0;1;0;3;0;1;4;-22,81560263;-43,30051808;"SPRF-RJ";"DEL01-RJ";"UOP02-DEL01-RJ"
257537;2019-12-20;"sexta-feira";"22:40:00";"PR";376;6,7;"MARINGA";"Pista Escorregadia";"Colisão com objeto estático";"Com Vítimas Feridas";"Plena Noite";"Crescente";"Chuva";"Dupla";"Reta";"Sim";2;0;2;0;0;0;2;1;-23,37541909;-51,93766236;"SPRF-PR";"DEL07-PR";"UOP01-DEL09-PR"
257538;2019-12-20;"sexta-feira";"22:00:00";"BA";101;230;"CRUZ DAS ALMAS";"Defeito Mecânico no Veículo";"Colisão traseira";"Com Vítimas Feridas";"Plena Noite";"Decrescente";"Céu Claro";"Simples";"Curva";"Não";2;0;0;1;1;0;1;2;-12,71709;-39,18056;"SPRF-BA";"DEL01-BA";"UOP02-DEL01-BA"
257539;2019-12-20;"sexta-feira";"22:00:00";"RS";472;156,4;"SANTA ROSA";"Ingestão de Álcool";"Colisão transversal";"Com Vítimas Feridas";"Plena Noite";"Decrescente";"Nublado";"Simples";"Interseção de Vias";"Não";4;0;3;0;1;0;3;2;-27,83631124;-54,43075203;"SPRF-RS";"DEL10-RS";"UOP01-DEL10-RS"
257541;2019-12-20;"sexta-feira";"17:30:00";"MA";226;486,3;"SITIO NOVO";"Defeito na Via";"Saída de leito carroçável";"Com Vítimas Feridas";"Pleno dia";"Crescente";"Céu Claro";"Simples";"Reta";"Não";4;0;4;0;0;0;4;1;-6,05989663;-46,69362115;"SPRF-MA";"DEL04-MA";"UOP02-DEL04-MA"
257542;2019-12-20;"sexta-feira";"18:40:00";"BA";324;0,5;"FEIRA DE SANTANA";"Ultrapassagem Indevida";"Colisão lateral";"Com Vítimas Feridas";"Anoitecer";"Decrescente";"Céu Claro";"Dupla";"Curva";"Sim";2;0;2;0;0;0;2;1;-12,267113;-38,966988;"SPRF-BA";"DEL02-BA";"UOP01-DEL02-BA"
257544;2019-12-20;"sexta-feira";"23:00:00";"RJ";116;79;"TERESOPOLIS";"Ingestão de álcool e/ou substâncias psicoativas pelo pedestre";"Atropelamento de Pedestre";"Com Vítimas Feridas";"Plena Noite";"Decrescente";"Nublado";"Simples";"Curva";"Sim";2;0;1;0;1;0;1;2;-22,381704;-42,954777;"SPRF-RJ";"DEL04-RJ";"UOP01-DEL04-RJ"
257545;2019-12-20;"sexta-feira";"21:30:00";"SC";470;10;"NAVEGANTES";"Falta de Atenção à Condução";"Colisão transversal";"Com Vítimas Feridas";"Plena Noite";"Crescente";"Nublado";"Simples";"Reta";"Não";2;0;1;0;1;0;1;2;-26,833693;-48,73724;"SPRF-SC";"DEL04-SC";"UOP04-DEL04-SC"
257546;2019-12-20;"sexta-feira";"23:00:00";"MG";40;456;"CAETANOPOLIS";"Não guardar distância de segurança";"Colisão traseira";"Sem Vítimas";"Plena Noite";"Decrescente";"Chuva";"Dupla";"Reta";"Não";5;0;0;0;5;0;0;1;-19,36312782;-44,33978478;"SPRF-MG";"DEL02-MG";"UOP01-DEL02-MG"
257548;2019-12-20;"sexta-feira";"22:40:00";"MA";316;419,1;"PERITORO";"Falta de Atenção à Condução";"Colisão frontal";"Com Vítimas Feridas";"Plena Noite";"Decrescente";"Céu Claro";"Simples";"Reta";"Não";3;0;2;0;1;0;2;2;-4,346691;-44,379074;"SPRF-MA";"DEL03-MA";"UOP01-DEL03-MA"
257549;2019-12-20;"sexta-feira";"23:00:00";"MG";381;888,1;"CAMBUI";"Falta de Atenção à Condução";"Saída de leito carroçável";"Com Vítimas Feridas";"Plena Noite";"Decrescente";"Chuva";"Dupla";"Reta";"Não";1;0;1;0;0;0;1;1;-22,57036508;-46,04169076;"SPRF-MG";"DEL16-MG";"UOP03-DEL16-MG"
257551;2019-12-20;"sexta-feira";"22:30:00";"ES";101;144;"LINHARES";"Falta de Atenção à Condução";"Colisão traseira";"Com Vítimas Feridas";"Plena Noite";"Decrescente";"Céu Claro";"Dupla";"Reta";"Sim";3;0;1;0;2;0;1;2;-19,35188295;-40,0636685;"SPRF-ES";"DEL04-ES";"UOP01-DEL04-ES"
257552;2019-12-20;"sexta-feira";"23:30:00";"ES";101;1,7;"SERRA";"Defeito Mecânico no Veículo";"Tombamento";"Com Vítimas Feridas";"Plena Noite";"Decrescente";"Céu Claro";"Dupla";"Reta";"Não";2;0;1;1;0;0;2;1;-20,24688308;-40,28395956;"SPRF-ES";"DEL04-ES";"UOP02-DEL04-ES"
257553;2019-12-21;"sábado";"00:00:00";"GO";20;240;"GUARANI DE GOIAS";"Condutor Dormindo";"Colisão frontal";"Com Vítimas Feridas";"Plena Noite";"Crescente";"Céu Claro";"Simples";"Reta";"Não";29;0;4;1;24;0;5;2;-14,037827;-46,256191;"SPRF-DF";"DEL02-DF";"UOP03-DEL02-DF"
257554;2019-10-23;"quarta-feira";"20:00:00";"PR";373;476;"CORONEL VIVIDA";"Objeto estático sobre o leito carroçável";"Colisão com objeto estático";"Com Vítimas Feridas";"Plena Noite";"Decrescente";"Céu Claro";"Simples";"Reta;Declive";"Não";1;0;0;1;0;0;1;1;-25,96350986;-52,5197692;"SPRF-PR";"DEL02-PR";"UOP01-DEL02-PR"
257556;2019-12-20;"sexta-feira";"22:55:00";"MG";116;413;"GOVERNADOR VALADARES";"Falta de Atenção à Condução";"Colisão transversal";"Com Vítimas Feridas";"Plena Noite";"Decrescente";"Céu Claro";"Simples";"Reta";"Sim";2;0;0;1;1;0;1;2;-18,87702653;-41,96324587;"SPRF-MG";"DEL06-MG";"UOP01-DEL06-MG"
257557;2019-12-21;"sábado";"00:00:00";"BA";324;602;"SIMOES FILHO";"Desobediência às normas de trânsito pelo condutor";"Colisão frontal";"Com Vítimas Fatais";"Plena Noite";"Decrescente";"Céu Claro";"Dupla";"Reta";"Não";2;1;0;0;1;0;0;2;-12,76402892;-38,42393483;"SPRF-BA";"DEL01-BA";"UOP01-DEL01-BA"
257558;2019-12-21;"sábado";"00:20:00";"PR";153;325,4;"IRATI";"Velocidade Incompatível";"Saída de leito carroçável";"Com Vítimas Feridas";"Plena Noite";"Crescente";"Chuva";"Simples";"Reta";"Não";1;0;0;1;0;0;1;1;-25,41205304;-50,60882207;"SPRF-PR";"DEL03-PR";"UOP02-DEL08-PR"
257559;2019-12-21;"sábado";"00:35:00";"SC";101;100;"BALNEARIO PICARRAS";"Ingestão de Álcool";"Saída de leito carroçável";"Sem Vítimas";"Plena Noite";"Crescente";"Nublado";"Dupla";"Reta";"Não";1;0;0;0;1;0;0;1;-26,75482787;-48,68993675;"SPRF-SC";"DEL03-SC";"UOP02-DEL03-SC"
257560;2019-12-20;"sexta-feira";"22:30:00";"RR";174;704,5;"PACARAIMA";"Desobediência às normas de trânsito pelo pedestre";"Atropelamento de Pedestre";"Com Vítimas Fatais";"Plena Noite";"Crescente";"Céu Claro";"Simples";"Reta";"Não";2;1;0;0;0;1;0;2;4,424421;-61,145256;"SPRF-RR";"DEL01-RR";"UOP02-DEL01-RR"
257561;2019-12-21;"sábado";"00:10:00";"BA";324;602;"SIMOES FILHO";"Falta de Atenção à Condução";"Colisão com objeto estático";"Com Vítimas Feridas";"Plena Noite";"Crescente";"Céu Claro";"Dupla";"Aclive";"Não";8;0;3;0;5;0;3;2;-12,77259164;-38,4194617;"SPRF-BA";"DEL01-BA";"UOP01-DEL01-BA"
257563;2019-12-21;"sábado";"00:30:00";"PA";163;1004,1;"SANTAREM";"Desobediência às normas de trânsito pelo condutor";"Colisão traseira";"Com Vítimas Feridas";"Plena Noite";"Decrescente";"Nublado";"Dupla";"Reta";"Sim";2;0;1;0;1;0;1;2;-2,43763905;-54,7331357;"SPRF-PA";"DEL05-PA";"UOP01-DEL05-PA"
257564;2019-12-20;"sexta-feira";"20:00:00";"RS";290;300;"CACAPAVA DO SUL";"Desobediência às normas de trânsito pelo condutor";"Colisão frontal";"Com Vítimas Feridas";"Anoitecer";"Crescente";"Nublado";"Simples";"Reta";"Não";2;0;1;0;1;0;1;2;-30,317604;-53,207886;"SPRF-RS";"DEL09-RS";"UOP02-DEL09-RS"
257565;2019-12-20;"sexta-feira";"23:50:00";"PB";230;48,8;"SANTA RITA";"Restrição de Visibilidade";"Saída de leito carroçável";"Com Vítimas Feridas";"Plena Noite";"Decrescente";"Chuva";"Dupla";"Reta";"Não";3;0;2;0;1;0;2;1;-7,17406344;-35,0382061;"SPRF-PB";"DEL01-PB";"UOP03-DEL01-PB"
257566;2019-12-21;"sábado";"00:30:00";"SC";101;133;"BALNEARIO CAMBORIU";"Falta de Atenção à Condução";"Colisão traseira";"Sem Vítimas";"Plena Noite";"Crescente";"Céu Claro";"Múltipla";"Reta";"Sim";2;0;0;0;2;0;0;2;-26,99936;-48,64609;"SPRF-SC";"DEL04-SC";"UOP03-DEL04-SC"
257568;2019-12-21;"sábado";"00:15:00";"MG";50;119,4;"UBERABA";"Falta de Atenção à Condução";"Saída de leito carroçável";"Com Vítimas Feridas";"Plena Noite";"Crescente";"Chuva";"Dupla";"Reta";"Não";4;0;4;0;0;0;4;1;-19,29969201;-48,11376802;"SPRF-MG";"DEL13-MG";"UOP01-DEL13-MG"
257569;2019-12-20;"sexta-feira";"23:20:00";"MG";116;127,8;"ITAOBIM";"Defeito Mecânico no Veículo";"Saída de leito carroçável";"Com Vítimas Feridas";"Plena Noite";"Decrescente";"Céu Claro";"Simples";"Curva";"Não";1;0;1;0;0;0;1;1;-16,66258498;-41,5023964;"SPRF-MG";"DEL11-MG";"UOP02-DEL11-MG"
257570;2019-12-21;"sábado";"00:30:00";"PR";376;56,5;"LOANDA";"Falta de Atenção à Condução";"Colisão traseira";"Com Vítimas Feridas";"Plena Noite";"Decrescente";"Nublado";"Simples";"Reta";"Não";3;0;2;0;1;0;2;2;-22,923017;-52,868316;"SPRF-PR";"DEL07-PR";"UOP02-DEL09-PR"
257573;2019-12-20;"sexta-feira";"22:50:00";"SP";116;462;"PARIQUERA-ACU";"Falta de Atenção do Pedestre";"Atropelamento de Pedestre";"Com Vítimas Fatais";"Plena Noite";"Decrescente";"Nublado";"Dupla";"Reta";"Sim";5;1;4;0;0;0;4;3;-24,6228914;-47,89579562;"SPRF-SP";"DEL05-SP";"UOP01-DEL05-SP"
257574;2019-12-20;"sexta-feira";"21:00:00";"SP";116;456;"REGISTRO";"Falta de Atenção do Pedestre";"Atropelamento de Pedestre";"Com Vítimas Feridas";"Plena Noite";"Decrescente";"Céu Claro";"Dupla";"Reta";"Não";2;0;0;1;0;1;1;2;-24,580349;-47,88461;"SPRF-SP";"DEL05-SP";"UOP01-DEL05-SP"
257575;2019-12-21;"sábado";"01:25:00";"RS";153;46,3;"ERECHIM";"Desobediência às normas de trânsito pelo condutor";"Colisão lateral";"Sem Vítimas";"Plena Noite";"Decrescente";"Nublado";"Simples";"Reta";"Sim";2;0;0;0;1;1;0;2;-27,63704089;-52,2399044;"SPRF-RS";"DEL08-RS";"UOP04-DEL08-RS"
257578;2019-12-20;"sexta-feira";"23:08:00";"PR";369;509,5;"CASCAVEL";"Desobediência às normas de trânsito pelo condutor";"Saída de leito carroçável";"Com Vítimas Feridas";"Plena Noite";"Decrescente";"Garoa/Chuvisco";"Simples";"Reta";"Não";1;0;1;0;0;0;1;1;-24,8498;-53,3253;"SPRF-PR";"DEL04-PR";"UOP01-DEL04-PR"
257579;2019-12-21;"sábado";"00:30:00";"PR";277;171,2;"PALMEIRA";"Falta de Atenção à Condução";"Saída de leito carroçável";"Com Vítimas Feridas";"Plena Noite";"Crescente";"Nevoeiro/Neblina";"Simples";"Reta";"Sim";1;0;1;0;0;0;1;1;-25,43529122;-50,01410007;"SPRF-PR";"DEL01-PR";"UOP06-DEL01-PR"
257580;2019-12-21;"sábado";"01:40:00";"SP";116;74,7;"APARECIDA";"Defeito Mecânico no Veículo";"Incêndio";"Sem Vítimas";"Plena Noite";"Decrescente";"Céu Claro";"Dupla";"Reta";"Sim";4;0;0;0;4;0;0;1;-22,87353809;-45,25320023;"SPRF-SP";"DEL06-SP";"UOP01-DEL06-SP"
257581;2019-12-20;"sexta-feira";"23:30:00";"RO";364;436;"JARU";"Ingestão de Álcool";"Atropelamento de Pedestre";"Com Vítimas Fatais";"Plena Noite";"Decrescente";"Céu Claro";"Simples";"Declive;Reta";"Não";3;1;0;0;1;1;0;3;-10,37739925;-62,55303028;"SPRF-RO";"DEL03-RO";"UOP02-DEL03-RO"
257582;2019-12-21;"sábado";"02:20:00";"SC";470;66,4;"INDAIAL";"Falta de Atenção à Condução";"Colisão com objeto estático";"Sem Vítimas";"Plena Noite";"Decrescente";"Nublado";"Simples";"Curva";"Não";1;0;0;0;0;1;0;1;-26,870407;-49,221844;"SPRF-SC";"DEL04-SC";"UOP01-DEL04-SC"
257583;2019-12-21;"sábado";"02:15:00";"MG";40;474,3;"SETE LAGOAS";"Condutor Dormindo";"Saída de leito carroçável";"Com Vítimas Feridas";"Plena Noite";"Decrescente";"Chuva";"Dupla";"Curva";"Sim";3;0;1;2;0;0;3;1;-19,501837;-44,275901;"SPRF-MG";"DEL02-MG";"UOP01-DEL02-MG"
257584;2019-12-21;"sábado";"02:20:00";"SP";153;269,8;"MARILIA";"Ingestão de Álcool";"Colisão com objeto estático";"Sem Vítimas";"Plena Noite";"Crescente";"Chuva";"Simples";"Ponte";"Não";4;0;0;0;4;0;0;1;-22,339186;-49,89894098;"SPRF-SP";"DEL07-SP";"UOP02-DEL07-SP"
257585;2019-12-20;"sexta-feira";"14:00:00";"RJ";356;64,4;"ITAPERUNA";"Falta de Atenção à Condução";"Capotamento";"Com Vítimas Feridas";"Pleno dia";"Decrescente";"Céu Claro";"Simples";"Curva";"Não";1;0;1;0;0;0;1;1;-21,341824;-41,71171;"SPRF-RJ";"DEL08-RJ";"UOP03-DEL08-RJ"
257586;2019-12-21;"sábado";"03:00:00";"RJ";116;176,8;"NOVA IGUACU";"Ingestão de Álcool";"Colisão traseira";"Com Vítimas Fatais";"Plena Noite";"Decrescente";"Céu Claro";"Múltipla";"Reta";"Sim";4;1;1;1;1;0;2;2;-22,7839538;-43,38195488;"SPRF-RJ";"DEL01-RJ";"UOP02-DEL01-RJ"
257588;2019-12-21;"sábado";"03:10:00";"SC";101;354;"SANGAO";"Ingestão de Álcool";"Colisão com objeto estático";"Sem Vítimas";"Plena Noite";"Decrescente";"Céu Claro";"Dupla";"Reta";"Sim";1;0;0;0;1;0;0;1;-28,62418829;-49,07907445;"SPRF-SC";"DEL02-SC";"UOP01-DEL02-SC"
257589;2019-12-21;"sábado";"03:30:00";"SP";116;67,7;"GUARATINGUETA";"Falta de Atenção à Condução";"Colisão traseira";"Com Vítimas Feridas";"Pleno dia";"Crescente";"Nublado";"Dupla";"Reta";"Não";2;0;1;0;1;0;1;2;-22,82867578;-45,2088941;"SPRF-SP";"DEL08-SP";"UOP01-DEL08-SP"
257590;2019-12-21;"sábado";"03:30:00";"SP";381;8;"VARGEM";"Falta de Atenção à Condução";"Colisão traseira";"Sem Vítimas";"Plena Noite";"Decrescente";"Céu Claro";"Dupla";"Reta";"Não";2;0;0;0;2;0;0;2;-22,9135528;-46,42676441;"SPRF-SP";"DEL03-SP";"UOP01-DEL03-SP"
257591;2019-12-21;"sábado";"03:30:00";"RS";386;298,9;"POUSO NOVO";"Objeto estático sobre o leito carroçável";"Colisão com objeto estático";"Com Vítimas Feridas";"Plena Noite";"Decrescente";"Nublado";"Simples";"Reta";"Não";4;0;4;0;0;0;4;1;-29,16051852;-52,22515514;"SPRF-RS";"DEL04-RS";"UOP01-DEL04-RS"
257592;2019-12-21;"sábado";"02:00:00";"PR";369;175;"ROLANDIA";"Desobediência às normas de trânsito pelo condutor";"Colisão transversal";"Sem Vítimas";"Plena Noite";"Crescente";"Chuva";"Simples";"Interseção de Vias";"Não";2;0;0;0;2;0;0;2;-23,3368289;-51,3883245;"SPRF-PR";"DEL07-PR";"UOP01-DEL07-PR"
257593;2019-12-21;"sábado";"02:00:00";"PR";277;514,4;"GUARANIACU";"Ingestão de Álcool";"Tombamento";"Com Vítimas Feridas";"Plena Noite";"Crescente";"Nublado";"Simples";"Curva";"Não";2;0;2;0;0;0;2;1;-25,12139149;-52,79564198;"SPRF-PR";"DEL04-PR";"UOP04-DEL04-PR"
257594;2019-12-21;"sábado";"04:00:00";"RS";116;263;"CANOAS";"Falta de Atenção à Condução";"Colisão com objeto estático";"Com Vítimas Feridas";"Plena Noite";"Decrescente";"Nublado";"Dupla";"Reta";"Sim";3;0;1;0;2;0;1;2;-29,98582846;-51,16762552;"SPRF-RS";"DEL01-RS";"UOP01-DEL01-RS"
257595;2019-12-21;"sábado";"04:20:00";"SC";470;66,8;"INDAIAL";"Velocidade Incompatível";"Saída de leito carroçável";"Com Vítimas Feridas";"Plena Noite";"Crescente";"Nublado";"Simples";"Interseção de Vias";"Sim";1;0;0;1;0;0;1;1;-26,870407;-49,221844;"SPRF-SC";"DEL04-SC";"UOP01-DEL04-SC"
257596;2019-12-21;"sábado";"01:50:00";"SC";282;384,6;"JOACABA";"Falta de Atenção à Condução";"Colisão com objeto estático";"Com Vítimas Feridas";"Plena Noite";"Decrescente";"Céu Claro";"Simples";"Curva";"Não";1;0;1;0;0;0;1;1;-27,20299;-51,515095;"SPRF-SC";"DEL07-SC";"UOP05-DEL07-SC"
257599;2019-12-21;"sábado";"04:10:00";"SP";116;446,7;"REGISTRO";"Falta de Atenção à Condução";"Saída de leito carroçável";"Com Vítimas Feridas";"Plena Noite";"Decrescente";"Nevoeiro/Neblina";"Dupla";"Reta";"Sim";2;0;1;0;1;0;1;1;-24,50467087;-47,84772743;"SPRF-SP";"DEL05-SP";"UOP01-DEL05-SP"
257600;2019-12-21;"sábado";"04:50:00";"RS";470;155;"NOVA PRATA";"Velocidade Incompatível";"Colisão traseira";"Com Vítimas Feridas";"Amanhecer";"Crescente";"Céu Claro";"Simples";"Reta";"Sim";2;0;2;0;0;0;2;2;-28,78243906;-51,61511825;"SPRF-RS";"DEL06-RS";"UOP02-DEL06-RS"
257601;2019-12-21;"sábado";"02:20:00";"PB";230;476;"MARIZOPOLIS";"Ingestão de Álcool";"Saída de leito carroçável";"Com Vítimas Feridas";"Plena Noite";"Decrescente";"Céu Claro";"Simples";"Curva";"Não";1;0;0;1;0;0;1;1;-6,842333;-38,319363;"SPRF-PB";"DEL03-PB";"UOP03-DEL03-PB"
257603;2019-12-21;"sábado";"00:40:00";"MG";381;209,8;"NAQUE";"Falta de Atenção do Pedestre";"Atropelamento de Pedestre";"Com Vítimas Fatais";"Plena Noite";"Decrescente";"Céu Claro";"Simples";"Reta";"Não";3;1;0;0;2;0;0;2;-19,2217212;-42,3220738;"SPRF-MG";"DEL06-MG";"UOP01-DEL06-MG"
257604;2019-12-21;"sábado";"05:15:00";"RS";116;310,4;"GUAIBA";"Condutor Dormindo";"Colisão frontal";"Com Vítimas Fatais";"Amanhecer";"Crescente";"Nublado";"Simples";"Reta";"Não";9;1;1;4;2;1;5;3;-30,20082914;-51,40020449;"SPRF-RS";"DEL02-RS";"UOP01-DEL02-RS"
257606;2019-12-21;"sábado";"04:30:00";"PR";369;163;"CAMBE";"Falta de Atenção à Condução";"Colisão traseira";"Com Vítimas Feridas";"Plena Noite";"Crescente";"Chuva";"Dupla";"Reta";"Não";3;0;1;0;1;1;1;2;-23,29707456;-51,27587557;"SPRF-PR";"DEL07-PR";"UOP01-DEL07-PR"
257608;2019-12-21;"sábado";"05:00:00";"MG";50;148,7;"UBERABA";"Falta de Atenção à Condução";"Saída de leito carroçável";"Com Vítimas Feridas";"Amanhecer";"Crescente";"Garoa/Chuvisco";"Dupla";"Reta";"Não";2;0;2;0;0;0;2;1;-19,54676795;-48,03584554;"SPRF-MG";"DEL13-MG";"UOP01-DEL13-MG"
257610;2019-12-21;"sábado";"06:10:00";"SC";470;57;"BLUMENAU";"Falta de Atenção à Condução";"Colisão lateral";"Com Vítimas Feridas";"Pleno dia";"Decrescente";"Sol";"Simples";"Reta";"Não";3;0;0;1;2;0;1;3;-26,880428;-49,136532;"SPRF-SC";"DEL04-SC";"UOP01-DEL04-SC"
257612;2019-12-21;"sábado";"06:30:00";"ES";101;266;"SERRA";"Falta de Atenção à Condução";"Colisão transversal";"Com Vítimas Feridas";"Pleno dia";"Crescente";"Céu Claro";"Dupla";"Reta;Interseção de Vias";"Sim";2;0;1;0;1;0;1;2;-20,190199;-40,26828891;"SPRF-ES";"DEL02-ES";"UOP01-DEL02-ES"
257613;2019-12-21;"sábado";"04:00:00";"RO";319;62;"PORTO VELHO";"Falta de Atenção à Condução";"Atropelamento de Pedestre";"Com Vítimas Feridas";"Plena Noite";"Decrescente";"Céu Claro";"Múltipla";"Reta";"Sim";2;0;1;0;1;0;1;2;-8,766685;-63,884052;"SPRF-RO";"DEL01-RO";"UOP01-DEL01-RO"
257614;2019-12-21;"sábado";"06:30:00";"MG";381;912,8;"CAMANDUCAIA";"Falta de Atenção à Condução";"Capotamento";"Com Vítimas Feridas";"Pleno dia";"Decrescente";"Chuva";"Dupla";"Curva";"Não";2;0;1;0;1;0;1;1;-22,74838439;-46,1396147;"SPRF-MG";"DEL16-MG";"UOP03-DEL16-MG"
257615;2019-12-21;"sábado";"05:15:00";"PR";277;108;"CAMPO LARGO";"Velocidade Incompatível";"Saída de leito carroçável";"Com Vítimas Feridas";"Amanhecer";"Crescente";"Nublado";"Dupla";"Curva";"Não";2;0;2;0;0;0;2;1;-25,46337891;-49,35755379;"SPRF-PR";"DEL01-PR";"UOP06-DEL01-PR"
257616;2019-12-21;"sábado";"06:30:00";"PR";376;169,7;"MARINGA";"Desobediência às normas de trânsito pelo condutor";"Colisão transversal";"Com Vítimas Feridas";"Pleno dia";"Crescente";"Chuva";"Dupla";"Retorno Regulamentado";"Sim";2;0;0;1;1;0;1;2;-23,403436;-51,996457;"SPRF-PR";"DEL07-PR";"UOP01-DEL09-PR"
257617;2019-12-21;"sábado";"06:10:00";"SC";101;205;"SAO JOSE";"Condutor Dormindo";"Saída de leito carroçável";"Com Vítimas Feridas";"Amanhecer";"Decrescente";"Céu Claro";"Dupla";"Reta";"Sim";1;0;1;0;0;0;1;1;-27,58313237;-48,61532885;"SPRF-SC";"DEL01-SC";"UOP01-DEL01-SC"
257618;2019-12-21;"sábado";"05:50:00";"SC";101;420,9;"ARARANGUA";"Ingestão de Álcool";"Colisão traseira";"Sem Vítimas";"Pleno dia";"Crescente";"Céu Claro";"Dupla";"Reta";"Sim";2;0;0;0;2;0;0;2;-28,99380392;-49,55081408;"SPRF-SC";"DEL02-SC";"UOP02-DEL02-SC"