"id";"data_inversa";"dia_semana";"horario";"uf";"br";"km";"municipio";"causa_acidente";"tipo_acidente";"classificacao_acidente";"fase_dia";"sentido_via";"condicao_metereologica";"tipo_pista";"tracado_via";"uso_solo";"pessoas";"mortos";"feridos_leves";"feridos_graves";"ilesos";"ignorados";"feridos";"veiculos";"latitude";"longitude";"regional";"delegacia";"uop"
257825;2019-12-21;"sábado";"19:50:00";"MG";381;485;"BETIM";"Falta de Atenção à Condução";"Capotamento";"Com Vítimas Feridas";"Plena Noite";"Crescente";"Céu Claro";"Dupla";"Reta";"Sim";2;0;1;0;1;0;1;1;-19,95659361;-44,12622893;"SPRF-MG";"DEL01-MG";"UOP03-DEL01-MG"
257827;2019-12-21;"sábado";"20:20:00";"BA";110;299;"INHAMBUPE";"Falta de Atenção à Condução";"Colisão frontal";"Com Vítimas Fatais";"Plena Noite";"Crescente";"Céu Claro";"Simples";"Reta";"Sim";3;1;0;1;1;0;1;2;-11,81959015;-38,35715717;"SPRF-BA";"DEL01-BA";"UOP04-DEL01-BA"
257828;2019-12-21;"sábado";"20:00:00";"GO";60;381;"RIO VERDE";"Pista Escorregadia";"Saída de leito carroçável";"Sem Vítimas";"Plena Noite";"Crescente";"Chuva";"Dupla";"Reta";"Sim";1;0;0;0;0;1;0;1;-17,7727;-50,8862;"SPRF-GO";"DEL04-GO";"UOP01-DEL04-GO"
257832;2019-12-21;"sábado";"21:00:00";"MG";40;631;"CONSELHEIRO LAFAIETE";"Falta de Atenção à Condução";"Colisão transversal";"Com Vítimas Feridas";"Plena Noite";"Decrescente";"Céu Claro";"Simples";"Reta";"Não";2;0;1;0;1;0;1;2;-20,65824152;-43,80259134;"SPRF-MG";"DEL05-MG";"UOP02-DEL05-MG"
257834;2019-12-21;"sábado";"21:33:00";"SP";116;219;"GUARULHOS";"Falta de Atenção à Condução";"Queda de ocupante de veículo";"Com Vítimas Feridas";"Pleno dia";"Crescente";"Nublado";"Múltipla";"Reta";"Sim";2;0;0;1;0;1;1;2;-23,46143954;-46,48885316;"SPRF-SP";"DEL01-SP";"UOP01-DEL01-SP"
257836;2019-12-21;"sábado";"20:01:00";"MG";50;0;"ARAGUARI";"Falta de Atenção à Condução";"Saída de leito carroçável";"Com Vítimas Feridas";"Plena Noite";"Decrescente";"Garoa/Chuvisco";"Dupla";"Curva";"Não";2;0;1;0;1;0;1;1;-18,42432;-48,068207;"SPRF-MG";"DEL15-MG";"UOP02-DEL15-MG"
257837;2019-12-21;"sábado";"20:50:00";"ES";259;105;"BAIXO GUANDU";"Ultrapassagem Indevida";"Capotamento";"Com Vítimas Feridas";"Plena Noite";"Crescente";"Céu Claro";"Simples";"Reta";"Não";1;0;1;0;0;0;1;1;-19,50792605;-41,03435442;"SPRF-ES";"DEL02-ES";"UOP01-DEL02-ES"
257839;2019-12-21;"sábado";"20:30:00";"SC";470;15,4;"ILHOTA";"Desobediência às normas de trânsito pelo condutor";"Colisão frontal";"Sem Vítimas";"Plena Noite";"Crescente";"Nublado";"Simples";"Reta";"Não";5;0;0;0;5;0;0;5;-26,839785;-48,785534;"SPRF-SC";"DEL04-SC";"UOP04-DEL04-SC"
257840;2019-12-21;"sábado";"21:00:00";"PE";101;60,4;"RECIFE";"Falta de Atenção à Condução";"Colisão transversal";"Com Vítimas Feridas";"Plena Noite";"Decrescente";"Vento";"Múltipla";"Reta";"Não";3;0;2;0;0;1;2;2;-7,98344307;-34,93176727;"SPRF-PE";"DEL01-PE";"UOP02-DEL01-PE"
257841;2019-12-21;"sábado";"21:30:00";"PR";373;174;"PONTA GROSSA";"Velocidade Incompatível";"Colisão transversal";"Com Vítimas Feridas";"Plena Noite";"Decrescente";"Céu Claro";"Dupla";"Reta;Retorno Regulamentado";"Sim";2;0;1;0;1;0;1;2;-25,07594908;-50,20995715;"SPRF-PR";"DEL03-PR";"UOP01-DEL03-PR"
257843;2019-12-21;"sábado";"20:10:00";"RO";364;242,7;"CACOAL";"Velocidade Incompatível";"Colisão com objeto estático";"Sem Vítimas";"Plena Noite";"Decrescente";"Chuva";"Simples";"Declive;Reta";"Sim";1;0;0;0;0;1;0;1;-11,44084787;-61,48767999;"SPRF-RO";"DEL02-RO";"UOP02-DEL02-RO"
257844;2019-12-21;"sábado";"19:30:00";"RJ";116;177;"NOVA IGUACU";"Defeito Mecânico no Veículo";"Incêndio";"Sem Vítimas";"Plena Noite";"Crescente";"Céu Claro";"Múltipla";"Reta";"Sim";1;0;0;0;1;0;0;1;-22,78055198;-43,39208599;"SPRF-RJ";"DEL01-RJ";"UOP02-DEL01-RJ"
257845;2019-12-21;"sábado";"21:55:00";"SP";488;3,5;"APARECIDA";"Falta de Atenção do Pedestre";"Atropelamento de Pedestre";"Com Vítimas Feridas";"Plena Noite";"Decrescente";"Céu Claro";"Dupla";"Reta";"Sim";2;0;0;1;1;0;1;2;-22,855059;-45,243423;"SPRF-SP";"DEL08-SP";"UOP01-DEL08-SP"
257846;2019-12-21;"sábado";"20:40:00";"ES";101;90,1;"JAGUARE";"Desobediência às normas de trânsito pelo condutor";"Colisão frontal";"Com Vítimas Feridas";"Plena Noite";"Crescente";"Céu Claro";"Dupla";"Interseção de Vias";"Sim";2;0;1;0;1;0;1;2;-18,89806708;-39,95602283;"SPRF-ES";"DEL04-ES";"UOP02-DEL04-ES"
257847;2019-12-21;"sábado";"22:20:00";"PR";376;233,7;"APUCARANA";"Animais na Pista";"Atropelamento de Animal";"Com Vítimas Fatais";"Plena Noite";"Crescente";"Céu Claro";"Simples";"Em Obras;Declive;Curva";"Não";3;1;0;0;2;0;0;2;-23,57498045;-51,49682129;"SPRF-PR";"DEL07-PR";"UOP03-DEL07-PR"
257848;2019-12-21;"sábado";"20:50:00";"SC";158;135;"PALMITOS";"Ingestão de Álcool";"Saída de leito carroçável";"Com Vítimas Feridas";"Plena Noite";"Decrescente";"Céu Claro";"Simples";"Aclive;Curva";"Não";1;0;0;1;0;0;1;1;-27,07748969;-53,22999023;"SPRF-SC";"DEL07-SC";"UOP02-DEL07-SC"
257849;2019-12-21;"sábado";"22:20:00";"GO";60;381;"RIO VERDE";"Falta de Atenção à Condução";"Saída de leito carroçável";"Sem Vítimas";"Plena Noite";"Decrescente";"Chuva";"Dupla";"Reta";"Sim";1;0;0;0;0;1;0;1;-17,7727;-50,8862;"SPRF-GO";"DEL04-GO";"UOP01-DEL04-GO"
257850;2019-12-21;"sábado";"19:40:00";"AP";210;2,5;"MACAPA";"Ingestão de Álcool";"Colisão traseira";"Sem Vítimas";"Plena Noite";"Decrescente";"Céu Claro";"Múltipla";"Reta";"Sim";2;0;0;0;2;0;0;2;0,08282017;-51,07776189;"SPRF-AP";"DEL01-AP";"UOP01-DEL01-AP"
257851;2019-12-21;"sábado";"22:10:00";"PE";101;73,7;"RECIFE";"Desobediência às normas de trânsito pelo condutor";"Colisão traseira";"Com Vítimas Feridas";"Plena Noite";"Crescente";"Nublado";"Dupla";"Curva";"Sim";2;0;1;0;1;0;1;2;-8,093369;-34,947464;"SPRF-PE";"DEL01-PE";"UOP01-DEL01-PE"
257853;2019-12-21;"sábado";"20:30:00";"PE";101;98,7;"CABO DE SANTO AGOSTINHO";"Velocidade Incompatível";"Colisão traseira";"Com Vítimas Feridas";"Plena Noite";"Decrescente";"Céu Claro";"Dupla";"Reta";"Sim";3;0;2;0;0;1;2;2;-8,25653422;-35,03811793;"SPRF-PE";"DEL01-PE";"UOP03-DEL01-PE"
257854;2019-12-21;"sábado";"22:30:00";"RJ";101;512;"ANGRA DOS REIS";"Desobediência às normas de trânsito pelo condutor";"Colisão frontal";"Com Vítimas Feridas";"Plena Noite";"Decrescente";"Garoa/Chuvisco";"Simples";"Reta";"Não";2;0;0;2;0;0;2;2;-22,96909;-44,44151;"SPRF-RJ";"DEL03-RJ";"UOP02-DEL03-RJ"
257855;2019-12-21;"sábado";"23:05:00";"SE";235;11;"NOSSA SENHORA DO SOCORRO";"Animais na Pista";"Atropelamento de Animal";"Com Vítimas Feridas";"Plena Noite";"Crescente";"Céu Claro";"Simples";"Curva;Aclive";"Não";1;0;1;0;0;0;1;1;-10,877883;-37,156052;"SPRF-SE";"DEL01-SE";"UOP01-DEL01-SE"
257856;2019-12-21;"sábado";"21:20:00";"MA";222;337;"IGARAPE DO MEIO";"Falta de Atenção do Pedestre";"Atropelamento de Pedestre";"Com Vítimas Fatais";"Plena Noite";"Decrescente";"Céu Claro";"Simples";"Reta";"Não";2;1;0;0;0;1;0;2;-3,63983835;-45,18427681;"SPRF-MA";"DEL02-MA";"UI04-DEL02-MA"
257857;2019-12-21;"sábado";"22:00:00";"RJ";493;0;"ITABORAI";"Falta de Atenção à Condução";"Colisão traseira";"Com Vítimas Feridas";"Plena Noite";"Crescente";"Céu Claro";"Simples";"Reta";"Não";2;0;1;0;1;0;1;2;-22,76968214;-42,92259693;"SPRF-RJ";"DEL02-RJ";"UOP02-DEL02-RJ"
257858;2019-12-21;"sábado";"23:15:00";"RN";101;116,9;"SAO JOSE DE MIPIBU";"Falta de Atenção à Condução";"Colisão traseira";"Com Vítimas Feridas";"Plena Noite";"Decrescente";"Céu Claro";"Dupla";"Reta";"Não";4;0;3;0;1;0;3;2;-6,00474313;-35,25797009;"SPRF-RN";"DEL01-RN";"UOP01-DEL01-RN"
257859;2019-12-21;"sábado";"20:25:00";"SC";101;277,1;"IMBITUBA";"Ingestão de Álcool";"Colisão com objeto estático";"Com Vítimas Feridas";"Plena Noite";"Crescente";"Nublado";"Múltipla";"Reta";"Sim";2;0;0;1;0;1;1;2;-28,15478103;-48,69265474;"SPRF-SC";"DEL02-SC";"UOP03-DEL02-SC"
257860;2019-12-21;"sábado";"23:00:00";"PR";153;117,6;"IBAITI";"Falta de Atenção à Condução";"Colisão com objeto estático";"Com Vítimas Feridas";"Plena Noite";"Decrescente";"Nublado";"Simples";"Curva";"Não";1;0;0;1;0;0;1;1;-23,91126713;-50,21127388;"SPRF-PR";"DEL07-PR";"UOP04-DEL07-PR"
257861;2019-12-21;"sábado";"23:30:00";"MG";381;919;"CAMANDUCAIA";"Velocidade Incompatível";"Saída de leito carroçável";"Com Vítimas Feridas";"Plena Noite";"Decrescente";"Chuva";"Dupla";"Curva";"Não";1;0;1;0;0;0;1;1;-22,76098617;-46,16077423;"SPRF-MG";"DEL16-MG";"UOP03-DEL16-MG"
257862;2019-12-21;"sábado";"23:30:00";"PR";369;43,8;"ANDIRA";"Animais na Pista";"Atropelamento de Animal";"Sem Vítimas";"Plena Noite";"Crescente";"Nublado";"Simples";"Curva";"Não";1;0;0;0;1;0;0;1;-23,083468;-50,27477;"SPRF-PR";"DEL07-PR";"UOP05-DEL07-PR"
257863;2019-12-21;"sábado";"22:15:00";"SC";101;441,9;"SANTA ROSA DO SUL";"Falta de Atenção do Pedestre";"Atropelamento de Pedestre";"Com Vítimas Feridas";"Plena Noite";"Decrescente";"Ignorado";"Simples";"Interseção de Vias";"Sim";2;0;0;2;0;0;2;2;-29,12676736;-49,67703089;"SPRF-SC";"DEL02-SC";"UOP02-DEL02-SC"
257864;2019-12-21;"sábado";"19:35:00";"MT";364;255;"JUSCIMEIRA";"Falta de Atenção à Condução";"Tombamento";"Com Vítimas Feridas";"Plena Noite";"Decrescente";"Ignorado";"Dupla";"Reta";"Não";1;0;1;0;0;0;1;1;-16,08098188;-54,8728077;"SPRF-MT";"DEL02-MT";"UOP01-DEL02-MT"
257866;2019-12-21;"sábado";"18:55:00";"RN";304;30;"MOSSORO";"Ingestão de Álcool";"Queda de ocupante de veículo";"Com Vítimas Feridas";"Plena Noite";"Decrescente";"Céu Claro";"Simples";"Reta";"Não";1;0;0;1;0;0;1;1;-5,11703801;-37,34100094;"SPRF-RN";"DEL04-RN";"UOP02-DEL04-RN"
257867;2019-12-21;"sábado";"23:20:00";"SC";280;126,4;"RIO NEGRINHO";"Ingestão de Álcool";"Colisão traseira";"Com Vítimas Feridas";"Plena Noite";"Decrescente";"Céu Claro";"Simples";"Reta";"Não";4;0;1;0;3;0;1;2;-26,23779604;-49,49427399;"SPRF-SC";"DEL06-SC";"UOP03-DEL06-SC"
257869;2019-12-21;"sábado";"19:35:00";"SC";101;127;"ITAJAI";"Falta de Atenção à Condução";"Atropelamento de Pedestre";"Com Vítimas Feridas";"Plena Noite";"Decrescente";"Garoa/Chuvisco";"Dupla";"Reta";"Não";3;0;0;3;0;0;3;2;-26,9639319;-48,68328024;"SPRF-SC";"DEL04-SC";"UOP04-DEL04-SC"
257870;2019-12-21;"sábado";"22:15:00";"PR";277;230,5;"FERNANDES PINHEIRO";"Ingestão de Álcool";"Colisão lateral";"Com Vítimas Feridas";"Plena Noite";"Decrescente";"Nublado";"Simples";"Reta;Declive";"Não";2;0;1;0;1;0;1;2;-25,464564655;-50,5419336632;"SPRF-PR";"DEL03-PR";"UOP02-DEL08-PR"
257871;2019-12-21;"sábado";"16:40:00";"SC";470;107,9;"APIUNA";"Falta de Atenção à Condução";"Colisão frontal";"Com Vítimas Fatais";"Pleno dia";"Crescente";"Chuva";"Simples";"Reta";"Não";10;2;0;8;0;0;8;2;-27,077623;-49,43145;"SPRF-SC";"DEL04-SC";"UOP02-DEL04-SC"
257872;2019-12-22;"domingo";"00:50:00";"PR";376;137;"NOVA ESPERANCA";"Ingestão de álcool e/ou substâncias psicoativas pelo pedestre";"Saída de leito carroçável";"Sem Vítimas";"Plena Noite";"Decrescente";"Nevoeiro/Neblina";"Dupla";"Curva";"Sim";1;0;0;0;0;1;0;1;-23,21631106;-52,18536405;"SPRF-PR";"DEL07-PR";"UOP02-DEL09-PR"
257873;2019-12-21;"sábado";"23:40:00";"CE";116;24,2;"AQUIRAZ";"Ingestão de Álcool";"Colisão traseira";"Com Vítimas Feridas";"Plena Noite";"Decrescente";"Céu Claro";"Múltipla";"Reta";"Não";2;0;1;0;0;1;1;2;-3,95797982;-38,5131124;"SPRF-CE";"DEL01-CE";"UOP02-DEL01-CE"
257874;2019-12-21;"sábado";"23:30:00";"SP";153;4;"ICEM";"Deficiência ou não Acionamento do Sistema de Iluminação/Sinalização do Veículo";"Colisão lateral";"Com Vítimas Feridas";"Plena Noite";"Decrescente";"Céu Claro";"Simples";"Reta";"Não";3;0;1;0;2;0;1;2;-20,33929295;-49,21469826;"SPRF-SP";"DEL09-SP";"UOP01-DEL09-SP"
257876;2019-12-22;"domingo";"00:10:00";"ES";447;12,7;"VILA VELHA";"Falta de Atenção à Condução";"Colisão lateral";"Com Vítimas Feridas";"Plena Noite";"Crescente";"Céu Claro";"Dupla";"Retorno Regulamentado";"Sim";2;0;1;0;0;1;1;2;-20,35784325;-40,3328294;"SPRF-ES";"DEL01-ES";"UOP01-DEL01-ES"
257877;2019-12-22;"domingo";"00:35:00";"TO";226;1;"AGUIARNOPOLIS";"Ultrapassagem Indevida";"Colisão com objeto estático";"Com Vítimas Feridas";"Plena Noite";"Decrescente";"Céu Claro";"Simples";"Declive";"Sim";2;0;2;0;0;0;2;1;-6,561846;-47,467415;"SPRF-TO";"DEL02-TO";"UOP03-DEL02-TO"
257880;2019-12-22;"domingo";"00:30:00";"MG";365;168;"BURITIZEIRO";"Falta de Atenção à Condução";"Colisão traseira";"Com Vítimas Feridas";"Plena Noite";"Crescente";"Céu Claro";"Simples";"Reta";"Não";3;0;1;0;2;0;1;3;-17,38542984;-44,98850414;"SPRF-MG";"DEL12-MG";"UOP01-DEL12-MG"
257882;2019-12-21;"sábado";"22:15:00";"MG";40;506;"RIBEIRAO DAS NEVES";"Condutor Dormindo";"Colisão traseira";"Com Vítimas Feridas";"Plena Noite";"Decrescente";"Nublado";"Dupla";"Reta";"Sim";2;0;0;1;1;0;1;2;-19,74716686;-44,14731173;"SPRF-MG";"DEL02-MG";"UOP01-DEL02-MG"
257886;2019-12-22;"domingo";"00:30:00";"CE";116;6,8;"FORTALEZA";"Ingestão de Álcool";"Colisão lateral";"Sem Vítimas";"Plena Noite";"Crescente";"Nublado";"Dupla";"Reta";"Sim";2;0;0;0;2;0;0;2;-3,802624;-38,50400499;"SPRF-CE";"DEL01-CE";"UOP02-DEL01-CE"
257887;2019-12-21;"sábado";"23:50:00";"SC";282;511;"XANXERE";"Defeito Mecânico no Veículo";"Tombamento";"Com Vítimas Feridas";"Plena Noite";"Decrescente";"Céu Claro";"Simples";"Reta";"Não";1;0;1;0;0;0;1;1;-26,905405;-52,464199;"SPRF-SC";"DEL07-SC";"UOP01-DEL07-SC"
257888;2019-12-21;"sábado";"23:00:00";"RJ";493;24,8;"MAGE";"Ingestão de Álcool";"Colisão com objeto estático";"Com Vítimas Feridas";"Plena Noite";"Decrescente";"Nublado";"Simples";"Em Obras;Viaduto;Reta";"Sim";1;0;1;0;0;0;1;1;-22,65715069;-43,07072902;"SPRF-RJ";"DEL04-RJ";"UOP02-DEL04-RJ"
257890;2019-12-22;"domingo";"01:00:00";"MG";40;505,8;"RIBEIRAO DAS NEVES";"Velocidade Incompatível";"Capotamento";"Sem Vítimas";"Plena Noite";"Decrescente";"Céu Claro";"Dupla";"Reta";"Sim";1;0;0;0;1;0;0;1;-19,74831646;-44,14651036;"SPRF-MG";"DEL02-MG";"UOP01-DEL02-MG"
257891;2019-12-22;"domingo";"01:50:00";"MG";381;482,7;"BETIM";"Falta de Atenção à Condução";"Colisão com objeto estático";"Sem Vítimas";"Plena Noite";"Decrescente";"Céu Claro";"Múltipla";"Reta";"Sim";1;0;0;0;0;1;0;1;-19,95882786;-44,07577515;"SPRF-MG";"DEL01-MG";"UOP03-DEL01-MG"
257893;2019-12-22;"domingo";"01:00:00";"PI";316;10;"TERESINA";"Falta de Atenção à Condução";"Colisão com objeto estático";"Com Vítimas Feridas";"Plena Noite";"Decrescente";"Céu Claro";"Simples";"Reta";"Sim";3;0;2;0;0;1;2;1;-5,18280197;-42,76350291;"SPRF-PI";"DEL01-PI";"UOP02-DEL01-PI"
257894;2019-12-22;"domingo";"04:00:00";"MG";40;699,3;"BARBACENA";"Falta de Atenção à Condução";"Colisão traseira";"Com Vítimas Fatais";"Plena Noite";"Decrescente";"Céu Claro";"Dupla";"Reta";"Não";2;1;0;0;0;1;0;2;-21,200966;-43,749076;"SPRF-MG";"DEL05-MG";"UOP02-DEL05-MG"
257895;2019-12-22;"domingo";"04:40:00";"RS";116;246,8;"SAO LEOPOLDO";"Velocidade Incompatível";"Saída de leito carroçável";"Com Vítimas Feridas";"Amanhecer";"Crescente";"Céu Claro";"Dupla";"Curva";"Sim";2;0;1;0;1;0;1;1;-29,758751;-51,15186806;"SPRF-RS";"DEL01-RS";"UOP02-DEL01-RS"
257896;2019-12-22;"domingo";"04:40:00";"MG";381;392;"BARAO DE COCAIS";"Restrição de Visibilidade";"Colisão com objeto estático";"Com Vítimas Feridas";"Plena Noite";"Decrescente";"Chuva";"Simples";"Reta";"Não";2;0;1;0;1;0;1;1;-19,76614595;-43,45877192;"SPRF-MG";"DEL01-MG";"UOP01-DEL01-MG"
257898;2019-12-22;"domingo";"01:00:00";"RR";432;212;"CANTA";"Ingestão de Álcool";"Colisão traseira";"Sem Vítimas";"Plena Noite";"Decrescente";"Céu Claro";"Simples";"Ponte";"Não";5;0;0;0;5;0;0;2;2,78923;-60,609386;"SPRF-RR";"DEL01-RR";"UOP01-DEL01-RR"
257900;2019-12-22;"domingo";"04:15:00";"RS";471;171,9;"RIO PARDO";"Falta de Atenção à Condução";"Saída de leito carroçável";"Com Vítimas Feridas";"Plena Noite";"Decrescente";"Céu Claro";"Simples";"Declive";"Não";2;0;2;0;0;0;2;1;-30,005714;-52,367828;"SPRF-RS";"DEL02-RS";"UOP02-DEL02-RS"
257901;2019-12-22;"domingo";"05:00:00";"GO";153;494;"GOIANIA";"Ingestão de Álcool";"Saída de leito carroçável";"Com Vítimas Feridas";"Amanhecer";"Crescente";"Céu Claro";"Dupla";"Reta";"Sim";3;0;0;2;1;0;2;2;-16,6614;-49,2218;"SPRF-GO";"DEL01-GO";"UOP01-DEL01-GO"
257902;2019-12-21;"sábado";"22:30:00";"SC";101;50;"JOINVILLE";"Falta de Atenção à Condução";"Saída de leito carroçável";"Sem Vítimas";"Plena Noite";"Crescente";"Nublado";"Simples";"Reta";"Não";1;0;0;0;1;0;0;1;-26,37546719;-48,85479619;"SPRF-SC";"DEL03-SC";"UOP01-DEL03-SC"
257903;2019-12-21;"sábado";"20:50:00";"SC";470;63;"BLUMENAU";"Defeito Mecânico no Veículo";"Incêndio";"Sem Vítimas";"Plena Noite";"Crescente";"Céu Claro";"Simples";"Reta";"Não";1;0;0;0;1;0;0;1;-26,872396;-49,19228;"SPRF-SC";"DEL04-SC";"UOP01-DEL04-SC"
257904;2019-11-27;"quarta-feira";"15:35:00";"PB";101;63;"SANTA RITA";"Objeto estático sobre o leito carroçável";"Saída de leito carroçável";"Sem Vítimas";"Pleno dia";"Crescente";"Céu Claro";"Dupla";"Aclive";"Não";2;0;0;0;2;0;0;1;-7,02710902;-35,05990203;"SPRF-PB";"DEL01-PB";"UOP04-DEL01-PB"
257905;2019-12-22;"domingo";"04:35:00";"MG";146;601;"POCOS DE CALDAS";"Agressão Externa";"Colisão com objeto estático";"Sem Vítimas";"Amanhecer";"Crescente";"Nublado";"Simples";"Curva";"Não";2;0;0;0;2;0;0;1;-21,77667492;-46,43301213;"SPRF-MG";"DEL16-MG";"UOP01-DEL09-MG"
257907;2019-12-22;"domingo";"03:10:00";"PI";343;256;"CAMPO MAIOR";"Falta de Atenção à Condução";"Colisão transversal";"Com Vítimas Feridas";"Plena Noite";"Crescente";"Céu Claro";"Simples";"Curva";"Não";1;0;0;1;0;0;1;1;-4,777813;-42,115211;"SPRF-PI";"DEL01-PI";"UOP03-DEL01-PI"
257908;2019-12-22;"domingo";"05:40:00";"SC";282;4,8;"SAO JOSE";"Condutor Dormindo";"Saída de leito carroçável";"Com Vítimas Feridas";"Amanhecer";"Crescente";"Céu Claro";"Múltipla";"Reta";"Sim";1;0;1;0;0;0;1;1;-27,592646;-48,604034;"SPRF-SC";"DEL01-SC";"UOP01-DEL01-SC"
257910;2019-12-22;"domingo";"02:00:00";"BA";242;823;"BARREIRAS";"Falta de Atenção à Condução";"Colisão traseira";"Com Vítimas Feridas";"Plena Noite";"Decrescente";"Céu Claro";"Simples";"Reta";"Não";5;0;1;0;4;0;1;2;-12,11824577;-45,05875797;"SPRF-BA";"DEL10-BA";"UOP01-DEL10-BA"
257911;2019-12-22;"domingo";"01:30:00";"ES";259;77;"COLATINA";"Não guardar distância de segurança";"Colisão traseira";"Com Vítimas Feridas";"Plena Noite";"Crescente";"Céu Claro";"Dupla";"Reta";"Não";2;0;0;1;1;0;1;2;-19,52763556;-40,80713004;"SPRF-ES";"DEL02-ES";"UOP01-DEL02-ES"
257912;2019-12-22;"domingo";"04:00:00";"ES";101;237,5;"FUNDAO";"Falta de Atenção à Condução";"Colisão frontal";"Com Vítimas Feridas";"Plena Noite";"Decrescente";"Céu Claro";"Simples";"Reta";"Não";8;0;3;2;3;0;5;3;-20,00068889;-40,41333931;"SPRF-ES";"DEL02-ES";"UOP01-DEL02-ES"
257913;2019-12-22;"domingo";"04:00:00";"DF";40;8;"BRASILIA";"Ingestão de Álcool";"Capotamento";"Sem Vítimas";"Plena Noite";"Crescente";"Céu Claro";"Dupla";"Reta";"Sim";1;0;0;0;1;0;0;1;-16,038666;-47,979691;"SPRF-DF";"DEL01-DF";"UOP01-DEL01-DF"
257914;2019-12-22;"domingo";"05:30:00";"SP";116;306,9;"SAO LOURENCO DA SERRA";"Desobediência às normas de trânsito pelo condutor";"Colisão frontal";"Com Vítimas Fatais";"Amanhecer";"Crescente";"Nublado";"Dupla";"Reta";"Não";3;1;0;1;0;1;1;3;-23,85047335;-46,93876689;"SPRF-SP";"DEL04-SP";"UOP01-DEL04-SP"
257916;2019-12-22;"domingo";"05:30:00";"RS";116;1;"PORTO ALEGRE";"Não guardar distância de segurança";"Colisão traseira";"Com Vítimas Feridas";"Amanhecer";"Decrescente";"Céu Claro";"Dupla";"Reta";"Sim";2;0;1;0;1;0;1;2;-29,97813381;-51,17889762;"SPRF-RS";"DEL01-RS";"UOP01-DEL01-RS"
257917;2019-12-22;"domingo";"00:40:00";"PR";272;408,4;"JANIOPOLIS";"Velocidade Incompatível";"Saída de leito carroçável";"Com Vítimas Fatais";"Plena Noite";"Crescente";"Céu Claro";"Simples";"Reta";"Não";4;3;0;1;0;0;1;1;-24,12444957;-52,76300119;"SPRF-PR";"DEL04-PR";"UOP03-DEL09-PR"
257918;2019-12-22;"domingo";"05:35:00";"GO";60;14;"ALEXANIA";"Falta de Atenção à Condução";"Queda de ocupante de veículo";"Com Vítimas Feridas";"Plena Noite";"Decrescente";"Céu Claro";"Dupla";"Reta";"Não";1;0;1;0;0;0;1;1;-16,094168;-48,517212;"SPRF-DF";"DEL01-DF";"UOP01-DEL03-DF"
257919;2019-12-22;"domingo";"06:00:00";"MG";262;366;"JUATUBA";"Falta de Atenção à Condução";"Saída de leito carroçável";"Sem Vítimas";"Pleno dia";"Decrescente";"Céu Claro";"Dupla";"Reta";"Sim";1;0;0;0;0;1;0;1;-19,974217;-44,261798;"SPRF-MG";"DEL01-MG";"UOP03-DEL01-MG"
257920;2019-12-22;"domingo";"05:59:00";"RS";116;145,9;"CAXIAS DO SUL";"Desobediência às normas de trânsito pelo condutor";"Colisão frontal";"Com Vítimas Feridas";"Pleno dia";"Decrescente";"Céu Claro";"Dupla";"Reta";"Sim";3;0;0;2;1;0;2;2;-29,1350217;-51,1302779;"SPRF-RS";"DEL05-RS";"UOP01-DEL05-RS"
257922;2019-12-21;"sábado";"03:30:00";"SP";101;33,7;"UBATUBA";"Ingestão de Álcool";"Saída de leito carroçável";"Sem Vítimas";"Plena Noite";"Crescente";"Nublado";"Simples";"Declive";"Não";1;0;0;0;1;0;0;1;-23,38953091;-44,99588013;"SPRF-SP";"DEL06-SP";"UOP01-DEL06-SP"
257925;2019-12-22;"domingo";"01:50:00";"MA";230;2;"BARAO DE GRAJAU";"Ingestão de Álcool";"Queda de ocupante de veículo";"Com Vítimas Feridas";"Plena Noite";"Crescente";"Céu Claro";"Simples";"Reta";"Sim";2;0;0;1;0;1;1;1;-6,70522463;-43,16628827;"SPRF-PI";"DEL03-PI";"UOP01-DEL03-PI"
257926;2019-12-22;"domingo";"07:10:00";"CE";222;5,5;"CAUCAIA";"Falta de Atenção à Condução";"Colisão transversal";"Com Vítimas Feridas";"Pleno dia";"Decrescente";"Céu Claro";"Simples";"Curva";"Sim";3;0;1;1;1;0;2;3;-3,74296918;-38,61330997;"SPRF-CE";"DEL01-CE";"UOP01-DEL01-CE"
257927;2019-12-22;"domingo";"06:20:00";"PB";230;18,9;"JOAO PESSOA";"Desobediência às normas de trânsito pelo condutor";"Colisão transversal";"Com Vítimas Feridas";"Pleno dia";"Crescente";"Céu Claro";"Dupla";"Interseção de Vias";"Não";3;0;2;0;1;0;2;2;-7,126103;-34,84549999;"SPRF-PB";"DEL01-PB";"UOP01-DEL01-PB"
257928;2019-12-22;"domingo";"03:15:00";"MG";381;814;"CAREACU";"Defeito Mecânico no Veículo";"Incêndio";"Sem Vítimas";"Amanhecer";"Decrescente";"Céu Claro";"Dupla";"Curva";"Não";1;0;0;0;1;0;0;1;-22,08082995;-45,70131507;"SPRF-MG";"DEL16-MG";"UOP02-DEL16-MG"
257929;2019-12-22;"domingo";"03:00:00";"PR";277;576,5;"CASCAVEL";"Condutor Dormindo";"Colisão frontal";"Com Vítimas Fatais";"Plena Noite";"Decrescente";"Céu Claro";"Simples";"Reta";"Não";5;1;3;0;0;1;3;3;-24,98692731;-53,33030208;"SPRF-PR";"DEL04-PR";"UOP01-DEL04-PR"