"id";"data_inversa";"dia_semana";"horario";"uf";"br";"km";"municipio";"causa_acidente";"tipo_acidente";"classificacao_acidente";"fase_dia";"sentido_via";"condicao_metereologica";"tipo_pista";"tracado_via";"uso_solo";"pessoas";"mortos";"feridos_leves";"feridos_graves";"ilesos";"ignorados";"feridos";"veiculos";"latitude";"longitude";"regional";"delegacia";"uop"
257931;2019-12-22;"domingo";"06:30:00";"RN";405;107,9;"ITAU";"Falta de Atenção à Condução";"Colisão lateral";"Com Vítimas Feridas";"Pleno dia";"Crescente";"Céu Claro";"Simples";"Reta";"Não";2;0;1;0;1;0;1;2;-5,81999296;-37,95884902;"SPRF-RN";"DEL04-RN";"UOP02-DEL04-RN"
257932;2019-12-22;"domingo";"05:00:00";"PA";222;227;"MARABA";"Falta de Atenção à Condução";"Tombamento";"Com Vítimas Feridas";"Amanhecer";"Decrescente";"Céu Claro";"Simples";"Reta";"Sim";2;0;1;1;0;0;2;1;-5,215363;-49,048996;"SPRF-PA";"DEL03-PA";"UOP01-DEL03-PA"
257933;2019-12-22;"domingo";"07:45:00";"SC";101;122;"ITAJAI";"Falta de Atenção à Condução";"Colisão traseira";"Com Vítimas Feridas";"Pleno dia";"Crescente";"Nublado";"Dupla";"Reta";"Não";2;0;1;0;1;0;1;2;-26,92955916;-48,70499836;"SPRF-SC";"DEL04-SC";"UOP04-DEL04-SC"
257934;2019-12-22;"domingo";"07:55:00";"PE";104;55,2;"CARUARU";"Falta de Atenção à Condução";"Colisão traseira";"Com Vítimas Feridas";"Pleno dia";"Crescente";"Céu Claro";"Dupla";"Aclive;Reta";"Não";10;0;5;0;5;0;5;3;-8,19400071;-35,96632004;"SPRF-PE";"DEL02-PE";"UOP01-DEL02-PE"
257935;2019-12-22;"domingo";"06:30:00";"MS";158;100;"PARANAIBA";"Velocidade Incompatível";"Colisão traseira";"Com Vítimas Feridas";"Pleno dia";"Crescente";"Céu Claro";"Simples";"Reta";"Não";4;0;2;0;2;0;2;2;-19,70501364;-51,14980583;"SPRF-MS";"DEL08-MS";"UOP01-DEL08-MS"
257936;2019-12-22;"domingo";"05:10:00";"BA";324;608;"SALVADOR";"Ingestão de Álcool";"Colisão traseira";"Com Vítimas Feridas";"Amanhecer";"Decrescente";"Céu Claro";"Dupla";"Reta";"Sim";2;0;1;0;1;0;1;2;-12,81182914;-38,40478762;"SPRF-BA";"DEL01-BA";"UOP01-DEL01-BA"
257937;2019-12-22;"domingo";"07:35:00";"SC";101;121,3;"ITAJAI";"Falta de Atenção à Condução";"Colisão traseira";"Com Vítimas Feridas";"Amanhecer";"Crescente";"Nublado";"Dupla";"Reta";"Não";2;0;1;0;1;0;1;2;-26,92103178;-48,70856446;"SPRF-SC";"DEL04-SC";"UOP04-DEL04-SC"
257938;2019-12-22;"domingo";"06:00:00";"SP";116;284;"ITAPECERICA DA SERRA";"Não guardar distância de segurança";"Queda de ocupante de veículo";"Com Vítimas Feridas";"Amanhecer";"Crescente";"Nublado";"Dupla";"Curva";"Sim";1;0;1;0;0;0;1;1;-23,69998;-46,867767;"SPRF-SP";"DEL04-SP";"UOP01-DEL04-SP"
257939;2019-12-22;"domingo";"08:00:00";"PE";101;75;"RECIFE";"Falta de Atenção à Condução";"Colisão traseira";"Com Vítimas Feridas";"Pleno dia";"Decrescente";"Céu Claro";"Dupla";"Curva";"Não";5;0;1;0;4;0;1;3;-8,10973523;-34,94660151;"SPRF-PE";"DEL01-PE";"UOP01-DEL01-PE"
257941;2019-12-22;"domingo";"08:00:00";"DF";40;4,7;"BRASILIA";"Desobediência às normas de trânsito pelo condutor";"Colisão traseira";"Sem Vítimas";"Pleno dia";"Crescente";"Nublado";"Dupla";"Reta";"Não";2;0;0;0;2;0;0;2;-16,012033;-47,982124;"SPRF-DF";"DEL01-DF";"UOP01-DEL01-DF"
257942;2019-12-22;"domingo";"07:30:00";"MG";50;43;"ARAGUARI";"Defeito Mecânico no Veículo";"Queda de ocupante de veículo";"Com Vítimas Feridas";"Pleno dia";"Crescente";"Céu Claro";"Dupla";"Reta";"Não";1;0;1;0;0;0;1;1;-18,68527689;-48,17779541;"SPRF-MG";"DEL15-MG";"UOP02-DEL15-MG"
257943;2019-12-22;"domingo";"08:30:00";"PR";277;83;"CURITIBA";"Defeito Mecânico no Veículo";"Incêndio";"Sem Vítimas";"Pleno dia";"Decrescente";"Céu Claro";"Dupla";"Reta";"Sim";1;0;0;0;1;0;0;1;-25,568939;-49,181978;"SPRF-PR";"DEL01-PR";"UOP06-DEL01-PR"
257945;2019-12-22;"domingo";"01:55:00";"SC";280;126,6;"RIO NEGRINHO";"Falta de Atenção à Condução";"Colisão transversal";"Com Vítimas Feridas";"Plena Noite";"Decrescente";"Céu Claro";"Simples";"Reta";"Não";5;0;3;0;2;0;3;2;-26,23779604;-49,49427399;"SPRF-SC";"DEL06-SC";"UOP03-DEL06-SC"
257946;2019-12-22;"domingo";"06:25:00";"RS";392;116,7;"CANGUCU";"Ingestão de Álcool";"Saída de leito carroçável";"Sem Vítimas";"Pleno dia";"Crescente";"Sol";"Simples";"Declive;Curva";"Não";1;0;0;0;1;0;0;1;-31,41716683;-52,66667892;"SPRF-RS";"DEL07-RS";"UOP01-DEL07-RS"
257948;2019-12-22;"domingo";"07:15:00";"MG";50;178,2;"UBERABA";"Ingestão de Álcool";"Tombamento";"Com Vítimas Feridas";"Pleno dia";"Decrescente";"Céu Claro";"Dupla";"Desvio Temporário";"Sim";1;0;1;0;0;0;1;1;-19,77874842;-47,93815613;"SPRF-MG";"DEL13-MG";"UOP01-DEL13-MG"
257949;2019-05-02;"quinta-feira";"18:00:00";"RS";386;357;"ESTRELA";"Falta de Atenção à Condução";"Saída de leito carroçável";"Com Vítimas Feridas";"Pleno dia";"Crescente";"Céu Claro";"Dupla";"Reta";"Não";1;0;1;0;0;0;1;1;-29,528872;-51,928249;"SPRF-RS";"DEL04-RS";"UOP02-DEL04-RS"
257950;2019-12-22;"domingo";"09:20:00";"SC";470;69,6;"INDAIAL";"Desobediência às normas de trânsito pelo condutor";"Colisão lateral";"Com Vítimas Feridas";"Pleno dia";"Crescente";"Céu Claro";"Simples";"Aclive;Em Obras;Reta";"Sim";2;0;0;1;1;0;1;2;-26,88694738;-49,25134957;"SPRF-SC";"DEL04-SC";"UOP01-DEL04-SC"
257951;2019-12-22;"domingo";"09:00:00";"SP";116;121;"CACAPAVA";"Não guardar distância de segurança";"Colisão traseira";"Com Vítimas Feridas";"Pleno dia";"Decrescente";"Garoa/Chuvisco";"Dupla";"Reta";"Não";3;0;2;0;1;0;2;2;-23,07631169;-45,65337222;"SPRF-SP";"DEL06-SP";"UOP01-DEL06-SP"
257953;2019-12-22;"domingo";"08:30:00";"BA";324;535;"CONCEICAO DO JACUIPE";"Falta de Atenção à Condução";"Saída de leito carroçável";"Com Vítimas Feridas";"Pleno dia";"Decrescente";"Céu Claro";"Dupla";"Reta";"Não";2;0;1;0;1;0;1;1;-12,35775097;-38,82802597;"SPRF-BA";"DEL01-BA";"UOP01-DEL01-BA"
257955;2019-12-22;"domingo";"04:40:00";"SC";282;339,5;"CAMPOS NOVOS";"Desobediência às normas de trânsito pelo condutor";"Colisão frontal";"Com Vítimas Feridas";"Amanhecer";"Decrescente";"Céu Claro";"Simples";"Interseção de Vias";"Não";6;0;2;4;0;0;6;2;-27,392731;-51,195118;"SPRF-SC";"DEL07-SC";"UOP06-DEL07-SC"
257956;2019-12-22;"domingo";"09:00:00";"MG";365;632;"UBERLANDIA";"Desobediência às normas de trânsito pelo condutor";"Colisão traseira";"Com Vítimas Feridas";"Pleno dia";"Decrescente";"Sol";"Dupla";"Retorno Regulamentado;Reta";"Sim";2;0;0;1;1;0;1;2;-18,89664394;-48,39041999;"SPRF-MG";"DEL15-MG";"UOP01-DEL15-MG"
257957;2019-12-22;"domingo";"07:15:00";"SC";101;384;"ICARA";"Desobediência às normas de trânsito pelo condutor";"Colisão traseira";"Com Vítimas Feridas";"Pleno dia";"Crescente";"Céu Claro";"Dupla";"Reta";"Não";3;0;1;0;2;0;1;3;-28,76851141;-49,3025538;"SPRF-SC";"DEL02-SC";"UOP02-DEL02-SC"
257961;2019-12-22;"domingo";"08:30:00";"SC";163;71,7;"SAO MIGUEL DO OESTE";"Falta de Atenção à Condução";"Colisão transversal";"Com Vítimas Feridas";"Pleno dia";"Crescente";"Sol";"Simples";"Interseção de Vias";"Sim";5;0;3;1;1;0;4;2;-26,72772401;-53,51281303;"SPRF-SC";"DEL07-SC";"UOP03-DEL07-SC"
257962;2019-12-22;"domingo";"08:50:00";"GO";153;628,6;"MORRINHOS";"Falta de Atenção à Condução";"Saída de leito carroçável";"Com Vítimas Feridas";"Pleno dia";"Decrescente";"Nublado";"Dupla";"Curva";"Não";1;0;1;0;0;0;1;1;-17,78203566;-49,18167114;"SPRF-GO";"DEL03-GO";"UOP01-DEL03-GO"
257963;2019-12-22;"domingo";"05:50:00";"SC";280;118,8;"SAO BENTO DO SUL";"Ingestão de Álcool";"Colisão frontal";"Com Vítimas Feridas";"Pleno dia";"Crescente";"Nublado";"Simples";"Aclive;Reta";"Não";9;0;4;4;1;0;8;4;-26,25882755;-49,44564698;"SPRF-SC";"DEL06-SC";"UOP03-DEL06-SC"
257964;2019-12-22;"domingo";"09:30:00";"MT";364;255,4;"JUSCIMEIRA";"Falta de Atenção à Condução";"Tombamento";"Com Vítimas Feridas";"Pleno dia";"Decrescente";"Nublado";"Simples";"Declive";"Não";1;0;0;1;0;0;1;1;-16,08098188;-54,8728077;"SPRF-MT";"DEL02-MT";"UOP01-DEL02-MT"
257966;2019-12-22;"domingo";"10:50:00";"SP";116;349,8;"MIRACATU";"Defeito Mecânico no Veículo";"Incêndio";"Sem Vítimas";"Pleno dia";"Decrescente";"Sol";"Dupla";"Reta";"Não";1;0;0;0;1;0;0;1;-24,05190879;-47,213052;"SPRF-SP";"DEL04-SP";"UOP02-DEL04-SP"
257967;2019-12-22;"domingo";"10:40:00";"SC";101;117,5;"ITAJAI";"Falta de Atenção à Condução";"Engavetamento";"Com Vítimas Feridas";"Pleno dia";"Crescente";"Céu Claro";"Dupla";"Reta";"Sim";15;0;1;0;14;0;1;4;-26,88747187;-48,72252969;"SPRF-SC";"DEL04-SC";"UOP04-DEL04-SC"
257969;2019-12-22;"domingo";"10:30:00";"RJ";116;291;"PORTO REAL";"Avarias e/ou desgaste excessivo no pneu";"Danos eventuais";"Com Vítimas Feridas";"Pleno dia";"Crescente";"Sol";"Dupla";"Reta";"Sim";3;0;3;0;0;0;3;1;-22,47234102;-44,27715902;"SPRF-RJ";"DEL07-RJ";"DEL5/7-UOP03/RJ"
257970;2019-12-22;"domingo";"10:00:00";"PR";158;532,6;"PATO BRANCO";"Mal Súbito";"Saída de leito carroçável";"Com Vítimas Feridas";"Pleno dia";"Crescente";"Sol";"Simples";"Reta";"Sim";3;0;2;0;0;1;2;2;-26,21099702;-52,6807167;"SPRF-PR";"DEL02-PR";"UOP01-DEL02-PR"
257971;2019-12-22;"domingo";"09:00:00";"SC";116;267,8;"CAPAO ALTO";"Desobediência às normas de trânsito pelo condutor";"Colisão transversal";"Com Vítimas Feridas";"Pleno dia";"Decrescente";"Céu Claro";"Simples";"Interseção de Vias";"Não";5;0;3;0;2;0;3;2;-27,95247066;-50,47994924;"SPRF-SC";"DEL05-SC";"UOP02-DEL05-SC"
257972;2019-12-22;"domingo";"10:30:00";"ES";482;8,6;"CACHOEIRO DE ITAPEMIRIM";"Desobediência às normas de trânsito pelo condutor";"Colisão lateral";"Com Vítimas Feridas";"Pleno dia";"Crescente";"Céu Claro";"Dupla";"Reta";"Sim";3;0;2;0;1;0;2;2;-20,86187233;-41,11845824;"SPRF-ES";"DEL03-ES";"UOP02-DEL03-ES"
257973;2019-12-22;"domingo";"11:10:00";"TO";153;392;"RIO DOS BOIS";"Falta de Atenção à Condução";"Capotamento";"Com Vítimas Feridas";"Pleno dia";"Decrescente";"Céu Claro";"Simples";"Curva";"Não";3;0;2;0;1;0;2;1;-9,346141;-48,53745;"SPRF-TO";"DEL02-TO";"UOP02-DEL02-TO"
257974;2019-12-22;"domingo";"11:30:00";"SP";116;95;"PINDAMONHANGABA";"Falta de Atenção à Condução";"Colisão traseira";"Com Vítimas Feridas";"Pleno dia";"Decrescente";"Céu Claro";"Dupla";"Reta";"Sim";4;0;1;0;2;1;1;3;-22,96514512;-45,43013094;"SPRF-SP";"DEL06-SP";"UOP01-DEL06-SP"
257975;2019-12-22;"domingo";"10:20:00";"BA";116;829;"VITORIA DA CONQUISTA";"Não guardar distância de segurança";"Colisão traseira";"Com Vítimas Feridas";"Pleno dia";"Decrescente";"Céu Claro";"Simples";"Reta";"Sim";3;0;1;0;2;0;1;2;-14,83285011;-40,83861386;"SPRF-BA";"DEL08-BA";"UOP01-DEL08-BA"
257977;2019-12-22;"domingo";"10:10:00";"MT";174;472;"COMODORO";"Falta de Atenção à Condução";"Colisão lateral";"Com Vítimas Feridas";"Pleno dia";"Decrescente";"Céu Claro";"Simples";"Reta";"Não";15;0;3;1;11;0;4;4;-13,77974433;-59,76992475;"SPRF-MT";"DEL04-MT";"UOP01-DEL04-MT"
257978;2019-12-22;"domingo";"12:00:00";"PR";277;10,5;"PARANAGUA";"Falta de Atenção à Condução";"Saída de leito carroçável";"Com Vítimas Feridas";"Pleno dia";"Decrescente";"Céu Claro";"Dupla";"Reta";"Não";2;0;2;0;0;0;2;1;-25,568198;-48,615292;"SPRF-PR";"DEL01-PR";"UOP05-DEL01-PR"
257979;2019-12-22;"domingo";"12:15:00";"PB";230;62;"CRUZ DO ESPIRITO SANTO";"Ingestão de Álcool";"Saída de leito carroçável";"Com Vítimas Feridas";"Pleno dia";"Crescente";"Céu Claro";"Dupla";"Reta";"Não";5;0;1;0;4;0;1;1;-7,202;-35,1574;"SPRF-PB";"DEL01-PB";"UOP03-DEL01-PB"
257981;2019-12-22;"domingo";"12:00:00";"PR";376;290;"MAUA DA SERRA";"Falta de Atenção à Condução";"Colisão traseira";"Com Vítimas Feridas";"Pleno dia";"Crescente";"Céu Claro";"Simples";"Reta";"Não";6;0;1;0;5;0;1;3;-23,9054437;-51,20205298;"SPRF-PR";"DEL07-PR";"UOP02-DEL07-PR"
257982;2019-12-22;"domingo";"12:10:00";"PR";116;15;"ANTONINA";"Falta de Atenção à Condução";"Saída de leito carroçável";"Com Vítimas Feridas";"Pleno dia";"Crescente";"Sol";"Dupla";"Curva";"Não";1;0;0;1;0;0;1;1;-25,09832756;-48,68266005;"SPRF-PR";"DEL01-PR";"UOP02-DEL01-PR"
257983;2019-12-22;"domingo";"03:50:00";"PE";232;508;"SALGUEIRO";"Falta de Atenção à Condução";"Saída de leito carroçável";"Com Vítimas Feridas";"Plena Noite";"Crescente";"Céu Claro";"Simples";"Declive;Reta";"Sim";1;0;1;0;0;0;1;1;-8,06223271;-39,12095006;"SPRF-PE";"DEL05-PE";"UOP01-DEL05-PE"
257984;2019-12-22;"domingo";"11:27:00";"RS";392;33,6;"RIO GRANDE";"Condutor Dormindo";"Capotamento";"Com Vítimas Feridas";"Pleno dia";"Decrescente";"Nublado";"Dupla";"Reta";"Não";1;0;1;0;0;0;1;1;-32,02482501;-52,28787638;"SPRF-RS";"DEL07-RS";"UOP02-DEL07-RS"
257987;2019-12-22;"domingo";"12:05:00";"ES";101;181;"LINHARES";"Falta de Atenção à Condução";"Colisão transversal";"Com Vítimas Feridas";"Pleno dia";"Crescente";"Sol";"Simples";"Reta";"Não";2;0;0;1;1;0;1;2;-19,6312501;-40,22615187;"SPRF-ES";"DEL04-ES";"UOP01-DEL04-ES"
257988;2019-12-22;"domingo";"10:20:00";"SC";163;98,5;"SAO JOSE DO CEDRO";"Desobediência às normas de trânsito pelo condutor";"Colisão transversal";"Sem Vítimas";"Pleno dia";"Crescente";"Céu Claro";"Simples";"Curva;Em Obras;Declive";"Não";2;0;0;0;2;0;0;2;-26,4839411;-53,50320339;"SPRF-SC";"DEL07-SC";"UOP03-DEL07-SC"
257989;2019-12-22;"domingo";"10:00:00";"RJ";40;77;"PETROPOLIS";"Velocidade Incompatível";"Capotamento";"Com Vítimas Feridas";"Pleno dia";"Crescente";"Céu Claro";"Simples";"Curva";"Não";4;0;3;0;1;0;3;1;-22,48005592;-43,23543994;"SPRF-RJ";"DEL06-RJ";"UOP01-DEL06-RJ"
257992;2019-12-22;"domingo";"12:40:00";"ES";101;383,8;"RIO NOVO DO SUL";"Falta de Atenção à Condução";"Colisão transversal";"Com Vítimas Feridas";"Pleno dia";"Crescente";"Céu Claro";"Simples";"Reta";"Sim";6;0;4;1;1;0;5;2;-20,82532924;-40,85473381;"SPRF-ES";"DEL03-ES";"UOP01-DEL03-ES"
257993;2019-12-22;"domingo";"13:00:00";"RJ";116;23;"SAPUCAIA";"Falta de Atenção à Condução";"Colisão transversal";"Com Vítimas Feridas";"Pleno dia";"Crescente";"Nublado";"Simples";"Reta";"Sim";3;0;1;0;2;0;1;2;-22,03453091;-42,77973175;"SPRF-RJ";"DEL04-RJ";"UOP01-DEL04-RJ"
257994;2019-12-22;"domingo";"13:15:00";"PE";101;70,3;"RECIFE";"Falta de Atenção do Pedestre";"Atropelamento de Pedestre";"Com Vítimas Feridas";"Pleno dia";"Decrescente";"Céu Claro";"Dupla";"Reta";"Sim";2;0;1;0;1;0;1;2;-8,07108458;-34,94246721;"SPRF-PE";"DEL01-PE";"UOP01-DEL01-PE"
257995;2019-12-22;"domingo";"10:40:00";"RS";290;215,8;"PANTANO GRANDE";"Falta de Atenção à Condução";"Colisão transversal";"Com Vítimas Feridas";"Pleno dia";"Decrescente";"Sol";"Simples";"Reta";"Sim";2;0;1;1;0;0;2;2;-30,188616;-52,366409;"SPRF-RS";"DEL02-RS";"UOP02-DEL02-RS"
257997;2019-12-22;"domingo";"12:50:00";"AL";316;248,9;"ATALAIA";"Falta de Atenção do Pedestre";"Atropelamento de Pedestre";"Com Vítimas Feridas";"Pleno dia";"Crescente";"Céu Claro";"Simples";"Reta";"Sim";2;0;0;1;1;0;1;2;-9,54667857;-35,98190904;"SPRF-AL";"DEL01-AL";"UOP01-DEL01-AL"
257998;2019-12-22;"domingo";"12:10:00";"PR";376;494;"PONTA GROSSA";"Mal Súbito";"Queda de ocupante de veículo";"Com Vítimas Feridas";"Pleno dia";"Decrescente";"Nublado";"Dupla";"Reta;Declive";"Não";8;0;0;1;7;0;1;3;-25,12964007;-50,17316672;"SPRF-PR";"DEL03-PR";"UOP04-DEL03-PR"
257999;2019-12-21;"sábado";"20:00:00";"SP";153;26,9;"NOVA GRANADA";"Ingestão de Álcool";"Saída de leito carroçável";"Sem Vítimas";"Plena Noite";"Decrescente";"Céu Claro";"Simples";"Reta";"Não";1;0;0;0;1;0;0;1;-20,50410476;-49,32152684;"SPRF-SP";"DEL09-SP";"UOP01-DEL09-SP"
258000;2019-12-22;"domingo";"13:10:00";"ES";101;409,2;"ITAPEMIRIM";"Condutor Dormindo";"Saída de leito carroçável";"Com Vítimas Feridas";"Pleno dia";"Decrescente";"Céu Claro";"Simples";"Reta";"Não";5;0;3;1;1;0;4;1;-20,89643008;-41,04527197;"SPRF-ES";"DEL03-ES";"UOP02-DEL03-ES"
258001;2019-12-22;"domingo";"13:30:00";"SC";280;44,8;"GUARAMIRIM";"Ultrapassagem Indevida";"Saída de leito carroçável";"Com Vítimas Feridas";"Pleno dia";"Decrescente";"Sol";"Simples";"Reta";"Não";1;0;0;1;0;0;1;1;-26,4517722;-48,88789399;"SPRF-SC";"DEL03-SC";"UOP03-DEL03-SC"
258002;2019-12-22;"domingo";"13:35:00";"RS";290;11;"OSORIO";"Condutor Dormindo";"Saída de leito carroçável";"Com Vítimas Feridas";"Pleno dia";"Crescente";"Sol";"Múltipla";"Reta";"Não";1;0;0;1;0;0;1;1;-29,888996;-50,383354;"SPRF-RS";"DEL03-RS";"UOP01-DEL03-RS"
258003;2019-12-22;"domingo";"13:55:00";"GO";60;199,3;"GUAPO";"Velocidade Incompatível";"Saída de leito carroçável";"Com Vítimas Feridas";"Pleno dia";"Decrescente";"Chuva";"Dupla";"Curva";"Não";5;0;2;1;2;0;3;1;-16,883125;-49,618906;"SPRF-GO";"DEL01-GO";"UOP02-DEL01-GO"
258004;2019-12-22;"domingo";"12:30:00";"AP";210;96,7;"PORTO GRANDE";"Defeito Mecânico no Veículo";"Saída de leito carroçável";"Com Vítimas Feridas";"Pleno dia";"Decrescente";"Chuva";"Simples";"Curva";"Não";2;0;1;0;0;1;1;1;0,65363585;-51,34944205;"SPRF-AP";"DEL01-AP";"UOP01-DEL01-AP"
258006;2019-12-22;"domingo";"13:11:00";"MT";364;568;"NOBRES";"Falta de Atenção à Condução";"Capotamento";"Com Vítimas Feridas";"Pleno dia";"Decrescente";"Nublado";"Dupla";"Curva";"Não";1;0;1;0;0;0;1;1;-14,746732;-56,327254;"SPRF-MT";"DEL01-MT";"UOP01-DEL01-MT"
258008;2019-12-22;"domingo";"09:55:00";"SC";116;127,3;"SANTA CECILIA";"Defeito Mecânico no Veículo";"Saída de leito carroçável";"Com Vítimas Feridas";"Pleno dia";"Crescente";"Céu Claro";"Simples";"Curva";"Não";1;0;1;0;0;0;1;1;-26,87270031;-50,41550285;"SPRF-SC";"DEL06-SC";"UOP02-DEL06-SC"
258009;2019-12-22;"domingo";"15:00:00";"PE";101;66,2;"RECIFE";"Falta de Atenção do Pedestre";"Atropelamento de Pedestre";"Com Vítimas Feridas";"Pleno dia";"Decrescente";"Céu Claro";"Dupla";"Reta";"Sim";3;0;0;1;2;0;1;2;-8,03368534;-34,94184125;"SPRF-PE";"DEL01-PE";"UOP01-DEL01-PE"
258010;2019-12-22;"domingo";"05:00:00";"MA";316;346;"BACABAL";"Condutor Dormindo";"Queda de ocupante de veículo";"Com Vítimas Fatais";"Plena Noite";"Decrescente";"Céu Claro";"Simples";"Reta";"Não";2;1;1;0;0;0;1;1;-4,218186;-44,908726;"SPRF-MA";"DEL02-MA";"UI04-DEL02-MA"
258011;2019-12-22;"domingo";"14:20:00";"PR";467;99,3;"CASCAVEL";"Ingestão de Álcool";"Colisão traseira";"Sem Vítimas";"Pleno dia";"Decrescente";"Sol";"Dupla";"Curva";"Não";4;0;0;0;4;0;0;2;-24,8931;-53,5442;"SPRF-PR";"DEL04-PR";"UOP05-DEL05-PR"
258013;2019-12-22;"domingo";"14:20:00";"RJ";493;101;"SEROPEDICA";"Falta de Atenção à Condução";"Colisão com objeto estático";"Com Vítimas Feridas";"Pleno dia";"Crescente";"Nublado";"Dupla";"Retorno Regulamentado";"Não";4;0;2;0;2;0;2;1;-22,75659015;-43,73108983;"SPRF-RJ";"DEL03-RJ";"UOP01-DEL03-RJ"
258017;2019-12-22;"domingo";"16:05:00";"DF";70;12,2;"BRASILIA";"Pista Escorregadia";"Queda de ocupante de veículo";"Com Vítimas Feridas";"Pleno dia";"Decrescente";"Nublado";"Dupla";"Interseção de Vias";"Sim";2;0;2;0;0;0;2;1;-15,792243;-48,158543;"SPRF-DF";"DEL01-DF";"UOP02-DEL03-DF"
258018;2019-12-22;"domingo";"14:00:00";"MT";364;522;"JANGADA";"Defeito Mecânico no Veículo";"Incêndio";"Sem Vítimas";"Pleno dia";"Crescente";"Nublado";"Simples";"Reta";"Não";1;0;0;0;0;1;0;1;-15,22581438;-56,49825186;"SPRF-MT";"DEL01-MT";"DEL2/4-UOP02/MT"
258020;2019-12-22;"domingo";"15:30:00";"BA";110;173;"RIBEIRA DO POMBAL";"Velocidade Incompatível";"Atropelamento de Pedestre";"Com Vítimas Feridas";"Pleno dia";"Decrescente";"Céu Claro";"Simples";"Reta";"Sim";3;0;0;2;0;1;2;2;-10,86944598;-38,52734387;"SPRF-BA";"DEL07-BA";"UOP02-DEL07-BA"
258021;2019-12-22;"domingo";"15:15:00";"GO";60;87;"ANAPOLIS";"Ingestão de Álcool";"Saída de leito carroçável";"Sem Vítimas";"Pleno dia";"Decrescente";"Céu Claro";"Dupla";"Reta";"Não";1;0;0;0;1;0;0;1;-16,3258;-48,8803;"SPRF-GO";"DEL02-GO";"UOP01-DEL02-GO"
258023;2019-12-22;"domingo";"15:40:00";"GO";50;254,5;"CATALAO";"Avarias e/ou desgaste excessivo no pneu";"Saída de leito carroçável";"Com Vítimas Feridas";"Pleno dia";"Decrescente";"Chuva";"Dupla";"Reta";"Não";7;0;6;0;1;0;6;1;-18,0022;-47,8024;"SPRF-GO";"DEL06-GO";"UOP01-DEL06-GO"
258024;2019-12-22;"domingo";"15:30:00";"RJ";40;68;"PETROPOLIS";"Defeito Mecânico no Veículo";"Colisão com objeto estático";"Com Vítimas Feridas";"Pleno dia";"Decrescente";"Céu Claro";"Simples";"Curva";"Não";1;0;1;0;0;0;1;1;-22,45323531;-43,20407867;"SPRF-RJ";"DEL06-RJ";"UOP01-DEL06-RJ"
258025;2019-12-22;"domingo";"16:40:00";"SP";116;215,9;"GUARULHOS";"Falta de Atenção à Condução";"Queda de ocupante de veículo";"Com Vítimas Feridas";"Pleno dia";"Crescente";"Céu Claro";"Simples";"Reta";"Não";1;0;1;0;0;0;1;1;-23,44695693;-46,45394103;"SPRF-SP";"DEL01-SP";"UOP01-DEL01-SP"
258027;2019-12-22;"domingo";"16:50:00";"MG";40;224,5;"JOAO PINHEIRO";"Falta de Atenção à Condução";"Saída de leito carroçável";"Com Vítimas Feridas";"Pleno dia";"Decrescente";"Nublado";"Simples";"Rotatória";"Não";1;0;0;1;0;0;1;1;-17,97982641;-45,61733632;"SPRF-MG";"DEL14-MG";"UOP02-DEL14-MG"
258028;2019-12-22;"domingo";"15:18:00";"SP";381;78,9;"SAO PAULO";"Defeito Mecânico no Veículo";"Colisão lateral";"Com Vítimas Feridas";"Pleno dia";"Crescente";"Céu Claro";"Dupla";"Curva";"Não";10;0;4;1;4;1;5;5;-23,41137811;-46,5808425;"SPRF-SP";"DEL03-SP";"UOP01-DEL03-SP"
258029;2019-12-22;"domingo";"13:30:00";"RJ";101;417;"MANGARATIBA";"Desobediência às normas de trânsito pelo condutor";"Colisão frontal";"Com Vítimas Feridas";"Pleno dia";"Crescente";"Céu Claro";"Simples";"Declive;Curva";"Não";3;0;1;2;0;0;3;2;-22,91784388;-43,90450001;"SPRF-RJ";"DEL03-RJ";"UOP01-DEL03-RJ"
258030;2019-12-22;"domingo";"16:50:00";"PI";316;11;"TERESINA";"Mal Súbito";"Tombamento";"Com Vítimas Feridas";"Pleno dia";"Decrescente";"Céu Claro";"Dupla";"Reta";"Sim";1;0;0;1;0;0;1;1;-5,191739;-42,76076102;"SPRF-PI";"DEL01-PI";"UOP02-DEL01-PI"
258031;2019-12-22;"domingo";"17:00:00";"PA";230;118;"MARABA";"Desobediência às normas de trânsito pelo condutor";"Colisão frontal";"Com Vítimas Feridas";"Pleno dia";"Decrescente";"Céu Claro";"Simples";"Retorno Regulamentado";"Sim";2;0;1;0;1;0;1;2;-5,35193706;-49,09794103;"SPRF-PA";"DEL03-PA";"UOP01-DEL03-PA"
258034;2019-12-22;"domingo";"17:25:00";"SP";101;42,9;"UBATUBA";"Falta de Atenção à Condução";"Engavetamento";"Com Vítimas Feridas";"Pleno dia";"Crescente";"Nublado";"Simples";"Reta";"Sim";4;0;1;0;3;0;1;4;-23,41275046;-45,05687021;"SPRF-SP";"DEL06-SP";"UOP01-DEL06-SP"
258035;2019-12-22;"domingo";"17:30:00";"SC";280;81,9;"CORUPA";"Falta de Atenção à Condução";"Colisão lateral";"Com Vítimas Feridas";"Pleno dia";"Crescente";"Céu Claro";"Simples";"Reta";"Sim";3;0;1;0;2;0;1;2;-26,44057489;-49,217056;"SPRF-SC";"DEL06-SC";"UOP03-DEL06-SC"