"id";"data_inversa";"dia_semana";"horario";"uf";"br";"km";"municipio";"causa_acidente";"tipo_acidente";"classificacao_acidente";"fase_dia";"sentido_via";"condicao_metereologica";"tipo_pista";"tracado_via";"uso_solo";"pessoas";"mortos";"feridos_leves";"feridos_graves";"ilesos";"ignorados";"feridos";"veiculos";"latitude";"longitude";"regional";"delegacia";"uop"
258036;2019-12-22;"domingo";"17:00:00";"PE";101;148;"RIBEIRAO";"Desobediência às normas de trânsito pelo condutor";"Colisão transversal";"Com Vítimas Feridas";"Anoitecer";"Decrescente";"Céu Claro";"Dupla";"Reta";"Não";2;0;1;0;0;1;1;2;-8,48336698;-35,37204035;"SPRF-PE";"DEL01-PE";"UOP03-DEL01-PE"
258037;2019-12-22;"domingo";"16:10:00";"MS";262;45;"TRES LAGOAS";"Condutor Dormindo";"Colisão frontal";"Com Vítimas Feridas";"Pleno dia";"Crescente";"Céu Claro";"Simples";"Reta";"Não";4;0;3;0;1;0;3;2;-20,76374413;-52,01456003;"SPRF-MS";"DEL07-MS";"UOP01-DEL07-MS"
258038;2019-12-22;"domingo";"17:00:00";"RJ";101;476;"ANGRA DOS REIS";"Ingestão de Álcool";"Colisão frontal";"Com Vítimas Feridas";"Pleno dia";"Decrescente";"Chuva";"Simples";"Curva";"Não";3;0;3;0;0;0;3;2;-23,0055431;-44,26195833;"SPRF-RJ";"DEL03-RJ";"UOP03-DEL03-RJ"
258039;2019-12-22;"domingo";"17:20:00";"RS";470;240,4;"BARAO";"Falta de Atenção à Condução";"Tombamento";"Com Vítimas Feridas";"Pleno dia";"Decrescente";"Céu Claro";"Simples";"Curva";"Não";1;0;1;0;0;0;1;1;-29,33853872;-51,5054282;"SPRF-RS";"DEL06-RS";"UOP01-DEL06-RS"
258040;2019-12-22;"domingo";"17:10:00";"SP";116;98;"PINDAMONHANGABA";"Pista Escorregadia";"Saída de leito carroçável";"Com Vítimas Feridas";"Pleno dia";"Crescente";"Chuva";"Dupla";"Reta";"Não";3;0;3;0;0;0;3;1;-22,97805164;-45,45583318;"SPRF-SP";"DEL06-SP";"UOP01-DEL06-SP"
258041;2019-12-22;"domingo";"14:50:00";"RJ";40;119;"DUQUE DE CAXIAS";"Defeito Mecânico no Veículo";"Queda de ocupante de veículo";"Com Vítimas Feridas";"Pleno dia";"Crescente";"Céu Claro";"Múltipla";"Reta";"Sim";2;0;2;0;0;0;2;1;-22,76375592;-43,28683062;"SPRF-RJ";"DEL01-RJ";"UOP01-DEL01-RJ"
258042;2019-12-22;"domingo";"15:30:00";"MG";116;317;"ITAMBACURI";"Desobediência às normas de trânsito pelo condutor";"Colisão traseira";"Com Vítimas Feridas";"Pleno dia";"Decrescente";"Céu Claro";"Simples";"Curva;Aclive";"Não";5;0;3;0;2;0;3;2;-18,128808;-41,69483198;"SPRF-MG";"DEL11-MG";"UOP01-DEL11-MG"
258043;2019-12-22;"domingo";"16:30:00";"RJ";101;86,7;"CAMPOS DOS GOYTACAZES";"Velocidade Incompatível";"Capotamento";"Com Vítimas Feridas";"Pleno dia";"Decrescente";"Céu Claro";"Dupla";"Curva";"Não";2;0;1;0;1;0;1;1;-21,82667291;-41,48736902;"SPRF-RJ";"DEL08-RJ";"UOP02-DEL08-RJ"
258044;2019-12-22;"domingo";"12:20:00";"RJ";356;133;"CAMPOS DOS GOYTACAZES";"Condutor Dormindo";"Capotamento";"Com Vítimas Feridas";"Pleno dia";"Crescente";"Céu Claro";"Simples";"Curva";"Não";1;0;1;0;0;0;1;1;-21,71867115;-41,35165723;"SPRF-RJ";"DEL08-RJ";"UOP01-DEL08-RJ"
258047;2019-12-22;"domingo";"16:40:00";"MG";381;447;"SABARA";"Falta de Atenção à Condução";"Colisão lateral";"Com Vítimas Feridas";"Anoitecer";"Decrescente";"Céu Claro";"Simples";"Curva";"Não";3;0;0;1;1;1;1;3;-19,83447607;-43,85011601;"SPRF-MG";"DEL01-MG";"UOP01-DEL01-MG"
258048;2019-12-22;"domingo";"17:00:00";"BA";101;851;"TEIXEIRA DE FREITAS";"Ultrapassagem Indevida";"Colisão lateral";"Com Vítimas Feridas";"Pleno dia";"Decrescente";"Sol";"Simples";"Reta";"Não";2;0;2;0;0;0;2;2;-17,34221215;-39,6288912;"SPRF-BA";"DEL09-BA";"UOP02-DEL09-BA"
258049;2019-12-22;"domingo";"18:00:00";"ES";101;176;"ARACRUZ";"Falta de Atenção à Condução";"Colisão lateral";"Com Vítimas Feridas";"Pleno dia";"Crescente";"Céu Claro";"Simples";"Reta";"Sim";3;0;2;0;1;0;2;2;-19,59523801;-40,19835299;"SPRF-ES";"DEL04-ES";"UOP01-DEL04-ES"
258051;2019-12-22;"domingo";"16:35:00";"SC";101;281,7;"IMBITUBA";"Defeito Mecânico no Veículo";"Tombamento";"Com Vítimas Feridas";"Pleno dia";"Crescente";"Céu Claro";"Simples";"Reta";"Sim";2;0;2;0;0;0;2;1;-28,18793595;-48,69652041;"SPRF-SC";"DEL02-SC";"UOP03-DEL02-SC"
258052;2019-06-21;"sexta-feira";"21:25:00";"CE";20;399,9;"CAUCAIA";"Desobediência às normas de trânsito pelo pedestre";"Atropelamento de Pedestre";"Com Vítimas Fatais";"Plena Noite";"Crescente";"Céu Claro";"Simples";"Reta";"Não";5;1;0;0;4;0;0;2;-3,8038424;-38,72308168;"SPRF-CE";"DEL01-CE";"UOP01-DEL01-CE"
258053;2019-12-22;"domingo";"16:50:00";"RJ";40;91;"PETROPOLIS";"Defeito na Via";"Queda de ocupante de veículo";"Com Vítimas Feridas";"Pleno dia";"Decrescente";"Céu Claro";"Simples";"Curva";"Não";2;0;2;0;0;0;2;1;-22,55853751;-43,23154449;"SPRF-RJ";"DEL06-RJ";"UOP01-DEL06-RJ"
258054;2019-12-22;"domingo";"15:30:00";"RJ";40;74;"PETROPOLIS";"Velocidade Incompatível";"Capotamento";"Com Vítimas Feridas";"Pleno dia";"Decrescente";"Garoa/Chuvisco";"Simples";"Curva";"Não";1;0;1;0;0;0;1;1;-22,47224973;-43,22332717;"SPRF-RJ";"DEL06-RJ";"UOP01-DEL06-RJ"
258055;2019-12-22;"domingo";"18:30:00";"SP";153;54,6;"SAO JOSE DO RIO PRETO";"Desobediência às normas de trânsito pelo condutor";"Colisão transversal";"Com Vítimas Feridas";"Anoitecer";"Crescente";"Nublado";"Simples";"Declive;Reta";"Sim";2;0;0;1;1;0;1;2;-20,74488916;-49,33894564;"SPRF-SP";"DEL09-SP";"UOP01-DEL09-SP"
258056;2019-12-22;"domingo";"18:35:00";"SE";235;35,6;"AREIA BRANCA";"Desobediência às normas de trânsito pelo condutor";"Colisão frontal";"Com Vítimas Feridas";"Plena Noite";"Crescente";"Céu Claro";"Simples";"Reta";"Não";2;0;0;1;1;0;1;2;-10,763301;-37,320831;"SPRF-SE";"DEL01-SE";"UOP02-DEL01-SE"
258057;2019-12-22;"domingo";"18:30:00";"BA";242;833;"BARREIRAS";"Ultrapassagem Indevida";"Capotamento";"Com Vítimas Feridas";"Plena Noite";"Decrescente";"Céu Claro";"Simples";"Reta";"Não";1;0;1;0;0;0;1;1;-12,12608193;-45,13998897;"SPRF-BA";"DEL10-BA";"UOP01-DEL10-BA"
258058;2019-12-22;"domingo";"16:35:00";"MS";158;92;"PARANAIBA";"Pista Escorregadia";"Saída de leito carroçável";"Sem Vítimas";"Pleno dia";"Decrescente";"Chuva";"Dupla";"Reta";"Sim";1;0;0;0;0;1;0;1;-19,66558599;-51,20420823;"SPRF-MS";"DEL08-MS";"UOP01-DEL08-MS"
258059;2019-12-22;"domingo";"18:40:00";"PR";277;609,7;"SANTA TEREZA DO OESTE";"Falta de Atenção à Condução";"Saída de leito carroçável";"Com Vítimas Feridas";"Anoitecer";"Crescente";"Céu Claro";"Simples";"Reta";"Sim";1;0;1;0;0;0;1;1;-25,05111043;-53,62214392;"SPRF-PR";"DEL05-PR";"UOP02-DEL05-PR"
258060;2019-12-22;"domingo";"18:35:00";"SP";116;70,4;"APARECIDA";"Pista Escorregadia";"Colisão com objeto estático";"Com Vítimas Feridas";"Anoitecer";"Crescente";"Chuva";"Dupla";"Curva";"Não";1;0;1;0;0;0;1;1;-22,84852898;-45,22705084;"SPRF-SP";"DEL08-SP";"UOP01-DEL08-SP"
258061;2019-12-22;"domingo";"18:20:00";"CE";222;307,4;"TIANGUA";"Desobediência às normas de trânsito pelo condutor";"Colisão lateral";"Com Vítimas Feridas";"Plena Noite";"Crescente";"Céu Claro";"Simples";"Reta";"Não";3;0;1;1;0;1;2;2;-3,68203653;-40,97306466;"SPRF-CE";"DEL04-CE";"UOP02-DEL04-CE"
258063;2019-12-22;"domingo";"18:00:00";"PE";101;37;"IGARASSU";"Ingestão de Álcool";"Colisão traseira";"Com Vítimas Feridas";"Plena Noite";"Crescente";"Céu Claro";"Simples";"Reta";"Não";3;0;1;1;1;0;2;2;-7,79726705;-34,9274932;"SPRF-PE";"DEL01-PE";"UOP02-DEL01-PE"
258064;2019-12-22;"domingo";"18:30:00";"CE";222;11;"CAUCAIA";"Falta de Atenção à Condução";"Colisão transversal";"Com Vítimas Feridas";"Plena Noite";"Crescente";"Céu Claro";"Dupla";"Reta";"Sim";3;0;2;0;0;1;2;2;-3,76597908;-38,66221996;"SPRF-CE";"DEL01-CE";"UOP01-DEL01-CE"
258065;2019-12-22;"domingo";"18:00:00";"RR";174;505;"BOA VISTA";"Falta de Atenção à Condução";"Colisão lateral";"Com Vítimas Feridas";"Plena Noite";"Crescente";"Céu Claro";"Dupla";"Reta";"Sim";2;0;0;1;1;0;1;2;2,805917;-60,690617;"SPRF-RR";"DEL01-RR";"UOP01-DEL01-RR"
258066;2019-12-22;"domingo";"18:40:00";"BA";101;756,5;"ITABELA";"Ultrapassagem Indevida";"Colisão frontal";"Com Vítimas Fatais";"Anoitecer";"Decrescente";"Céu Claro";"Simples";"Curva";"Não";7;3;0;4;0;0;4;3;-16,80601901;-39,48209102;"SPRF-BA";"DEL09-BA";"UOP01-DEL09-BA"
258067;2019-12-22;"domingo";"16:20:00";"SC";101;124;"ITAJAI";"Defeito Mecânico no Veículo";"Tombamento";"Com Vítimas Feridas";"Pleno dia";"Decrescente";"Céu Claro";"Dupla";"Reta";"Não";2;0;2;0;0;0;2;1;-26,94335064;-48,69198648;"SPRF-SC";"DEL04-SC";"UOP04-DEL04-SC"
258070;2019-12-22;"domingo";"17:45:00";"PR";476;138;"CURITIBA";"Falta de Atenção à Condução";"Colisão lateral";"Com Vítimas Fatais";"Pleno dia";"Crescente";"Céu Claro";"Simples";"Reta";"Não";2;1;1;0;0;0;1;2;-25,505564;-49,283417;"SPRF-PR";"DEL01-PR";"UOP03-DEL01-PR"
258071;2019-12-22;"domingo";"17:30:00";"AC";364;126;"RIO BRANCO";"Falta de Atenção à Condução";"Colisão traseira";"Sem Vítimas";"Plena Noite";"Crescente";"Chuva";"Simples";"Reta";"Não";7;0;0;0;6;1;0;2;-10,012822;-67,80875;"SPRF-AC";"DEL01-AC";"UOP01-DEL01-AC"
258072;2019-12-22;"domingo";"19:10:00";"SE";101;70;"MARUIM";"Desobediência às normas de trânsito pelo condutor";"Colisão frontal";"Com Vítimas Feridas";"Plena Noite";"Decrescente";"Céu Claro";"Dupla";"Reta";"Não";6;0;0;1;5;0;1;2;-10,7356;-37,08768;"SPRF-SE";"DEL01-SE";"UOP01-DEL01-SE"
258073;2019-12-22;"domingo";"18:37:00";"SC";153;94,3;"CONCORDIA";"Mal Súbito";"Saída de leito carroçável";"Com Vítimas Feridas";"Pleno dia";"Decrescente";"Céu Claro";"Simples";"Curva";"Não";1;0;1;0;0;0;1;1;-27,200716;-51,940483;"SPRF-SC";"DEL07-SC";"UOP04-DEL07-SC"
258074;2019-12-22;"domingo";"19:15:00";"PB";104;82,5;"REMIGIO";"Falta de Atenção à Condução";"Tombamento";"Com Vítimas Feridas";"Plena Noite";"Crescente";"Céu Claro";"Simples";"Reta";"Não";1;0;0;1;0;0;1;1;-6,93691911;-35,8293512;"SPRF-PB";"DEL02-PB";"UOP04-DEL02-PB"
258076;2019-12-22;"domingo";"17:10:00";"MS";262;609,5;"MIRANDA";"Pista Escorregadia";"Saída de leito carroçável";"Com Vítimas Feridas";"Pleno dia";"Decrescente";"Chuva";"Simples";"Reta";"Não";4;0;2;0;2;0;2;1;-20,03754192;-56,7925899;"SPRF-MS";"DEL03-MS";"UOP02-DEL03-MS"
258077;2019-12-22;"domingo";"20:00:00";"BA";242;880;"LUIS EDUARDO MAGALHAES";"Desobediência às normas de trânsito pelo condutor";"Colisão transversal";"Com Vítimas Fatais";"Plena Noite";"Crescente";"Céu Claro";"Simples";"Reta";"Sim";4;1;1;0;2;0;1;2;-12,085546;-45,752332;"SPRF-BA";"DEL10-BA";"UOP01-DEL10-BA"
258078;2019-12-22;"domingo";"19:50:00";"RJ";101;439;"MANGARATIBA";"Pista Escorregadia";"Queda de ocupante de veículo";"Com Vítimas Feridas";"Plena Noite";"Decrescente";"Chuva";"Simples";"Curva";"Não";1;0;0;1;0;0;1;1;-22,95169979;-44,08381404;"SPRF-RJ";"DEL03-RJ";"UOP01-DEL03-RJ"
258079;2019-12-22;"domingo";"17:30:00";"MG";365;575;"INDIANOPOLIS";"Falta de Atenção à Condução";"Colisão transversal";"Com Vítimas Feridas";"Anoitecer";"Decrescente";"Chuva";"Simples";"Reta";"Não";2;0;0;1;1;0;1;2;-18,89688385;-47,91517084;"SPRF-MG";"DEL15-MG";"UOP02-DEL15-MG"
258080;2019-12-22;"domingo";"18:40:00";"PB";104;137,2;"QUEIMADAS";"Desobediência às normas de trânsito pelo condutor";"Colisão traseira";"Com Vítimas Feridas";"Plena Noite";"Decrescente";"Céu Claro";"Simples";"Reta";"Não";3;0;0;1;1;1;1;3;-7,352277;-35,90094;"SPRF-PB";"DEL02-PB";"UOP03-DEL02-PB"
258081;2019-12-22;"domingo";"15:45:00";"PI";135;421;"REDENCAO DO GURGUEIA";"Ultrapassagem Indevida";"Colisão lateral";"Com Vítimas Feridas";"Pleno dia";"Crescente";"Céu Claro";"Simples";"Aclive";"Não";7;0;1;0;6;0;1;2;-9,47776381;-44,71393637;"SPRF-PI";"DEL03-PI";"UOP02-DEL03-PI"
258082;2019-12-22;"domingo";"20:20:00";"PR";376;161;"MARINGA";"Desobediência às normas de trânsito pelo condutor";"Colisão transversal";"Com Vítimas Feridas";"Plena Noite";"Crescente";"Nublado";"Dupla";"Interseção de Vias";"Sim";5;0;3;0;2;0;3;2;-23,37281665;-52,05547485;"SPRF-PR";"DEL07-PR";"UOP01-DEL09-PR"
258083;2019-12-22;"domingo";"19:42:00";"PR";369;208;"APUCARANA";"Ingestão de Álcool";"Colisão traseira";"Com Vítimas Feridas";"Plena Noite";"Crescente";"Céu Claro";"Simples";"Interseção de Vias";"Não";3;0;1;0;2;0;1;2;-23,56398713;-51,4925766;"SPRF-PR";"DEL07-PR";"UOP03-DEL07-PR"
258084;2019-12-22;"domingo";"19:55:00";"BA";135;169;"BARREIRAS";"Restrição de Visibilidade";"Atropelamento de Pedestre";"Com Vítimas Fatais";"Plena Noite";"Crescente";"Céu Claro";"Simples";"Reta";"Não";2;1;0;0;0;1;0;2;-12,081188;-44,96973301;"SPRF-BA";"DEL10-BA";"UOP01-DEL10-BA"
258085;2019-12-22;"domingo";"20:50:00";"ES";101;270,8;"SERRA";"Desobediência às normas de trânsito pelo condutor";"Colisão lateral";"Com Vítimas Feridas";"Plena Noite";"Crescente";"Céu Claro";"Múltipla";"Interseção de Vias";"Sim";2;0;1;0;1;0;1;2;-20,23181825;-40,27411938;"SPRF-ES";"DEL02-ES";"UOP01-DEL02-ES"
258086;2019-12-22;"domingo";"19:00:00";"RS";285;304,4;"PASSO FUNDO";"Ingestão de Álcool";"Capotamento";"Com Vítimas Feridas";"Anoitecer";"Crescente";"Céu Claro";"Simples";"Interseção de Vias";"Não";1;0;1;0;0;0;1;1;-28,226536;-52,477192;"SPRF-RS";"DEL08-RS";"UOP03-DEL08-RS"
258087;2019-12-22;"domingo";"19:30:00";"RS";293;49,9;"CERRITO";"Desobediência às normas de trânsito pelo condutor";"Colisão transversal";"Com Vítimas Feridas";"Anoitecer";"Crescente";"Céu Claro";"Simples";"Declive;Reta;Interseção de Vias";"Não";2;0;0;1;1;0;1;2;-31,7295907;-52,83451796;"SPRF-RS";"DEL07-RS";"UOP01-DEL07-RS"
258088;2019-12-22;"domingo";"16:30:00";"RO";421;0,1;"ARIQUEMES";"Desobediência às normas de trânsito pelo condutor";"Tombamento";"Com Vítimas Feridas";"Pleno dia";"Crescente";"Céu Claro";"Simples";"Declive";"Sim";3;0;3;0;0;0;3;1;-9,916055;-63,05571;"SPRF-RO";"DEL03-RO";"UOP01-DEL03-RO"
258089;2019-12-22;"domingo";"11:01:00";"MA";316;593,3;"TIMON";"Falta de Atenção à Condução";"Colisão traseira";"Com Vítimas Feridas";"Pleno dia";"Decrescente";"Céu Claro";"Simples";"Reta";"Não";2;0;1;0;1;0;1;2;-5,009359;-43,015121;"SPRF-MA";"DEL03-MA";"UOP02-DEL03-MA"
258091;2019-12-22;"domingo";"20:00:00";"MA";222;666;"ACAILANDIA";"Falta de Atenção à Condução";"Colisão frontal";"Com Vítimas Feridas";"Plena Noite";"Decrescente";"Céu Claro";"Simples";"Reta";"Não";2;0;0;1;1;0;1;2;-4,91708346;-47,42452383;"SPRF-MA";"DEL04-MA";"UOP03-DEL04-MA"
258092;2019-12-22;"domingo";"21:00:00";"DF";20;19,5;"BRASILIA";"Falta de Atenção do Pedestre";"Atropelamento de Pedestre";"Com Vítimas Fatais";"Plena Noite";"Crescente";"Céu Claro";"Dupla";"Declive";"Sim";2;1;0;0;1;0;0;2;-15,612175;-47,700928;"SPRF-DF";"DEL02-DF";"UOP01-DEL02-DF"
258093;2019-12-22;"domingo";"20:30:00";"TO";153;133,1;"ARAGUAINA";"Velocidade Incompatível";"Queda de ocupante de veículo";"Com Vítimas Feridas";"Plena Noite";"Crescente";"Nublado";"Dupla";"Curva";"Não";1;0;0;1;0;0;1;1;-7,11461109;-48,18743388;"SPRF-TO";"DEL02-TO";"UOP01-DEL02-TO"
258094;2019-12-22;"domingo";"21:15:00";"PA";163;1002;"SANTAREM";"Falta de Atenção à Condução";"Queda de ocupante de veículo";"Com Vítimas Feridas";"Plena Noite";"Decrescente";"Céu Claro";"Simples";"Reta";"Sim";1;0;1;0;0;0;1;1;-2,45567004;-54,72854541;"SPRF-PA";"DEL05-PA";"UOP01-DEL05-PA"
258095;2019-12-22;"domingo";"21:20:00";"PR";369;208;"APUCARANA";"Falta de Atenção à Condução";"Colisão frontal";"Com Vítimas Feridas";"Plena Noite";"Crescente";"Céu Claro";"Simples";"Interseção de Vias";"Sim";3;0;2;0;1;0;2;2;-23,56398713;-51,49291992;"SPRF-PR";"DEL07-PR";"UOP03-DEL07-PR"
258096;2019-12-22;"domingo";"20:05:00";"MG";40;143,2;"JOAO PINHEIRO";"Desobediência às normas de trânsito pelo condutor";"Colisão transversal";"Com Vítimas Feridas";"Plena Noite";"Crescente";"Céu Claro";"Simples";"Interseção de Vias;Reta";"Sim";2;0;1;0;1;0;1;2;-17,7457975;-46,17842682;"SPRF-MG";"DEL14-MG";"UOP01-DEL14-MG"
258098;2019-12-22;"domingo";"20:36:00";"RJ";101;322;"NITEROI";"Pista Escorregadia";"Colisão traseira";"Com Vítimas Feridas";"Plena Noite";"Crescente";"Chuva";"Dupla";"Reta";"Não";3;0;1;0;2;0;1;2;-22,878923;-43,110676;"SPRF-RJ";"DEL02-RJ";"UOP02-DEL02-RJ"
258099;2019-12-22;"domingo";"21:00:00";"BA";418;88;"NOVA VICOSA";"Ingestão de Álcool";"Colisão frontal";"Sem Vítimas";"Plena Noite";"Crescente";"Céu Claro";"Simples";"Interseção de Vias";"Sim";2;0;0;0;2;0;0;2;-17,88949109;-39,82359738;"SPRF-BA";"DEL09-BA";"UOP02-DEL09-BA"
258100;2019-12-22;"domingo";"21:25:00";"PB";230;288;"SANTA LUZIA";"Deficiência ou não Acionamento do Sistema de Iluminação/Sinalização do Veículo";"Colisão traseira";"Com Vítimas Feridas";"Plena Noite";"Decrescente";"Céu Claro";"Simples";"Aclive;Reta";"Não";4;0;0;1;3;0;1;2;-6,8871;-36,894;"SPRF-PB";"DEL03-PB";"UOP01-DEL03-PB"
258102;2019-12-22;"domingo";"08:20:00";"PI";343;348,8;"TERESINA";"Desobediência às normas de trânsito pelo condutor";"Colisão transversal";"Sem Vítimas";"Plena Noite";"Crescente";"Céu Claro";"Simples";"Interseção de Vias";"Sim";3;0;0;0;2;1;0;2;-5,12009632;-42,78925896;"SPRF-PI";"DEL01-PI";"UOP01-DEL01-PI"
258104;2019-12-22;"domingo";"21:20:00";"ES";101;145;"LINHARES";"Falta de Atenção à Condução";"Colisão traseira";"Sem Vítimas";"Plena Noite";"Crescente";"Céu Claro";"Simples";"Reta";"Não";2;0;0;0;1;1;0;2;-19,36089598;-40,06464018;"SPRF-ES";"DEL04-ES";"UOP01-DEL04-ES"
258105;2019-12-22;"domingo";"21:10:00";"PR";376;177,5;"MARINGA";"Não guardar distância de segurança";"Colisão traseira";"Com Vítimas Feridas";"Plena Noite";"Decrescente";"Chuva";"Múltipla";"Reta";"Sim";5;0;1;0;4;0;1;2;-23,41595855;-51,92226484;"SPRF-PR";"DEL07-PR";"UOP01-DEL09-PR"
258106;2019-09-12;"quinta-feira";"20:50:00";"MG";40;528,7;"CONTAGEM";"Falta de Atenção do Pedestre";"Atropelamento de Pedestre";"Com Vítimas Feridas";"Plena Noite";"Decrescente";"Céu Claro";"Dupla";"Curva";"Sim";4;0;0;4;0;0;4;2;-19,90883179;-44,04436577;"SPRF-MG";"DEL01-MG";"UOP02-DEL01-MG"
258107;2019-12-22;"domingo";"21:00:00";"RS";101;71;"OSORIO";"Não guardar distância de segurança";"Colisão traseira";"Com Vítimas Feridas";"Plena Noite";"Crescente";"Nublado";"Dupla";"Reta";"Não";4;0;1;0;2;1;1;2;-29,759604;-50,21723;"SPRF-RS";"DEL03-RS";"UOP01-DEL03-RS"
258108;2019-12-22;"domingo";"22:00:00";"PR";376;681;"GUARATUBA";"Desobediência às normas de trânsito pelo condutor";"Colisão traseira";"Com Vítimas Feridas";"Plena Noite";"Crescente";"Garoa/Chuvisco";"Dupla";"Reta";"Sim";9;0;6;0;3;0;6;2;-25,96596616;-48,89663319;"SPRF-PR";"DEL01-PR";"UOP04-DEL01-PR"
258110;2019-12-22;"domingo";"20:40:00";"SE";235;54,4;"ITABAIANA";"Desobediência às normas de trânsito pelo condutor";"Colisão lateral";"Com Vítimas Feridas";"Plena Noite";"Decrescente";"Céu Claro";"Simples";"Reta";"Sim";2;0;1;0;1;0;1;2;-10,676047;-37,443279;"SPRF-SE";"DEL01-SE";"UOP02-DEL01-SE"
258111;2019-12-22;"domingo";"21:00:00";"GO";20;180,5;"SIMOLANDIA";"Desobediência às normas de trânsito pelo pedestre";"Atropelamento de Pedestre";"Com Vítimas Fatais";"Pleno dia";"Crescente";"Céu Claro";"Simples";"Reta";"Sim";5;1;1;0;3;0;1;2;-14,477743;-46,492165;"SPRF-DF";"DEL02-DF";"UOP03-DEL02-DF"
258113;2019-12-22;"domingo";"22:30:00";"RJ";116;105;"GUAPIMIRIM";"Falta de Atenção à Condução";"Atropelamento de Pedestre";"Com Vítimas Fatais";"Plena Noite";"Decrescente";"Céu Claro";"Dupla";"Reta";"Não";2;1;0;0;1;0;0;2;-22,51502902;-43,00052292;"SPRF-RJ";"DEL04-RJ";"UOP02-DEL04-RJ"
258114;2019-12-22;"domingo";"23:10:00";"PR";476;129;"CURITIBA";"Desobediência às normas de trânsito pelo condutor";"Colisão traseira";"Com Vítimas Feridas";"Plena Noite";"Crescente";"Céu Claro";"Dupla";"Reta";"Sim";2;0;0;1;1;0;1;2;-25,440983;-49,233715;"SPRF-PR";"DEL01-PR";"UOP07-DEL01-PR"
258115;2019-12-22;"domingo";"22:30:00";"MG";381;481;"CONTAGEM";"Falta de Atenção à Condução";"Colisão lateral";"Sem Vítimas";"Pleno dia";"Decrescente";"Céu Claro";"Dupla";"Reta";"Sim";2;0;0;0;2;0;0;2;-19,95857575;-44,06033635;"SPRF-MG";"DEL01-MG";"UOP03-DEL01-MG"
258116;2019-12-22;"domingo";"22:20:00";"ES";101;66;"SAO MATEUS";"Falta de Atenção à Condução";"Saída de leito carroçável";"Com Vítimas Feridas";"Plena Noite";"Decrescente";"Céu Claro";"Dupla";"Reta";"Sim";1;0;1;0;0;0;1;1;-18,7165195;-39,87436378;"SPRF-ES";"DEL04-ES";"UOP02-DEL04-ES"
258118;2019-12-22;"domingo";"21:00:00";"BA";415;20;"ILHEUS";"Velocidade Incompatível";"Tombamento";"Com Vítimas Feridas";"Plena Noite";"Decrescente";"Céu Claro";"Simples";"Reta";"Não";1;0;1;0;0;0;1;1;-14,8482;-39,281986;"SPRF-BA";"DEL05-BA";"UOP01-DEL05-BA"
258119;2019-12-22;"domingo";"20:00:00";"SC";116;59,7;"PAPANDUVA";"Falta de Atenção à Condução";"Colisão frontal";"Com Vítimas Feridas";"Plena Noite";"Crescente";"Céu Claro";"Simples";"Reta";"Não";4;0;3;0;1;0;3;2;-26,37933149;-50,20775008;"SPRF-SC";"DEL06-SC";"UOP02-DEL06-SC"
258120;2019-12-22;"domingo";"22:50:00";"DF";40;7,3;"BRASILIA";"Condutor Dormindo";"Colisão com objeto estático";"Com Vítimas Feridas";"Plena Noite";"Decrescente";"Nublado";"Dupla";"Aclive";"Não";1;0;1;0;0;0;1;1;-16,038666;-47,979691;"SPRF-DF";"DEL01-DF";"UOP01-DEL01-DF"
258123;2019-12-22;"domingo";"18:00:00";"MG";40;695,4;"ALFREDO VASCONCELOS";"Pista Escorregadia";"Colisão frontal";"Com Vítimas Feridas";"Anoitecer";"Crescente";"Chuva";"Simples";"Declive;Curva";"Não";7;0;6;1;0;0;7;2;-21,1391999;-43,76576512;"SPRF-MG";"DEL05-MG";"UOP02-DEL05-MG"
258124;2019-12-22;"domingo";"22:20:00";"BA";324;517;"FEIRA DE SANTANA";"Ingestão de Álcool";"Colisão traseira";"Sem Vítimas";"Plena Noite";"Decrescente";"Céu Claro";"Dupla";"Interseção de Vias";"Sim";4;0;0;0;3;1;0;4;-12,25074413;-38,93311235;"SPRF-BA";"DEL02-BA";"UOP01-DEL02-BA"
258126;2019-12-22;"domingo";"20:00:00";"MG";381;400;"BOM JESUS DO AMPARO";"Falta de Atenção à Condução";"Queda de ocupante de veículo";"Com Vítimas Feridas";"Plena Noite";"Decrescente";"Nublado";"Simples";"Rotatória";"Não";1;0;0;1;0;0;1;1;-19,74021885;-43,51724307;"SPRF-MG";"DEL01-MG";"UOP01-DEL01-MG"
258130;2019-12-22;"domingo";"23:00:00";"BA";324;575;"SAO SEBASTIAO DO PASSE";"Ingestão de Álcool";"Colisão lateral";"Com Vítimas Feridas";"Plena Noite";"Crescente";"Céu Claro";"Dupla";"Reta";"Não";2;0;1;0;1;0;1;2;-12,57298496;-38,54513072;"SPRF-BA";"DEL01-BA";"UOP01-DEL01-BA"
258131;2019-12-23;"segunda-feira";"00:00:00";"RS";470;226;"GARIBALDI";"Falta de Atenção à Condução";"Colisão com objeto estático";"Com Vítimas Feridas";"Plena Noite";"Decrescente";"Céu Claro";"Simples";"Curva";"Sim";1;0;0;1;0;0;1;1;-29,21556004;-51,51743821;"SPRF-RS";"DEL06-RS";"UOP01-DEL06-RS"
258132;2019-12-23;"segunda-feira";"00:10:00";"SP";116;227;"GUARULHOS";"Falta de Atenção à Condução";"Colisão traseira";"Com Vítimas Feridas";"Plena Noite";"Decrescente";"Nublado";"Múltipla";"Reta";"Sim";2;0;1;0;1;0;1;2;-23,5014786;-46,56354102;"SPRF-SP";"DEL01-SP";"UOP01-DEL01-SP"