"id";"data_inversa";"dia_semana";"horario";"uf";"br";"km";"municipio";"causa_acidente";"tipo_acidente";"classificacao_acidente";"fase_dia";"sentido_via";"condicao_metereologica";"tipo_pista";"tracado_via";"uso_solo";"pessoas";"mortos";"feridos_leves";"feridos_graves";"ilesos";"ignorados";"feridos";"veiculos";"latitude";"longitude";"regional";"delegacia";"uop"
258133;2019-12-22;"domingo";"23:20:00";"BA";242;400;"SEABRA";"Ingestão de Álcool";"Saída de leito carroçável";"Com Vítimas Feridas";"Plena Noite";"Crescente";"Céu Claro";"Simples";"Curva";"Não";1;0;1;0;0;0;1;1;-12,47134497;-41,69102199;"SPRF-BA";"DEL06-BA";"UOP01-DEL06-BA"
258135;2019-12-22;"domingo";"23:40:00";"RN";101;103;"PARNAMIRIM";"Condutor Dormindo";"Colisão traseira";"Com Vítimas Feridas";"Plena Noite";"Crescente";"Céu Claro";"Múltipla";"Reta";"Sim";2;0;1;0;1;0;1;2;-5,89034022;-35,24894996;"SPRF-RN";"DEL01-RN";"UOP01-DEL01-RN"
258136;2019-12-23;"segunda-feira";"00:00:00";"GO";153;506;"APARECIDA DE GOIANIA";"Ingestão de Álcool";"Colisão com objeto estático";"Com Vítimas Feridas";"Plena Noite";"Crescente";"Céu Claro";"Dupla";"Reta";"Sim";1;0;1;0;0;0;1;1;-16,7633;-49,24;"SPRF-GO";"DEL01-GO";"UOP01-DEL01-GO"
258137;2019-12-22;"domingo";"19:00:00";"RJ";40;61,1;"PETROPOLIS";"Ingestão de Álcool";"Colisão frontal";"Com Vítimas Feridas";"Plena Noite";"Decrescente";"Chuva";"Simples";"Reta";"Não";5;0;4;1;0;0;5;2;-22,41134591;-43,14468384;"SPRF-RJ";"DEL06-RJ";"UOP01-DEL06-RJ"
258139;2019-12-10;"terça-feira";"07:40:00";"PR";116;126;"FAZENDA RIO GRANDE";"Falta de Atenção à Condução";"Queda de ocupante de veículo";"Com Vítimas Feridas";"Pleno dia";"Decrescente";"Nublado";"Dupla";"Reta";"Sim";2;0;1;0;1;0;1;2;-25,60389895;-49,31824423;"SPRF-PR";"DEL01-PR";"UOP03-DEL01-PR"
258140;2019-12-23;"segunda-feira";"00:50:00";"BA";116;427,5;"FEIRA DE SANTANA";"Animais na Pista";"Atropelamento de Animal";"Sem Vítimas";"Plena Noite";"Crescente";"Nublado";"Dupla";"Curva";"Não";2;0;0;0;2;0;0;1;-12,27705135;-38,9961881;"SPRF-BA";"DEL02-BA";"UOP01-DEL02-BA"
258141;2019-12-23;"segunda-feira";"01:00:00";"RS";287;248,5;"SANTA MARIA";"Falta de Atenção à Condução";"Colisão transversal";"Com Vítimas Feridas";"Plena Noite";"Crescente";"Céu Claro";"Simples";"Reta";"Sim";6;0;1;1;0;4;2;3;-29,696018;-53,850956;"SPRF-RS";"DEL09-RS";"UOP01-DEL09-RS"
258143;2019-12-23;"segunda-feira";"00:01:00";"SP";116;200,9;"ARUJA";"Ingestão de Álcool";"Saída de leito carroçável";"Com Vítimas Feridas";"Plena Noite";"Crescente";"Céu Claro";"Dupla";"Interseção de Vias";"Sim";4;0;3;0;1;0;3;2;-23,40281294;-46,3211;"SPRF-SP";"DEL01-SP";"UOP01-DEL01-SP"
258144;2019-12-23;"segunda-feira";"00:15:00";"MG";40;516;"RIBEIRAO DAS NEVES";"Condutor Dormindo";"Saída de leito carroçável";"Sem Vítimas";"Plena Noite";"Decrescente";"Chuva";"Dupla";"Aclive;Reta";"Sim";1;0;0;0;1;0;0;1;-19,81628624;-44,08960124;"SPRF-MG";"DEL01-MG";"UOP02-DEL01-MG"
258145;2019-12-23;"segunda-feira";"00:00:00";"AL";104;28;"UNIAO DOS PALMARES";"Animais na Pista";"Atropelamento de Animal";"Sem Vítimas";"Plena Noite";"Decrescente";"Ignorado";"Simples";"Curva";"Não";15;0;0;0;15;0;0;1;-9,11313518;-36,04665024;"SPRF-AL";"DEL01-AL";"UOP02-DEL01-AL"
258146;2019-12-23;"segunda-feira";"01:00:00";"RS";470;232;"CARLOS BARBOSA";"Ingestão de Álcool";"Capotamento";"Com Vítimas Feridas";"Pleno dia";"Decrescente";"Céu Claro";"Simples";"Reta";"Sim";1;0;1;0;0;0;1;1;-29,23579206;-51,51193423;"SPRF-RS";"DEL06-RS";"UOP01-DEL06-RS"
258148;2019-12-23;"segunda-feira";"01:00:00";"RJ";465;18;"RIO DE JANEIRO";"Falta de Atenção do Pedestre";"Atropelamento de Pedestre";"Com Vítimas Feridas";"Plena Noite";"Decrescente";"Chuva";"Dupla";"Reta";"Sim";2;0;1;0;0;1;1;2;-22,831354;-43,615128;"SPRF-RJ";"DEL01-RJ";"UOP03-DEL01-RJ"
258149;2019-12-22;"domingo";"14:00:00";"PI";135;634;"CRISTALANDIA DO PIAUI";"Defeito na Via";"Saída de leito carroçável";"Com Vítimas Feridas";"Pleno dia";"Decrescente";"Céu Claro";"Simples";"Curva";"Não";5;0;4;0;1;0;4;1;-10,77999597;-45,16116669;"SPRF-PI";"DEL03-PI";"UOP02-DEL03-PI"
258150;2019-12-23;"segunda-feira";"01:41:00";"MG";381;929,8;"ITAPEVA";"Velocidade Incompatível";"Capotamento";"Com Vítimas Feridas";"Plena Noite";"Crescente";"Chuva";"Dupla";"Curva";"Não";5;0;3;0;2;0;3;1;-22,77168541;-46,23761952;"SPRF-MG";"DEL16-MG";"UOP03-DEL16-MG"
258151;2019-12-23;"segunda-feira";"02:15:00";"SC";101;211,3;"SAO JOSE";"Condutor Dormindo";"Colisão traseira";"Com Vítimas Feridas";"Plena Noite";"Decrescente";"Céu Claro";"Dupla";"Reta";"Sim";2;0;1;0;1;0;1;2;-27,62329313;-48,65245588;"SPRF-SC";"DEL01-SC";"UOP02-DEL01-SC"
258152;2019-12-23;"segunda-feira";"00:30:00";"SP";381;31;"ATIBAIA";"Velocidade Incompatível";"Tombamento";"Com Vítimas Feridas";"Plena Noite";"Decrescente";"Garoa/Chuvisco";"Dupla";"Curva";"Não";1;0;1;0;0;0;1;1;-23,0559669;-46,57063716;"SPRF-SP";"DEL03-SP";"UOP01-DEL03-SP"
258154;2019-12-23;"segunda-feira";"02:10:00";"GO";153;566,4;"MORRINHOS";"Ingestão de Álcool";"Saída de leito carroçável";"Sem Vítimas";"Plena Noite";"Crescente";"Céu Claro";"Dupla";"Reta";"Não";1;0;0;0;1;0;0;1;-17,93678063;-49,22395885;"SPRF-GO";"DEL03-GO";"UOP01-DEL03-GO"
258155;2019-12-23;"segunda-feira";"02:00:00";"MG";262;801,3;"UBERABA";"Falta de Atenção à Condução";"Colisão com objeto estático";"Sem Vítimas";"Plena Noite";"Decrescente";"Chuva";"Dupla";"Reta";"Sim";1;0;0;0;0;1;0;1;-19,76988125;-47,90114542;"SPRF-MG";"DEL13-MG";"UOP01-DEL13-MG"
258156;2019-12-23;"segunda-feira";"01:40:00";"BA";101;875;"TEIXEIRA DE FREITAS";"Ingestão de Álcool";"Saída de leito carroçável";"Sem Vítimas";"Plena Noite";"Crescente";"Céu Claro";"Dupla";"Interseção de Vias";"Sim";1;0;0;0;1;0;0;1;-17,52617232;-39,70878972;"SPRF-BA";"DEL09-BA";"UOP02-DEL09-BA"
258158;2019-12-23;"segunda-feira";"00:00:00";"BA";324;525;"FEIRA DE SANTANA";"Falta de Atenção à Condução";"Atropelamento de Pedestre";"Com Vítimas Feridas";"Plena Noite";"Decrescente";"Céu Claro";"Dupla";"Reta";"Sim";4;0;3;0;0;1;3;2;-12,30106981;-38,8977869;"SPRF-BA";"DEL01-BA";"UOP01-DEL01-BA"
258159;2019-12-23;"segunda-feira";"03:00:00";"PE";232;9;"RECIFE";"Falta de Atenção à Condução";"Colisão com objeto estático";"Sem Vítimas";"Plena Noite";"Crescente";"Céu Claro";"Dupla";"Reta";"Sim";1;0;0;0;0;1;0;1;-8,07764447;-34,97863609;"SPRF-PE";"DEL01-PE";"UOP01-DEL01-PE"
258160;2019-12-23;"segunda-feira";"06:00:00";"GO";60;78,8;"ANAPOLIS";"Defeito Mecânico no Veículo";"Queda de ocupante de veículo";"Com Vítimas Feridas";"Amanhecer";"Decrescente";"Céu Claro";"Dupla";"Curva";"Sim";1;0;1;0;0;0;1;1;-16,2967;-48,8039;"SPRF-GO";"DEL02-GO";"UOP01-DEL02-GO"
258162;2019-12-23;"segunda-feira";"06:35:00";"RJ";116;6;"SAPUCAIA";"Pista Escorregadia";"Saída de leito carroçável";"Com Vítimas Feridas";"Pleno dia";"Decrescente";"Chuva";"Simples";"Curva";"Não";3;0;2;0;1;0;2;1;-21,90897631;-42,69105244;"SPRF-RJ";"DEL04-RJ";"UOP01-DEL04-RJ"
258165;2019-12-23;"segunda-feira";"00:00:00";"MG";116;362,5;"FREI INOCENCIO";"Não guardar distância de segurança";"Colisão traseira";"Com Vítimas Fatais";"Plena Noite";"Crescente";"Céu Claro";"Simples";"Reta";"Não";2;1;0;0;0;1;0;2;-18,47559121;-41,86270486;"SPRF-MG";"DEL11-MG";"UOP01-DEL11-MG"
258169;2019-12-23;"segunda-feira";"06:40:00";"RS";285;296;"PASSO FUNDO";"Animais na Pista";"Atropelamento de Animal";"Com Vítimas Feridas";"Pleno dia";"Decrescente";"Céu Claro";"Simples";"Reta";"Sim";1;0;1;0;0;0;1;1;-28,23238;-52,4039;"SPRF-RS";"DEL08-RS";"UOP03-DEL08-RS"
258170;2019-12-23;"segunda-feira";"06:00:00";"MG";381;439;"SABARA";"Velocidade Incompatível";"Colisão frontal";"Com Vítimas Feridas";"Pleno dia";"Decrescente";"Chuva";"Simples";"Curva";"Não";3;0;0;1;2;0;1;3;-19,80927691;-43,78706001;"SPRF-MG";"DEL01-MG";"UOP01-DEL01-MG"
258171;2019-12-23;"segunda-feira";"07:05:00";"RJ";101;310;"SAO GONCALO";"Não guardar distância de segurança";"Colisão lateral";"Com Vítimas Feridas";"Pleno dia";"Crescente";"Céu Claro";"Dupla";"Interseção de Vias";"Sim";3;0;1;0;1;1;1;2;-22,79717023;-43,04404993;"SPRF-RJ";"DEL02-RJ";"UOP02-DEL02-RJ"
258172;2019-12-23;"segunda-feira";"02:00:00";"RJ";101;143;"MACAE";"Falta de Atenção à Condução";"Capotamento";"Com Vítimas Feridas";"Plena Noite";"Decrescente";"Chuva";"Dupla";"Reta";"Não";1;0;0;1;0;0;1;1;-22,20562678;-41,75124739;"SPRF-RJ";"DEL02-RJ";"UOP04-DEL08-RJ"
258175;2019-12-23;"segunda-feira";"02:30:00";"BA";415;51;"ITABUNA";"Animais na Pista";"Atropelamento de Animal";"Com Vítimas Feridas";"Plena Noite";"Crescente";"Céu Claro";"Simples";"Reta";"Não";2;0;1;1;0;0;2;1;-14,81574494;-39,29612388;"SPRF-BA";"DEL05-BA";"UOP01-DEL05-BA"
258177;2019-12-23;"segunda-feira";"07:00:00";"MT";158;662;"NOVA XAVANTINA";"Condutor Dormindo";"Saída de leito carroçável";"Com Vítimas Feridas";"Pleno dia";"Crescente";"Céu Claro";"Simples";"Reta";"Não";3;0;3;0;0;0;3;1;-14,73954593;-52,33761683;"SPRF-MT";"DEL07-MT";"UOP01-DEL07-MT"
258178;2019-12-23;"segunda-feira";"09:30:00";"PE";101;77,7;"JABOATAO DOS GUARARAPES";"Falta de Atenção à Condução";"Colisão traseira";"Com Vítimas Feridas";"Pleno dia";"Decrescente";"Céu Claro";"Dupla";"Reta";"Não";1;0;1;0;0;0;1;1;-8,126982;-34,94386;"SPRF-PE";"DEL01-PE";"UOP01-DEL01-PE"
258179;2019-12-22;"domingo";"20:00:00";"AP";210;2;"MACAPA";"Ingestão de Álcool";"Atropelamento de Pedestre";"Com Vítimas Feridas";"Plena Noite";"Decrescente";"Céu Claro";"Simples";"Reta";"Sim";2;0;1;0;0;1;1;2;0,08282017;-51,07776189;"SPRF-AP";"DEL01-AP";"UOP01-DEL01-AP"
258181;2019-12-23;"segunda-feira";"07:00:00";"PE";101;114;"ESCADA";"Condutor Dormindo";"Saída de leito carroçável";"Com Vítimas Feridas";"Pleno dia";"Crescente";"Céu Claro";"Dupla";"Curva";"Não";1;0;1;0;0;0;1;1;-8,33585626;-35,1333699;"SPRF-PE";"DEL01-PE";"UOP03-DEL01-PE"
258182;2019-12-23;"segunda-feira";"06:45:00";"RJ";101;72,4;"CAMPOS DOS GOYTACAZES";"Falta de Atenção à Condução";"Colisão traseira";"Sem Vítimas";"Pleno dia";"Decrescente";"Céu Claro";"Simples";"Reta";"Não";3;0;0;0;3;0;0;2;-21,79172802;-41,38837798;"SPRF-RJ";"DEL08-RJ";"UOP02-DEL08-RJ"
258184;2019-12-23;"segunda-feira";"06:45:00";"MG";116;246,5;"TEOFILO OTONI";"Defeito Mecânico no Veículo";"Saída de leito carroçável";"Com Vítimas Feridas";"Pleno dia";"Crescente";"Céu Claro";"Simples";"Reta";"Não";2;0;2;0;0;0;2;1;-17,6101981;-41,4975046;"SPRF-MG";"DEL11-MG";"UOP01-DEL11-MG"
258185;2019-12-22;"domingo";"06:00:00";"MS";163;60,8;"ELDORADO";"Falta de Atenção à Condução";"Saída de leito carroçável";"Com Vítimas Feridas";"Pleno dia";"Crescente";"Sol";"Simples";"Reta";"Não";2;0;2;0;0;0;2;1;-23,62276004;-54,23430394;"SPRF-MS";"DEL09-MS";"UOP02-DEL09-MS"
258186;2019-12-23;"segunda-feira";"08:10:00";"SC";101;131;"BALNEARIO CAMBORIU";"Falta de Atenção à Condução";"Colisão transversal";"Com Vítimas Feridas";"Pleno dia";"Crescente";"Céu Claro";"Simples";"Reta";"Sim";2;0;1;0;1;0;1;2;-26,99064209;-48,66310912;"SPRF-SC";"DEL04-SC";"UOP03-DEL04-SC"
258187;2019-12-23;"segunda-feira";"07:40:00";"RJ";101;407;"ITAGUAI";"Falta de Atenção à Condução";"Colisão com objeto estático";"Sem Vítimas";"Pleno dia";"Decrescente";"Céu Claro";"Dupla";"Viaduto";"Sim";1;0;0;0;1;0;0;1;-22,87973374;-43,82360458;"SPRF-RJ";"DEL03-RJ";"UOP01-DEL03-RJ"
258188;2019-10-18;"sexta-feira";"17:25:00";"MT";364;201,7;"RONDONOPOLIS";"Falta de Atenção à Condução";"Colisão traseira";"Com Vítimas Feridas";"Anoitecer";"Crescente";"Ignorado";"Dupla";"Reta";"Sim";2;0;0;2;0;0;2;1;-16,491405;-54,646378;"SPRF-MT";"DEL02-MT";"UOP01-DEL02-MT"
258189;2019-12-23;"segunda-feira";"08:30:00";"BA";116;424,4;"FEIRA DE SANTANA";"Falta de Atenção à Condução";"Colisão traseira";"Com Vítimas Feridas";"Pleno dia";"Decrescente";"Sol";"Simples";"Reta";"Sim";3;0;2;0;1;0;2;2;-12,23257586;-38,97248506;"SPRF-BA";"DEL02-BA";"UOP01-DEL02-BA"
258190;2019-12-23;"segunda-feira";"07:45:00";"PR";376;595;"CURITIBA";"Desobediência às normas de trânsito pelo pedestre";"Atropelamento de Pedestre";"Com Vítimas Feridas";"Pleno dia";"Crescente";"Nublado";"Dupla";"Reta";"Sim";1;0;0;1;0;0;1;1;-25,45155592;-49,36237578;"SPRF-PR";"DEL01-PR";"UOP06-DEL01-PR"
258192;2019-12-08;"domingo";"22:50:00";"PR";476;140,4;"CURITIBA";"Falta de Atenção do Pedestre";"Atropelamento de Pedestre";"Com Vítimas Fatais";"Plena Noite";"Crescente";"Céu Claro";"Múltipla";"Reta";"Sim";2;1;0;0;0;1;0;2;-25,520693;-49,294121;"SPRF-PR";"DEL01-PR";"UOP03-DEL01-PR"
258193;2019-12-23;"segunda-feira";"07:35:00";"SC";470;13;"NAVEGANTES";"Desobediência às normas de trânsito pelo condutor";"Colisão frontal";"Com Vítimas Feridas";"Pleno dia";"Crescente";"Céu Claro";"Simples";"Curva";"Não";3;0;1;1;1;0;2;2;-26,839108;-48,766262;"SPRF-SC";"DEL04-SC";"UOP04-DEL04-SC"
258194;2019-12-23;"segunda-feira";"08:20:00";"SC";101;212;"PALHOCA";"Não guardar distância de segurança";"Colisão traseira";"Com Vítimas Feridas";"Pleno dia";"Crescente";"Céu Claro";"Dupla";"Reta";"Sim";3;0;1;0;2;0;1;2;-27,62996929;-48,65903871;"SPRF-SC";"DEL01-SC";"UOP02-DEL01-SC"
258195;2019-12-23;"segunda-feira";"08:20:00";"ES";101;131;"LINHARES";"Falta de Atenção à Condução";"Colisão transversal";"Com Vítimas Feridas";"Pleno dia";"Decrescente";"Céu Claro";"Simples";"Reta";"Não";3;0;1;0;2;0;1;2;-19,238965;-40,09170698;"SPRF-ES";"DEL04-ES";"UOP01-DEL04-ES"
258196;2019-12-23;"segunda-feira";"08:40:00";"CE";20;415;"MARACANAU";"Não guardar distância de segurança";"Colisão traseira";"Sem Vítimas";"Pleno dia";"Crescente";"Sol";"Simples";"Reta";"Não";3;0;0;0;2;1;0;3;-3,83138;-38,6182;"SPRF-CE";"DEL01-CE";"UOP02-DEL01-CE"
258198;2019-12-23;"segunda-feira";"07:20:00";"PE";101;50,1;"ABREU E LIMA";"Falta de Atenção do Pedestre";"Atropelamento de Pedestre";"Com Vítimas Feridas";"Pleno dia";"Decrescente";"Céu Claro";"Múltipla";"Reta";"Sim";3;0;2;1;0;0;3;2;-7,90938602;-34,90123228;"SPRF-PE";"DEL01-PE";"UOP02-DEL01-PE"
258199;2019-12-23;"segunda-feira";"09:00:00";"SC";101;208;"SAO JOSE";"Falta de Atenção à Condução";"Tombamento";"Com Vítimas Feridas";"Pleno dia";"Decrescente";"Céu Claro";"Dupla";"Reta";"Sim";2;0;1;0;1;0;1;2;-27,60327979;-48,63201818;"SPRF-SC";"DEL01-SC";"UOP01-DEL01-SC"
258200;2019-12-23;"segunda-feira";"08:45:00";"SP";381;52,6;"MAIRIPORA";"Pista Escorregadia";"Colisão com objeto estático";"Com Vítimas Feridas";"Pleno dia";"Decrescente";"Garoa/Chuvisco";"Dupla";"Curva";"Sim";2;0;2;0;0;0;2;1;-23,2300622;-46,59963076;"SPRF-SP";"DEL03-SP";"UOP01-DEL03-SP"
258202;2019-12-23;"segunda-feira";"09:00:00";"GO";80;29,8;"PADRE BERNARDO";"Falta de Atenção à Condução";"Capotamento";"Com Vítimas Fatais";"Pleno dia";"Crescente";"Nublado";"Simples";"Declive";"Não";6;1;5;0;0;0;5;1;-15,303066;-48,229732;"SPRF-DF";"DEL01-DF";"UOP02-DEL03-DF"
258203;2019-12-23;"segunda-feira";"05:40:00";"MG";381;938,2;"EXTREMA";"Falta de Atenção à Condução";"Saída de leito carroçável";"Com Vítimas Feridas";"Pleno dia";"Crescente";"Chuva";"Dupla";"Reta";"Não";1;0;0;1;0;0;1;1;-22,83909203;-46,32850893;"SPRF-MG";"DEL16-MG";"UOP03-DEL16-MG"
258204;2019-12-23;"segunda-feira";"07:15:00";"MG";381;912,8;"CAMANDUCAIA";"Velocidade Incompatível";"Saída de leito carroçável";"Com Vítimas Feridas";"Pleno dia";"Decrescente";"Chuva";"Dupla";"Viaduto;Retorno Regulamentado;Curva";"Não";1;0;1;0;0;0;1;1;-22,71203372;-46,12193048;"SPRF-MG";"DEL16-MG";"UOP03-DEL16-MG"
258205;2019-12-23;"segunda-feira";"09:30:00";"SP";381;72,9;"SAO PAULO";"Fenômenos da Natureza";"Colisão lateral";"Com Vítimas Feridas";"Pleno dia";"Crescente";"Garoa/Chuvisco";"Dupla";"Curva";"Não";4;0;3;0;1;0;3;1;-23,35761806;-46,54970281;"SPRF-SP";"DEL03-SP";"UOP01-DEL03-SP"
258206;2019-12-23;"segunda-feira";"07:20:00";"RJ";116;180,9;"NOVA IGUACU";"Falta de Atenção à Condução";"Colisão traseira";"Com Vítimas Feridas";"Pleno dia";"Decrescente";"Nublado";"Dupla";"Reta";"Sim";2;0;1;0;1;0;1;2;-22,73937498;-43,46711853;"SPRF-RJ";"DEL01-RJ";"UOP02-DEL01-RJ"
258207;2019-12-23;"segunda-feira";"09:50:00";"PE";428;191,9;"PETROLINA";"Desobediência às normas de trânsito pelo condutor";"Colisão transversal";"Com Vítimas Feridas";"Pleno dia";"Crescente";"Céu Claro";"Simples";"Reta";"Sim";2;0;1;0;1;0;1;2;-9,37766429;-40,50269795;"SPRF-PE";"DEL06-PE";"UOP01-DEL06-PE"
258208;2019-12-23;"segunda-feira";"09:28:00";"PR";163;83,2;"PLANALTO";"Falta de Atenção à Condução";"Colisão transversal";"Com Vítimas Feridas";"Pleno dia";"Decrescente";"Céu Claro";"Simples";"Interseção de Vias;Reta";"Não";4;0;1;0;3;0;1;2;-25,71033;-53,76829;"SPRF-PR";"DEL02-PR";"UOP02-DEL02-PR"
258210;2019-12-23;"segunda-feira";"08:45:00";"RJ";101;530;"ANGRA DOS REIS";"Ingestão de Álcool";"Capotamento";"Com Vítimas Fatais";"Pleno dia";"Crescente";"Chuva";"Simples";"Curva";"Não";5;1;2;2;0;0;4;2;-23,0232454;-44,51684972;"SPRF-RJ";"DEL03-RJ";"UOP02-DEL03-RJ"
258211;2019-12-23;"segunda-feira";"10:30:00";"SC";101;149;"ITAPEMA";"Desobediência às normas de trânsito pelo pedestre";"Atropelamento de Pedestre";"Com Vítimas Feridas";"Pleno dia";"Decrescente";"Sol";"Simples";"Reta";"Sim";2;0;1;0;1;0;1;2;-27,1089649;-48,61277586;"SPRF-SC";"DEL04-SC";"UOP03-DEL04-SC"
258212;2019-12-23;"segunda-feira";"09:15:00";"AL";316;171,5;"BELEM";"Defeito Mecânico no Veículo";"Incêndio";"Sem Vítimas";"Pleno dia";"Crescente";"Céu Claro";"Simples";"Reta";"Não";1;0;0;0;1;0;0;1;-9,52436819;-36,53857824;"SPRF-AL";"DEL03-AL";"UOP01-DEL03-AL"
258213;2019-12-23;"segunda-feira";"09:50:00";"MG";381;686,9;"LAVRAS";"Pista Escorregadia";"Saída de leito carroçável";"Com Vítimas Feridas";"Pleno dia";"Decrescente";"Chuva";"Dupla";"Curva";"Não";1;0;1;0;0;0;1;1;-21,17806195;-45,12326628;"SPRF-MG";"DEL04-MG";"UOP02-DEL04-MG"
258216;2019-12-23;"segunda-feira";"10:00:00";"PR";158;528,9;"PATO BRANCO";"Velocidade Incompatível";"Colisão traseira";"Com Vítimas Feridas";"Pleno dia";"Crescente";"Céu Claro";"Simples";"Declive;Reta";"Sim";3;0;0;1;1;1;1;3;-26,17852896;-52,66276667;"SPRF-PR";"DEL02-PR";"UOP01-DEL02-PR"
258218;2019-12-23;"segunda-feira";"09:10:00";"SC";101;24,4;"JOINVILLE";"Velocidade Incompatível";"Colisão lateral";"Com Vítimas Feridas";"Pleno dia";"Decrescente";"Céu Claro";"Dupla";"Reta";"Sim";2;0;1;0;1;0;1;2;-26,178275;-48,908434;"SPRF-SC";"DEL03-SC";"UOP01-DEL03-SC"
258219;2019-12-23;"segunda-feira";"10:30:00";"SC";101;79,6;"ARAQUARI";"Falta de Atenção à Condução";"Colisão lateral";"Com Vítimas Feridas";"Pleno dia";"Decrescente";"Céu Claro";"Dupla";"Reta";"Não";3;0;2;0;1;0;2;2;-26,59601997;-48,72263789;"SPRF-SC";"DEL03-SC";"UOP02-DEL03-SC"
258220;2019-12-23;"segunda-feira";"10:30:00";"ES";101;1,5;"VITORIA";"Defeito na Via";"Tombamento";"Com Vítimas Feridas";"Pleno dia";"Decrescente";"Sol";"Dupla";"Reta";"Sim";1;0;1;0;0;0;1;1;-20,23267;-40,27658;"SPRF-ES";"DEL02-ES";"UOP01-DEL02-ES"
258224;2019-12-23;"segunda-feira";"08:00:00";"MG";116;195;"CARAI";"Falta de Atenção à Condução";"Atropelamento de Pedestre";"Com Vítimas Feridas";"Pleno dia";"Decrescente";"Céu Claro";"Simples";"Reta";"Não";6;0;1;0;5;0;1;2;-17,20177201;-41,49138598;"SPRF-MG";"DEL11-MG";"UOP01-DEL11-MG"
258225;2019-12-23;"segunda-feira";"09:30:00";"AL";423;26;"CANAPI";"Falta de Atenção à Condução";"Colisão transversal";"Com Vítimas Feridas";"Pleno dia";"Decrescente";"Céu Claro";"Simples";"Reta";"Não";2;0;1;0;1;0;1;2;-9,193462;-37,514824;"SPRF-AL";"DEL03-AL";"UOP02-DEL03-AL"
258226;2019-12-23;"segunda-feira";"09:00:00";"MG";381;333;"NOVA ERA";"Velocidade Incompatível";"Saída de leito carroçável";"Com Vítimas Feridas";"Pleno dia";"Crescente";"Garoa/Chuvisco";"Simples";"Curva";"Não";3;0;2;0;1;0;2;1;-19,80306599;-43,06083702;"SPRF-MG";"DEL03-MG";"UOP01-DEL03-MG"
258228;2019-12-23;"segunda-feira";"10:30:00";"RJ";101;69;"CAMPOS DOS GOYTACAZES";"Falta de Atenção à Condução";"Engavetamento";"Com Vítimas Feridas";"Pleno dia";"Decrescente";"Nublado";"Simples";"Reta";"Não";4;0;1;0;3;0;1;3;-21,77624383;-41,3653321;"SPRF-RJ";"DEL08-RJ";"UOP02-DEL08-RJ"
258229;2019-12-23;"segunda-feira";"10:15:00";"RN";304;123;"ITAJA";"Ultrapassagem Indevida";"Colisão lateral";"Com Vítimas Feridas";"Pleno dia";"Crescente";"Céu Claro";"Simples";"Reta";"Não";14;0;2;0;12;0;2;3;-5,64584414;-36,83202507;"SPRF-RN";"DEL04-RN";"UOP01-DEL04-RN"
258231;2019-12-23;"segunda-feira";"10:05:00";"PR";469;1;"FOZ DO IGUACU";"Falta de Atenção à Condução";"Colisão transversal";"Com Vítimas Feridas";"Pleno dia";"Decrescente";"Sol";"Simples";"Reta";"Sim";2;0;0;1;1;0;1;2;-25,57612406;-54,55325603;"SPRF-PR";"DEL05-PR";"UOP04-DEL05-PR"
258232;2019-12-23;"segunda-feira";"03:40:00";"PB";104;105,3;"SAO SEBASTIAO DE LAGOA DE  ROCA";"Condutor Dormindo";"Saída de leito carroçável";"Sem Vítimas";"Amanhecer";"Crescente";"Céu Claro";"Simples";"Declive";"Não";1;0;0;0;1;0;0;1;-7,08938993;-35,85454407;"SPRF-PB";"DEL02-PB";"UOP04-DEL02-PB"
258234;2019-12-23;"segunda-feira";"11:45:00";"GO";60;129;"GOIANAPOLIS";"Defeito Mecânico no Veículo";"Queda de ocupante de veículo";"Com Vítimas Feridas";"Pleno dia";"Decrescente";"Céu Claro";"Dupla";"Reta";"Não";2;0;2;0;0;0;2;1;-16,5587;-49,1534;"SPRF-GO";"DEL01-GO";"UOP01-DEL01-GO"
258235;2019-12-23;"segunda-feira";"11:40:00";"MG";381;521,3;"BRUMADINHO";"Velocidade Incompatível";"Capotamento";"Com Vítimas Feridas";"Pleno dia";"Decrescente";"Chuva";"Dupla";"Curva";"Não";2;0;1;0;1;0;1;1;-20,13846621;-44,31715274;"SPRF-MG";"DEL04-MG";"UOP03-DEL04-MG"
258238;2019-12-23;"segunda-feira";"12:10:00";"GO";50;215;"CAMPO ALEGRE DE GOIAS";"Condutor Dormindo";"Saída de leito carroçável";"Com Vítimas Feridas";"Pleno dia";"Crescente";"Céu Claro";"Dupla";"Reta";"Não";2;0;1;0;1;0;1;1;-17,6806;-47,7281;"SPRF-GO";"DEL06-GO";"UOP01-DEL06-GO"
258239;2019-12-23;"segunda-feira";"07:10:00";"MG";50;7;"ARAGUARI";"Animais na Pista";"Saída de leito carroçável";"Com Vítimas Feridas";"Pleno dia";"Crescente";"Nublado";"Dupla";"Declive";"Não";4;0;3;0;1;0;3;1;-18,47978714;-48,04875045;"SPRF-MG";"DEL15-MG";"UOP02-DEL15-MG"
258240;2019-12-23;"segunda-feira";"12:00:00";"RJ";116;305;"RESENDE";"Falta de Atenção à Condução";"Colisão transversal";"Com Vítimas Feridas";"Pleno dia";"Crescente";"Chuva";"Simples";"Reta";"Sim";2;0;0;1;1;0;1;2;-22,45573779;-44,39454802;"SPRF-RJ";"DEL07-RJ";"DEL5/7-UOP03/RJ"