"id";"data_inversa";"dia_semana";"horario";"uf";"br";"km";"municipio";"causa_acidente";"tipo_acidente";"classificacao_acidente";"fase_dia";"sentido_via";"condicao_metereologica";"tipo_pista";"tracado_via";"uso_solo";"pessoas";"mortos";"feridos_leves";"feridos_graves";"ilesos";"ignorados";"feridos";"veiculos";"latitude";"longitude";"regional";"delegacia";"uop"
258241;2019-12-23;"segunda-feira";"11:45:00";"PR";376;598;"CURITIBA";"Não guardar distância de segurança";"Colisão traseira";"Com Vítimas Feridas";"Pleno dia";"Decrescente";"Nublado";"Dupla";"Reta";"Não";2;0;1;0;1;0;1;2;-25,5188802;-49,33506947;"SPRF-PR";"DEL01-PR";"UOP06-DEL01-PR"
258243;2019-12-23;"segunda-feira";"12:40:00";"RJ";101;71,9;"CAMPOS DOS GOYTACAZES";"Desobediência às normas de trânsito pelo condutor";"Colisão traseira";"Com Vítimas Feridas";"Pleno dia";"Crescente";"Nublado";"Simples";"Curva";"Não";7;0;1;0;6;0;1;2;-21,79402494;-41,39067462;"SPRF-RJ";"DEL08-RJ";"UOP02-DEL08-RJ"
258245;2019-12-23;"segunda-feira";"12:10:00";"RJ";393;281;"VOLTA REDONDA";"Falta de Atenção à Condução";"Colisão transversal";"Com Vítimas Feridas";"Plena Noite";"Crescente";"Céu Claro";"Simples";"Reta";"Não";2;0;1;0;1;0;1;2;-22,48025569;-44,02974901;"SPRF-RJ";"DEL05-RJ";"UOP04-DEL05-RJ"
258247;2019-12-23;"segunda-feira";"11:40:00";"MG";381;490;"BETIM";"Mal Súbito";"Queda de ocupante de veículo";"Com Vítimas Feridas";"Pleno dia";"Decrescente";"Nublado";"Dupla";"Reta";"Sim";1;0;0;1;0;0;1;1;-19,96502819;-44,17422195;"SPRF-MG";"DEL01-MG";"UOP03-DEL01-MG"
258251;2019-12-23;"segunda-feira";"09:15:00";"SC";280;21;"ARAQUARI";"Falta de Atenção à Condução";"Colisão transversal";"Com Vítimas Feridas";"Pleno dia";"Crescente";"Céu Claro";"Simples";"Reta";"Não";2;0;0;1;1;0;1;2;-26,37043169;-48,69219602;"SPRF-SC";"DEL03-SC";"UOP03-DEL03-SC"
258252;2019-12-23;"segunda-feira";"13:20:00";"MG";262;153,6;"SAO DOMINGOS DO PRATA";"Velocidade Incompatível";"Saída de leito carroçável";"Com Vítimas Feridas";"Pleno dia";"Crescente";"Nublado";"Simples";"Aclive;Curva";"Não";2;0;2;0;0;0;2;1;-19,99113399;-42,79060753;"SPRF-MG";"DEL03-MG";"UOP03-DEL03-MG"
258253;2019-12-23;"segunda-feira";"13:00:00";"MG";40;664,4;"CARANDAI";"Desobediência às normas de trânsito pelo condutor";"Colisão transversal";"Com Vítimas Feridas";"Pleno dia";"Decrescente";"Nublado";"Simples";"Reta";"Não";3;0;3;0;0;0;3;2;-20,93270989;-43,81713892;"SPRF-MG";"DEL05-MG";"UOP02-DEL05-MG"
258255;2019-12-23;"segunda-feira";"07:10:00";"GO";153;506,1;"APARECIDA DE GOIANIA";"Falta de Atenção à Condução";"Queda de ocupante de veículo";"Com Vítimas Feridas";"Pleno dia";"Crescente";"Sol";"Dupla";"Reta";"Não";1;0;1;0;0;0;1;1;-16,7633;-49,24;"SPRF-GO";"DEL01-GO";"UOP01-DEL01-GO"
258256;2019-12-23;"segunda-feira";"13:40:00";"RS";386;36,1;"FREDERICO WESTPHALEN";"Falta de Atenção à Condução";"Colisão transversal";"Com Vítimas Feridas";"Pleno dia";"Decrescente";"Céu Claro";"Simples";"Reta";"Sim";2;0;1;0;1;0;1;2;-27,3764167;-53,39818954;"SPRF-RS";"DEL08-RS";"UOP02-DEL08-RS"
258257;2019-12-23;"segunda-feira";"12:20:00";"PE";101;61,2;"RECIFE";"Falta de Atenção do Pedestre";"Atropelamento de Pedestre";"Com Vítimas Feridas";"Pleno dia";"Decrescente";"Sol";"Dupla";"Reta";"Não";3;0;1;1;0;1;2;2;-7,99097103;-34,93598295;"SPRF-PE";"DEL01-PE";"UOP02-DEL01-PE"
258258;2019-12-23;"segunda-feira";"12:30:00";"PE";101;83;"JABOATAO DOS GUARARAPES";"Falta de Atenção à Condução";"Saída de leito carroçável";"Com Vítimas Feridas";"Pleno dia";"Decrescente";"Céu Claro";"Dupla";"Reta";"Não";1;0;1;0;0;0;1;1;-8,175172;-34,942642;"SPRF-PE";"DEL01-PE";"UOP03-DEL01-PE"
258259;2019-12-23;"segunda-feira";"11:30:00";"BA";101;379,9;"GANDU";"Falta de Atenção à Condução";"Saída de leito carroçável";"Com Vítimas Feridas";"Pleno dia";"Crescente";"Céu Claro";"Simples";"Reta";"Não";3;0;3;0;0;0;3;1;-13,86435318;-39,49547075;"SPRF-BA";"DEL05-BA";"UOP03-DEL05-BA"
258260;2019-12-23;"segunda-feira";"13:20:00";"RN";101;98,8;"NATAL";"Não guardar distância de segurança";"Colisão traseira";"Com Vítimas Feridas";"Pleno dia";"Decrescente";"Nublado";"Dupla";"Viaduto";"Sim";3;0;2;0;1;0;2;2;-5,86567888;-35,21651625;"SPRF-RN";"DEL01-RN";"UOP01-DEL01-RN"
258261;2019-08-30;"sexta-feira";"07:00:00";"MG";381;161;"GOVERNADOR VALADARES";"Velocidade Incompatível";"Saída de leito carroçável";"Com Vítimas Feridas";"Pleno dia";"Crescente";"Céu Claro";"Simples";"Reta";"Não";1;0;0;1;0;0;1;1;-18,91034645;-42,00725555;"SPRF-MG";"DEL06-MG";"UOP01-DEL06-MG"
258263;2019-12-23;"segunda-feira";"11:30:00";"RN";427;56,2;"JARDIM DO SERIDO";"Mal Súbito";"Tombamento";"Com Vítimas Feridas";"Pleno dia";"Crescente";"Céu Claro";"Simples";"Reta";"Sim";1;0;0;1;0;0;1;1;-6,59316304;-36,77945799;"SPRF-RN";"DEL03-RN";"UOP01-DEL03-RN"
258264;2019-12-23;"segunda-feira";"13:30:00";"MG";365;0,4;"MONTES CLAROS";"Não guardar distância de segurança";"Tombamento";"Com Vítimas Feridas";"Pleno dia";"Decrescente";"Nublado";"Simples";"Reta";"Não";1;0;1;0;0;0;1;1;-16,716154;-43,863327;"SPRF-MG";"DEL12-MG";"UOP01-DEL12-MG"
258266;2019-12-23;"segunda-feira";"09:45:00";"MG";381;936;"EXTREMA";"Velocidade Incompatível";"Saída de leito carroçável";"Com Vítimas Feridas";"Pleno dia";"Crescente";"Chuva";"Dupla";"Curva;Declive";"Não";2;0;1;0;1;0;1;1;-22,80799262;-46,27693534;"SPRF-MG";"DEL16-MG";"UOP03-DEL16-MG"
258267;2019-12-23;"segunda-feira";"13:50:00";"AP";210;1;"MACAPA";"Falta de Atenção à Condução";"Colisão lateral";"Com Vítimas Feridas";"Pleno dia";"Decrescente";"Céu Claro";"Múltipla";"Reta";"Sim";2;0;1;0;1;0;1;2;0,07816717;-51,06998693;"SPRF-AP";"DEL01-AP";"UOP01-DEL01-AP"
258268;2019-11-01;"sexta-feira";"17:55:00";"RN";101;108;"PARNAMIRIM";"Falta de Atenção do Pedestre";"Atropelamento de Pedestre";"Com Vítimas Feridas";"Plena Noite";"Crescente";"Céu Claro";"Múltipla";"Aclive";"Sim";3;0;1;1;0;1;2;2;-5,92004903;-35,26464343;"SPRF-RN";"DEL01-RN";"UOP01-DEL01-RN"
258269;2019-11-01;"sexta-feira";"07:00:00";"RN";101;96;"PARNAMIRIM";"Falta de Atenção à Condução";"Colisão traseira";"Com Vítimas Feridas";"Pleno dia";"Decrescente";"Céu Claro";"Múltipla";"Reta";"Sim";3;0;1;0;2;0;1;3;-5,85333191;-35,21072214;"SPRF-RN";"DEL01-RN";"UOP01-DEL01-RN"
258270;2019-12-23;"segunda-feira";"14:10:00";"BA";235;351,4;"JUAZEIRO";"Ingestão de Álcool";"Colisão transversal";"Com Vítimas Feridas";"Pleno dia";"Decrescente";"Céu Claro";"Simples";"Reta";"Não";2;0;1;0;1;0;1;2;-9,43821381;-40,49748302;"SPRF-PE";"DEL06-PE";"UOP01-DEL06-PE"
258271;2019-12-23;"segunda-feira";"14:00:00";"MG";365;42,6;"CLARO DOS POCOES";"Velocidade Incompatível";"Saída de leito carroçável";"Com Vítimas Feridas";"Pleno dia";"Crescente";"Chuva";"Simples";"Reta";"Não";3;0;0;2;1;0;2;1;-16,89538095;-44,18761806;"SPRF-MG";"DEL12-MG";"UOP01-DEL12-MG"
258272;2019-12-23;"segunda-feira";"13:45:00";"MS";163;463,7;"CAMPO GRANDE";"Defeito Mecânico no Veículo";"Queda de ocupante de veículo";"Com Vítimas Feridas";"Pleno dia";"Decrescente";"Céu Claro";"Simples";"Reta";"Não";2;0;2;0;0;0;2;1;-20,61187111;-54,57639346;"SPRF-MS";"DEL01-MS";"UOP01-DEL01-MS"
258274;2019-12-23;"segunda-feira";"14:10:00";"PR";153;66;"GUAPIRAMA";"Velocidade Incompatível";"Colisão transversal";"Com Vítimas Feridas";"Pleno dia";"Crescente";"Céu Claro";"Simples";"Interseção de Vias";"Não";6;0;2;1;3;0;3;2;-23,49567822;-50,10727197;"SPRF-PR";"DEL07-PR";"UOP04-DEL07-PR"
258276;2019-12-23;"segunda-feira";"14:10:00";"MG";381;912,8;"CAMANDUCAIA";"Falta de Atenção à Condução";"Engavetamento";"Com Vítimas Feridas";"Pleno dia";"Decrescente";"Chuva";"Dupla";"Curva";"Não";6;0;3;0;3;0;3;4;-22,74838439;-46,1396147;"SPRF-MG";"DEL16-MG";"UOP03-DEL16-MG"
258278;2019-12-23;"segunda-feira";"15:00:00";"PR";369;237;"JANDAIA DO SUL";"Falta de Atenção à Condução";"Colisão transversal";"Com Vítimas Feridas";"Pleno dia";"Decrescente";"Céu Claro";"Simples";"Rotatória";"Não";3;0;1;1;1;0;2;2;-23,661762;-51,691927;"SPRF-PR";"DEL07-PR";"UOP03-DEL07-PR"
258280;2019-12-23;"segunda-feira";"11:50:00";"SC";280;6,5;"SAO FRANCISCO DO SUL";"Falta de Atenção à Condução";"Colisão transversal";"Com Vítimas Feridas";"Pleno dia";"Decrescente";"Céu Claro";"Simples";"Reta";"Sim";2;0;1;0;1;0;1;2;-26,26569095;-48,63361804;"SPRF-SC";"DEL03-SC";"UOP03-DEL03-SC"
258281;2019-12-23;"segunda-feira";"15:10:00";"ES";262;123,8;"CONCEICAO DO CASTELO";"Ingestão de Álcool";"Colisão lateral";"Sem Vítimas";"Pleno dia";"Crescente";"Nublado";"Simples";"Reta";"Não";4;0;0;0;4;0;0;2;-20,2909777;-41,24798896;"SPRF-ES";"DEL01-ES";"UOP02-DEL01-ES"
258282;2019-12-23;"segunda-feira";"14:00:00";"RO";364;712;"PORTO VELHO";"Falta de Atenção à Condução";"Colisão traseira";"Sem Vítimas";"Pleno dia";"Decrescente";"Nublado";"Dupla";"Interseção de Vias;Curva;Viaduto";"Sim";2;0;0;0;2;0;0;2;-8,77331583;-63,87969248;"SPRF-RO";"DEL01-RO";"UOP01-DEL01-RO"
258283;2019-12-23;"segunda-feira";"15:15:00";"AL";101;110,8;"PILAR";"Falta de Atenção à Condução";"Colisão lateral";"Com Vítimas Fatais";"Pleno dia";"Decrescente";"Céu Claro";"Simples";"Reta";"Não";4;1;0;0;1;2;0;3;-9,56416014;-35,96916436;"SPRF-AL";"DEL02-AL";"UOP01-DEL02-AL"
258284;2019-12-23;"segunda-feira";"14:20:00";"BA";101;363,8;"GANDU";"Desobediência às normas de trânsito pelo condutor";"Colisão transversal";"Com Vítimas Feridas";"Pleno dia";"Crescente";"Céu Claro";"Simples";"Curva";"Não";5;0;1;2;2;0;3;2;-13,856841;-39,49252598;"SPRF-BA";"DEL05-BA";"UOP03-DEL05-BA"
258286;2019-12-23;"segunda-feira";"14:30:00";"GO";40;7,5;"LUZIANIA";"Falta de Atenção à Condução";"Colisão transversal";"Com Vítimas Feridas";"Pleno dia";"Crescente";"Céu Claro";"Dupla";"Reta";"Sim";3;0;0;1;2;0;1;2;-16,108482;-47,972524;"SPRF-DF";"DEL01-DF";"UOP01-DEL01-DF"
258287;2019-12-23;"segunda-feira";"15:45:00";"SE";101;67,1;"MARUIM";"Falta de Atenção à Condução";"Colisão traseira";"Sem Vítimas";"Pleno dia";"Decrescente";"Céu Claro";"Simples";"Reta";"Não";3;0;0;0;3;0;0;3;-10,71901997;-37,065956;"SPRF-SE";"DEL01-SE";"UOP01-DEL01-SE"
258291;2019-12-23;"segunda-feira";"15:50:00";"MG";116;759,8;"LEOPOLDINA";"Falta de Atenção do Pedestre";"Atropelamento de Pedestre";"Com Vítimas Feridas";"Pleno dia";"Crescente";"Céu Claro";"Simples";"Interseção de Vias";"Sim";2;0;2;0;0;0;2;2;-21,50589297;-42,60923908;"SPRF-MG";"DEL07-MG";"UOP01-DEL07-MG"
258292;2019-12-23;"segunda-feira";"08:40:00";"PI";135;166,8;"MANOEL EMIDIO";"Falta de Atenção à Condução";"Tombamento";"Com Vítimas Feridas";"Pleno dia";"Decrescente";"Céu Claro";"Simples";"Curva";"Não";4;0;2;0;2;0;2;1;-7,94056;-43,811792;"SPRF-PI";"DEL03-PI";"UOP01-DEL03-PI"
258293;2019-12-23;"segunda-feira";"15:00:00";"RO";364;13;"VILHENA";"Desobediência às normas de trânsito pelo condutor";"Colisão lateral";"Com Vítimas Feridas";"Pleno dia";"Decrescente";"Nublado";"Simples";"Reta";"Sim";2;0;1;0;1;0;1;2;-12,741099;-60,1313554;"SPRF-RO";"DEL04-RO";"UOP01-DEL04-RO"
258295;2019-12-23;"segunda-feira";"14:00:00";"BA";324;587;"CANDEIAS";"Velocidade Incompatível";"Saída de leito carroçável";"Com Vítimas Feridas";"Pleno dia";"Crescente";"Céu Claro";"Dupla";"Reta";"Não";2;0;1;0;1;0;1;1;-12,64715411;-38,47504041;"SPRF-BA";"DEL01-BA";"UOP01-DEL01-BA"
258299;2019-12-23;"segunda-feira";"12:10:00";"MT";174;5;"PONTES E LACERDA";"Desobediência às normas de trânsito pelo condutor";"Colisão transversal";"Com Vítimas Fatais";"Pleno dia";"Crescente";"Céu Claro";"Simples";"Reta";"Sim";3;1;0;1;1;0;1;3;-15,22804268;-59,34900284;"SPRF-MT";"DEL04-MT";"UOP01-DEL04-MT"
258300;2019-12-23;"segunda-feira";"17:00:00";"SC";470;158;"TROMBUDO CENTRAL";"Falta de Atenção à Condução";"Colisão traseira";"Com Vítimas Feridas";"Pleno dia";"Crescente";"Céu Claro";"Simples";"Reta";"Não";2;0;1;0;1;0;1;2;-27,287016;-49,778389;"SPRF-SC";"DEL04-SC";"UOP02-DEL04-SC"
258301;2019-12-23;"segunda-feira";"16:45:00";"SC";101;134;"BALNEARIO CAMBORIU";"Falta de Atenção à Condução";"Colisão traseira";"Com Vítimas Feridas";"Pleno dia";"Decrescente";"Sol";"Simples";"Reta";"Sim";2;0;1;0;1;0;1;2;-27,00218;-48,636433;"SPRF-SC";"DEL04-SC";"UOP03-DEL04-SC"
258304;2019-12-23;"segunda-feira";"14:30:00";"ES";259;27;"COLATINA";"Desobediência às normas de trânsito pelo condutor";"Tombamento";"Com Vítimas Feridas";"Pleno dia";"Crescente";"Céu Claro";"Simples";"Curva";"Não";2;0;1;0;1;0;1;2;-19,61117801;-40,49065728;"SPRF-ES";"DEL02-ES";"UOP01-DEL02-ES"
258305;2019-12-23;"segunda-feira";"13:00:00";"MA";135;6;"SAO LUIS";"Falta de Atenção à Condução";"Colisão traseira";"Sem Vítimas";"Pleno dia";"Decrescente";"Céu Claro";"Dupla";"Aclive";"Sim";2;0;0;0;2;0;0;2;-2,62877986;-44,26321818;"SPRF-MA";"DEL01-MA";"UOP01-DEL01-MA"
258306;2019-12-23;"segunda-feira";"11:20:00";"SC";116;212,8;"PONTE ALTA";"Falta de Atenção à Condução";"Colisão transversal";"Com Vítimas Feridas";"Pleno dia";"Crescente";"Céu Claro";"Simples";"Em Obras;Reta";"Não";2;0;1;0;1;0;1;2;-27,5263501;-50,36627412;"SPRF-SC";"DEL05-SC";"UOP03-DEL05-SC"
258307;2019-12-23;"segunda-feira";"17:00:00";"MA";230;2,1;"BARAO DE GRAJAU";"Desobediência às normas de trânsito pelo condutor";"Colisão frontal";"Com Vítimas Feridas";"Pleno dia";"Decrescente";"Céu Claro";"Simples";"Reta";"Não";2;0;0;1;1;0;1;2;-6,75451474;-43,02540492;"SPRF-PI";"DEL03-PI";"UOP01-DEL03-PI"
258308;2019-12-23;"segunda-feira";"17:00:00";"RS";290;58;"GLORINHA";"Falta de Atenção à Condução";"Saída de leito carroçável";"Com Vítimas Feridas";"Pleno dia";"Crescente";"Céu Claro";"Dupla";"Reta";"Não";1;0;1;0;0;0;1;1;-29,920788;-50,838261;"SPRF-RS";"DEL03-RS";"UOP01-DEL03-RS"
258310;2019-12-23;"segunda-feira";"16:30:00";"RJ";116;173,3;"BELFORD ROXO";"Falta de Atenção à Condução";"Colisão lateral";"Com Vítimas Feridas";"Pleno dia";"Crescente";"Céu Claro";"Múltipla";"Reta";"Não";2;0;1;1;0;0;2;1;-22,79810324;-43,35726614;"SPRF-RJ";"DEL01-RJ";"UOP02-DEL01-RJ"
258311;2019-12-23;"segunda-feira";"15:45:00";"CE";116;501,6;"BREJO SANTO";"Falta de Atenção à Condução";"Colisão transversal";"Com Vítimas Feridas";"Pleno dia";"Crescente";"Céu Claro";"Simples";"Reta";"Sim";2;0;1;0;1;0;1;2;-7,45382915;-38,97311755;"SPRF-CE";"DEL05-CE";"UOP03-DEL05-CE"
258312;2019-12-23;"segunda-feira";"08:30:00";"MG";116;564,6;"MANHUACU";"Pista Escorregadia";"Colisão com objeto estático";"Sem Vítimas";"Pleno dia";"Decrescente";"Chuva";"Simples";"Curva";"Não";1;0;0;0;1;0;0;1;-20,06216515;-42,17191471;"SPRF-MG";"DEL06-MG";"UOP03-DEL06-MG"
258313;2019-12-23;"segunda-feira";"17:15:00";"SP";381;73;"SAO PAULO";"Pista Escorregadia";"Colisão com objeto estático";"Com Vítimas Feridas";"Pleno dia";"Crescente";"Chuva";"Dupla";"Curva;Declive";"Não";2;0;2;0;0;0;2;1;-23,36553404;-46,55253934;"SPRF-SP";"DEL03-SP";"UOP01-DEL03-SP"
258315;2019-12-23;"segunda-feira";"17:20:00";"GO";153;139,7;"MARA ROSA";"Ultrapassagem Indevida";"Colisão frontal";"Com Vítimas Fatais";"Pleno dia";"Crescente";"Céu Claro";"Simples";"Reta";"Não";6;2;0;4;0;0;4;2;-13,985113;-49,090572;"SPRF-GO";"DEL07-GO";"UOP01-DEL07-GO"
258319;2019-12-23;"segunda-feira";"16:40:00";"GO";153;597;"PIRACANJUBA";"Condutor Dormindo";"Saída de leito carroçável";"Com Vítimas Feridas";"Pleno dia";"Decrescente";"Céu Claro";"Dupla";"Reta";"Não";1;0;0;1;0;0;1;1;-17,49378755;-49,21291351;"SPRF-GO";"DEL03-GO";"UOP01-DEL03-GO"
258320;2019-12-23;"segunda-feira";"18:11:00";"RN";304;38,3;"MOSSORO";"Falta de Atenção do Pedestre";"Atropelamento de Pedestre";"Com Vítimas Feridas";"Plena Noite";"Crescente";"Nublado";"Dupla";"Reta";"Sim";2;0;2;0;0;0;2;1;-5,18138457;-37,36832252;"SPRF-RN";"DEL04-RN";"UOP02-DEL04-RN"
258321;2019-12-23;"segunda-feira";"16:05:00";"SC";470;12,8;"ILHOTA";"Ultrapassagem Indevida";"Colisão lateral";"Com Vítimas Feridas";"Pleno dia";"Decrescente";"Céu Claro";"Múltipla";"Declive;Reta";"Não";2;0;1;0;1;0;1;2;-26,835169;-48,757267;"SPRF-SC";"DEL04-SC";"UOP04-DEL04-SC"
258322;2019-12-23;"segunda-feira";"17:25:00";"SP";116;105;"TAUBATE";"Falta de Atenção à Condução";"Colisão traseira";"Com Vítimas Feridas";"Pleno dia";"Crescente";"Céu Claro";"Dupla";"Aclive";"Sim";2;0;1;0;0;1;1;2;-23,00757973;-45,51466613;"SPRF-SP";"DEL06-SP";"UOP01-DEL06-SP"
258324;2019-12-23;"segunda-feira";"16:50:00";"MG";40;786,5;"JUIZ DE FORA";"Velocidade Incompatível";"Colisão com objeto estático";"Com Vítimas Feridas";"Pleno dia";"Decrescente";"Chuva";"Dupla";"Curva";"Não";2;0;0;1;1;0;1;2;-21,72733544;-43,4385309;"SPRF-MG";"DEL05-MG";"UOP01-DEL05-MG"
258325;2019-12-23;"segunda-feira";"18:00:00";"MG";40;723,7;"BARBACENA";"Velocidade Incompatível";"Colisão com objeto estático";"Com Vítimas Feridas";"Anoitecer";"Decrescente";"Chuva";"Dupla";"Curva";"Não";4;0;1;3;0;0;4;1;-21,29864253;-43,62857213;"SPRF-MG";"DEL05-MG";"UOP01-DEL05-MG"
258326;2019-12-23;"segunda-feira";"16:50:00";"RJ";40;5;"COMENDADOR LEVY GASPARIAN";"Velocidade Incompatível";"Capotamento";"Com Vítimas Feridas";"Pleno dia";"Decrescente";"Chuva";"Simples";"Curva";"Não";5;0;3;0;2;0;3;1;-22,021647;-43,23788;"SPRF-RJ";"DEL06-RJ";"UOP02-DEL05-RJ"
258327;2019-12-23;"segunda-feira";"18:15:00";"RN";110;45,4;"MOSSORO";"Ultrapassagem Indevida";"Colisão lateral";"Com Vítimas Feridas";"Plena Noite";"Decrescente";"Céu Claro";"Simples";"Reta";"Sim";2;0;0;1;0;1;1;2;-5,19486205;-37,3141408;"SPRF-RN";"DEL04-RN";"UOP01-DEL04-RN"
258328;2019-12-23;"segunda-feira";"14:10:00";"MG";116;277,1;"TEOFILO OTONI";"Falta de Atenção à Condução";"Colisão lateral";"Com Vítimas Feridas";"Pleno dia";"Crescente";"Céu Claro";"Dupla";"Reta";"Sim";2;0;1;0;1;0;1;2;-17,85105696;-41,51454492;"SPRF-MG";"DEL11-MG";"UOP01-DEL11-MG"
258330;2019-12-23;"segunda-feira";"18:20:00";"SC";101;215;"PALHOCA";"Defeito Mecânico no Veículo";"Tombamento";"Com Vítimas Feridas";"Pleno dia";"Crescente";"Céu Claro";"Múltipla";"Reta";"Sim";1;0;0;1;0;0;1;1;-27,65184843;-48,67604941;"SPRF-SC";"DEL01-SC";"UOP02-DEL01-SC"
258331;2019-12-23;"segunda-feira";"18:00:00";"RN";226;8,7;"MACAIBA";"Desobediência às normas de trânsito pelo pedestre";"Atropelamento de Pedestre";"Com Vítimas Feridas";"Anoitecer";"Crescente";"Céu Claro";"Simples";"Reta";"Não";2;0;1;1;0;0;2;2;-5,835555;-35,286569;"SPRF-RN";"DEL01-RN";"UOP02-DEL01-RN"
258332;2019-12-23;"segunda-feira";"18:40:00";"ES";101;130;"LINHARES";"Ultrapassagem Indevida";"Colisão frontal";"Com Vítimas Fatais";"Plena Noite";"Crescente";"Céu Claro";"Dupla";"Reta";"Não";8;4;0;2;2;0;2;4;-19,23443207;-40,0922527;"SPRF-ES";"DEL04-ES";"UOP01-DEL04-ES"
258334;2019-12-23;"segunda-feira";"18:23:00";"PB";230;153,3;"CAMPINA GRANDE";"Desobediência às normas de trânsito pelo condutor";"Colisão traseira";"Com Vítimas Feridas";"Plena Noite";"Crescente";"Céu Claro";"Dupla";"Reta";"Sim";2;0;0;1;1;0;1;2;-7,276236;-35,888651;"SPRF-PB";"DEL02-PB";"UOP01-DEL02-PB"
258335;2019-12-23;"segunda-feira";"15:30:00";"RJ";101;195;"CASIMIRO DE ABREU";"Velocidade Incompatível";"Queda de ocupante de veículo";"Com Vítimas Feridas";"Pleno dia";"Crescente";"Chuva";"Dupla";"Curva";"Não";1;0;1;0;0;0;1;1;-22,49220783;-42,10020136;"SPRF-RJ";"DEL02-RJ";"UOP04-DEL08-RJ"
258338;2019-12-23;"segunda-feira";"19:00:00";"GO";40;7,5;"LUZIANIA";"Falta de Atenção do Pedestre";"Atropelamento de Pedestre";"Com Vítimas Feridas";"Plena Noite";"Crescente";"Chuva";"Dupla";"Reta";"Sim";2;0;0;1;0;1;1;2;-16,108482;-47,972524;"SPRF-DF";"DEL01-DF";"UOP01-DEL01-DF"
258339;2019-12-23;"segunda-feira";"19:10:00";"GO";40;1;"VALPARAISO DE GOIAS";"Falta de Atenção à Condução";"Colisão traseira";"Sem Vítimas";"Anoitecer";"Crescente";"Céu Claro";"Dupla";"Reta";"Sim";2;0;0;0;2;0;0;2;-16,058245;-47,982825;"SPRF-DF";"DEL01-DF";"UOP01-DEL01-DF"
258340;2019-12-23;"segunda-feira";"19:15:00";"SC";101;148;"ITAPEMA";"Desobediência às normas de trânsito pelo condutor";"Colisão lateral";"Com Vítimas Feridas";"Plena Noite";"Crescente";"Nublado";"Simples";"Reta";"Sim";2;0;1;0;0;1;1;2;-27,10123686;-48,61807962;"SPRF-SC";"DEL04-SC";"UOP03-DEL04-SC"
258341;2019-12-23;"segunda-feira";"19:30:00";"DF";40;2;"BRASILIA";"Falta de Atenção à Condução";"Colisão lateral";"Com Vítimas Feridas";"Plena Noite";"Crescente";"Nublado";"Dupla";"Reta";"Sim";2;0;1;0;1;0;1;2;-15,99435;-47,985947;"SPRF-DF";"DEL01-DF";"UOP01-DEL01-DF"
258343;2019-11-25;"segunda-feira";"17:30:00";"MG";40;526;"CONTAGEM";"Falta de Atenção à Condução";"Queda de ocupante de veículo";"Com Vítimas Feridas";"Pleno dia";"Crescente";"Céu Claro";"Simples";"Reta";"Sim";1;0;0;1;0;0;1;1;-19,89255399;-44,04985478;"SPRF-MG";"DEL01-MG";"UOP02-DEL01-MG"
258344;2019-12-23;"segunda-feira";"19:00:00";"MG";40;824,9;"SIMAO PEREIRA";"Velocidade Incompatível";"Saída de leito carroçável";"Com Vítimas Feridas";"Plena Noite";"Crescente";"Chuva";"Dupla";"Curva";"Não";1;0;1;0;0;0;1;1;-21,96689732;-43,29126511;"SPRF-MG";"DEL05-MG";"UOP01-DEL05-MG"
258345;2019-12-23;"segunda-feira";"16:15:00";"RO";364;343,9;"JI-PARANA";"Ingestão de Álcool";"Colisão transversal";"Com Vítimas Feridas";"Pleno dia";"Decrescente";"Céu Claro";"Dupla";"Interseção de Vias";"Sim";2;0;0;1;1;0;1;2;-10,87433669;-61,95196867;"SPRF-RO";"DEL02-RO";"UOP01-DEL02-RO"
258346;2019-12-23;"segunda-feira";"19:50:00";"DF";70;6,3;"BRASILIA";"Falta de Atenção à Condução";"Colisão lateral";"Com Vítimas Feridas";"Plena Noite";"Crescente";"Céu Claro";"Dupla";"Reta";"Sim";2;0;1;0;1;0;1;2;-15,794656;-48,096779;"SPRF-DF";"DEL01-DF";"UOP02-DEL03-DF"
258348;2019-12-23;"segunda-feira";"18:50:00";"MT";163;775;"SORRISO";"Ultrapassagem Indevida";"Colisão frontal";"Com Vítimas Feridas";"Plena Noite";"Crescente";"Nublado";"Simples";"Reta";"Não";2;0;0;2;0;0;2;2;-12,48212006;-55,67865589;"SPRF-MT";"DEL06-MT";"UOP01-DEL06-MT"
258349;2019-12-23;"segunda-feira";"19:20:00";"PI";316;21,4;"TERESINA";"Avarias e/ou desgaste excessivo no pneu";"Queda de ocupante de veículo";"Com Vítimas Feridas";"Plena Noite";"Crescente";"Céu Claro";"Simples";"Declive";"Não";2;0;2;0;0;0;2;1;-5,26746306;-42,72741334;"SPRF-PI";"DEL01-PI";"UOP02-DEL01-PI"
258350;2019-12-23;"segunda-feira";"19:40:00";"PB";230;25,5;"JOAO PESSOA";"Desobediência às normas de trânsito pelo condutor";"Colisão traseira";"Com Vítimas Feridas";"Plena Noite";"Crescente";"Céu Claro";"Múltipla";"Reta";"Sim";3;0;1;1;0;1;2;2;-7,1707;-34,8684;"SPRF-PB";"DEL01-PB";"UOP01-DEL01-PB"