"id";"data_inversa";"dia_semana";"horario";"uf";"br";"km";"municipio";"causa_acidente";"tipo_acidente";"classificacao_acidente";"fase_dia";"sentido_via";"condicao_metereologica";"tipo_pista";"tracado_via";"uso_solo";"pessoas";"mortos";"feridos_leves";"feridos_graves";"ilesos";"ignorados";"feridos";"veiculos";"latitude";"longitude";"regional";"delegacia";"uop"
258454;2019-12-24;"terça-feira";"10:00:00";"MG";365;625;"UBERLANDIA";"Avarias e/ou desgaste excessivo no pneu";"Queda de ocupante de veículo";"Com Vítimas Feridas";"Pleno dia";"Crescente";"Céu Claro";"Múltipla";"Reta";"Sim";2;0;1;0;1;0;1;1;-18,90585472;-48,32526001;"SPRF-MG";"DEL15-MG";"UOP01-DEL15-MG"
258455;2019-12-24;"terça-feira";"09:00:00";"SC";153;106;"CONCORDIA";"Velocidade Incompatível";"Tombamento";"Sem Vítimas";"Pleno dia";"Crescente";"Céu Claro";"Simples";"Curva";"Não";1;0;0;0;1;0;0;1;-27,290276;-51,967644;"SPRF-SC";"DEL07-SC";"UOP04-DEL07-SC"
258456;2019-12-24;"terça-feira";"09:55:00";"TO";153;498,4;"PARAISO DO TOCANTINS";"Avarias e/ou desgaste excessivo no pneu";"Saída de leito carroçável";"Com Vítimas Feridas";"Pleno dia";"Crescente";"Céu Claro";"Simples";"Curva";"Não";5;0;2;0;3;0;2;1;-10,18390502;-48,88017144;"SPRF-TO";"DEL02-TO";"UOP01-DEL01-TO"
258457;2019-12-24;"terça-feira";"09:30:00";"BA";324;534;"FEIRA DE SANTANA";"Falta de Atenção à Condução";"Saída de leito carroçável";"Com Vítimas Feridas";"Pleno dia";"Decrescente";"Céu Claro";"Dupla";"Reta";"Não";3;0;1;0;2;0;1;1;-12,35104617;-38,83402119;"SPRF-BA";"DEL01-BA";"UOP01-DEL01-BA"
258458;2019-12-24;"terça-feira";"10:00:00";"ES";101;148,7;"LINHARES";"Desobediência às normas de trânsito pelo condutor";"Colisão lateral";"Com Vítimas Feridas";"Pleno dia";"Crescente";"Nublado";"Múltipla";"Reta";"Sim";2;0;1;0;1;0;1;2;-19,39382043;-40,06555265;"SPRF-ES";"DEL04-ES";"UOP01-DEL04-ES"
258459;2019-12-24;"terça-feira";"09:50:00";"PB";230;451,2;"APARECIDA";"Falta de Atenção à Condução";"Colisão traseira";"Com Vítimas Feridas";"Pleno dia";"Crescente";"Céu Claro";"Simples";"Reta";"Não";2;0;0;1;1;0;1;2;-6,7854;-38,1189;"SPRF-PB";"DEL03-PB";"UOP03-DEL03-PB"
258462;2019-12-24;"terça-feira";"10:20:00";"RS";158;347,4;"SANTA MARIA";"Falta de Atenção à Condução";"Colisão traseira";"Com Vítimas Feridas";"Pleno dia";"Decrescente";"Céu Claro";"Simples";"Reta";"Não";7;0;3;0;4;0;3;2;-29,76271557;-53,98465618;"SPRF-RS";"DEL09-RS";"UOP01-DEL09-RS"
258463;2019-12-24;"terça-feira";"10:00:00";"SP";116;510;"CAJATI";"Velocidade Incompatível";"Saída de leito carroçável";"Com Vítimas Feridas";"Pleno dia";"Crescente";"Chuva";"Simples";"Curva";"Não";4;0;2;0;2;0;2;1;-24,82768986;-48,21855823;"SPRF-SP";"DEL05-SP";"UOP02-DEL05-SP"
258464;2019-12-24;"terça-feira";"07:30:00";"SP";116;416,7;"JUQUIA";"Falta de Atenção à Condução";"Colisão com objeto estático";"Com Vítimas Feridas";"Pleno dia";"Crescente";"Céu Claro";"Dupla";"Reta";"Não";4;0;1;0;3;0;1;1;-24,34184089;-47,64612417;"SPRF-SP";"DEL05-SP";"UOP01-DEL05-SP"
258465;2019-12-24;"terça-feira";"07:30:00";"AC";364;267,9;"SENA MADUREIRA";"Defeito Mecânico no Veículo";"Saída de leito carroçável";"Com Vítimas Feridas";"Pleno dia";"Crescente";"Céu Claro";"Simples";"Reta";"Não";1;0;1;0;0;0;1;1;-9,099369;-68,620095;"SPRF-AC";"DEL01-AC";"UOP01-DEL01-AC"
258466;2019-12-24;"terça-feira";"11:00:00";"MG";381;618;"OLIVEIRA";"Velocidade Incompatível";"Capotamento";"Com Vítimas Feridas";"Pleno dia";"Crescente";"Chuva";"Dupla";"Curva";"Não";3;0;1;0;2;0;1;1;-20,76895697;-44,78171707;"SPRF-MG";"DEL04-MG";"UOP01-DEL04-MG"
258471;2019-12-24;"terça-feira";"11:10:00";"SC";101;348;"JAGUARUNA";"Não guardar distância de segurança";"Colisão traseira";"Com Vítimas Feridas";"Pleno dia";"Crescente";"Céu Claro";"Simples";"Interseção de Vias";"Não";6;0;2;0;4;0;2;2;-28,57317505;-49,05292143;"SPRF-SC";"DEL02-SC";"UOP01-DEL02-SC"
258472;2019-12-24;"terça-feira";"09:00:00";"RO";319;63;"PORTO VELHO";"Desobediência às normas de trânsito pelo pedestre";"Atropelamento de Pedestre";"Com Vítimas Feridas";"Pleno dia";"Decrescente";"Nublado";"Dupla";"Reta";"Sim";3;0;0;1;2;0;1;3;-8,75839038;-63,8858236;"SPRF-RO";"DEL01-RO";"UOP01-DEL01-RO"
258474;2019-12-24;"terça-feira";"11:30:00";"PB";230;402;"POMBAL";"Avarias e/ou desgaste excessivo no pneu";"Colisão frontal";"Com Vítimas Fatais";"Pleno dia";"Crescente";"Sol";"Simples";"Reta";"Não";6;1;5;0;0;0;5;2;-6,80226723;-37,77550832;"SPRF-PB";"DEL03-PB";"UOP02-DEL03-PB"
258475;2019-12-24;"terça-feira";"11:10:00";"GO";60;97;"ANAPOLIS";"Desobediência às normas de trânsito pelo condutor";"Colisão transversal";"Com Vítimas Feridas";"Pleno dia";"Crescente";"Nublado";"Dupla";"Reta;Retorno Regulamentado";"Sim";7;0;2;0;5;0;2;2;-16,3774;-48,9483;"SPRF-GO";"DEL02-GO";"UOP01-DEL02-GO"
258476;2019-12-24;"terça-feira";"11:50:00";"MG";50;174;"UBERABA";"Defeito Mecânico no Veículo";"Tombamento";"Com Vítimas Feridas";"Pleno dia";"Crescente";"Céu Claro";"Dupla";"Reta";"Sim";2;0;2;0;0;0;2;1;-19,770817;-47,973434;"SPRF-MG";"DEL13-MG";"UOP01-DEL13-MG"
258477;2019-12-24;"terça-feira";"13:30:00";"MG";381;441;"SABARA";"Falta de Atenção à Condução";"Tombamento";"Com Vítimas Feridas";"Pleno dia";"Crescente";"Chuva";"Simples";"Curva";"Não";2;0;1;0;1;0;1;1;-19,81160206;-43,79604396;"SPRF-MG";"DEL01-MG";"UOP01-DEL01-MG"
258479;2019-12-24;"terça-feira";"12:15:00";"ES";101;298;"VIANA";"Não guardar distância de segurança";"Colisão traseira";"Com Vítimas Feridas";"Pleno dia";"Decrescente";"Céu Claro";"Múltipla";"Reta";"Sim";6;0;1;0;5;0;1;3;-20,35278275;-40,41473779;"SPRF-ES";"DEL01-ES";"UOP01-DEL01-ES"
258480;2019-12-24;"terça-feira";"12:15:00";"SP";116;226;"GUARULHOS";"Desobediência às normas de trânsito pelo condutor";"Colisão traseira";"Com Vítimas Feridas";"Pleno dia";"Crescente";"Céu Claro";"Múltipla";"Reta";"Sim";2;0;1;0;0;1;1;2;-23,49102507;-46,54878195;"SPRF-SP";"DEL01-SP";"UOP01-DEL01-SP"
258481;2019-12-24;"terça-feira";"08:30:00";"RO";364;573,2;"ITAPUA DO OESTE";"Avarias e/ou desgaste excessivo no pneu";"Saída de leito carroçável";"Com Vítimas Feridas";"Pleno dia";"Decrescente";"Nublado";"Simples";"Reta";"Não";2;0;0;2;0;0;2;1;-9,45441201;-63,10215348;"SPRF-RO";"DEL03-RO";"UOP04-DEL01-RO"
258482;2019-12-24;"terça-feira";"12:25:00";"PR";277;730,7;"FOZ DO IGUACU";"Falta de Atenção à Condução";"Colisão traseira";"Com Vítimas Feridas";"Pleno dia";"Crescente";"Céu Claro";"Dupla";"Reta";"Sim";3;0;1;1;1;0;2;3;-25,50826305;-54,59238593;"SPRF-PR";"DEL05-PR";"UOP03-DEL05-PR"
258483;2019-11-14;"quinta-feira";"07:00:00";"RO";364;350;"JI-PARANA";"Falta de Atenção à Condução";"Colisão transversal";"Com Vítimas Feridas";"Amanhecer";"Crescente";"Nublado";"Simples";"Interseção de Vias";"Não";2;0;1;0;1;0;1;2;-10,84541153;-61,99883268;"SPRF-RO";"DEL02-RO";"UOP01-DEL02-RO"
258484;2019-12-24;"terça-feira";"05:00:00";"GO";60;263,5;"INDIARA";"Falta de Atenção à Condução";"Saída de leito carroçável";"Com Vítimas Feridas";"Amanhecer";"Decrescente";"Céu Claro";"Dupla";"Reta";"Não";1;0;1;0;0;0;1;1;-17,1807;-50,0658;"SPRF-GO";"DEL01-GO";"UOP02-DEL01-GO"
258485;2019-12-24;"terça-feira";"12:40:00";"RS";392;313,3;"SAO SEPE";"Velocidade Incompatível";"Saída de leito carroçável";"Com Vítimas Feridas";"Pleno dia";"Decrescente";"Céu Claro";"Simples";"Curva";"Não";1;0;1;0;0;0;1;1;-30,04662069;-53,67564355;"SPRF-RS";"DEL09-RS";"UOP01-DEL09-RS"
258486;2019-12-24;"terça-feira";"13:10:00";"PE";232;4,7;"RECIFE";"Falta de Atenção à Condução";"Colisão lateral";"Com Vítimas Feridas";"Pleno dia";"Crescente";"Sol";"Múltipla";"Aclive";"Sim";2;0;1;0;1;0;1;2;-8,064473;-34,936928;"SPRF-PE";"DEL01-PE";"UOP01-DEL01-PE"
258487;2019-12-24;"terça-feira";"12:30:00";"MG";381;486,4;"BETIM";"Falta de Atenção à Condução";"Colisão traseira";"Com Vítimas Feridas";"Pleno dia";"Decrescente";"Chuva";"Dupla";"Declive;Reta";"Sim";3;0;0;1;2;0;1;2;-19,95644414;-44,13611598;"SPRF-MG";"DEL01-MG";"UOP03-DEL01-MG"
258488;2019-12-24;"terça-feira";"09:05:00";"SC";282;180,9;"BOCAINA DO SUL";"Desobediência às normas de trânsito pelo condutor";"Saída de leito carroçável";"Com Vítimas Feridas";"Pleno dia";"Crescente";"Céu Claro";"Simples";"Rotatória";"Sim";1;0;1;0;0;0;1;1;-27,73846616;-49,94809628;"SPRF-SC";"DEL05-SC";"UOP01-DEL05-SC"
258490;2019-12-24;"terça-feira";"11:20:00";"MG";354;753,2;"ITAMONTE";"Ingestão de Álcool";"Colisão transversal";"Com Vítimas Feridas";"Pleno dia";"Crescente";"Céu Claro";"Simples";"Reta";"Sim";2;0;1;0;1;0;1;2;-22,30074263;-44,86208652;"SPRF-MG";"DEL05-MG";"UOP01-DEL17-MG"
258491;2019-08-24;"sábado";"18:00:00";"PR";467;106;"CASCAVEL";"Falta de Atenção à Condução";"Atropelamento de Pedestre";"Com Vítimas Feridas";"Anoitecer";"Crescente";"Ignorado";"Dupla";"Curva";"Não";2;0;0;1;0;1;1;2;-24,95213348;-53,41587067;"SPRF-PR";"DEL04-PR";"UOP01-DEL04-PR"
258492;2019-12-24;"terça-feira";"13:43:00";"MG";262;132;"RIO CASCA";"Pista Escorregadia";"Saída de leito carroçável";"Com Vítimas Feridas";"Pleno dia";"Crescente";"Chuva";"Simples";"Curva";"Não";4;0;2;0;2;0;2;1;-20,13799392;-42,69470112;"SPRF-MG";"DEL03-MG";"UOP03-DEL03-MG"
258493;2019-12-24;"terça-feira";"13:30:00";"RN";110;49,4;"MOSSORO";"Desobediência às normas de trânsito pelo condutor";"Colisão frontal";"Com Vítimas Feridas";"Pleno dia";"Decrescente";"Nublado";"Simples";"Interseção de Vias";"Sim";2;0;1;0;1;0;1;2;-5,21645975;-37,32927128;"SPRF-RN";"DEL04-RN";"UOP01-DEL04-RN"
258496;2019-12-24;"terça-feira";"12:46:00";"SC";101;250,2;"PAULO LOPES";"Falta de Atenção à Condução";"Saída de leito carroçável";"Sem Vítimas";"Pleno dia";"Crescente";"Céu Claro";"Dupla";"Reta";"Sim";1;0;0;0;1;0;0;1;-27,94186028;-48,66644267;"SPRF-SC";"DEL02-SC";"UOP03-DEL02-SC"
258497;2019-12-24;"terça-feira";"13:00:00";"MG";40;463,5;"SETE LAGOAS";"Defeito na Via";"Tombamento";"Com Vítimas Feridas";"Pleno dia";"Crescente";"Nublado";"Dupla";"Reta";"Não";1;0;1;0;0;0;1;1;-19,429305;-44,336943;"SPRF-MG";"DEL02-MG";"UOP01-DEL02-MG"
258498;2019-12-24;"terça-feira";"12:55:00";"RJ";101;137;"CARAPEBUS";"Pista Escorregadia";"Saída de leito carroçável";"Com Vítimas Feridas";"Pleno dia";"Decrescente";"Chuva";"Dupla";"Reta";"Não";2;0;2;0;0;0;2;1;-22,15452252;-41,73977437;"SPRF-RJ";"DEL02-RJ";"UOP04-DEL08-RJ"
258499;2019-12-24;"terça-feira";"13:30:00";"PR";116;119;"CURITIBA";"Falta de Atenção à Condução";"Colisão lateral";"Com Vítimas Feridas";"Pleno dia";"Crescente";"Sol";"Dupla";"Curva";"Não";2;0;1;0;1;0;1;2;-25,54456009;-49,30146002;"SPRF-PR";"DEL01-PR";"UOP03-DEL01-PR"
258500;2019-12-24;"terça-feira";"13:40:00";"MG";116;240;"TEOFILO OTONI";"Velocidade Incompatível";"Saída de leito carroçável";"Com Vítimas Feridas";"Pleno dia";"Decrescente";"Sol";"Simples";"Curva";"Não";3;0;3;0;0;0;3;1;-17,57022614;-41,46854576;"SPRF-MG";"DEL11-MG";"UOP01-DEL11-MG"
258501;2019-12-24;"terça-feira";"14:00:00";"GO";40;10;"LUZIANIA";"Desobediência às normas de trânsito pelo condutor";"Colisão lateral";"Com Vítimas Feridas";"Pleno dia";"Crescente";"Nublado";"Simples";"Reta";"Sim";2;0;1;0;1;0;1;2;-16,131285;-47,957923;"SPRF-DF";"DEL01-DF";"UOP01-DEL01-DF"
258502;2019-12-24;"terça-feira";"13:30:00";"GO";153;312,7;"RIALMA";"Falta de Atenção à Condução";"Saída de leito carroçável";"Com Vítimas Feridas";"Pleno dia";"Crescente";"Céu Claro";"Simples";"Reta";"Não";4;0;3;0;1;0;3;1;-15,384867;-49,551846;"SPRF-GO";"DEL02-GO";"UOP02-DEL02-GO"
258503;2019-12-24;"terça-feira";"13:30:00";"MG";381;436;"SANTA LUZIA";"Falta de Atenção à Condução";"Saída de leito carroçável";"Com Vítimas Feridas";"Pleno dia";"Crescente";"Céu Claro";"Simples";"Reta";"Não";3;0;0;3;0;0;3;1;-19,80353193;-43,76197815;"SPRF-MG";"DEL01-MG";"UOP01-DEL01-MG"
258504;2019-12-24;"terça-feira";"09:20:00";"SC";282;602,1;"MARAVILHA";"Falta de Atenção à Condução";"Colisão transversal";"Com Vítimas Feridas";"Pleno dia";"Crescente";"Céu Claro";"Simples";"Interseção de Vias";"Não";2;0;1;0;1;0;1;2;-26,806049;-53,178757;"SPRF-SC";"DEL07-SC";"UOP02-DEL07-SC"
258505;2019-12-24;"terça-feira";"13:25:00";"SC";280;69;"JARAGUA DO SUL";"Falta de Atenção à Condução";"Colisão lateral";"Com Vítimas Feridas";"Pleno dia";"Crescente";"Céu Claro";"Simples";"Reta";"Sim";2;0;1;0;1;0;1;2;-26,466638;-49,121736;"SPRF-SC";"DEL03-SC";"UOP03-DEL03-SC"
258506;2019-12-24;"terça-feira";"13:50:00";"PR";277;604,8;"SANTA TEREZA DO OESTE";"Falta de Atenção à Condução";"Colisão traseira";"Com Vítimas Feridas";"Pleno dia";"Crescente";"Céu Claro";"Simples";"Reta";"Não";5;0;2;0;2;1;2;3;-25,02905699;-53,569607;"SPRF-PR";"DEL05-PR";"UOP02-DEL05-PR"
258507;2019-12-24;"terça-feira";"12:20:00";"MG";381;521,5;"BRUMADINHO";"Avarias e/ou desgaste excessivo no pneu";"Saída de leito carroçável";"Com Vítimas Feridas";"Pleno dia";"Decrescente";"Chuva";"Dupla";"Curva";"Não";1;0;1;0;0;0;1;1;-20,13846621;-44,31715274;"SPRF-MG";"DEL04-MG";"UOP03-DEL04-MG"
258508;2019-12-24;"terça-feira";"12:00:00";"AC";364;107;"RIO BRANCO";"Desobediência às normas de trânsito pelo condutor";"Colisão frontal";"Com Vítimas Fatais";"Pleno dia";"Crescente";"Céu Claro";"Simples";"Reta";"Não";2;1;0;1;0;0;1;2;-10,02638386;-67,6418639;"SPRF-AC";"DEL01-AC";"UOP01-DEL01-AC"
258509;2019-12-24;"terça-feira";"13:30:00";"MG";40;755,6;"EWBANK DA CAMARA";"Velocidade Incompatível";"Colisão transversal";"Com Vítimas Feridas";"Pleno dia";"Decrescente";"Chuva";"Simples";"Curva";"Não";5;0;5;0;0;0;5;2;-21,486045;-43,53483;"SPRF-MG";"DEL05-MG";"UOP01-DEL05-MG"
258510;2019-12-24;"terça-feira";"14:00:00";"RJ";101;84;"CAMPOS DOS GOYTACAZES";"Pista Escorregadia";"Colisão frontal";"Com Vítimas Feridas";"Pleno dia";"Crescente";"Chuva";"Simples";"Curva";"Sim";4;0;4;0;0;0;4;2;-21,82137091;-41,47023906;"SPRF-RJ";"DEL08-RJ";"UOP02-DEL08-RJ"
258512;2019-12-24;"terça-feira";"14:20:00";"BA";242;796;"BARREIRAS";"Velocidade Incompatível";"Colisão traseira";"Com Vítimas Feridas";"Pleno dia";"Crescente";"Céu Claro";"Simples";"Reta";"Não";8;0;1;0;6;1;1;4;-12,16162944;-44,85050784;"SPRF-BA";"DEL10-BA";"UOP01-DEL10-BA"
258514;2019-12-24;"terça-feira";"13:50:00";"PI";316;6,4;"TERESINA";"Falta de Atenção do Pedestre";"Atropelamento de Pedestre";"Com Vítimas Feridas";"Pleno dia";"Crescente";"Sol";"Múltipla";"Reta";"Sim";2;0;1;1;0;0;2;2;-5,14702095;-42,77438982;"SPRF-PI";"DEL01-PI";"UOP02-DEL01-PI"
258515;2019-12-24;"terça-feira";"14:00:00";"RJ";116;305;"RESENDE";"Falta de Atenção à Condução";"Colisão com objeto estático";"Com Vítimas Feridas";"Pleno dia";"Crescente";"Nublado";"Dupla";"Reta";"Sim";2;0;1;0;1;0;1;2;-22,45831195;-44,43317413;"SPRF-RJ";"DEL07-RJ";"DEL5/7-UOP03/RJ"
258516;2019-12-24;"terça-feira";"12:00:00";"MG";381;435;"SABARA";"Pista Escorregadia";"Queda de ocupante de veículo";"Com Vítimas Feridas";"Pleno dia";"Crescente";"Chuva";"Simples";"Curva";"Não";1;0;1;0;0;0;1;1;-19,80010099;-43,75771301;"SPRF-MG";"DEL01-MG";"UOP01-DEL01-MG"
258517;2019-12-24;"terça-feira";"14:20:00";"SC";470;26,7;"ILHOTA";"Condutor Dormindo";"Saída de leito carroçável";"Com Vítimas Feridas";"Pleno dia";"Decrescente";"Sol";"Dupla";"Reta";"Não";1;0;0;1;0;0;1;1;-26,887402;-48,875191;"SPRF-SC";"DEL04-SC";"UOP04-DEL04-SC"
258519;2019-12-24;"terça-feira";"10:30:00";"RO";364;799;"PORTO VELHO";"Ingestão de Álcool";"Colisão transversal";"Com Vítimas Feridas";"Pleno dia";"Decrescente";"Chuva";"Simples";"Curva";"Não";3;0;1;2;0;0;3;2;-9,257213;-64,38678;"SPRF-RO";"DEL01-RO";"UOP02-DEL01-RO"
258520;2019-12-24;"terça-feira";"14:50:00";"RJ";493;103;"SEROPEDICA";"Falta de Atenção à Condução";"Capotamento";"Com Vítimas Feridas";"Pleno dia";"Decrescente";"Nublado";"Dupla";"Reta";"Não";1;0;1;0;0;0;1;1;-22,77195127;-43,74027774;"SPRF-RJ";"DEL03-RJ";"UOP01-DEL03-RJ"
258522;2019-12-24;"terça-feira";"14:00:00";"RJ";101;4;"CAMPOS DOS GOYTACAZES";"Pista Escorregadia";"Capotamento";"Com Vítimas Feridas";"Pleno dia";"Decrescente";"Chuva";"Simples";"Reta";"Não";2;0;1;0;1;0;1;1;-21,25155306;-41,32614715;"SPRF-RJ";"DEL08-RJ";"UOP01-DEL08-RJ"
258523;2019-12-24;"terça-feira";"13:05:00";"MG";381;568,9;"ITAGUARA";"Velocidade Incompatível";"Saída de leito carroçável";"Com Vítimas Feridas";"Pleno dia";"Crescente";"Chuva";"Dupla";"Curva";"Não";3;0;1;1;1;0;2;1;-20,42649228;-44,54458383;"SPRF-MG";"DEL04-MG";"UOP03-DEL04-MG"
258524;2019-12-24;"terça-feira";"11:15:00";"GO";60;350;"SANTO ANTONIO DA BARRA";"Desobediência às normas de trânsito pelo condutor";"Saída de leito carroçável";"Com Vítimas Feridas";"Pleno dia";"Decrescente";"Céu Claro";"Dupla";"Reta";"Não";1;0;1;0;0;0;1;1;-17,5808;-50,6926;"SPRF-GO";"DEL04-GO";"UOP01-DEL04-GO"
258525;2019-12-24;"terça-feira";"15:00:00";"RN";101;84,8;"NATAL";"Não guardar distância de segurança";"Colisão traseira";"Com Vítimas Feridas";"Pleno dia";"Decrescente";"Céu Claro";"Dupla";"Aclive";"Sim";2;0;1;0;1;0;1;2;-5,774175;-35,2578;"SPRF-RN";"DEL02-RN";"UOP01-DEL02-RN"
258529;2019-12-24;"terça-feira";"15:50:00";"PR";280;280,5;"FLOR DA SERRA DO SUL";"Falta de Atenção à Condução";"Saída de leito carroçável";"Com Vítimas Feridas";"Pleno dia";"Crescente";"Céu Claro";"Simples";"Reta";"Não";3;0;1;2;0;0;3;1;-26,24539005;-53,22355706;"SPRF-PR";"DEL02-PR";"UOP01-DEL02-PR"
258530;2019-12-24;"terça-feira";"11:50:00";"MG";381;526,5;"BRUMADINHO";"Velocidade Incompatível";"Saída de leito carroçável";"Com Vítimas Feridas";"Pleno dia";"Decrescente";"Chuva";"Dupla";"Curva";"Não";1;0;1;0;0;0;1;1;-20,16175378;-44,34144636;"SPRF-MG";"DEL04-MG";"UOP03-DEL04-MG"
258532;2019-12-24;"terça-feira";"11:50:00";"PI";230;3;"FRONTEIRAS";"Falta de Atenção à Condução";"Capotamento";"Com Vítimas Feridas";"Pleno dia";"Decrescente";"Sol";"Simples";"Reta";"Não";5;0;1;4;0;0;5;1;-7,08439317;-40,48473796;"SPRF-PI";"DEL04-PI";"UOP03-DEL04-PI"
258533;2019-12-24;"terça-feira";"16:22:00";"PR";277;627,9;"CEU AZUL";"Avarias e/ou desgaste excessivo no pneu";"Tombamento";"Com Vítimas Feridas";"Pleno dia";"Decrescente";"Céu Claro";"Simples";"Reta";"Não";2;0;2;0;0;0;2;1;-25,11142019;-53,76734885;"SPRF-PR";"DEL05-PR";"UOP02-DEL05-PR"
258536;2019-12-24;"terça-feira";"16:25:00";"PR";153;476,9;"PORTO VITORIA";"Ingestão de Álcool";"Colisão traseira";"Sem Vítimas";"Pleno dia";"Decrescente";"Céu Claro";"Simples";"Reta";"Não";4;0;0;0;4;0;0;2;-26,32972991;-51,24504089;"SPRF-PR";"DEL02-PR";"UOP03-DEL02-PR"
258537;2019-12-24;"terça-feira";"16:14:00";"RN";101;84,9;"NATAL";"Desobediência às normas de trânsito pelo condutor";"Colisão traseira";"Sem Vítimas";"Pleno dia";"Decrescente";"Sol";"Múltipla";"Viaduto";"Sim";2;0;0;0;2;0;0;2;-5,774175;-35,2578;"SPRF-RN";"DEL02-RN";"UOP01-DEL02-RN"
258538;2019-12-24;"terça-feira";"16:50:00";"ES";262;6,7;"CARIACICA";"Desobediência às normas de trânsito pelo condutor";"Colisão lateral";"Com Vítimas Feridas";"Pleno dia";"Crescente";"Sol";"Múltipla";"Reta";"Sim";3;0;1;0;1;1;1;3;-20,34007493;-40,39451305;"SPRF-ES";"DEL01-ES";"UOP01-DEL01-ES"
258539;2019-12-24;"terça-feira";"16:20:00";"SC";282;5,3;"SAO JOSE";"Desobediência às normas de trânsito pelo condutor";"Colisão traseira";"Sem Vítimas";"Pleno dia";"Decrescente";"Céu Claro";"Múltipla";"Reta";"Sim";4;0;0;0;4;0;0;3;-27,588425;-48,612919;"SPRF-SC";"DEL01-SC";"UOP01-DEL01-SC"
258540;2019-12-24;"terça-feira";"16:00:00";"PR";277;234,3;"FERNANDES PINHEIRO";"Condutor Dormindo";"Saída de leito carroçável";"Com Vítimas Feridas";"Pleno dia";"Crescente";"Céu Claro";"Simples";"Reta";"Não";1;0;1;0;0;0;1;1;-25,47103055;-50,49767186;"SPRF-PR";"DEL03-PR";"UOP02-DEL08-PR"
258541;2019-12-24;"terça-feira";"16:30:00";"PR";116;113,8;"CURITIBA";"Falta de Atenção à Condução";"Queda de ocupante de veículo";"Com Vítimas Feridas";"Pleno dia";"Crescente";"Céu Claro";"Múltipla";"Curva";"Sim";1;0;0;1;0;0;1;1;-25,56513636;-49,24675108;"SPRF-PR";"DEL01-PR";"UOP06-DEL01-PR"
258542;2019-12-24;"terça-feira";"17:15:00";"SP";101;51,7;"UBATUBA";"Falta de Atenção à Condução";"Colisão lateral";"Com Vítimas Feridas";"Pleno dia";"Crescente";"Nublado";"Simples";"Reta";"Sim";2;0;1;0;1;0;1;2;-23,46389142;-45,06336635;"SPRF-SP";"DEL06-SP";"UOP01-DEL06-SP"
258543;2019-12-24;"terça-feira";"16:30:00";"RS";290;67,7;"GRAVATAI";"Falta de Atenção à Condução";"Colisão traseira";"Com Vítimas Feridas";"Pleno dia";"Crescente";"Sol";"Múltipla";"Reta";"Não";5;0;1;0;4;0;1;2;-29,94334218;-50,93349695;"SPRF-RS";"DEL03-RS";"UOP01-DEL03-RS"
258544;2019-12-24;"terça-feira";"16:00:00";"SC";101;90,2;"BARRA VELHA";"Ingestão de Álcool";"Tombamento";"Com Vítimas Feridas";"Pleno dia";"Decrescente";"Nublado";"Dupla";"Reta";"Sim";1;0;1;0;0;0;1;1;-26,66148503;-48,68866176;"SPRF-SC";"DEL03-SC";"UOP02-DEL03-SC"
258545;2019-12-24;"terça-feira";"17:00:00";"GO";60;297;"ACREUNA";"Pista Escorregadia";"Capotamento";"Com Vítimas Feridas";"Pleno dia";"Crescente";"Chuva";"Dupla";"Reta";"Não";4;0;1;0;3;0;1;1;-17,3441;-50,318;"SPRF-GO";"DEL04-GO";"UOP01-DEL04-GO"
258546;2019-12-24;"terça-feira";"10:50:00";"MG";262;400,7;"PARA DE MINAS";"Avarias e/ou desgaste excessivo no pneu";"Saída de leito carroçável";"Com Vítimas Feridas";"Pleno dia";"Decrescente";"Chuva";"Dupla";"Reta";"Sim";2;0;1;0;1;0;1;1;-19,90293517;-44,54364505;"SPRF-MG";"DEL08-MG";"UOP03-DEL08-MG"
258547;2019-12-06;"sexta-feira";"07:00:00";"RS";293;203,4;"BAGE";"Falta de Atenção à Condução";"Saída de leito carroçável";"Com Vítimas Fatais";"Pleno dia";"Crescente";"Céu Claro";"Simples";"Ponte";"Não";1;1;0;0;0;0;0;1;-31,22127258;-54,27248684;"SPRF-RS";"DEL11-RS";"UOP03-DEL11-RS"
258548;2019-12-24;"terça-feira";"16:20:00";"RJ";101;67;"CAMPOS DOS GOYTACAZES";"Falta de Atenção à Condução";"Colisão transversal";"Com Vítimas Feridas";"Pleno dia";"Crescente";"Chuva";"Simples";"Reta";"Sim";3;0;2;0;1;0;2;2;-21,76751094;-41,34876249;"SPRF-RJ";"DEL08-RJ";"UOP02-DEL08-RJ"
258549;2019-12-24;"terça-feira";"16:00:00";"RS";290;166,8;"BUTIA";"Não guardar distância de segurança";"Colisão lateral";"Com Vítimas Feridas";"Pleno dia";"Decrescente";"Céu Claro";"Simples";"Reta";"Não";3;0;2;0;1;0;2;2;-30,12371671;-51,88685244;"SPRF-RS";"DEL02-RS";"UOP02-DEL02-RS"
258550;2019-12-24;"terça-feira";"13:20:00";"MA";135;33,7;"BACABEIRA";"Falta de Atenção à Condução";"Saída de leito carroçável";"Com Vítimas Feridas";"Pleno dia";"Crescente";"Sol";"Dupla";"Reta";"Não";6;0;6;0;0;0;6;1;-2,83108301;-44,3745066;"SPRF-MA";"DEL01-MA";"UOP01-DEL01-MA"