"id";"data_inversa";"dia_semana";"horario";"uf";"br";"km";"municipio";"causa_acidente";"tipo_acidente";"classificacao_acidente";"fase_dia";"sentido_via";"condicao_metereologica";"tipo_pista";"tracado_via";"uso_solo";"pessoas";"mortos";"feridos_leves";"feridos_graves";"ilesos";"ignorados";"feridos";"veiculos";"latitude";"longitude";"regional";"delegacia";"uop"
258551;2019-12-24;"terça-feira";"08:50:00";"BA";116;390,2;"SANTA BARBARA";"Desobediência às normas de trânsito pelo condutor";"Colisão frontal";"Com Vítimas Feridas";"Pleno dia";"Crescente";"Sol";"Simples";"Reta";"Sim";2;0;0;1;1;0;1;2;-11,93899506;-38,97937231;"SPRF-BA";"DEL02-BA";"UOP01-DEL02-BA"
258552;2019-12-24;"terça-feira";"18:15:00";"MG";381;500,5;"BETIM";"Defeito Mecânico no Veículo";"Tombamento";"Com Vítimas Feridas";"Anoitecer";"Decrescente";"Céu Claro";"Dupla";"Reta";"Não";2;0;2;0;0;0;2;1;-20,02513493;-44,23112709;"SPRF-MG";"DEL01-MG";"UOP03-DEL01-MG"
258553;2019-12-24;"terça-feira";"18:10:00";"PR";277;588;"CASCAVEL";"Ingestão de Álcool";"Colisão traseira";"Com Vítimas Feridas";"Pleno dia";"Crescente";"Céu Claro";"Simples";"Reta";"Sim";4;0;1;0;3;0;1;2;-24,97369293;-53,43816604;"SPRF-PR";"DEL04-PR";"UOP01-DEL04-PR"
258554;2019-12-24;"terça-feira";"18:30:00";"MG";365;460,8;"PATROCINIO";"Falta de Atenção à Condução";"Colisão traseira";"Com Vítimas Feridas";"Pleno dia";"Crescente";"Céu Claro";"Simples";"Interseção de Vias";"Não";5;0;3;0;2;0;3;2;-18,87589421;-46,91028685;"SPRF-MG";"DEL10-MG";"UOP01-DEL10-MG"
258555;2019-12-24;"terça-feira";"14:10:00";"PI";135;426;"MONTE ALEGRE DO PIAUI";"Defeito Mecânico no Veículo";"Capotamento";"Com Vítimas Feridas";"Pleno dia";"Decrescente";"Céu Claro";"Simples";"Reta";"Não";5;0;5;0;0;0;5;1;-9,51154295;-44,74040671;"SPRF-PI";"DEL03-PI";"UOP02-DEL03-PI"
258556;2019-12-24;"terça-feira";"15:00:00";"RJ";101;145;"MACAE";"Pista Escorregadia";"Queda de ocupante de veículo";"Com Vítimas Feridas";"Pleno dia";"Crescente";"Chuva";"Simples";"Reta";"Não";1;0;1;0;0;0;1;1;-22,21953803;-41,76037751;"SPRF-RJ";"DEL02-RJ";"UOP04-DEL08-RJ"
258557;2019-12-24;"terça-feira";"18:00:00";"PE";428;187;"PETROLINA";"Falta de Atenção à Condução";"Colisão transversal";"Com Vítimas Feridas";"Plena Noite";"Crescente";"Céu Claro";"Simples";"Interseção de Vias";"Sim";2;0;1;0;1;0;1;2;-9,40056779;-40,47425703;"SPRF-PE";"DEL06-PE";"UOP01-DEL06-PE"
258558;2019-12-24;"terça-feira";"16:30:00";"MG";40;823,7;"SIMAO PEREIRA";"Velocidade Incompatível";"Colisão com objeto estático";"Com Vítimas Feridas";"Pleno dia";"Crescente";"Chuva";"Dupla";"Curva";"Não";2;0;2;0;0;0;2;1;-21,9614888;-43,2986757;"SPRF-MG";"DEL05-MG";"UOP01-DEL05-MG"
258559;2019-12-24;"terça-feira";"18:35:00";"MG";381;491;"BETIM";"Falta de Atenção à Condução";"Colisão lateral";"Com Vítimas Feridas";"Anoitecer";"Decrescente";"Céu Claro";"Dupla";"Interseção de Vias";"Sim";3;0;1;0;1;1;1;3;-19,95745637;-44,14971828;"SPRF-MG";"DEL01-MG";"UOP03-DEL01-MG"
258560;2019-12-24;"terça-feira";"18:29:00";"SP";153;75;"BADY BASSITT";"Defeito Mecânico no Veículo";"Saída de leito carroçável";"Com Vítimas Feridas";"Anoitecer";"Crescente";"Céu Claro";"Dupla";"Declive";"Não";1;0;1;0;0;0;1;1;-20,89418221;-49,43387582;"SPRF-SP";"DEL09-SP";"UOP01-DEL09-SP"
258561;2019-12-24;"terça-feira";"18:30:00";"PR";277;33;"MORRETES";"Velocidade Incompatível";"Colisão com objeto estático";"Com Vítimas Feridas";"Anoitecer";"Decrescente";"Nublado";"Dupla";"Declive;Curva";"Não";2;0;1;0;1;0;1;1;-25,56727684;-48,81087363;"SPRF-PR";"DEL01-PR";"UOP05-DEL01-PR"
258563;2019-12-24;"terça-feira";"14:25:00";"MS";60;454,1;"SIDROLANDIA";"Defeito Mecânico no Veículo";"Colisão com objeto em movimento";"Sem Vítimas";"Pleno dia";"Decrescente";"Céu Claro";"Simples";"Reta";"Não";5;0;0;0;4;1;0;2;-21,003199;-55,180785;"SPRF-MS";"DEL01-MS";"UOP04-DEL01-MS"
258564;2019-12-24;"terça-feira";"19:10:00";"RS";116;527,2;"CAPAO DO LEAO";"Falta de Atenção à Condução";"Colisão traseira";"Com Vítimas Feridas";"Anoitecer";"Crescente";"Céu Claro";"Simples";"Reta";"Não";4;0;2;0;2;0;2;3;-31,7470243;-52,40899728;"SPRF-RS";"DEL07-RS";"UOP01-DEL07-RS"
258566;2019-12-24;"terça-feira";"19:10:00";"ES";101;258,6;"SERRA";"Fenômenos da Natureza";"Colisão com objeto estático";"Com Vítimas Feridas";"Plena Noite";"Crescente";"Chuva";"Dupla";"Curva";"Sim";1;0;1;0;0;0;1;1;-20,13059888;-40,2961019;"SPRF-ES";"DEL02-ES";"UOP01-DEL02-ES"
258567;2019-12-20;"sexta-feira";"19:00:00";"BA";324;623;"SALVADOR";"Falta de Atenção à Condução";"Colisão traseira";"Sem Vítimas";"Plena Noite";"Decrescente";"Céu Claro";"Dupla";"Reta";"Sim";2;0;0;0;2;0;0;2;-12,95419037;-38,47150892;"SPRF-BA";"DEL01-BA";"UOP01-DEL01-BA"
258568;2019-12-24;"terça-feira";"19:20:00";"ES";101;140,1;"LINHARES";"Animais na Pista";"Atropelamento de Animal";"Com Vítimas Feridas";"Plena Noite";"Decrescente";"Céu Claro";"Dupla";"Reta";"Não";1;0;1;0;0;0;1;1;-19,31817306;-40,07552313;"SPRF-ES";"DEL04-ES";"UOP01-DEL04-ES"
258569;2019-12-24;"terça-feira";"19:00:00";"BA";110;208;"CIPO";"Falta de Atenção do Pedestre";"Atropelamento de Pedestre";"Com Vítimas Feridas";"Plena Noite";"Crescente";"Ignorado";"Simples";"Reta";"Não";2;0;1;1;0;0;2;2;-11,17659311;-38,50152635;"SPRF-BA";"DEL07-BA";"UOP02-DEL07-BA"
258570;2019-12-24;"terça-feira";"17:35:00";"SC";282;644,5;"SAO MIGUEL DO OESTE";"Falta de Atenção à Condução";"Colisão transversal";"Com Vítimas Feridas";"Pleno dia";"Decrescente";"Céu Claro";"Simples";"Curva;Declive";"Não";3;0;2;0;1;0;2;2;-26,769157;-53,479385;"SPRF-SC";"DEL07-SC";"UOP03-DEL07-SC"
258571;2019-12-24;"terça-feira";"18:30:00";"RS";116;37,8;"VACARIA";"Fenômenos da Natureza";"Colisão transversal";"Com Vítimas Feridas";"Anoitecer";"Crescente";"Céu Claro";"Múltipla";"Reta;Rotatória;Interseção de Vias";"Sim";4;0;2;0;2;0;2;2;-28,50397373;-50,92360681;"SPRF-RS";"DEL05-RS";"UOP03-DEL05-RS"
258572;2019-12-24;"terça-feira";"19:45:00";"PR";376;174,1;"PONTA GROSSA";"Falta de Atenção à Condução";"Colisão traseira";"Com Vítimas Feridas";"Plena Noite";"Decrescente";"Céu Claro";"Múltipla";"Reta";"Sim";2;0;1;0;1;0;1;2;-25,07298761;-50,21134637;"SPRF-PR";"DEL07-PR";"UOP01-DEL09-PR"
258573;2019-12-24;"terça-feira";"18:15:00";"MG";381;484,5;"BETIM";"Defeito Mecânico no Veículo";"Tombamento";"Com Vítimas Feridas";"Anoitecer";"Decrescente";"Céu Claro";"Dupla";"Reta;Declive";"Sim";2;0;2;0;0;0;2;1;-19,95531717;-44,11722196;"SPRF-MG";"DEL01-MG";"UOP03-DEL01-MG"
258574;2019-12-24;"terça-feira";"19:27:00";"SC";282;36,6;"AGUAS MORNAS";"Desobediência às normas de trânsito pelo condutor";"Colisão traseira";"Com Vítimas Feridas";"Plena Noite";"Crescente";"Nublado";"Simples";"Reta";"Não";2;0;1;0;1;0;1;2;-27,704855;-48,834026;"SPRF-SC";"DEL01-SC";"UOP03-DEL01-SC"
258575;2019-12-24;"terça-feira";"11:00:00";"MG";381;192;"PERIQUITO";"Condutor Dormindo";"Saída de leito carroçável";"Com Vítimas Feridas";"Pleno dia";"Crescente";"Nublado";"Simples";"Reta";"Não";2;0;0;1;1;0;1;1;-19,11835916;-42,21228485;"SPRF-MG";"DEL06-MG";"UOP01-DEL06-MG"
258576;2019-12-24;"terça-feira";"19:15:00";"BA";110;142,1;"RIBEIRA DO POMBAL";"Falta de Atenção à Condução";"Colisão traseira";"Com Vítimas Feridas";"Plena Noite";"Crescente";"Ignorado";"Simples";"Aclive";"Não";5;0;3;0;2;0;3;2;-10,63698924;-38,40133667;"SPRF-BA";"DEL07-BA";"UOP02-DEL07-BA"
258577;2019-12-24;"terça-feira";"15:30:00";"BA";324;294,1;"JACOBINA";"Desobediência às normas de trânsito pelo condutor";"Colisão lateral";"Com Vítimas Feridas";"Pleno dia";"Crescente";"Céu Claro";"Simples";"Reta";"Sim";2;0;0;1;1;0;1;2;-11,18544;-40,526198;"SPRF-BA";"DEL04-BA";"UOP02-DEL04-BA"
258578;2019-12-24;"terça-feira";"20:00:00";"BA";135;187;"BARREIRAS";"Ultrapassagem Indevida";"Colisão frontal";"Com Vítimas Feridas";"Plena Noite";"Crescente";"Céu Claro";"Simples";"Reta";"Não";3;0;2;0;0;1;2;3;-12,21064305;-45,0171418;"SPRF-BA";"DEL10-BA";"UOP01-DEL10-BA"
258581;2019-12-24;"terça-feira";"20:00:00";"GO";60;85,5;"ANAPOLIS";"Falta de Atenção à Condução";"Colisão traseira";"Com Vítimas Feridas";"Plena Noite";"Decrescente";"Nublado";"Dupla";"Reta";"Não";2;0;0;1;1;0;1;2;-16,3179;-48,8643;"SPRF-GO";"DEL02-GO";"UOP01-DEL02-GO"
258582;2019-12-24;"terça-feira";"21:00:00";"TO";153;335;"GUARAI";"Falta de Atenção à Condução";"Colisão transversal";"Com Vítimas Feridas";"Plena Noite";"Crescente";"Céu Claro";"Dupla";"Reta";"Sim";4;0;1;3;0;0;4;2;-8,84481597;-48,5107318;"SPRF-TO";"DEL02-TO";"UOP02-DEL02-TO"
258583;2019-12-24;"terça-feira";"18:00:00";"PR";158;518,6;"PATO BRANCO";"Desobediência às normas de trânsito pelo pedestre";"Colisão traseira";"Com Vítimas Feridas";"Anoitecer";"Decrescente";"Céu Claro";"Simples";"Reta";"Não";2;0;1;0;1;0;1;2;-26,09143093;-52,64434119;"SPRF-PR";"DEL02-PR";"UOP01-DEL02-PR"
258584;2019-12-24;"terça-feira";"21:05:00";"ES";101;63,7;"SAO MATEUS";"Ingestão de Álcool";"Colisão frontal";"Com Vítimas Feridas";"Plena Noite";"Decrescente";"Nublado";"Simples";"Curva";"Sim";4;0;1;1;2;0;2;3;-18,69830807;-39,86481056;"SPRF-ES";"DEL04-ES";"UOP02-DEL04-ES"
258586;2019-12-24;"terça-feira";"20:10:00";"MT";364;205;"RONDONOPOLIS";"Ingestão de Álcool";"Colisão lateral";"Com Vítimas Feridas";"Plena Noite";"Crescente";"Céu Claro";"Dupla";"Reta";"Sim";4;0;1;0;3;0;1;2;-16,45928621;-54,66092345;"SPRF-MT";"DEL02-MT";"UOP01-DEL02-MT"
258587;2019-12-24;"terça-feira";"18:00:00";"SC";280;212,1;"TRES BARRAS";"Falta de Atenção à Condução";"Colisão traseira";"Com Vítimas Feridas";"Pleno dia";"Decrescente";"Céu Claro";"Simples";"Reta";"Não";5;0;3;0;2;0;3;2;-26,17859527;-50,18749694;"SPRF-SC";"DEL06-SC";"UOP04-DEL06-SC"
258588;2019-12-24;"terça-feira";"21:10:00";"PR";277;518;"GUARANIACU";"Falta de Atenção à Condução";"Colisão transversal";"Com Vítimas Feridas";"Plena Noite";"Decrescente";"Céu Claro";"Simples";"Reta";"Sim";3;0;1;1;1;0;2;2;-25,10985725;-52,85335871;"SPRF-PR";"DEL04-PR";"UOP04-DEL04-PR"
258590;2019-12-24;"terça-feira";"19:15:00";"RJ";101;303;"SAO GONCALO";"Velocidade Incompatível";"Colisão traseira";"Com Vítimas Feridas";"Plena Noite";"Decrescente";"Nublado";"Dupla";"Reta";"Sim";4;0;1;0;2;1;1;2;-22,7828205;-42,9766681;"SPRF-RJ";"DEL02-RJ";"UOP02-DEL02-RJ"
258592;2019-12-24;"terça-feira";"21:30:00";"GO";60;63;"ABADIANIA";"Desobediência às normas de trânsito pelo condutor";"Colisão frontal";"Com Vítimas Feridas";"Plena Noite";"Crescente";"Garoa/Chuvisco";"Dupla";"Retorno Regulamentado;Reta";"Sim";2;0;0;1;1;0;1;2;-16,1936;-48,7279;"SPRF-GO";"DEL02-GO";"UOP01-DEL02-GO"
258593;2019-12-24;"terça-feira";"21:10:00";"MG";40;477;"SETE LAGOAS";"Restrição de Visibilidade";"Atropelamento de Pedestre";"Com Vítimas Feridas";"Plena Noite";"Decrescente";"Nublado";"Simples";"Reta";"Não";2;0;0;1;1;0;1;2;-19,52130888;-44,26525586;"SPRF-MG";"DEL02-MG";"UOP01-DEL02-MG"
258594;2019-12-24;"terça-feira";"20:00:00";"GO";60;97;"ANAPOLIS";"Desobediência às normas de trânsito pelo condutor";"Colisão lateral";"Com Vítimas Feridas";"Plena Noite";"Decrescente";"Nublado";"Dupla";"Reta";"Sim";2;0;1;0;1;0;1;2;-16,3774;-48,9483;"SPRF-GO";"DEL02-GO";"UOP01-DEL02-GO"
258596;2019-12-24;"terça-feira";"21:50:00";"DF";20;6,7;"BRASILIA";"Velocidade Incompatível";"Colisão lateral";"Com Vítimas Feridas";"Plena Noite";"Crescente";"Céu Claro";"Dupla";"Reta";"Sim";2;0;0;1;1;0;1;2;-15,6633764;-47,80213779;"SPRF-DF";"DEL02-DF";"UOP01-DEL02-DF"
258597;2019-12-24;"terça-feira";"21:50:00";"RN";101;105;"PARNAMIRIM";"Falta de Atenção do Pedestre";"Atropelamento de Pedestre";"Com Vítimas Fatais";"Plena Noite";"Decrescente";"Céu Claro";"Dupla";"Reta";"Sim";2;1;0;0;1;0;0;2;-5,90165196;-35,25928517;"SPRF-RN";"DEL01-RN";"UOP01-DEL01-RN"
258598;2019-12-24;"terça-feira";"20:40:00";"MS";262;243,4;"RIBAS DO RIO PARDO";"Animais na Pista";"Atropelamento de Animal";"Com Vítimas Feridas";"Plena Noite";"Decrescente";"Céu Claro";"Simples";"Reta";"Não";2;0;2;0;0;0;2;1;-20,45561495;-53,794135;"SPRF-MS";"DEL01-MS";"UOP01-DEL01-MS"
258599;2019-12-24;"terça-feira";"22:05:00";"GO";40;110,3;"CRISTALINA";"Condutor Dormindo";"Saída de leito carroçável";"Com Vítimas Feridas";"Plena Noite";"Decrescente";"Nublado";"Dupla";"Reta";"Não";1;0;1;0;0;0;1;1;-16,844686;-47,510433;"SPRF-DF";"DEL01-DF";"UOP02-DEL01-DF"
258600;2019-12-24;"terça-feira";"20:20:00";"SC";470;111,7;"IBIRAMA";"Velocidade Incompatível";"Saída de leito carroçável";"Com Vítimas Feridas";"Plena Noite";"Decrescente";"Nublado";"Simples";"Curva";"Não";2;0;0;2;0;0;2;1;-27,095388;-49,457878;"SPRF-SC";"DEL04-SC";"UOP02-DEL04-SC"
258601;2019-12-24;"terça-feira";"21:00:00";"MG";50;158,2;"UBERABA";"Animais na Pista";"Saída de leito carroçável";"Sem Vítimas";"Plena Noite";"Decrescente";"Céu Claro";"Dupla";"Reta";"Não";4;0;0;0;4;0;0;1;-19,63378122;-48,01229957;"SPRF-MG";"DEL13-MG";"UOP01-DEL13-MG"
258602;2019-12-24;"terça-feira";"20:15:00";"MA";10;321,1;"ACAILANDIA";"Desobediência às normas de trânsito pelo condutor";"Colisão frontal";"Com Vítimas Feridas";"Plena Noite";"Crescente";"Céu Claro";"Simples";"Reta";"Sim";2;0;0;1;0;1;1;2;-4,9397445;-47,50300527;"SPRF-MA";"DEL04-MA";"UOP03-DEL04-MA"
258603;2019-12-24;"terça-feira";"18:38:00";"MG";381;528,2;"BRUMADINHO";"Velocidade Incompatível";"Saída de leito carroçável";"Sem Vítimas";"Anoitecer";"Crescente";"Nublado";"Dupla";"Curva";"Não";1;0;0;0;1;0;0;1;-20,16368096;-44,36025002;"SPRF-MG";"DEL04-MG";"UOP03-DEL04-MG"
258605;2019-12-24;"terça-feira";"22:15:00";"MG";262;362,5;"BETIM";"Falta de Atenção à Condução";"Colisão traseira";"Sem Vítimas";"Plena Noite";"Decrescente";"Nublado";"Dupla";"Reta";"Não";2;0;0;0;1;1;0;2;-19,98025969;-44,22672112;"SPRF-MG";"DEL01-MG";"UOP03-DEL01-MG"
258606;2019-12-24;"terça-feira";"21:45:00";"BA";116;437;"FEIRA DE SANTANA";"Falta de Atenção à Condução";"Atropelamento de Pedestre";"Com Vítimas Fatais";"Plena Noite";"Decrescente";"Céu Claro";"Dupla";"Declive";"Não";2;1;0;0;1;0;0;2;-12,30757399;-39,04263987;"SPRF-BA";"DEL02-BA";"UOP01-DEL02-BA"
258607;2019-12-24;"terça-feira";"19:00:00";"RJ";40;81;"PETROPOLIS";"Ingestão de Álcool";"Colisão com objeto estático";"Com Vítimas Feridas";"Plena Noite";"Crescente";"Chuva";"Simples";"Curva";"Não";5;0;4;0;1;0;4;1;-22,50560003;-43,23186384;"SPRF-RJ";"DEL06-RJ";"UOP01-DEL06-RJ"
258608;2019-12-24;"terça-feira";"21:50:00";"RS";471;156,7;"SANTA CRUZ DO SUL";"Desobediência às normas de trânsito pelo condutor";"Colisão traseira";"Com Vítimas Feridas";"Plena Noite";"Crescente";"Céu Claro";"Simples";"Reta";"Não";2;0;1;1;0;0;2;2;-29,870108;-52,390018;"SPRF-RS";"DEL02-RS";"UOP02-DEL02-RS"
258609;2019-12-24;"terça-feira";"22:30:00";"PR";467;102;"CASCAVEL";"Condutor Dormindo";"Saída de leito carroçável";"Com Vítimas Feridas";"Plena Noite";"Crescente";"Céu Claro";"Dupla";"Aclive";"Não";1;0;1;0;0;0;1;1;-24,9036;-53,5184;"SPRF-PR";"DEL04-PR";"UOP01-DEL04-PR"
258610;2019-12-24;"terça-feira";"19:30:00";"RJ";40;52;"PETROPOLIS";"Pista Escorregadia";"Colisão com objeto estático";"Com Vítimas Feridas";"Plena Noite";"Decrescente";"Chuva";"Dupla";"Curva";"Não";2;0;2;0;0;0;2;1;-22,33571319;-43,13320403;"SPRF-RJ";"DEL06-RJ";"UOP01-DEL06-RJ"
258611;2019-12-24;"terça-feira";"23:15:00";"MG";40;517;"RIBEIRAO DAS NEVES";"Defeito Mecânico no Veículo";"Queda de ocupante de veículo";"Com Vítimas Feridas";"Plena Noite";"Decrescente";"Nublado";"Dupla";"Reta";"Sim";2;0;2;0;0;0;2;1;-19,82351202;-44,08438913;"SPRF-MG";"DEL01-MG";"UOP02-DEL01-MG"
258612;2019-12-24;"terça-feira";"22:45:00";"MT";364;206;"RONDONOPOLIS";"Falta de Atenção do Pedestre";"Atropelamento de Pedestre";"Com Vítimas Feridas";"Plena Noite";"Decrescente";"Céu Claro";"Dupla";"Retorno Regulamentado";"Sim";3;0;2;0;1;0;2;2;-16,45124779;-54,66469557;"SPRF-MT";"DEL02-MT";"UOP01-DEL02-MT"
258613;2019-12-24;"terça-feira";"21:40:00";"PR";369;177;"ROLANDIA";"Desobediência às normas de trânsito pelo condutor";"Colisão transversal";"Com Vítimas Feridas";"Plena Noite";"Crescente";"Céu Claro";"Simples";"Interseção de Vias";"Não";2;0;1;0;1;0;1;2;-23,33735665;-51,38799191;"SPRF-PR";"DEL07-PR";"UOP01-DEL07-PR"
258614;2019-12-24;"terça-feira";"22:35:00";"CE";222;312,2;"TIANGUA";"Ingestão de Álcool";"Colisão transversal";"Com Vítimas Fatais";"Plena Noite";"Crescente";"Céu Claro";"Simples";"Reta";"Sim";3;1;1;0;1;0;1;2;-3,71699311;-40,9914242;"SPRF-CE";"DEL04-CE";"UOP02-DEL04-CE"
258615;2019-12-24;"terça-feira";"23:30:00";"MG";365;608;"UBERLANDIA";"Ingestão de Álcool";"Colisão traseira";"Com Vítimas Feridas";"Plena Noite";"Decrescente";"Céu Claro";"Dupla";"Reta";"Não";2;0;1;0;1;0;1;2;-18,91862846;-48,17813873;"SPRF-MG";"DEL15-MG";"UOP01-DEL15-MG"
258616;2019-12-24;"terça-feira";"22:40:00";"SC";282;658,5;"SAO MIGUEL DO OESTE";"Falta de Atenção à Condução";"Colisão transversal";"Com Vítimas Feridas";"Plena Noite";"Crescente";"Céu Claro";"Simples";"Reta";"Não";8;0;6;0;2;0;6;2;-26,684761;-53,549438;"SPRF-SC";"DEL07-SC";"UOP03-DEL07-SC"
258618;2019-12-24;"terça-feira";"23:30:00";"SC";101;131;"BALNEARIO CAMBORIU";"Defeito Mecânico no Veículo";"Tombamento";"Com Vítimas Feridas";"Plena Noite";"Crescente";"Céu Claro";"Dupla";"Reta";"Sim";2;0;1;0;1;0;1;1;-26,99064209;-48,66310912;"SPRF-SC";"DEL04-SC";"UOP03-DEL04-SC"
258621;2019-12-25;"quarta-feira";"00:40:00";"PR";369;457,3;"UBIRATA";"Falta de Atenção do Pedestre";"Atropelamento de Pedestre";"Com Vítimas Feridas";"Plena Noite";"Crescente";"Céu Claro";"Simples";"Reta";"Não";3;0;1;0;2;0;1;2;-24,553;-53,0579;"SPRF-PR";"DEL04-PR";"UOP03-DEL04-PR"
258622;2019-12-25;"quarta-feira";"01:30:00";"CE";403;136,9;"SOBRAL";"Velocidade Incompatível";"Atropelamento de Animal";"Com Vítimas Feridas";"Plena Noite";"Crescente";"Céu Claro";"Simples";"Reta";"Não";1;0;0;1;0;0;1;1;-3,82509603;-40,49577322;"SPRF-CE";"DEL04-CE";"UOP01-DEL04-CE"
258623;2019-12-25;"quarta-feira";"01:15:00";"ES";101;296;"CARIACICA";"Velocidade Incompatível";"Colisão com objeto estático";"Sem Vítimas";"Plena Noite";"Decrescente";"Chuva";"Dupla";"Viaduto";"Sim";1;0;0;0;0;1;0;1;-20,34029997;-40,40405712;"SPRF-ES";"DEL01-ES";"UOP01-DEL01-ES"
258624;2019-12-25;"quarta-feira";"01:50:00";"SP";116;230;"SAO PAULO";"Ingestão de Álcool";"Colisão traseira";"Sem Vítimas";"Plena Noite";"Crescente";"Nublado";"Múltipla";"Reta";"Sim";2;0;0;0;2;0;0;2;-23,52251783;-46,5855702;"SPRF-SP";"DEL01-SP";"UOP01-DEL01-SP"
258625;2019-12-25;"quarta-feira";"01:30:00";"SC";101;200,8;"SAO JOSE";"Velocidade Incompatível";"Colisão traseira";"Com Vítimas Feridas";"Plena Noite";"Crescente";"Céu Claro";"Simples";"Interseção de Vias";"Sim";3;0;2;0;1;0;2;2;-27,54018513;-48,62287714;"SPRF-SC";"DEL01-SC";"UOP01-DEL01-SC"
258626;2019-12-25;"quarta-feira";"02:00:00";"PR";376;184,9;"SARANDI";"Ingestão de Álcool";"Colisão traseira";"Com Vítimas Fatais";"Plena Noite";"Crescente";"Céu Claro";"Dupla";"Declive;Reta";"Sim";2;1;0;0;1;0;0;2;-23,44605663;-51,86326325;"SPRF-PR";"DEL07-PR";"UOP01-DEL09-PR"
258627;2019-12-25;"quarta-feira";"01:30:00";"SP";116;229;"SAO PAULO";"Ingestão de Álcool";"Colisão traseira";"Com Vítimas Feridas";"Plena Noite";"Crescente";"Nublado";"Múltipla";"Reta";"Sim";3;0;1;0;2;0;1;2;-23,51232775;-46,57618403;"SPRF-SP";"DEL01-SP";"UOP01-DEL01-SP"
258628;2019-12-25;"quarta-feira";"02:00:00";"RS";116;139,8;"CAXIAS DO SUL";"Ingestão de Álcool";"Colisão frontal";"Com Vítimas Feridas";"Plena Noite";"Crescente";"Céu Claro";"Simples";"Curva";"Não";2;0;1;0;1;0;1;2;-29,09753038;-51,10965833;"SPRF-RS";"DEL05-RS";"UOP01-DEL05-RS"
258629;2019-12-25;"quarta-feira";"02:00:00";"RS";116;231,5;"ESTANCIA VELHA";"Ingestão de Álcool";"Colisão lateral";"Sem Vítimas";"Plena Noite";"Decrescente";"Céu Claro";"Dupla";"Aclive;Curva";"Não";2;0;0;0;2;0;0;2;-29,62743221;-51,13858608;"SPRF-RS";"DEL01-RS";"UOP02-DEL01-RS"
258630;2019-12-25;"quarta-feira";"01:30:00";"PR";373;457,8;"CHOPINZINHO";"Ingestão de Álcool";"Saída de leito carroçável";"Sem Vítimas";"Plena Noite";"Decrescente";"Céu Claro";"Simples";"Curva";"Não";1;0;0;0;1;0;0;1;-25,91872183;-52,38606413;"SPRF-PR";"DEL02-PR";"UOP01-DEL02-PR"
258631;2019-12-25;"quarta-feira";"03:00:00";"RJ";116;140;"DUQUE DE CAXIAS";"Falta de Atenção à Condução";"Atropelamento de Pedestre";"Com Vítimas Feridas";"Plena Noite";"Crescente";"Céu Claro";"Dupla";"Reta";"Sim";2;0;1;0;0;1;1;2;-22,6466198;-43,21112001;"SPRF-RJ";"DEL01-RJ";"UOP01-DEL01-RJ"
258633;2019-12-25;"quarta-feira";"03:00:00";"DF";20;11,2;"BRASILIA";"Não guardar distância de segurança";"Colisão traseira";"Com Vítimas Feridas";"Plena Noite";"Crescente";"Céu Claro";"Dupla";"Reta";"Sim";4;0;1;0;3;0;1;2;-15,64654;-47,766422;"SPRF-DF";"DEL02-DF";"UOP01-DEL02-DF"
258634;2019-12-25;"quarta-feira";"03:20:00";"MG";262;364;"JUATUBA";"Animais na Pista";"Atropelamento de Animal";"Com Vítimas Feridas";"Plena Noite";"Decrescente";"Céu Claro";"Dupla";"Curva;Declive";"Sim";1;0;1;0;0;0;1;1;-19,98290644;-44,24492623;"SPRF-MG";"DEL01-MG";"UOP03-DEL01-MG"
258635;2019-12-25;"quarta-feira";"03:30:00";"PB";230;462,9;"SOUSA";"Desobediência às normas de trânsito pelo condutor";"Colisão transversal";"Com Vítimas Feridas";"Plena Noite";"Crescente";"Céu Claro";"Simples";"Reta;Interseção de Vias";"Sim";3;0;1;1;0;1;2;2;-6,77866963;-38,23775987;"SPRF-PB";"DEL03-PB";"UOP03-DEL03-PB"
258636;2019-12-25;"quarta-feira";"03:40:00";"SP";116;217;"GUARULHOS";"Ingestão de Álcool";"Colisão com objeto estático";"Com Vítimas Feridas";"Plena Noite";"Crescente";"Nublado";"Múltipla";"Reta";"Sim";2;0;2;0;0;0;2;1;-23,45423824;-46,47119028;"SPRF-SP";"DEL01-SP";"UOP01-DEL01-SP"
258637;2019-12-25;"quarta-feira";"04:00:00";"SP";116;282;"EMBU DAS ARTES";"Falta de Atenção à Condução";"Saída de leito carroçável";"Com Vítimas Feridas";"Plena Noite";"Crescente";"Céu Claro";"Dupla";"Curva";"Não";3;0;0;2;0;1;2;2;-23,68570216;-46,85970975;"SPRF-SP";"DEL04-SP";"UOP01-DEL04-SP"
258639;2019-12-25;"quarta-feira";"04:15:00";"GO";40;5;"VALPARAISO DE GOIAS";"Falta de Atenção à Condução";"Saída de leito carroçável";"Com Vítimas Feridas";"Plena Noite";"Decrescente";"Céu Claro";"Dupla";"Reta";"Sim";1;0;1;0;0;0;1;1;-16,093134;-47,982236;"SPRF-DF";"DEL01-DF";"UOP01-DEL01-DF"
258640;2019-12-25;"quarta-feira";"03:00:00";"SC";101;287,8;"IMBITUBA";"Falta de Atenção à Condução";"Tombamento";"Com Vítimas Fatais";"Plena Noite";"Decrescente";"Céu Claro";"Simples";"Reta";"Não";1;1;0;0;0;0;0;1;-28,23766496;-48,70059767;"SPRF-SC";"DEL02-SC";"UOP03-DEL02-SC"