"id";"data_inversa";"dia_semana";"horario";"uf";"br";"km";"municipio";"causa_acidente";"tipo_acidente";"classificacao_acidente";"fase_dia";"sentido_via";"condicao_metereologica";"tipo_pista";"tracado_via";"uso_solo";"pessoas";"mortos";"feridos_leves";"feridos_graves";"ilesos";"ignorados";"feridos";"veiculos";"latitude";"longitude";"regional";"delegacia";"uop"
258839;2019-12-26;"quinta-feira";"07:15:00";"RO";319;64,5;"PORTO VELHO";"Falta de Atenção à Condução";"Colisão transversal";"Com Vítimas Feridas";"Pleno dia";"Decrescente";"Céu Claro";"Dupla";"Reta";"Sim";3;0;3;0;0;0;3;2;-8,76953374;-63,88352394;"SPRF-RO";"DEL01-RO";"UOP01-DEL01-RO"
258840;2019-12-26;"quinta-feira";"07:50:00";"GO";414;439;"ANAPOLIS";"Falta de Atenção à Condução";"Colisão traseira";"Com Vítimas Feridas";"Pleno dia";"Crescente";"Céu Claro";"Simples";"Reta";"Sim";2;0;1;0;1;0;1;2;-16,28285215;-48,94286871;"SPRF-GO";"DEL02-GO";"UOP01-DEL02-GO"
258843;2019-12-26;"quinta-feira";"08:20:00";"RN";304;301;"MACAIBA";"Avarias e/ou desgaste excessivo no pneu";"Danos eventuais";"Com Vítimas Feridas";"Pleno dia";"Crescente";"Céu Claro";"Dupla";"Reta";"Não";2;0;2;0;0;0;2;1;-5,87657067;-35,30647289;"SPRF-RN";"DEL01-RN";"UOP02-DEL01-RN"
258845;2019-12-26;"quinta-feira";"05:30:00";"PR";277;278;"PRUDENTOPOLIS";"Velocidade Incompatível";"Saída de leito carroçável";"Sem Vítimas";"Pleno dia";"Crescente";"Céu Claro";"Simples";"Curva";"Não";1;0;0;0;0;1;0;1;-25,37023094;-50,90232697;"SPRF-PR";"DEL03-PR";"UOP02-DEL08-PR"
258847;2019-12-26;"quinta-feira";"09:20:00";"AL";316;242,4;"ATALAIA";"Desobediência às normas de trânsito pelo condutor";"Colisão transversal";"Com Vítimas Feridas";"Pleno dia";"Crescente";"Sol";"Simples";"Rotatória";"Sim";8;0;1;0;7;0;1;2;-9,50727405;-36,02113501;"SPRF-AL";"DEL01-AL";"UOP01-DEL01-AL"
258849;2019-12-26;"quinta-feira";"08:20:00";"MS";163;126,9;"NAVIRAI";"Falta de Atenção à Condução";"Colisão lateral";"Sem Vítimas";"Pleno dia";"Crescente";"Sol";"Simples";"Reta";"Não";4;0;0;0;3;1;0;2;-23,06338297;-54,23163981;"SPRF-MS";"DEL09-MS";"UOP01-DEL09-MS"
258850;2019-12-26;"quinta-feira";"07:30:00";"MT";163;119,8;"RONDONOPOLIS";"Defeito Mecânico no Veículo";"Tombamento";"Com Vítimas Feridas";"Pleno dia";"Decrescente";"Céu Claro";"Dupla";"Curva";"Sim";1;0;1;0;0;0;1;1;-16,505412;-54,65154;"SPRF-MT";"DEL02-MT";"UOP01-DEL02-MT"
258851;2019-12-26;"quinta-feira";"08:45:00";"SC";470;145;"RIO DO SUL";"Falta de Atenção à Condução";"Colisão transversal";"Com Vítimas Feridas";"Pleno dia";"Crescente";"Sol";"Simples";"Curva";"Sim";2;0;1;0;1;0;1;2;-27,237301;-49,682217;"SPRF-SC";"DEL04-SC";"UOP02-DEL04-SC"
258853;2019-12-24;"terça-feira";"22:30:00";"ES";262;1,3;"CARIACICA";"Velocidade Incompatível";"Capotamento";"Sem Vítimas";"Plena Noite";"Decrescente";"Céu Claro";"Dupla";"Curva";"Sim";1;0;0;0;1;0;0;1;-20,32955204;-40,35492602;"SPRF-ES";"DEL01-ES";"UOP01-DEL01-ES"
258856;2019-12-26;"quinta-feira";"09:45:00";"GO";50;222;"CAMPO ALEGRE DE GOIAS";"Condutor Dormindo";"Saída de leito carroçável";"Com Vítimas Feridas";"Pleno dia";"Crescente";"Céu Claro";"Dupla";"Reta";"Não";2;0;2;0;0;0;2;1;-17,7395;-47,7318;"SPRF-GO";"DEL06-GO";"UOP01-DEL06-GO"
258858;2019-12-26;"quinta-feira";"07:45:00";"AC";364;110,9;"RIO BRANCO";"Sinalização da via insuficiente ou inadequada";"Engavetamento";"Com Vítimas Feridas";"Pleno dia";"Crescente";"Céu Claro";"Simples";"Aclive";"Não";4;0;1;0;2;1;1;3;-10,01402531;-67,66508801;"SPRF-AC";"DEL01-AC";"UOP01-DEL01-AC"
258859;2019-12-26;"quinta-feira";"07:10:00";"SC";280;28;"ARAQUARI";"Desobediência às normas de trânsito pelo condutor";"Colisão lateral";"Com Vítimas Feridas";"Pleno dia";"Crescente";"Céu Claro";"Simples";"Reta";"Não";2;0;0;1;1;0;1;2;-26,40450077;-48,74561031;"SPRF-SC";"DEL03-SC";"UOP03-DEL03-SC"
258860;2019-12-26;"quinta-feira";"09:20:00";"MS";60;434,5;"SIDROLANDIA";"Velocidade Incompatível";"Saída de leito carroçável";"Com Vítimas Fatais";"Pleno dia";"Decrescente";"Céu Claro";"Simples";"Curva";"Não";4;1;3;0;0;0;3;1;-20,98953165;-54,99379787;"SPRF-MS";"DEL01-MS";"UOP04-DEL01-MS"
258862;2019-12-26;"quinta-feira";"10:30:00";"SP";116;58,7;"GUARATINGUETA";"Falta de Atenção à Condução";"Colisão traseira";"Com Vítimas Feridas";"Pleno dia";"Crescente";"Céu Claro";"Dupla";"Reta";"Sim";3;0;1;1;1;0;2;2;-22,78005511;-45,14572791;"SPRF-SP";"DEL08-SP";"UOP01-DEL08-SP"
258863;2019-12-26;"quinta-feira";"10:15:00";"PR";369;150,9;"LONDRINA";"Falta de Atenção à Condução";"Colisão traseira";"Com Vítimas Feridas";"Pleno dia";"Decrescente";"Céu Claro";"Múltipla";"Reta";"Não";2;0;1;0;1;0;1;2;-23,29287481;-51,17147684;"SPRF-PR";"DEL07-PR";"UOP01-DEL07-PR"
258865;2019-12-26;"quinta-feira";"10:40:00";"BA";367;49;"PORTO SEGURO";"Velocidade Incompatível";"Saída de leito carroçável";"Sem Vítimas";"Pleno dia";"Crescente";"Céu Claro";"Simples";"Reta";"Não";1;0;0;0;1;0;0;1;-16,37495232;-39,29003983;"SPRF-BA";"DEL09-BA";"UOP01-DEL09-BA"
258867;2019-12-26;"quinta-feira";"10:50:00";"SP";116;375,9;"MIRACATU";"Falta de Atenção à Condução";"Saída de leito carroçável";"Com Vítimas Feridas";"Pleno dia";"Decrescente";"Sol";"Dupla";"Curva";"Não";2;0;2;0;0;0;2;1;-24,18239098;-47,35448801;"SPRF-SP";"DEL04-SP";"UOP02-DEL04-SP"
258868;2019-12-26;"quinta-feira";"11:10:00";"SC";280;28,1;"ARAQUARI";"Falta de Atenção à Condução";"Colisão traseira";"Com Vítimas Feridas";"Pleno dia";"Crescente";"Céu Claro";"Simples";"Reta";"Sim";3;0;2;0;1;0;2;2;-26,40450077;-48,74561031;"SPRF-SC";"DEL03-SC";"UOP03-DEL03-SC"
258869;2019-12-26;"quinta-feira";"07:30:00";"BA";242;342;"LENCOIS";"Pista Escorregadia";"Capotamento";"Com Vítimas Feridas";"Pleno dia";"Decrescente";"Chuva";"Simples";"Curva";"Não";4;0;1;0;3;0;1;1;-12,51171318;-41,25064406;"SPRF-BA";"DEL06-BA";"UOP01-DEL06-BA"
258870;2019-12-26;"quinta-feira";"09:15:00";"MG";116;813,1;"ALEM PARAIBA";"Velocidade Incompatível";"Tombamento";"Com Vítimas Feridas";"Pleno dia";"Crescente";"Céu Claro";"Simples";"Curva";"Não";3;0;2;0;1;0;2;1;-21,85011521;-42,66565503;"SPRF-MG";"DEL07-MG";"UOP01-DEL07-MG"
258873;2019-12-26;"quinta-feira";"10:55:00";"MG";356;285,5;"PATROCINIO DO MURIAE";"Falta de Atenção à Condução";"Colisão traseira";"Com Vítimas Feridas";"Pleno dia";"Crescente";"Sol";"Simples";"Reta";"Sim";2;0;1;0;1;0;1;2;-21,12714726;-42,20166218;"SPRF-MG";"DEL07-MG";"UOP02-DEL07-MG"
258874;2019-12-26;"quinta-feira";"09:12:00";"PR";277;191,8;"PALMEIRA";"Falta de Atenção à Condução";"Colisão traseira";"Com Vítimas Feridas";"Pleno dia";"Decrescente";"Céu Claro";"Simples";"Reta";"Não";5;0;1;0;4;0;1;2;-25,45451247;-50,20395756;"SPRF-PR";"DEL03-PR";"UOP02-DEL08-PR"
258875;2019-12-26;"quinta-feira";"10:40:00";"RJ";101;297;"ITABORAI";"Avarias e/ou desgaste excessivo no pneu";"Tombamento";"Com Vítimas Feridas";"Pleno dia";"Crescente";"Céu Claro";"Múltipla";"Reta";"Sim";2;0;2;0;0;0;2;1;-22,76942037;-42,91873581;"SPRF-RJ";"DEL02-RJ";"UOP03-DEL02-RJ"
258876;2019-12-26;"quinta-feira";"10:50:00";"AL";101;179,7;"JUNQUEIRO";"Defeito na Via";"Saída de leito carroçável";"Com Vítimas Feridas";"Pleno dia";"Crescente";"Chuva";"Dupla";"Curva";"Não";1;0;1;0;0;0;1;1;-9,89077338;-36,40452862;"SPRF-AL";"DEL02-AL";"UOP02-DEL02-AL"
258877;2019-12-26;"quinta-feira";"10:15:00";"RJ";393;102;"SAPUCAIA";"Agressão Externa";"Colisão com objeto estático";"Com Vítimas Feridas";"Pleno dia";"Crescente";"Sol";"Simples";"Retorno Regulamentado";"Sim";5;0;1;0;0;4;1;5;-21,87756137;-42,67155672;"SPRF-RJ";"DEL06-RJ";"UOP01-DEL05-RJ"
258878;2019-12-26;"quinta-feira";"12:15:00";"SC";101;32,1;"JOINVILLE";"Defeito Mecânico no Veículo";"Tombamento";"Com Vítimas Feridas";"Pleno dia";"Decrescente";"Sol";"Dupla";"Reta";"Sim";2;0;2;0;0;0;2;1;-26,226987;-48,91657;"SPRF-SC";"DEL03-SC";"UOP01-DEL03-SC"
258879;2019-12-26;"quinta-feira";"08:45:00";"MG";381;212;"NAQUE";"Ultrapassagem Indevida";"Colisão lateral";"Com Vítimas Feridas";"Pleno dia";"Crescente";"Céu Claro";"Simples";"Curva";"Não";4;0;3;0;1;0;3;2;-19,21707353;-42,30680466;"SPRF-MG";"DEL06-MG";"UOP01-DEL06-MG"
258880;2019-12-26;"quinta-feira";"10:15:00";"MG";381;403;"BOM JESUS DO AMPARO";"Falta de Atenção à Condução";"Colisão frontal";"Com Vítimas Feridas";"Pleno dia";"Crescente";"Céu Claro";"Simples";"Reta";"Não";2;0;1;0;1;0;1;2;-19,744564;-43,496796;"SPRF-MG";"DEL01-MG";"UOP01-DEL01-MG"
258881;2019-12-26;"quinta-feira";"11:15:00";"MG";40;664,5;"CARANDAI";"Falta de Atenção à Condução";"Colisão lateral";"Com Vítimas Feridas";"Pleno dia";"Decrescente";"Céu Claro";"Simples";"Reta";"Não";2;0;1;0;0;1;1;2;-20,92945918;-43,8182805;"SPRF-MG";"DEL05-MG";"UOP02-DEL05-MG"
258882;2019-12-26;"quinta-feira";"08:30:00";"SC";282;469,7;"PONTE SERRADA";"Falta de Atenção à Condução";"Saída de leito carroçável";"Com Vítimas Feridas";"Pleno dia";"Crescente";"Céu Claro";"Simples";"Reta";"Não";3;0;2;0;1;0;2;1;-26,857796;-52,113468;"SPRF-SC";"DEL07-SC";"UOP01-DEL07-SC"
258883;2019-12-26;"quinta-feira";"09:50:00";"SC";282;456;"PONTE SERRADA";"Falta de Atenção à Condução";"Colisão lateral";"Com Vítimas Feridas";"Pleno dia";"Decrescente";"Sol";"Simples";"Curva";"Não";4;0;2;0;2;0;2;2;-26,885752;-52,004669;"SPRF-SC";"DEL07-SC";"UOP04-DEL07-SC"
258884;2019-12-26;"quinta-feira";"12:50:00";"SC";101;150;"ITAPEMA";"Defeito Mecânico no Veículo";"Tombamento";"Com Vítimas Feridas";"Pleno dia";"Decrescente";"Céu Claro";"Dupla";"Reta";"Não";1;0;1;0;0;0;1;1;-27,11744799;-48,60940987;"SPRF-SC";"DEL04-SC";"UOP03-DEL04-SC"
258886;2019-12-26;"quinta-feira";"12:00:00";"SP";116;107;"TAUBATE";"Falta de Atenção à Condução";"Engavetamento";"Com Vítimas Feridas";"Pleno dia";"Crescente";"Céu Claro";"Dupla";"Reta";"Sim";11;0;8;1;2;0;9;4;-23,01791287;-45,53009409;"SPRF-SP";"DEL06-SP";"UOP01-DEL06-SP"
258888;2019-12-26;"quinta-feira";"10:45:00";"MG";262;11;"MARTINS SOARES";"Falta de Atenção à Condução";"Colisão traseira";"Com Vítimas Feridas";"Pleno dia";"Decrescente";"Céu Claro";"Simples";"Reta";"Não";3;0;2;0;1;0;2;2;-20,246508;-41,846962;"SPRF-MG";"DEL06-MG";"UOP03-DEL06-MG"
258889;2019-12-26;"quinta-feira";"13:30:00";"RJ";101;480;"ANGRA DOS REIS";"Desobediência às normas de trânsito pelo condutor";"Colisão frontal";"Com Vítimas Feridas";"Pleno dia";"Crescente";"Sol";"Simples";"Reta";"Sim";2;0;0;1;1;0;1;2;-23,01331268;-44,28361913;"SPRF-RJ";"DEL03-RJ";"UOP03-DEL03-RJ"
258890;2019-12-26;"quinta-feira";"12:35:00";"MS";163;261;"DOURADOS";"Defeito Mecânico no Veículo";"Tombamento";"Com Vítimas Feridas";"Pleno dia";"Crescente";"Céu Claro";"Dupla";"Reta";"Não";2;0;2;0;0;0;2;1;-22,23864002;-54,76503161;"SPRF-MS";"DEL04-MS";"UOP01-DEL04-MS"
258892;2019-11-04;"segunda-feira";"09:30:00";"BA";101;262;"SANTO ANTONIO DE JESUS";"Falta de Atenção à Condução";"Colisão transversal";"Com Vítimas Feridas";"Pleno dia";"Crescente";"Ignorado";"Múltipla";"Reta;Retorno Regulamentado";"Sim";2;0;0;1;1;0;1;2;-12,97532284;-39,2758674;"SPRF-BA";"DEL01-BA";"UOP02-DEL01-BA"
258893;2019-12-26;"quinta-feira";"14:00:00";"MG";40;771,5;"JUIZ DE FORA";"Falta de Atenção à Condução";"Colisão transversal";"Com Vítimas Feridas";"Pleno dia";"Decrescente";"Céu Claro";"Simples";"Reta";"Não";2;0;1;0;1;0;1;2;-21,5994615;-43,4578836;"SPRF-MG";"DEL05-MG";"UOP01-DEL05-MG"
258894;2019-12-26;"quinta-feira";"13:30:00";"MG";262;88,3;"ABRE CAMPO";"Desobediência às normas de trânsito pelo condutor";"Colisão traseira";"Com Vítimas Feridas";"Pleno dia";"Decrescente";"Céu Claro";"Simples";"Aclive";"Não";4;0;0;1;3;0;1;2;-20,33467989;-42,44700601;"SPRF-MG";"DEL03-MG";"UOP03-DEL03-MG"
258895;2019-12-26;"quinta-feira";"13:30:00";"SP";116;158,8;"JACAREI";"Não guardar distância de segurança";"Colisão transversal";"Com Vítimas Feridas";"Pleno dia";"Decrescente";"Céu Claro";"Dupla";"Reta";"Sim";3;0;1;0;1;1;1;3;-23,26072137;-45,95179176;"SPRF-SP";"DEL02-SP";"UOP01-DEL02-SP"
258897;2019-12-26;"quinta-feira";"13:50:00";"MG";381;822;"CAREACU";"Falta de Atenção à Condução";"Colisão lateral";"Com Vítimas Feridas";"Pleno dia";"Crescente";"Céu Claro";"Dupla";"Reta";"Não";6;0;5;0;1;0;5;2;-22,1170128;-45,75397108;"SPRF-MG";"DEL16-MG";"UOP02-DEL16-MG"
258898;2019-12-26;"quinta-feira";"14:20:00";"GO";153;499;"GOIANIA";"Falta de Atenção à Condução";"Colisão traseira";"Com Vítimas Feridas";"Pleno dia";"Crescente";"Céu Claro";"Dupla";"Interseção de Vias";"Sim";2;0;0;1;1;0;1;2;-16,7033;-49,2311;"SPRF-GO";"DEL01-GO";"UOP01-DEL01-GO"
258900;2019-12-26;"quinta-feira";"14:00:00";"SP";116;97,6;"PINDAMONHANGABA";"Desobediência às normas de trânsito pelo condutor";"Colisão traseira";"Com Vítimas Feridas";"Pleno dia";"Crescente";"Sol";"Dupla";"Reta";"Não";2;0;1;0;1;0;1;2;-22,97375666;-45,44726115;"SPRF-SP";"DEL06-SP";"UOP01-DEL06-SP"
258901;2019-12-26;"quinta-feira";"14:30:00";"GO";20;4,9;"FORMOSA";"Falta de Atenção à Condução";"Colisão transversal";"Com Vítimas Feridas";"Pleno dia";"Crescente";"Céu Claro";"Simples";"Reta";"Sim";3;0;0;2;1;0;2;2;-15,561395;-47,313698;"SPRF-DF";"DEL02-DF";"UOP01-DEL02-DF"
258902;2019-12-26;"quinta-feira";"14:20:00";"RN";101;106;"PARNAMIRIM";"Falta de Atenção à Condução";"Colisão lateral";"Com Vítimas Feridas";"Pleno dia";"Decrescente";"Céu Claro";"Dupla";"Reta";"Não";2;0;1;0;1;0;1;2;-5,91056401;-35,26130795;"SPRF-RN";"DEL01-RN";"UOP01-DEL01-RN"
258903;2019-12-26;"quinta-feira";"14:00:00";"PA";316;19;"BENEVIDES";"Falta de Atenção à Condução";"Colisão traseira";"Sem Vítimas";"Pleno dia";"Crescente";"Céu Claro";"Simples";"Reta";"Sim";3;0;0;0;3;0;0;3;-1,3642339;-48,266582;"SPRF-PA";"DEL01-PA";"UOP01-DEL01-PA"
258908;2019-12-26;"quinta-feira";"13:00:00";"CE";222;81,2;"UMIRIM";"Falta de Atenção à Condução";"Colisão lateral";"Com Vítimas Feridas";"Pleno dia";"Decrescente";"Céu Claro";"Simples";"Curva";"Não";2;0;1;0;1;0;1;2;-3,675722;-39,268305;"SPRF-CE";"DEL04-CE";"UOP03-DEL04-CE"
258909;2019-12-26;"quinta-feira";"14:10:00";"PI";230;293,8;"FLORIANO";"Defeito Mecânico no Veículo";"Incêndio";"Sem Vítimas";"Pleno dia";"Crescente";"Céu Claro";"Simples";"Reta";"Não";1;0;0;0;1;0;0;1;-6,85041378;-42,88461584;"SPRF-PI";"DEL03-PI";"UOP01-DEL03-PI"
258910;2019-12-26;"quinta-feira";"14:30:00";"PR";476;126;"CURITIBA";"Falta de Atenção à Condução";"Colisão lateral";"Com Vítimas Feridas";"Pleno dia";"Crescente";"Céu Claro";"Múltipla";"Reta";"Sim";5;0;1;0;4;0;1;2;-25,416758;-49,223446;"SPRF-PR";"DEL01-PR";"UOP07-DEL01-PR"
258911;2019-12-26;"quinta-feira";"15:00:00";"SC";163;68;"SAO MIGUEL DO OESTE";"Falta de Atenção à Condução";"Colisão lateral";"Sem Vítimas";"Pleno dia";"Decrescente";"Sol";"Dupla";"Curva";"Sim";2;0;0;0;2;0;0;2;-26,75038301;-53,50086841;"SPRF-SC";"DEL07-SC";"UOP03-DEL07-SC"
258912;2019-12-26;"quinta-feira";"15:00:00";"SC";282;19;"PALHOCA";"Falta de Atenção à Condução";"Colisão lateral";"Com Vítimas Feridas";"Pleno dia";"Crescente";"Céu Claro";"Simples";"Reta";"Sim";2;0;0;1;1;0;1;2;-27,678635;-48,70192;"SPRF-SC";"DEL01-SC";"UOP02-DEL01-SC"
258914;2019-12-26;"quinta-feira";"12:45:00";"AC";364;123;"RIO BRANCO";"Falta de Atenção à Condução";"Colisão lateral";"Com Vítimas Feridas";"Pleno dia";"Decrescente";"Céu Claro";"Dupla";"Reta";"Não";2;0;1;0;1;0;1;2;-10,0117071;-67,782373;"SPRF-AC";"DEL01-AC";"UOP01-DEL01-AC"
258915;2019-12-26;"quinta-feira";"15:30:00";"SP";101;43,7;"UBATUBA";"Falta de Atenção à Condução";"Colisão frontal";"Sem Vítimas";"Pleno dia";"Crescente";"Sol";"Simples";"Reta";"Não";2;0;0;0;2;0;0;2;-23,40879066;-45,06257057;"SPRF-SP";"DEL06-SP";"UOP01-DEL06-SP"
258916;2019-12-26;"quinta-feira";"11:30:00";"MT";364;95;"ALTO GARCAS";"Defeito na Via";"Capotamento";"Com Vítimas Feridas";"Pleno dia";"Decrescente";"Céu Claro";"Simples";"Reta";"Não";3;0;3;0;0;0;3;1;-16,85806069;-53,75433289;"SPRF-MT";"DEL02-MT";"UOP02-DEL02-MT"
258917;2019-12-26;"quinta-feira";"15:15:00";"TO";153;503;"PARAISO DO TOCANTINS";"Falta de Atenção à Condução";"Tombamento";"Com Vítimas Feridas";"Pleno dia";"Decrescente";"Céu Claro";"Simples";"Reta";"Não";3;0;1;0;0;2;1;2;-10,22717315;-48,87610945;"SPRF-TO";"DEL02-TO";"UOP01-DEL01-TO"
258918;2019-12-26;"quinta-feira";"14:26:00";"MS";163;456,5;"CAMPO GRANDE";"Falta de Atenção à Condução";"Colisão traseira";"Com Vítimas Feridas";"Pleno dia";"Crescente";"Nublado";"Simples";"Reta";"Não";6;0;2;0;4;0;2;2;-20,67271305;-54,55795016;"SPRF-MS";"DEL01-MS";"UOP01-DEL01-MS"
258919;2019-12-26;"quinta-feira";"13:30:00";"MG";381;533;"ITATIAIUCU";"Condutor Dormindo";"Saída de leito carroçável";"Com Vítimas Feridas";"Pleno dia";"Crescente";"Sol";"Dupla";"Reta";"Não";1;0;1;0;0;0;1;1;-20,19896036;-44,38641307;"SPRF-MG";"DEL04-MG";"UOP03-DEL04-MG"
258920;2019-12-26;"quinta-feira";"15:20:00";"PR";376;534,1;"PALMEIRA";"Condutor Dormindo";"Saída de leito carroçável";"Com Vítimas Feridas";"Pleno dia";"Crescente";"Céu Claro";"Dupla";"Reta";"Não";3;0;0;3;0;0;3;1;-25,37384112;-49,81593012;"SPRF-PR";"DEL01-PR";"UOP06-DEL01-PR"
258921;2019-12-26;"quinta-feira";"15:25:00";"MG";40;518;"RIBEIRAO DAS NEVES";"Defeito Mecânico no Veículo";"Saída de leito carroçável";"Sem Vítimas";"Pleno dia";"Crescente";"Céu Claro";"Dupla";"Reta";"Sim";1;0;0;0;1;0;0;1;-19,8321242;-44,08208533;"SPRF-MG";"DEL01-MG";"UOP02-DEL01-MG"
258922;2019-12-26;"quinta-feira";"15:30:00";"PE";232;81;"GRAVATA";"Falta de Atenção à Condução";"Colisão transversal";"Com Vítimas Feridas";"Pleno dia";"Decrescente";"Céu Claro";"Simples";"Reta";"Sim";2;0;0;1;1;0;1;2;-8,19697746;-35,57850408;"SPRF-PE";"DEL01-PE";"UOP02-DEL02PE"
258924;2019-12-26;"quinta-feira";"13:30:00";"PR";376;590;"CURITIBA";"Não guardar distância de segurança";"Colisão traseira";"Com Vítimas Feridas";"Pleno dia";"Decrescente";"Sol";"Dupla";"Reta";"Sim";3;0;1;0;2;0;1;2;-25,44599789;-49,36381459;"SPRF-PR";"DEL01-PR";"UOP06-DEL01-PR"
258925;2019-12-26;"quinta-feira";"14:50:00";"PR";277;206;"PALMEIRA";"Falta de Atenção à Condução";"Colisão traseira";"Com Vítimas Feridas";"Pleno dia";"Crescente";"Céu Claro";"Simples";"Reta";"Não";4;0;3;0;1;0;3;1;-25,46468901;-50,25988;"SPRF-PR";"DEL03-PR";"UOP02-DEL08-PR"
258926;2019-12-26;"quinta-feira";"15:40:00";"MG";40;480,7;"SETE LAGOAS";"Condutor Dormindo";"Colisão com objeto estático";"Com Vítimas Feridas";"Pleno dia";"Crescente";"Céu Claro";"Dupla";"Aclive;Reta";"Não";1;0;1;0;0;0;1;1;-19,54749;-44,24686;"SPRF-MG";"DEL02-MG";"UOP01-DEL02-MG"
258927;2019-12-26;"quinta-feira";"15:40:00";"PR";277;654,1;"MATELANDIA";"Não guardar distância de segurança";"Colisão traseira";"Com Vítimas Feridas";"Pleno dia";"Crescente";"Céu Claro";"Simples";"Reta";"Não";4;0;1;0;3;0;1;3;-25,22232211;-53,9513177;"SPRF-PR";"DEL05-PR";"UOP02-DEL05-PR"
258928;2019-12-26;"quinta-feira";"16:00:00";"PB";230;155,8;"CAMPINA GRANDE";"Falta de Atenção à Condução";"Colisão transversal";"Com Vítimas Feridas";"Pleno dia";"Crescente";"Céu Claro";"Simples";"Reta";"Não";2;0;1;0;1;0;1;2;-7,2748;-35,9058;"SPRF-PB";"DEL02-PB";"UOP01-DEL02-PB"
258929;2019-12-26;"quinta-feira";"15:54:00";"PR";277;232,3;"FERNANDES PINHEIRO";"Falta de Atenção à Condução";"Colisão transversal";"Com Vítimas Feridas";"Pleno dia";"Crescente";"Céu Claro";"Simples";"Rotatória";"Não";2;0;1;0;1;0;1;2;-25,46385071;-50,56014955;"SPRF-PR";"DEL03-PR";"UOP02-DEL08-PR"
258930;2019-12-26;"quinta-feira";"16:20:00";"PR";369;150,1;"LONDRINA";"Ingestão de Álcool";"Colisão traseira";"Sem Vítimas";"Pleno dia";"Decrescente";"Céu Claro";"Dupla";"Interseção de Vias";"Sim";3;0;0;0;3;0;0;2;-23,29292737;-51,16284728;"SPRF-PR";"DEL07-PR";"UOP01-DEL07-PR"
258931;2019-12-26;"quinta-feira";"16:00:00";"PR";476;145;"CURITIBA";"Desobediência às normas de trânsito pelo condutor";"Colisão lateral";"Com Vítimas Feridas";"Pleno dia";"Crescente";"Sol";"Dupla";"Retorno Regulamentado";"Não";7;0;3;0;4;0;3;5;-25,547749;-49,32095;"SPRF-PR";"DEL01-PR";"UOP06-DEL01-PR"
258932;2019-12-26;"quinta-feira";"16:30:00";"SP";116;229;"SAO PAULO";"Defeito Mecânico no Veículo";"Queda de ocupante de veículo";"Com Vítimas Feridas";"Pleno dia";"Crescente";"Céu Claro";"Simples";"Reta";"Não";2;0;1;0;1;0;1;1;-23,51291902;-46,57604698;"SPRF-SP";"DEL01-SP";"UOP01-DEL01-SP"
258934;2019-12-26;"quinta-feira";"14:45:00";"RS";290;25,9;"SANTO ANTONIO DA PATRULHA";"Mal Súbito";"Saída de leito carroçável";"Com Vítimas Feridas";"Pleno dia";"Crescente";"Céu Claro";"Simples";"Curva";"Sim";1;0;1;0;0;0;1;1;-29,8786065;-50,51221848;"SPRF-RS";"DEL03-RS";"UOP01-DEL03-RS"
258935;2019-12-26;"quinta-feira";"16:50:00";"SC";282;16;"PALHOCA";"Desobediência às normas de trânsito pelo condutor";"Colisão lateral";"Com Vítimas Feridas";"Pleno dia";"Crescente";"Céu Claro";"Simples";"Reta";"Sim";3;0;1;0;1;1;1;3;-27,658611;-48,681847;"SPRF-SC";"DEL01-SC";"UOP02-DEL01-SC"
258936;2019-12-22;"domingo";"22:45:00";"MG";381;481;"CONTAGEM";"Não guardar distância de segurança";"Colisão traseira";"Com Vítimas Feridas";"Plena Noite";"Decrescente";"Nublado";"Dupla";"Curva";"Sim";3;0;1;0;2;0;1;2;-19,95907768;-44,06448573;"SPRF-MG";"DEL01-MG";"UOP03-DEL01-MG"
258937;2019-12-26;"quinta-feira";"17:00:00";"ES";262;49,5;"MARECHAL FLORIANO";"Falta de Atenção à Condução";"Colisão transversal";"Com Vítimas Feridas";"Anoitecer";"Decrescente";"Céu Claro";"Simples";"Interseção de Vias;Reta";"Não";2;0;0;1;1;0;1;2;-20,41251052;-40,69798571;"SPRF-ES";"DEL01-ES";"UOP01-DEL01-ES"
258938;2019-12-26;"quinta-feira";"13:32:00";"PR";277;42;"MORRETES";"Falta de Atenção à Condução";"Queda de ocupante de veículo";"Com Vítimas Feridas";"Pleno dia";"Decrescente";"Céu Claro";"Dupla";"Curva";"Não";1;0;1;0;0;0;1;1;-25,57361239;-48,84469597;"SPRF-PR";"DEL01-PR";"UOP07-DEL01-PR"
258939;2019-12-26;"quinta-feira";"15:15:00";"SP";116;160;"JACAREI";"Ingestão de Álcool";"Colisão traseira";"Sem Vítimas";"Pleno dia";"Crescente";"Céu Claro";"Dupla";"Reta";"Não";2;0;0;0;2;0;0;2;-23,27101606;-45,96787896;"SPRF-SP";"DEL02-SP";"UOP01-DEL02-SP"
258941;2019-12-26;"quinta-feira";"17:30:00";"RN";101;104,9;"PARNAMIRIM";"Falta de Atenção à Condução";"Colisão traseira";"Com Vítimas Feridas";"Plena Noite";"Crescente";"Céu Claro";"Dupla";"Reta";"Não";3;0;2;0;0;1;2;3;-5,892745;-35,257225;"SPRF-RN";"DEL01-RN";"UOP01-DEL01-RN"