"id";"data_inversa";"dia_semana";"horario";"uf";"br";"km";"municipio";"causa_acidente";"tipo_acidente";"classificacao_acidente";"fase_dia";"sentido_via";"condicao_metereologica";"tipo_pista";"tracado_via";"uso_solo";"pessoas";"mortos";"feridos_leves";"feridos_graves";"ilesos";"ignorados";"feridos";"veiculos";"latitude";"longitude";"regional";"delegacia";"uop"
258942;2019-12-26;"quinta-feira";"17:00:00";"PE";101;11,4;"GOIANA";"Animais na Pista";"Colisão traseira";"Com Vítimas Feridas";"Anoitecer";"Crescente";"Céu Claro";"Dupla";"Reta";"Não";4;0;1;0;3;0;1;2;-7,59514001;-34,98460002;"SPRF-PE";"DEL01-PE";"UOP02-DEL01-PE"
258945;2019-12-26;"quinta-feira";"17:42:00";"PE";232;413;"SERRA TALHADA";"Desobediência às normas de trânsito pelo condutor";"Colisão transversal";"Com Vítimas Feridas";"Anoitecer";"Decrescente";"Céu Claro";"Simples";"Reta";"Sim";3;0;2;0;0;1;2;2;-7,98857087;-38,32972307;"SPRF-PE";"DEL04-PE";"UOP01-DEL04-PE"
258946;2019-12-26;"quinta-feira";"16:55:00";"RS";101;75;"OSORIO";"Avarias e/ou desgaste excessivo no pneu";"Tombamento";"Com Vítimas Feridas";"Pleno dia";"Decrescente";"Sol";"Dupla";"Reta";"Não";2;0;2;0;0;0;2;1;-29,78748091;-50,23072015;"SPRF-RS";"DEL03-RS";"UOP01-DEL03-RS"
258947;2019-12-26;"quinta-feira";"17:05:00";"PR";277;357,8;"GUARAPUAVA";"Falta de Atenção do Pedestre";"Atropelamento de Pedestre";"Com Vítimas Feridas";"Pleno dia";"Decrescente";"Céu Claro";"Simples";"Interseção de Vias";"Não";2;0;1;0;1;0;1;2;-25,39950847;-51,53852876;"SPRF-PR";"DEL03-PR";"UOP01-DEL08-PR"
258948;2019-12-26;"quinta-feira";"15:45:00";"SC";282;227,1;"LAGES";"Defeito Mecânico no Veículo";"Tombamento";"Com Vítimas Feridas";"Pleno dia";"Decrescente";"Céu Claro";"Simples";"Curva";"Não";2;0;2;0;0;0;2;1;-27,795815;-50,399048;"SPRF-SC";"DEL05-SC";"UOP02-DEL05-SC"
258950;2019-12-26;"quinta-feira";"20:00:00";"RJ";116;77;"TERESOPOLIS";"Velocidade Incompatível";"Saída de leito carroçável";"Com Vítimas Feridas";"Plena Noite";"Crescente";"Chuva";"Simples";"Reta";"Sim";1;0;1;0;0;0;1;1;-22,36917806;-42,94876879;"SPRF-RJ";"DEL04-RJ";"UOP01-DEL04-RJ"
258951;2019-12-26;"quinta-feira";"18:40:00";"RN";101;103;"PARNAMIRIM";"Defeito na Via";"Queda de ocupante de veículo";"Com Vítimas Feridas";"Plena Noite";"Crescente";"Céu Claro";"Múltipla";"Reta";"Não";1;0;1;0;0;0;1;1;-5,89034022;-35,24894996;"SPRF-RN";"DEL01-RN";"UOP01-DEL01-RN"
258952;2019-12-26;"quinta-feira";"19:40:00";"MG";116;290;"TEOFILO OTONI";"Falta de Atenção do Pedestre";"Atropelamento de Pedestre";"Com Vítimas Feridas";"Plena Noite";"Crescente";"Céu Claro";"Dupla";"Reta";"Sim";2;0;0;1;1;0;1;2;-17,96871824;-41,54191753;"SPRF-MG";"DEL11-MG";"UOP01-DEL11-MG"
258953;2019-12-26;"quinta-feira";"19:30:00";"ES";101;258;"SERRA";"Desobediência às normas de trânsito pelo condutor";"Queda de ocupante de veículo";"Com Vítimas Feridas";"Plena Noite";"Decrescente";"Céu Claro";"Dupla";"Reta";"Sim";2;0;0;1;1;0;1;2;-20,13059888;-40,2961019;"SPRF-ES";"DEL02-ES";"UOP01-DEL02-ES"
258955;2019-12-26;"quinta-feira";"18:00:00";"RS";285;671;"SAO BORJA";"Velocidade Incompatível";"Colisão com objeto estático";"Sem Vítimas";"Pleno dia";"Crescente";"Nublado";"Simples";"Interseção de Vias";"Sim";1;0;0;0;0;1;0;1;-28,672358;-55,968838;"SPRF-RS";"DEL12-RS";"UOP01-DEL12-RS"
258956;2019-12-26;"quinta-feira";"20:30:00";"PR";277;534;"IBEMA";"Ingestão de Álcool";"Capotamento";"Com Vítimas Feridas";"Plena Noite";"Crescente";"Céu Claro";"Simples";"Curva";"Não";4;0;0;2;2;0;2;1;-25,10265774;-52,986814;"SPRF-PR";"DEL04-PR";"UOP04-DEL04-PR"
258958;2019-12-26;"quinta-feira";"16:50:00";"RJ";101;316;"SAO GONCALO";"Falta de Atenção à Condução";"Colisão traseira";"Com Vítimas Feridas";"Pleno dia";"Decrescente";"Sol";"Dupla";"Reta";"Sim";2;0;1;0;1;0;1;2;-22,82835879;-43,09208739;"SPRF-RJ";"DEL02-RJ";"UOP02-DEL02-RJ"
258959;2019-12-26;"quinta-feira";"19:50:00";"MG";50;13;"UBERLANDIA";"Defeito Mecânico no Veículo";"Incêndio";"Sem Vítimas";"Plena Noite";"Decrescente";"Nublado";"Dupla";"Viaduto";"Não";1;0;0;0;1;0;0;1;-18,90303846;-48,18878174;"SPRF-MG";"DEL15-MG";"UOP02-DEL15-MG"
258960;2019-12-26;"quinta-feira";"18:00:00";"RS";290;49,4;"GRAVATAI";"Falta de Atenção à Condução";"Colisão lateral";"Com Vítimas Feridas";"Pleno dia";"Decrescente";"Céu Claro";"Múltipla";"Reta";"Não";3;0;0;2;0;1;2;2;-29,94006038;-50,8921051;"SPRF-RS";"DEL03-RS";"UOP01-DEL03-RS"
258961;2019-12-26;"quinta-feira";"20:15:00";"RN";110;30,1;"MOSSORO";"Animais na Pista";"Atropelamento de Animal";"Com Vítimas Feridas";"Plena Noite";"Decrescente";"Céu Claro";"Simples";"Reta";"Não";2;0;1;0;1;0;1;1;-5,12744593;-37,20731518;"SPRF-RN";"DEL04-RN";"UOP01-DEL04-RN"
258962;2019-12-26;"quinta-feira";"18:45:00";"MG";381;163,4;"GOVERNADOR VALADARES";"Ultrapassagem Indevida";"Colisão frontal";"Com Vítimas Feridas";"Anoitecer";"Crescente";"Ignorado";"Simples";"Reta";"Não";2;0;0;2;0;0;2;2;-18,93550625;-42,0516298;"SPRF-MG";"DEL06-MG";"UOP01-DEL06-MG"
258963;2019-12-26;"quinta-feira";"17:00:00";"MT";364;494;"JANGADA";"Desobediência às normas de trânsito pelo condutor";"Atropelamento de Pedestre";"Com Vítimas Feridas";"Pleno dia";"Decrescente";"Céu Claro";"Simples";"Reta";"Não";3;0;1;0;1;1;1;2;-15,29227197;-56,43455719;"SPRF-MT";"DEL01-MT";"DEL2/4-UOP02/MT"
258964;2019-12-26;"quinta-feira";"20:30:00";"PE";101;93,6;"CABO DE SANTO AGOSTINHO";"Não guardar distância de segurança";"Colisão traseira";"Com Vítimas Feridas";"Pleno dia";"Crescente";"Céu Claro";"Dupla";"Reta";"Sim";2;0;1;0;1;0;1;2;-8,2396419;-35,00335418;"SPRF-PE";"DEL01-PE";"UOP03-DEL01-PE"
258966;2019-12-26;"quinta-feira";"13:45:00";"SC";153;58,8;"IRANI";"Falta de Atenção à Condução";"Colisão transversal";"Com Vítimas Feridas";"Pleno dia";"Crescente";"Sol";"Simples";"Rotatória";"Não";3;0;2;0;1;0;2;2;-26,96973718;-51,85465336;"SPRF-SC";"DEL07-SC";"UOP04-DEL07-SC"
258967;2019-12-26;"quinta-feira";"18:30:00";"MG";40;509,8;"RIBEIRAO DAS NEVES";"Falta de Atenção à Condução";"Tombamento";"Com Vítimas Feridas";"Anoitecer";"Crescente";"Céu Claro";"Dupla";"Declive";"Sim";1;0;1;0;0;0;1;1;-19,76728744;-44,12855905;"SPRF-MG";"DEL01-MG";"UOP02-DEL01-MG"
258968;2019-12-26;"quinta-feira";"21:10:00";"SP";381;86;"SAO PAULO";"Defeito Mecânico no Veículo";"Incêndio";"Sem Vítimas";"Plena Noite";"Crescente";"Céu Claro";"Dupla";"Reta";"Sim";1;0;0;0;1;0;0;1;-23,45930499;-46,57161179;"SPRF-SP";"DEL03-SP";"UOP01-DEL03-SP"
258969;2019-12-26;"quinta-feira";"19:30:00";"SC";101;135;"BALNEARIO CAMBORIU";"Falta de Atenção do Pedestre";"Colisão transversal";"Com Vítimas Feridas";"Plena Noite";"Crescente";"Céu Claro";"Dupla";"Interseção de Vias";"Sim";2;0;1;0;1;0;1;2;-27,08788843;-48,5959897;"SPRF-SC";"DEL04-SC";"UOP03-DEL04-SC"
258970;2019-12-26;"quinta-feira";"15:30:00";"RO";364;397;"OURO PRETO DO OESTE";"Ultrapassagem Indevida";"Saída de leito carroçável";"Com Vítimas Feridas";"Pleno dia";"Decrescente";"Céu Claro";"Simples";"Aclive;Curva";"Não";2;0;1;1;0;0;2;1;-10,62448513;-62,32582215;"SPRF-RO";"DEL03-RO";"UOP02-DEL03-RO"
258971;2019-12-26;"quinta-feira";"19:15:00";"MG";262;391;"FLORESTAL";"Animais na Pista";"Atropelamento de Animal";"Com Vítimas Feridas";"Plena Noite";"Crescente";"Céu Claro";"Dupla";"Reta";"Não";2;0;2;0;0;0;2;1;-19,92369912;-44,46409813;"SPRF-MG";"DEL01-MG";"UOP03-DEL01-MG"
258972;2019-12-26;"quinta-feira";"21:45:00";"DF";20;3,1;"BRASILIA";"Velocidade Incompatível";"Colisão traseira";"Com Vítimas Feridas";"Plena Noite";"Crescente";"Ignorado";"Múltipla";"Interseção de Vias";"Não";2;0;1;0;1;0;1;2;-15,679851;-47,832211;"SPRF-DF";"DEL02-DF";"UOP01-DEL02-DF"
258973;2019-12-26;"quinta-feira";"19:19:00";"MA";316;516;"CAXIAS";"Animais na Pista";"Atropelamento de Animal";"Sem Vítimas";"Plena Noite";"Crescente";"Céu Claro";"Simples";"Reta";"Não";1;0;0;0;1;0;0;1;-4,754811;-43,656265;"SPRF-MA";"DEL03-MA";"UOP02-DEL03-MA"
258974;2019-12-26;"quinta-feira";"18:20:00";"RS";448;16,4;"CANOAS";"Defeito Mecânico no Veículo";"Capotamento";"Com Vítimas Feridas";"Pleno dia";"Decrescente";"Sol";"Dupla";"Curva";"Não";2;0;1;0;1;0;1;2;-29,93223;-51,211967;"SPRF-RS";"DEL01-RS";"UOP01-DEL01-RS"
258975;2019-12-26;"quinta-feira";"21:55:00";"SP";116;158;"JACAREI";"Defeito Mecânico no Veículo";"Incêndio";"Sem Vítimas";"Plena Noite";"Decrescente";"Nublado";"Dupla";"Reta";"Sim";1;0;0;0;1;0;0;1;-23,26072137;-45,95179176;"SPRF-SP";"DEL02-SP";"UOP01-DEL02-SP"
258976;2019-12-23;"segunda-feira";"01:15:00";"SC";101;437,1;"SOMBRIO";"Ingestão de Álcool";"Colisão lateral";"Sem Vítimas";"Plena Noite";"Crescente";"Céu Claro";"Múltipla";"Curva";"Sim";2;0;0;0;2;0;0;2;-29,116756;-49,640408;"SPRF-SC";"DEL02-SC";"UOP02-DEL02-SC"
258977;2019-12-26;"quinta-feira";"22:15:00";"BA";324;515,4;"FEIRA DE SANTANA";"Animais na Pista";"Atropelamento de Animal";"Com Vítimas Feridas";"Plena Noite";"Crescente";"Céu Claro";"Simples";"Reta";"Não";1;0;1;0;0;0;1;1;-12,23547809;-38,94396807;"SPRF-BA";"DEL02-BA";"UOP01-DEL02-BA"
258978;2019-12-26;"quinta-feira";"16:40:00";"BA";407;121,3;"SENHOR DO BONFIM";"Falta de Atenção à Condução";"Colisão transversal";"Com Vítimas Feridas";"Pleno dia";"Crescente";"Céu Claro";"Simples";"Reta";"Não";2;0;1;0;1;0;1;2;-10,41234797;-40,1832681;"SPRF-BA";"DEL04-BA";"UOP01-DEL04-BA"
258979;2019-12-26;"quinta-feira";"19:10:00";"SC";280;20;"ARAQUARI";"Defeito Mecânico no Veículo";"Tombamento";"Com Vítimas Feridas";"Plena Noite";"Decrescente";"Nublado";"Simples";"Reta";"Não";2;0;2;0;0;0;2;1;-26,36990477;-48,68224301;"SPRF-SC";"DEL03-SC";"UOP03-DEL03-SC"
258980;2019-12-26;"quinta-feira";"18:00:00";"RS";101;32,4;"TRES CACHOEIRAS";"Fenômenos da Natureza";"Danos eventuais";"Com Vítimas Feridas";"Pleno dia";"Crescente";"Nublado";"Simples";"Reta";"Sim";1;0;1;0;0;0;1;1;-29,49424084;-49,97664153;"SPRF-RS";"DEL03-RS";"UOP02-DEL03-RS"
258984;2019-12-26;"quinta-feira";"23:40:00";"PR";376;664;"GUARATUBA";"Ingestão de Álcool";"Colisão transversal";"Sem Vítimas";"Plena Noite";"Crescente";"Céu Claro";"Dupla";"Interseção de Vias";"Não";4;0;0;0;4;0;0;2;-25,85321576;-48,96608688;"SPRF-PR";"DEL01-PR";"UOP04-DEL01-PR"
258985;2019-12-26;"quinta-feira";"23:50:00";"PR";476;195,3;"LAPA";"Falta de Atenção à Condução";"Saída de leito carroçável";"Sem Vítimas";"Plena Noite";"Decrescente";"Céu Claro";"Simples";"Reta";"Não";1;0;0;0;0;1;0;1;-25,746958;-49,718353;"SPRF-PR";"DEL01-PR";"UOP06-DEL01-PR"
258988;2019-12-26;"quinta-feira";"23:30:00";"RN";101;136,9;"ARES";"Falta de Atenção à Condução";"Capotamento";"Com Vítimas Feridas";"Plena Noite";"Crescente";"Céu Claro";"Dupla";"Curva";"Não";1;0;1;0;0;0;1;1;-6,17193583;-35,21976075;"SPRF-RN";"DEL01-RN";"UOP01-DEL01-RN"
258989;2019-12-26;"quinta-feira";"15:10:00";"MG";381;185,5;"PERIQUITO";"Desobediência às normas de trânsito pelo condutor";"Colisão traseira";"Com Vítimas Feridas";"Pleno dia";"Decrescente";"Sol";"Simples";"Reta";"Não";3;0;1;1;1;0;2;2;-19,07143196;-42,17623006;"SPRF-MG";"DEL06-MG";"UOP01-DEL06-MG"
258990;2019-12-26;"quinta-feira";"23:20:00";"SC";282;334;"CAMPOS NOVOS";"Falta de Atenção à Condução";"Colisão frontal";"Com Vítimas Feridas";"Plena Noite";"Decrescente";"Céu Claro";"Simples";"Reta";"Não";9;0;0;7;2;0;7;2;-27,3943;-51,145859;"SPRF-SC";"DEL07-SC";"UOP06-DEL07-SC"
258995;2019-12-27;"sexta-feira";"02:15:00";"MG";381;308,9;"ANTONIO DIAS";"Condutor Dormindo";"Colisão com objeto estático";"Com Vítimas Feridas";"Plena Noite";"Crescente";"Nublado";"Simples";"Curva;Em Obras";"Não";5;0;3;0;2;0;3;1;-19,63642897;-42,83024696;"SPRF-MG";"DEL03-MG";"UOP02-DEL03-MG"
258997;2019-12-26;"quinta-feira";"23:50:00";"ES";262;65;"MARECHAL FLORIANO";"Animais na Pista";"Colisão com objeto estático";"Com Vítimas Feridas";"Plena Noite";"Crescente";"Céu Claro";"Simples";"Curva";"Não";2;0;1;1;0;0;2;1;-20,41443354;-40,82302074;"SPRF-ES";"DEL01-ES";"UOP02-DEL01-ES"
259000;2019-12-27;"sexta-feira";"03:50:00";"PI";343;589;"FLORIANO";"Falta de Atenção à Condução";"Colisão com objeto estático";"Com Vítimas Fatais";"Plena Noite";"Crescente";"Céu Claro";"Dupla";"Reta";"Sim";1;1;0;0;0;0;0;1;-6,776695;-43,009346;"SPRF-PI";"DEL03-PI";"UOP01-DEL03-PI"
259002;2019-12-27;"sexta-feira";"03:10:00";"PR";369;440,2;"UBIRATA";"Desobediência às normas de trânsito pelo condutor";"Colisão transversal";"Com Vítimas Feridas";"Plena Noite";"Crescente";"Céu Claro";"Simples";"Rotatória;Reta";"Não";2;0;0;1;1;0;1;2;-24,51361062;-52,92625487;"SPRF-PR";"DEL04-PR";"UOP03-DEL04-PR"
259003;2019-12-26;"quinta-feira";"17:00:00";"PI";135;631;"BOM JESUS";"Defeito na Via";"Capotamento";"Com Vítimas Feridas";"Pleno dia";"Decrescente";"Céu Claro";"Simples";"Curva";"Não";5;0;4;1;0;0;5;1;-9,13953855;-44,39649217;"SPRF-PI";"DEL03-PI";"UOP02-DEL03-PI"
259005;2019-12-26;"quinta-feira";"19:10:00";"ES";259;42;"COLATINA";"Falta de Atenção à Condução";"Queda de ocupante de veículo";"Com Vítimas Feridas";"Anoitecer";"Crescente";"Nublado";"Simples";"Reta";"Sim";2;0;1;0;0;1;1;2;-19,55373477;-40,55670881;"SPRF-ES";"DEL02-ES";"UOP01-DEL02-ES"
259006;2019-12-27;"sexta-feira";"03:00:00";"RS";290;130,8;"ELDORADO DO SUL";"Sinalização da via insuficiente ou inadequada";"Colisão com objeto estático";"Com Vítimas Feridas";"Plena Noite";"Decrescente";"Céu Claro";"Simples";"Em Obras;Reta";"Não";2;0;1;0;1;0;1;1;-30,058458;-51,510532;"SPRF-RS";"DEL02-RS";"UOP01-DEL02-RS"
259007;2019-12-26;"quinta-feira";"20:50:00";"BA";407;129;"SENHOR DO BONFIM";"Falta de Atenção à Condução";"Colisão transversal";"Sem Vítimas";"Plena Noite";"Crescente";"Céu Claro";"Simples";"Rotatória";"Sim";3;0;0;0;3;0;0;2;-10,4789315;-40,1681952;"SPRF-BA";"DEL04-BA";"UOP01-DEL04-BA"
259008;2019-12-27;"sexta-feira";"05:30:00";"RS";392;92;"PELOTAS";"Falta de Atenção à Condução";"Saída de leito carroçável";"Sem Vítimas";"Pleno dia";"Decrescente";"Céu Claro";"Simples";"Reta";"Não";1;0;0;0;1;0;0;1;-31,59202994;-52,53032793;"SPRF-RS";"DEL07-RS";"UOP01-DEL07-RS"
259009;2019-12-27;"sexta-feira";"05:30:00";"RJ";101;143;"MACAE";"Mal Súbito";"Colisão com objeto estático";"Com Vítimas Feridas";"Pleno dia";"Crescente";"Céu Claro";"Dupla";"Curva";"Não";2;0;1;0;1;0;1;2;-22,20562678;-41,75124739;"SPRF-RJ";"DEL02-RJ";"UOP04-DEL08-RJ"
259012;2019-12-27;"sexta-feira";"06:00:00";"MG";365;552;"ESTRELA DO SUL";"Ultrapassagem Indevida";"Saída de leito carroçável";"Com Vítimas Feridas";"Amanhecer";"Crescente";"Céu Claro";"Simples";"Interseção de Vias;Reta";"Não";1;0;1;0;0;0;1;1;-18,93028161;-47,70423897;"SPRF-MG";"DEL15-MG";"UOP02-DEL15-MG"
259014;2019-12-27;"sexta-feira";"06:30:00";"GO";40;19;"LUZIANIA";"Desobediência às normas de trânsito pelo condutor";"Colisão transversal";"Com Vítimas Feridas";"Pleno dia";"Crescente";"Nublado";"Dupla";"Reta";"Sim";2;0;0;1;0;1;1;2;-16,201556;-47,921314;"SPRF-DF";"DEL01-DF";"UOP01-DEL01-DF"
259016;2019-12-27;"sexta-feira";"06:25:00";"RJ";101;293;"ITABORAI";"Pista Escorregadia";"Queda de ocupante de veículo";"Com Vítimas Feridas";"Pleno dia";"Crescente";"Céu Claro";"Simples";"Curva";"Sim";2;0;1;0;1;0;1;2;-22,756203;-42,88724;"SPRF-RJ";"DEL02-RJ";"UOP03-DEL02-RJ"
259017;2019-12-27;"sexta-feira";"06:50:00";"RJ";101;293;"ITABORAI";"Pista Escorregadia";"Queda de ocupante de veículo";"Com Vítimas Feridas";"Pleno dia";"Crescente";"Nublado";"Dupla";"Curva";"Sim";2;0;2;0;0;0;2;1;-22,756203;-42,88724;"SPRF-RJ";"DEL02-RJ";"UOP03-DEL02-RJ"
259018;2019-12-27;"sexta-feira";"07:00:00";"DF";40;2;"BRASILIA";"Falta de Atenção à Condução";"Colisão traseira";"Com Vítimas Feridas";"Pleno dia";"Decrescente";"Céu Claro";"Dupla";"Reta";"Não";3;0;1;0;2;0;1;2;-15,99435;-47,985947;"SPRF-DF";"DEL01-DF";"UOP01-DEL01-DF"
259019;2019-12-27;"sexta-feira";"07:10:00";"GO";40;15,3;"LUZIANIA";"Desobediência às normas de trânsito pelo condutor";"Colisão traseira";"Com Vítimas Feridas";"Pleno dia";"Decrescente";"Céu Claro";"Dupla";"Reta";"Sim";2;0;1;0;0;1;1;2;-16,1671;-47,930161;"SPRF-DF";"DEL01-DF";"UOP01-DEL01-DF"
259020;2019-12-27;"sexta-feira";"07:25:00";"PR";476;140;"CURITIBA";"Falta de Atenção à Condução";"Colisão lateral";"Com Vítimas Feridas";"Pleno dia";"Crescente";"Chuva";"Dupla";"Reta";"Sim";2;0;2;0;0;0;2;2;-25,520693;-49,294121;"SPRF-PR";"DEL01-PR";"UOP03-DEL01-PR"
259022;2019-12-27;"sexta-feira";"07:50:00";"PA";316;25;"BENEVIDES";"Restrição de Visibilidade";"Colisão transversal";"Sem Vítimas";"Pleno dia";"Crescente";"Céu Claro";"Dupla";"Retorno Regulamentado";"Sim";3;0;0;0;2;1;0;3;-1,3252697;-48,232117;"SPRF-PA";"DEL01-PA";"UOP01-DEL01-PA"
259023;2019-12-27;"sexta-feira";"07:40:00";"SC";101;208,6;"SAO JOSE";"Falta de Atenção à Condução";"Tombamento";"Com Vítimas Feridas";"Pleno dia";"Decrescente";"Céu Claro";"Dupla";"Túnel";"Sim";1;0;1;0;0;0;1;1;-27,60327979;-48,63201818;"SPRF-SC";"DEL01-SC";"UOP01-DEL01-SC"
259024;2019-12-27;"sexta-feira";"02:40:00";"PR";277;717;"SANTA TEREZINHA DE ITAIPU";"Falta de Atenção à Condução";"Queda de ocupante de veículo";"Com Vítimas Feridas";"Plena Noite";"Crescente";"Céu Claro";"Dupla";"Declive";"Não";1;0;1;0;0;0;1;1;-25,47637493;-54,47651902;"SPRF-PR";"DEL05-PR";"UOP01-DEL05-PR"
259025;2019-12-27;"sexta-feira";"07:35:00";"RS";386;333,5;"MARQUES DE SOUZA";"Não guardar distância de segurança";"Tombamento";"Com Vítimas Feridas";"Pleno dia";"Crescente";"Céu Claro";"Simples";"Curva";"Não";3;0;2;0;1;0;2;2;-29,37506043;-52,05769122;"SPRF-RS";"DEL04-RS";"UOP01-DEL04-RS"
259026;2019-12-27;"sexta-feira";"08:00:00";"DF";60;9,9;"BRASILIA";"Falta de Atenção à Condução";"Queda de ocupante de veículo";"Com Vítimas Feridas";"Pleno dia";"Decrescente";"Céu Claro";"Dupla";"Declive";"Não";1;0;0;1;0;0;1;1;-15,906293;-48,139965;"SPRF-DF";"DEL01-DF";"UOP01-DEL03-DF"
259027;2019-12-27;"sexta-feira";"08:15:00";"SC";101;215,4;"PALHOCA";"Falta de Atenção à Condução";"Colisão lateral";"Com Vítimas Feridas";"Pleno dia";"Decrescente";"Céu Claro";"Múltipla";"Viaduto";"Sim";2;0;1;0;1;0;1;2;-27,65184843;-48,67604941;"SPRF-SC";"DEL01-SC";"UOP02-DEL01-SC"
259028;2019-12-27;"sexta-feira";"07:45:00";"PR";277;15;"PARANAGUA";"Falta de Atenção à Condução";"Colisão lateral";"Com Vítimas Feridas";"Pleno dia";"Decrescente";"Céu Claro";"Dupla";"Reta";"Não";2;0;1;0;1;0;1;2;-25,568198;-48,615292;"SPRF-PR";"DEL01-PR";"UOP05-DEL01-PR"
259029;2019-04-27;"sábado";"18:00:00";"MG";381;394,2;"BARAO DE COCAIS";"Não guardar distância de segurança";"Colisão traseira";"Com Vítimas Feridas";"Anoitecer";"Crescente";"Céu Claro";"Simples";"Reta";"Não";2;0;1;0;0;1;1;2;-19,75621517;-43,47246139;"SPRF-MG";"DEL01-MG";"UOP01-DEL01-MG"
259030;2019-12-27;"sexta-feira";"08:20:00";"CE";116;3;"FORTALEZA";"Não guardar distância de segurança";"Queda de ocupante de veículo";"Com Vítimas Feridas";"Pleno dia";"Decrescente";"Céu Claro";"Múltipla";"Reta";"Sim";1;0;0;1;0;0;1;1;-3,77866493;-38,51490171;"SPRF-CE";"DEL01-CE";"UOP02-DEL01-CE"
259032;2019-11-24;"domingo";"19:15:00";"GO";80;170,8;"VILA PROPICIO";"Animais na Pista";"Atropelamento de Animal";"Com Vítimas Feridas";"Plena Noite";"Decrescente";"Céu Claro";"Simples";"Reta";"Não";2;0;2;0;0;0;2;1;-15,208875;-48,697312;"SPRF-GO";"DEL07-GO";"UOP01-DEL07-GO"
259034;2019-12-27;"sexta-feira";"06:45:00";"RJ";116;169,9;"SAO JOAO DE MERITI";"Falta de Atenção à Condução";"Colisão lateral";"Com Vítimas Feridas";"Pleno dia";"Decrescente";"Nublado";"Múltipla";"Reta";"Sim";2;0;1;0;1;0;1;2;-22,78744607;-43,37637397;"SPRF-RJ";"DEL01-RJ";"UOP02-DEL01-RJ"
259036;2019-12-27;"sexta-feira";"07:30:00";"SP";381;35;"ATIBAIA";"Falta de Atenção à Condução";"Queda de ocupante de veículo";"Com Vítimas Feridas";"Amanhecer";"Crescente";"Céu Claro";"Dupla";"Reta";"Sim";1;0;1;0;0;0;1;1;-23,088586;-46,571798;"SPRF-SP";"DEL03-SP";"UOP01-DEL03-SP"
259037;2019-12-19;"quinta-feira";"17:30:00";"MS";463;2,7;"DOURADOS";"Falta de Atenção à Condução";"Colisão com objeto em movimento";"Com Vítimas Feridas";"Anoitecer";"Decrescente";"Céu Claro";"Simples";"Reta";"Sim";2;0;1;0;0;1;1;2;-22,2591541;-54,823354;"SPRF-MS";"DEL04-MS";"UOP01-DEL04-MS"
259038;2019-12-27;"sexta-feira";"08:30:00";"MG";116;703;"MURIAE";"Falta de Atenção à Condução";"Colisão transversal";"Com Vítimas Feridas";"Pleno dia";"Decrescente";"Sol";"Simples";"Interseção de Vias";"Sim";2;0;1;0;1;0;1;2;-21,12682309;-42,3832189;"SPRF-MG";"DEL07-MG";"UOP02-DEL07-MG"
259040;2019-12-27;"sexta-feira";"09:10:00";"MG";146;588,9;"BOTELHOS";"Não guardar distância de segurança";"Colisão traseira";"Sem Vítimas";"Pleno dia";"Crescente";"Céu Claro";"Simples";"Curva";"Não";5;0;0;0;5;0;0;2;-21,69711287;-46,42860889;"SPRF-MG";"DEL16-MG";"UOP01-DEL09-MG"
259041;2019-12-27;"sexta-feira";"09:15:00";"RS";386;158;"ALMIRANTE TAMANDARE DO SUL";"Desobediência às normas de trânsito pelo condutor";"Colisão transversal";"Com Vítimas Feridas";"Pleno dia";"Decrescente";"Céu Claro";"Simples";"Reta";"Não";3;0;2;0;1;0;2;2;-28,14167019;-52,84584761;"SPRF-RS";"DEL08-RS";"UOP01-DEL08-RS"
259042;2019-12-27;"sexta-feira";"09:00:00";"MG";381;783,8;"SAO GONCALO DO SAPUCAI";"Condutor Dormindo";"Saída de leito carroçável";"Com Vítimas Fatais";"Pleno dia";"Decrescente";"Céu Claro";"Dupla";"Reta";"Não";1;1;0;0;0;0;0;1;-21,86536321;-45,53455982;"SPRF-MG";"DEL16-MG";"UOP02-DEL16-MG"
259046;2019-12-27;"sexta-feira";"08:55:00";"PR";376;644;"TIJUCAS DO SUL";"Falta de Atenção à Condução";"Colisão traseira";"Sem Vítimas";"Pleno dia";"Crescente";"Céu Claro";"Dupla";"Reta";"Não";3;0;0;0;3;0;0;2;-25,81419584;-49,13167969;"SPRF-PR";"DEL01-PR";"UOP04-DEL01-PR"
259047;2019-12-27;"sexta-feira";"09:15:00";"CE";20;374,5;"CAUCAIA";"Falta de Atenção à Condução";"Tombamento";"Com Vítimas Feridas";"Pleno dia";"Crescente";"Céu Claro";"Simples";"Reta";"Não";1;0;0;1;0;0;1;1;-3,96120396;-38,88113804;"SPRF-CE";"DEL01-CE";"UOP01-DEL01-CE"
259048;2019-12-27;"sexta-feira";"09:45:00";"RS";101;7,2;"TORRES";"Falta de Atenção à Condução";"Saída de leito carroçável";"Com Vítimas Feridas";"Pleno dia";"Crescente";"Céu Claro";"Dupla";"Curva";"Sim";3;0;3;0;0;0;3;1;-29,35399189;-49,8004501;"SPRF-RS";"DEL03-RS";"UOP02-DEL03-RS"
259049;2019-12-27;"sexta-feira";"08:02:00";"RS";287;281,6;"SAO PEDRO DO SUL";"Falta de Atenção à Condução";"Colisão traseira";"Sem Vítimas";"Pleno dia";"Decrescente";"Sol";"Simples";"Interseção de Vias";"Sim";3;0;0;0;2;1;0;2;-29,637774;-54,179592;"SPRF-RS";"DEL09-RS";"UOP01-DEL09-RS"