"id";"data_inversa";"dia_semana";"horario";"uf";"br";"km";"municipio";"causa_acidente";"tipo_acidente";"classificacao_acidente";"fase_dia";"sentido_via";"condicao_metereologica";"tipo_pista";"tracado_via";"uso_solo";"pessoas";"mortos";"feridos_leves";"feridos_graves";"ilesos";"ignorados";"feridos";"veiculos";"latitude";"longitude";"regional";"delegacia";"uop"
259358;2019-12-28;"sábado";"19:20:00";"MG";365;12;"MONTES CLAROS";"Ingestão de Álcool";"Colisão lateral";"Com Vítimas Feridas";"Plena Noite";"Decrescente";"Céu Claro";"Simples";"Reta";"Não";2;0;0;1;1;0;1;2;-16,84685885;-43,96558127;"SPRF-MG";"DEL12-MG";"UOP01-DEL12-MG"
259359;2019-12-28;"sábado";"19:44:00";"PE";428;160;"PETROLINA";"Falta de Atenção do Pedestre";"Colisão lateral";"Com Vítimas Feridas";"Plena Noite";"Decrescente";"Céu Claro";"Simples";"Reta";"Não";4;0;1;0;3;0;1;4;-9,147232;-40,357009;"SPRF-PE";"DEL06-PE";"UOP01-DEL06-PE"
259360;2019-12-28;"sábado";"13:00:00";"BA";101;172;"FEIRA DE SANTANA";"Falta de Atenção à Condução";"Colisão transversal";"Com Vítimas Feridas";"Pleno dia";"Decrescente";"Céu Claro";"Simples";"Interseção de Vias";"Sim";2;0;1;0;1;0;1;2;-12,36632869;-38,86825562;"SPRF-BA";"DEL01-BA";"UOP03-DEL01-BA"
259361;2019-12-28;"sábado";"15:30:00";"RJ";101;423;"MANGARATIBA";"Desobediência às normas de trânsito pelo condutor";"Colisão transversal";"Com Vítimas Feridas";"Pleno dia";"Decrescente";"Céu Claro";"Simples";"Curva";"Não";2;0;0;1;0;1;1;2;-22,91293797;-43,89732384;"SPRF-RJ";"DEL03-RJ";"UOP01-DEL03-RJ"
259364;2019-12-28;"sábado";"20:30:00";"SP";101;50;"UBATUBA";"Ingestão de Álcool";"Colisão transversal";"Com Vítimas Feridas";"Plena Noite";"Crescente";"Céu Claro";"Simples";"Reta";"Sim";2;0;1;0;1;0;1;2;-23,45018939;-45,07743735;"SPRF-SP";"DEL06-SP";"UOP01-DEL06-SP"
259365;2019-12-28;"sábado";"19:30:00";"SC";101;139;"BALNEARIO CAMBORIU";"Não guardar distância de segurança";"Colisão lateral";"Com Vítimas Feridas";"Plena Noite";"Crescente";"Céu Claro";"Simples";"Curva";"Não";2;0;1;0;1;0;1;2;-27,02982303;-48,60115006;"SPRF-SC";"DEL04-SC";"UOP03-DEL04-SC"
259366;2019-12-28;"sábado";"20:19:00";"PR";376;189;"MARIALVA";"Falta de Atenção do Pedestre";"Colisão transversal";"Com Vítimas Feridas";"Plena Noite";"Crescente";"Céu Claro";"Dupla";"Reta";"Não";2;0;2;0;0;0;2;2;-23,46643501;-51,82808876;"SPRF-PR";"DEL07-PR";"UOP01-DEL09-PR"
259369;2019-12-28;"sábado";"20:07:00";"GO";70;11,7;"AGUAS LINDAS DE GOIAS";"Falta de Atenção à Condução";"Colisão traseira";"Com Vítimas Feridas";"Plena Noite";"Crescente";"Céu Claro";"Dupla";"Reta";"Sim";3;0;2;0;1;0;2;2;-15,73877614;-48,30124288;"SPRF-DF";"DEL01-DF";"UOP02-DEL03-DF"
259371;2019-12-28;"sábado";"20:45:00";"ES";101;204,7;"JOAO NEIVA";"Desobediência às normas de trânsito pelo condutor";"Colisão transversal";"Com Vítimas Feridas";"Plena Noite";"Decrescente";"Céu Claro";"Múltipla";"Interseção de Vias";"Sim";2;0;0;1;0;1;1;2;-19,74948916;-40,37922678;"SPRF-ES";"DEL02-ES";"UOP01-DEL02-ES"
259372;2019-12-28;"sábado";"21:05:00";"ES";101;287;"CARIACICA";"Falta de Atenção à Condução";"Colisão lateral";"Com Vítimas Feridas";"Plena Noite";"Decrescente";"Céu Claro";"Dupla";"Reta";"Não";3;0;0;1;2;0;1;2;-20,26493528;-40,38471702;"SPRF-ES";"DEL01-ES";"UOP01-DEL01-ES"
259374;2019-12-28;"sábado";"18:30:00";"MT";70;284,8;"PRIMAVERA DO LESTE";"Falta de Atenção à Condução";"Colisão traseira";"Com Vítimas Feridas";"Plena Noite";"Decrescente";"Céu Claro";"Simples";"Reta";"Não";3;0;2;0;0;1;2;3;-15,57431875;-54,33110702;"SPRF-MT";"DEL05-MT";"UOP01-DEL05-MT"
259375;2019-12-28;"sábado";"21:00:00";"MG";262;357;"BETIM";"Ingestão de Álcool";"Tombamento";"Com Vítimas Feridas";"Plena Noite";"Decrescente";"Céu Claro";"Dupla";"Reta";"Sim";1;0;1;0;0;0;1;1;-19,97470835;-44,18804897;"SPRF-MG";"DEL01-MG";"UOP03-DEL01-MG"
259376;2019-12-28;"sábado";"19:30:00";"SC";282;256;"SAO JOSE DO CERRITO";"Falta de Atenção do Pedestre";"Atropelamento de Pedestre";"Com Vítimas Feridas";"Plena Noite";"Crescente";"Céu Claro";"Simples";"Curva";"Não";2;0;1;0;1;0;1;2;-27,67211;-50,581013;"SPRF-SC";"DEL05-SC";"UOP02-DEL05-SC"
259377;2019-12-28;"sábado";"20:00:00";"GO";158;272;"JATAI";"Ingestão de Álcool";"Colisão traseira";"Sem Vítimas";"Plena Noite";"Decrescente";"Céu Claro";"Simples";"Reta";"Sim";1;0;0;0;1;0;0;1;-17,88152404;-51,73316687;"SPRF-GO";"DEL05-GO";"UOP01-DEL05-GO"
259378;2019-12-28;"sábado";"15:00:00";"MA";10;255;"IMPERATRIZ";"Falta de Atenção à Condução";"Colisão traseira";"Com Vítimas Feridas";"Pleno dia";"Crescente";"Céu Claro";"Simples";"Reta";"Sim";2;0;1;0;1;0;1;2;-5,508798;-47,471718;"SPRF-MA";"DEL04-MA";"UOP01-DEL04-MA"
259382;2019-12-28;"sábado";"18:45:00";"PR";277;4,3;"FOZ DO IGUACU";"Falta de Atenção à Condução";"Colisão transversal";"Com Vítimas Feridas";"Pleno dia";"Decrescente";"Céu Claro";"Dupla";"Interseção de Vias";"Sim";2;0;2;0;0;0;2;2;-25,4689816;-54,58494937;"SPRF-PR";"DEL05-PR";"UOP03-DEL05-PR"
259383;2019-12-28;"sábado";"18:30:00";"CE";222;312;"TIANGUA";"Falta de Atenção à Condução";"Colisão transversal";"Com Vítimas Feridas";"Plena Noite";"Crescente";"Céu Claro";"Simples";"Reta";"Não";2;0;0;1;1;0;1;2;-3,71699311;-40,9914242;"SPRF-CE";"DEL04-CE";"UOP02-DEL04-CE"
259385;2019-12-28;"sábado";"21:15:00";"MG";40;526;"CONTAGEM";"Ingestão de Substâncias Psicoativas";"Atropelamento de Pedestre";"Com Vítimas Feridas";"Plena Noite";"Crescente";"Nublado";"Dupla";"Reta";"Sim";2;0;0;2;0;0;2;2;-19,89255399;-44,04985478;"SPRF-MG";"DEL01-MG";"UOP02-DEL01-MG"
259387;2019-12-28;"sábado";"20:00:00";"MG";50;75,8;"UBERLANDIA";"Defeito na Via";"Saída de leito carroçável";"Com Vítimas Feridas";"Plena Noite";"Decrescente";"Nublado";"Dupla";"Reta";"Não";1;0;0;1;0;0;1;1;-18,986906;-48,211853;"SPRF-MG";"DEL15-MG";"UOP01-DEL15-MG"
259388;2019-12-28;"sábado";"17:06:00";"MG";381;840;"SAO SEBASTIAO DA BELA VISTA";"Defeito Mecânico no Veículo";"Colisão com objeto estático";"Com Vítimas Feridas";"Pleno dia";"Crescente";"Céu Claro";"Dupla";"Reta";"Não";5;0;4;0;1;0;4;1;-22,20222397;-45,86078203;"SPRF-MG";"DEL16-MG";"UOP01-DEL16-MG"
259389;2019-12-28;"sábado";"20:08:00";"SP";101;50,5;"UBATUBA";"Ultrapassagem Indevida";"Colisão transversal";"Com Vítimas Feridas";"Plena Noite";"Crescente";"Céu Claro";"Simples";"Reta";"Sim";2;0;1;0;1;0;1;2;-23,45018939;-45,07743735;"SPRF-SP";"DEL06-SP";"UOP01-DEL06-SP"
259390;2019-12-28;"sábado";"21:00:00";"MG";40;507;"RIBEIRAO DAS NEVES";"Velocidade Incompatível";"Capotamento";"Com Vítimas Feridas";"Plena Noite";"Crescente";"Céu Claro";"Dupla";"Interseção de Vias";"Sim";1;0;0;1;0;0;1;1;-19,75431705;-44,14152606;"SPRF-MG";"DEL02-MG";"UOP01-DEL02-MG"
259391;2019-12-28;"sábado";"22:10:00";"MG";452;127,9;"UBERLANDIA";"Sinalização da via insuficiente ou inadequada";"Colisão com objeto estático";"Com Vítimas Fatais";"Plena Noite";"Crescente";"Céu Claro";"Dupla";"Curva";"Sim";1;1;0;0;0;0;0;1;-18,89540533;-48,27165127;"SPRF-MG";"DEL15-MG";"UOP01-DEL15-MG"
259392;2019-12-28;"sábado";"17:50:00";"RS";468;130,2;"TIRADENTES DO SUL";"Falta de Atenção à Condução";"Saída de leito carroçável";"Com Vítimas Feridas";"Pleno dia";"Decrescente";"Céu Claro";"Simples";"Curva";"Não";3;0;2;1;0;0;3;1;-27,3810278;-54,09788132;"SPRF-RS";"DEL08-RS";"UOP02-DEL08-RS"
259394;2019-12-28;"sábado";"21:40:00";"BA";324;513;"FEIRA DE SANTANA";"Desobediência às normas de trânsito pelo condutor";"Colisão transversal";"Com Vítimas Feridas";"Plena Noite";"Crescente";"Céu Claro";"Dupla";"Reta";"Sim";3;0;3;0;0;0;3;2;-12,23098007;-38,96101401;"SPRF-BA";"DEL02-BA";"UOP01-DEL02-BA"
259395;2019-12-28;"sábado";"19:40:00";"CE";222;8;"CAUCAIA";"Animais na Pista";"Saída de leito carroçável";"Com Vítimas Feridas";"Plena Noite";"Decrescente";"Nublado";"Dupla";"Reta";"Sim";1;0;1;0;0;0;1;1;-3,75363558;-38,63803121;"SPRF-CE";"DEL01-CE";"UOP01-DEL01-CE"
259396;2019-12-28;"sábado";"21:50:00";"SC";101;374,9;"ICARA";"Ingestão de Álcool";"Colisão traseira";"Com Vítimas Feridas";"Plena Noite";"Crescente";"Céu Claro";"Dupla";"Reta";"Não";2;0;1;0;1;0;1;2;-28,71534412;-49,22723198;"SPRF-SC";"DEL02-SC";"UOP01-DEL02-SC"
259398;2019-12-28;"sábado";"22:15:00";"RS";290;131,6;"ELDORADO DO SUL";"Animais na Pista";"Atropelamento de Animal";"Com Vítimas Feridas";"Plena Noite";"Crescente";"Céu Claro";"Simples";"Reta";"Não";2;0;1;0;1;0;1;1;-30,060116;-51,520683;"SPRF-RS";"DEL02-RS";"UOP01-DEL02-RS"
259400;2019-12-28;"sábado";"22:35:00";"PR";277;660,7;"MATELANDIA";"Objeto estático sobre o leito carroçável";"Colisão com objeto estático";"Com Vítimas Feridas";"Plena Noite";"Decrescente";"Nublado";"Dupla";"Reta";"Não";2;0;2;0;0;0;2;2;-25,25136237;-53,99027796;"SPRF-PR";"DEL05-PR";"UOP02-DEL05-PR"
259403;2019-12-28;"sábado";"20:30:00";"RS";293;252,2;"DOM PEDRITO";"Desobediência às normas de trânsito pelo condutor";"Colisão frontal";"Com Vítimas Feridas";"Anoitecer";"Crescente";"Nublado";"Simples";"Reta";"Sim";3;0;2;1;0;0;3;2;-30,95997654;-54,6785778;"SPRF-RS";"DEL11-RS";"UOP01-DEL11-RS"
259404;2019-12-28;"sábado";"20:05:00";"RJ";0;0;"PETROPOLIS";"Desobediência às normas de trânsito pelo condutor";"Colisão traseira";"Com Vítimas Feridas";"Plena Noite";"Não Informado";"Céu Claro";"Dupla";"Reta";"Sim";5;0;1;0;4;0;1;2;-22,50976613;-43,19747156;"SPRF-RJ";"DEL06-RJ";"UOP01-DEL06-RJ"
259405;2019-12-28;"sábado";"23:15:00";"SC";101;134;"BALNEARIO CAMBORIU";"Não guardar distância de segurança";"Colisão traseira";"Com Vítimas Feridas";"Plena Noite";"Crescente";"Céu Claro";"Dupla";"Reta";"Sim";3;0;2;0;1;0;2;2;-27,00218;-48,636433;"SPRF-SC";"DEL04-SC";"UOP03-DEL04-SC"
259407;2019-12-28;"sábado";"16:30:00";"MG";365;605,3;"UBERLANDIA";"Falta de Atenção à Condução";"Colisão traseira";"Com Vítimas Feridas";"Pleno dia";"Decrescente";"Sol";"Dupla";"Reta";"Não";2;0;1;1;0;0;2;2;-18,9121328;-48,17298889;"SPRF-MG";"DEL15-MG";"UOP01-DEL15-MG"
259408;2019-12-29;"domingo";"00:25:00";"PR";369;184,6;"ARAPONGAS";"Ingestão de Álcool";"Colisão com objeto estático";"Com Vítimas Feridas";"Plena Noite";"Crescente";"Céu Claro";"Dupla";"Curva";"Sim";1;0;0;1;0;0;1;1;-23,4053895;-51,4285114;"SPRF-PR";"DEL07-PR";"UOP03-DEL07-PR"
259412;2019-12-29;"domingo";"00:30:00";"PR";277;120,7;"CAMPO LARGO";"Ingestão de Álcool";"Saída de leito carroçável";"Sem Vítimas";"Plena Noite";"Decrescente";"Céu Claro";"Dupla";"Reta";"Sim";1;0;0;0;1;0;0;1;-25,43999832;-49,55471814;"SPRF-PR";"DEL01-PR";"UOP06-DEL01-PR"
259413;2019-12-29;"domingo";"01:15:00";"CE";20;423;"MARACANAU";"Objeto estático sobre o leito carroçável";"Colisão com objeto estático";"Com Vítimas Feridas";"Plena Noite";"Decrescente";"Céu Claro";"Dupla";"Reta";"Não";2;0;0;2;0;0;2;1;-3,85945901;-38,54553223;"SPRF-CE";"DEL01-CE";"UOP02-DEL01-CE"
259414;2019-12-29;"domingo";"00:40:00";"RS";290;475,2;"ROSARIO DO SUL";"Ingestão de Álcool";"Colisão traseira";"Sem Vítimas";"Plena Noite";"Decrescente";"Nublado";"Simples";"Reta";"Não";2;0;0;0;1;1;0;2;-30,239809;-54,86842;"SPRF-RS";"DEL11-RS";"UOP02-DEL11-RS"
259415;2019-12-29;"domingo";"01:10:00";"MG";153;90;"PRATA";"Condutor Dormindo";"Saída de leito carroçável";"Com Vítimas Feridas";"Plena Noite";"Crescente";"Vento";"Simples";"Reta;Declive";"Não";4;0;3;0;1;0;3;1;-19,14365301;-48,96387005;"SPRF-MG";"DEL15-MG";"UOP03-DEL15-MG"
259416;2019-12-29;"domingo";"01:35:00";"RJ";116;167;"SAO JOAO DE MERITI";"Falta de Atenção à Condução";"Colisão traseira";"Com Vítimas Feridas";"Plena Noite";"Crescente";"Céu Claro";"Múltipla";"Reta";"Sim";2;0;1;0;1;0;1;2;-22,8033664;-43,34751651;"SPRF-RJ";"DEL01-RJ";"UOP02-DEL01-RJ"
259417;2019-12-29;"domingo";"02:00:00";"RJ";116;183,4;"NOVA IGUACU";"Ingestão de Álcool";"Atropelamento de Pedestre";"Com Vítimas Feridas";"Plena Noite";"Crescente";"Céu Claro";"Dupla";"Reta";"Sim";2;0;1;0;0;1;1;2;-22,7516014;-43,43849831;"SPRF-RJ";"DEL01-RJ";"UOP02-DEL01-RJ"
259418;2019-12-29;"domingo";"02:30:00";"RS";290;48,5;"GLORINHA";"Condutor Dormindo";"Saída de leito carroçável";"Com Vítimas Feridas";"Plena Noite";"Decrescente";"Céu Claro";"Dupla";"Reta";"Não";1;0;1;0;0;0;1;1;-29,8986;-50,739178;"SPRF-RS";"DEL03-RS";"UOP01-DEL03-RS"
259419;2019-12-28;"sábado";"23:35:00";"MG";116;455;"ENGENHEIRO CALDAS";"Desobediência às normas de trânsito pelo condutor";"Capotamento";"Com Vítimas Feridas";"Plena Noite";"Decrescente";"Nublado";"Simples";"Curva";"Não";1;0;1;0;0;0;1;1;-19,192935;-42,043011;"SPRF-MG";"DEL06-MG";"UOP02-DEL06-MG"
259421;2019-12-29;"domingo";"03:30:00";"SC";470;79;"RODEIO";"Desobediência às normas de trânsito pelo condutor";"Colisão frontal";"Com Vítimas Feridas";"Plena Noite";"Decrescente";"Nublado";"Simples";"Reta";"Não";5;0;5;0;0;0;5;2;-26,951565;-49,306534;"SPRF-SC";"DEL04-SC";"UOP01-DEL04-SC"
259422;2019-12-29;"domingo";"00:05:00";"MG";116;501,7;"INHAPIM";"Ingestão de Álcool";"Colisão frontal";"Com Vítimas Feridas";"Plena Noite";"Crescente";"Nublado";"Simples";"Reta";"Não";3;0;2;1;0;0;3;2;-19,563541;-42,122367;"SPRF-MG";"DEL06-MG";"UOP02-DEL06-MG"
259423;2019-12-28;"sábado";"19:20:00";"BA";367;29;"PORTO SEGURO";"Desobediência às normas de trânsito pelo condutor";"Colisão lateral";"Com Vítimas Feridas";"Plena Noite";"Crescente";"Céu Claro";"Simples";"Curva";"Não";2;0;0;1;1;0;1;2;-16,41635076;-39,11793376;"SPRF-BA";"DEL09-BA";"UOP01-DEL09-BA"
259424;2019-12-29;"domingo";"03:30:00";"MG";365;625,3;"UBERLANDIA";"Ingestão de Álcool";"Colisão traseira";"Sem Vítimas";"Plena Noite";"Decrescente";"Céu Claro";"Dupla";"Interseção de Vias";"Sim";2;0;0;0;2;0;0;2;-18,90585472;-48,32526001;"SPRF-MG";"DEL15-MG";"UOP01-DEL15-MG"
259427;2019-12-29;"domingo";"03:15:00";"MS";163;249;"DOURADOS";"Avarias e/ou desgaste excessivo no pneu";"Saída de leito carroçável";"Com Vítimas Feridas";"Plena Noite";"Decrescente";"Céu Claro";"Simples";"Reta";"Não";1;0;1;0;0;0;1;1;-22,31490301;-54,8198581;"SPRF-MS";"DEL04-MS";"UOP01-DEL04-MS"
259429;2019-12-29;"domingo";"03:25:00";"RS";468;1,4;"PALMEIRA DAS MISSOES";"Ingestão de álcool e/ou substâncias psicoativas pelo pedestre";"Saída de leito carroçável";"Com Vítimas Feridas";"Plena Noite";"Crescente";"Céu Claro";"Simples";"Reta";"Não";3;0;2;0;0;1;2;2;-27,86751659;-53,31497974;"SPRF-RS";"DEL08-RS";"UOP01-DEL08-RS"
259430;2019-12-29;"domingo";"04:00:00";"SP";116;104;"TAUBATE";"Não guardar distância de segurança";"Colisão com objeto estático";"Com Vítimas Fatais";"Amanhecer";"Decrescente";"Céu Claro";"Dupla";"Reta";"Não";3;2;0;0;1;0;0;2;-23,00340176;-45,50626912;"SPRF-SP";"DEL06-SP";"UOP01-DEL06-SP"
259431;2019-12-29;"domingo";"05:01:00";"SC";470;63;"INDAIAL";"Ingestão de Álcool";"Colisão transversal";"Sem Vítimas";"Plena Noite";"Decrescente";"Céu Claro";"Simples";"Reta";"Não";2;0;0;0;2;0;0;2;-26,872396;-49,19228;"SPRF-SC";"DEL04-SC";"UOP01-DEL04-SC"
259434;2019-12-29;"domingo";"02:45:00";"RJ";40;124,2;"RIO DE JANEIRO";"Condutor Dormindo";"Saída de leito carroçável";"Com Vítimas Fatais";"Plena Noite";"Crescente";"Nublado";"Dupla";"Reta";"Sim";1;1;0;0;0;0;0;1;-22,807953;-43,289124;"SPRF-RJ";"DEL01-RJ";"UOP01-DEL01-RJ"
259435;2019-12-29;"domingo";"05:45:00";"MG";262;837;"UBERABA";"Defeito Mecânico no Veículo";"Saída de leito carroçável";"Com Vítimas Feridas";"Amanhecer";"Crescente";"Céu Claro";"Simples";"Reta";"Não";1;0;1;0;0;0;1;1;-19,75218091;-48,23839106;"SPRF-MG";"DEL13-MG";"UOP01-DEL13-MG"
259436;2019-12-29;"domingo";"06:15:00";"PR";376;87;"PARANAVAI";"Fenômenos da Natureza";"Tombamento";"Com Vítimas Feridas";"Pleno dia";"Decrescente";"Céu Claro";"Simples";"Reta";"Sim";1;0;1;0;0;0;1;1;-22,99143896;-52,59371897;"SPRF-PR";"DEL07-PR";"UOP02-DEL09-PR"
259437;2019-12-29;"domingo";"06:10:00";"BA";116;791;"PLANALTO";"Desobediência às normas de trânsito pelo condutor";"Colisão frontal";"Com Vítimas Feridas";"Pleno dia";"Crescente";"Céu Claro";"Simples";"Declive";"Não";2;0;1;0;1;0;1;2;-14,68084044;-40,5238199;"SPRF-BA";"DEL08-BA";"UOP02-DEL08-BA"
259438;2019-12-29;"domingo";"00:05:00";"SC";101;120,1;"ITAJAI";"Falta de Atenção à Condução";"Saída de leito carroçável";"Sem Vítimas";"Plena Noite";"Decrescente";"Nublado";"Dupla";"Reta";"Sim";1;0;0;0;0;1;0;1;-26,91267564;-48,7118125;"SPRF-SC";"DEL04-SC";"UOP04-DEL04-SC"
259439;2019-12-29;"domingo";"06:45:00";"RJ";101;312;"SAO GONCALO";"Ultrapassagem Indevida";"Saída de leito carroçável";"Com Vítimas Fatais";"Pleno dia";"Crescente";"Sol";"Dupla";"Reta";"Sim";4;1;1;0;2;0;1;1;-22,80546555;-43,06156967;"SPRF-RJ";"DEL02-RJ";"UOP02-DEL02-RJ"
259440;2019-12-29;"domingo";"06:10:00";"DF";40;6;"BRASILIA";"Falta de Atenção à Condução";"Colisão traseira";"Com Vítimas Feridas";"Pleno dia";"Crescente";"Céu Claro";"Dupla";"Reta";"Sim";6;0;2;0;3;1;2;2;-16,029741;-47,978867;"SPRF-DF";"DEL01-DF";"UOP01-DEL01-DF"
259441;2019-12-29;"domingo";"06:05:00";"GO";60;27;"ALEXANIA";"Falta de Atenção à Condução";"Capotamento";"Com Vítimas Feridas";"Pleno dia";"Crescente";"Céu Claro";"Dupla";"Declive";"Não";1;0;1;0;0;0;1;1;-16,0963;-48,5202;"SPRF-DF";"DEL01-DF";"UOP01-DEL03-DF"
259442;2019-12-29;"domingo";"04:00:00";"MS";163;254;"DOURADOS";"Agressão Externa";"Saída de leito carroçável";"Com Vítimas Feridas";"Plena Noite";"Crescente";"Céu Claro";"Dupla";"Rotatória";"Não";1;0;1;0;0;0;1;1;-22,27184267;-54,81657129;"SPRF-MS";"DEL04-MS";"UOP01-DEL04-MS"
259444;2019-12-29;"domingo";"07:10:00";"SC";101;4,8;"GARUVA";"Falta de Atenção à Condução";"Saída de leito carroçável";"Com Vítimas Feridas";"Pleno dia";"Crescente";"Céu Claro";"Dupla";"Reta";"Não";5;0;4;0;1;0;4;1;-26,00908719;-48,86448735;"SPRF-SC";"DEL03-SC";"UOP01-DEL03-SC"
259446;2019-12-29;"domingo";"07:00:00";"SP";116;220;"GUARULHOS";"Velocidade Incompatível";"Colisão com objeto estático";"Com Vítimas Feridas";"Pleno dia";"Crescente";"Céu Claro";"Múltipla";"Reta";"Sim";1;0;1;0;0;0;1;1;-23,46472809;-46,49793962;"SPRF-SP";"DEL01-SP";"UOP01-DEL01-SP"
259447;2019-12-28;"sábado";"21:30:00";"SP";381;31;"ATIBAIA";"Velocidade Incompatível";"Colisão frontal";"Sem Vítimas";"Plena Noite";"Decrescente";"Nublado";"Dupla";"Reta";"Sim";1;0;0;0;0;1;0;1;-23,0559669;-46,57063716;"SPRF-SP";"DEL03-SP";"UOP01-DEL03-SP"
259448;2019-12-29;"domingo";"07:10:00";"ES";101;301,8;"VIANA";"Defeito Mecânico no Veículo";"Tombamento";"Com Vítimas Feridas";"Pleno dia";"Decrescente";"Sol";"Dupla";"Reta";"Sim";2;0;2;0;0;0;2;1;-20,36278187;-40,4401343;"SPRF-ES";"DEL01-ES";"UOP01-DEL01-ES"
259449;2019-12-29;"domingo";"06:35:00";"MG";153;10;"ARAPORA";"Falta de Atenção à Condução";"Saída de leito carroçável";"Com Vítimas Feridas";"Amanhecer";"Decrescente";"Sol";"Dupla";"Reta";"Não";2;0;2;0;0;0;2;1;-18,50602699;-49,18897335;"SPRF-MG";"DEL15-MG";"UOP03-DEL15-MG"
259450;2019-12-29;"domingo";"07:30:00";"MG";365;634;"UBERLANDIA";"Defeito na Via";"Queda de ocupante de veículo";"Com Vítimas Feridas";"Amanhecer";"Crescente";"Céu Claro";"Múltipla";"Reta";"Sim";2;0;1;0;1;0;1;1;-18,89398203;-48,409205;"SPRF-MG";"DEL15-MG";"UOP01-DEL15-MG"
259451;2019-12-29;"domingo";"05:50:00";"RR";174;506;"BOA VISTA";"Falta de Atenção à Condução";"Colisão transversal";"Com Vítimas Feridas";"Amanhecer";"Crescente";"Céu Claro";"Dupla";"Reta";"Sim";6;0;2;0;4;0;2;2;2,81986889;-60,69450617;"SPRF-RR";"DEL01-RR";"UOP01-DEL01-RR"
259452;2019-12-29;"domingo";"07:40:00";"RN";101;103,5;"PARNAMIRIM";"Falta de Atenção à Condução";"Colisão traseira";"Com Vítimas Feridas";"Pleno dia";"Decrescente";"Céu Claro";"Dupla";"Reta";"Sim";3;0;2;0;1;0;2;2;-5,89034022;-35,24894996;"SPRF-RN";"DEL01-RN";"UOP01-DEL01-RN"
259453;2019-12-29;"domingo";"04:00:00";"SP";116;104;"TAUBATE";"Objeto estático sobre o leito carroçável";"Colisão com objeto em movimento";"Sem Vítimas";"Plena Noite";"Decrescente";"Céu Claro";"Dupla";"Reta";"Sim";1;0;0;0;1;0;0;1;-23,00340176;-45,50626912;"SPRF-SP";"DEL06-SP";"UOP01-DEL06-SP"
259454;2019-12-29;"domingo";"04:30:00";"PE";232;46,2;"VITORIA DE SANTO ANTAO";"Animais na Pista";"Atropelamento de Animal";"Com Vítimas Fatais";"Amanhecer";"Decrescente";"Céu Claro";"Dupla";"Reta";"Sim";4;1;1;0;2;0;1;2;-8,128181;-35,281677;"SPRF-PE";"DEL01-PE";"UOP02-DEL02PE"
259455;2019-12-29;"domingo";"07:00:00";"TO";153;140;"ARAGUAINA";"Falta de Atenção à Condução";"Colisão com objeto estático";"Com Vítimas Feridas";"Amanhecer";"Decrescente";"Nublado";"Dupla";"Reta";"Sim";2;0;1;0;1;0;1;1;-7,169616;-48,21328;"SPRF-TO";"DEL02-TO";"UOP01-DEL02-TO"
259456;2019-12-29;"domingo";"07:55:00";"RS";116;264;"CANOAS";"Falta de Atenção à Condução";"Tombamento";"Com Vítimas Feridas";"Pleno dia";"Crescente";"Céu Claro";"Dupla";"Reta";"Sim";1;0;1;0;0;0;1;1;-29,914435;-51,17754495;"SPRF-RS";"DEL01-RS";"UOP01-DEL01-RS"
259457;2019-12-29;"domingo";"07:20:00";"PR";277;118;"CAMPO LARGO";"Desobediência às normas de trânsito pelo condutor";"Colisão transversal";"Com Vítimas Feridas";"Pleno dia";"Decrescente";"Sol";"Dupla";"Interseção de Vias";"Sim";2;0;1;0;1;0;1;2;-25,46289022;-49,58651673;"SPRF-PR";"DEL01-PR";"UOP06-DEL01-PR"
259458;2019-12-29;"domingo";"06:00:00";"AM";174;949;"MANAUS";"Restrição de Visibilidade";"Atropelamento de Pedestre";"Com Vítimas Fatais";"Pleno dia";"Decrescente";"Céu Claro";"Simples";"Aclive";"Não";2;1;0;0;1;0;0;2;-2,40805199;-60,03384194;"SPRF-AM";"DEL01-AM";"UOP01-DEL01-AM"
259459;2019-12-29;"domingo";"06:00:00";"PR";369;28;"CAMBARA";"Mal Súbito";"Queda de ocupante de veículo";"Sem Vítimas";"Pleno dia";"Crescente";"Céu Claro";"Simples";"Reta";"Sim";1;0;0;0;1;0;0;1;-23,03529107;-50,15295267;"SPRF-PR";"DEL07-PR";"UOP05-DEL07-PR"
259460;2019-12-29;"domingo";"06:40:00";"RJ";101;575;"PARATY";"Condutor Dormindo";"Capotamento";"Com Vítimas Feridas";"Pleno dia";"Crescente";"Céu Claro";"Simples";"Reta";"Não";6;0;1;0;5;0;1;1;-23,21978585;-44,73466957;"SPRF-RJ";"DEL03-RJ";"UOP04-DEL03-RJ"
259461;2019-12-29;"domingo";"08:29:00";"PE";232;17,9;"JABOATAO DOS GUARARAPES";"Falta de Atenção à Condução";"Saída de leito carroçável";"Sem Vítimas";"Pleno dia";"Crescente";"Ignorado";"Dupla";"Curva";"Não";1;0;0;0;0;1;0;1;-8,09565202;-35,04581599;"SPRF-PE";"DEL01-PE";"UOP01-DEL01-PE"
259462;2019-12-29;"domingo";"06:15:00";"RJ";116;5,8;"SAPUCAIA";"Velocidade Incompatível";"Saída de leito carroçável";"Com Vítimas Feridas";"Pleno dia";"Crescente";"Garoa/Chuvisco";"Simples";"Curva";"Não";4;0;1;0;3;0;1;1;-21,90116146;-42,68896163;"SPRF-RJ";"DEL04-RJ";"UOP01-DEL04-RJ"