"id";"data_inversa";"dia_semana";"horario";"uf";"br";"km";"municipio";"causa_acidente";"tipo_acidente";"classificacao_acidente";"fase_dia";"sentido_via";"condicao_metereologica";"tipo_pista";"tracado_via";"uso_solo";"pessoas";"mortos";"feridos_leves";"feridos_graves";"ilesos";"ignorados";"feridos";"veiculos";"latitude";"longitude";"regional";"delegacia";"uop"
259463;2019-12-29;"domingo";"08:30:00";"SP";116;154;"SAO JOSE DOS CAMPOS";"Defeito Mecânico no Veículo";"Queda de ocupante de veículo";"Com Vítimas Feridas";"Pleno dia";"Decrescente";"Céu Claro";"Dupla";"Reta";"Sim";2;0;1;0;1;0;1;1;-23,23903999;-45,92061901;"SPRF-SP";"DEL02-SP";"UOP01-DEL02-SP"
259464;2019-12-29;"domingo";"08:50:00";"RJ";40;75;"PETROPOLIS";"Velocidade Incompatível";"Queda de ocupante de veículo";"Com Vítimas Feridas";"Pleno dia";"Decrescente";"Nublado";"Simples";"Declive;Curva";"Não";1;0;1;0;0;0;1;1;-22,46857126;-43,22958698;"SPRF-RJ";"DEL06-RJ";"UOP01-DEL06-RJ"
259466;2019-12-29;"domingo";"05:20:00";"MG";262;35;"MANHUACU";"Ingestão de Álcool";"Colisão traseira";"Sem Vítimas";"Amanhecer";"Decrescente";"Céu Claro";"Simples";"Reta";"Sim";2;0;0;0;2;0;0;2;-20,2592562;-42,01698194;"SPRF-MG";"DEL06-MG";"UOP03-DEL06-MG"
259468;2019-12-29;"domingo";"10:10:00";"RN";101;73;"EXTREMOZ";"Falta de Atenção à Condução";"Colisão transversal";"Com Vítimas Feridas";"Pleno dia";"Crescente";"Céu Claro";"Simples";"Reta";"Sim";2;0;1;0;1;0;1;2;-5,70687202;-35,26688397;"SPRF-RN";"DEL02-RN";"UOP01-DEL02-RN"
259469;2019-12-29;"domingo";"08:00:00";"PI";343;613;"FLORIANO";"Ingestão de Álcool";"Saída de leito carroçável";"Com Vítimas Feridas";"Pleno dia";"Decrescente";"Céu Claro";"Simples";"Reta";"Não";1;0;0;1;0;0;1;1;-6,907741;-43,158146;"SPRF-PI";"DEL03-PI";"UOP01-DEL03-PI"
259470;2019-12-29;"domingo";"10:00:00";"PR";277;114,9;"CAMPO LARGO";"Desobediência às normas de trânsito pelo condutor";"Colisão frontal";"Com Vítimas Feridas";"Pleno dia";"Decrescente";"Sol";"Simples";"Reta";"Sim";2;0;1;0;1;0;1;2;-25,42766575;-49,38724005;"SPRF-PR";"DEL01-PR";"UOP06-DEL01-PR"
259471;2019-12-29;"domingo";"09:30:00";"MG";381;751,4;"TRES CORACOES";"Defeito Mecânico no Veículo";"Danos eventuais";"Com Vítimas Feridas";"Pleno dia";"Decrescente";"Sol";"Dupla";"Curva";"Não";4;0;0;2;1;1;2;3;-21,64924109;-45,29952516;"SPRF-MG";"DEL16-MG";"UOP02-DEL16-MG"
259474;2019-12-29;"domingo";"09:55:00";"PR";277;472,9;"NOVA LARANJEIRAS";"Falta de Atenção à Condução";"Saída de leito carroçável";"Com Vítimas Feridas";"Pleno dia";"Crescente";"Céu Claro";"Simples";"Curva";"Não";3;0;3;0;0;0;3;1;-25,31924705;-52,52279904;"SPRF-PR";"DEL04-PR";"UOP02-DEL04-PR"
259475;2019-12-29;"domingo";"09:57:00";"ES";262;5,7;"CARIACICA";"Condutor Dormindo";"Colisão lateral";"Com Vítimas Feridas";"Pleno dia";"Crescente";"Céu Claro";"Dupla";"Retorno Regulamentado";"Sim";3;0;1;0;2;0;1;3;-20,33707281;-40,38649924;"SPRF-ES";"DEL01-ES";"UOP01-DEL01-ES"
259476;2019-12-29;"domingo";"09:30:00";"MG";40;367,3;"FELIXLANDIA";"Defeito Mecânico no Veículo";"Saída de leito carroçável";"Com Vítimas Feridas";"Pleno dia";"Crescente";"Céu Claro";"Simples";"Reta;Declive";"Não";2;0;1;0;1;0;1;1;-18,79119108;-44,80322417;"SPRF-MG";"DEL02-MG";"UOP01-DEL02-MG"
259477;2019-12-29;"domingo";"09:40:00";"RS";386;279,5;"SAO JOSE DO HERVAL";"Velocidade Incompatível";"Colisão transversal";"Com Vítimas Feridas";"Pleno dia";"Decrescente";"Céu Claro";"Simples";"Curva";"Não";5;0;4;0;1;0;4;2;-29,027429;-52,308421;"SPRF-RS";"DEL04-RS";"UOP03-DEL04-RS"
259478;2019-12-29;"domingo";"06:45:00";"RS";290;117;"ELDORADO DO SUL";"Falta de Atenção à Condução";"Saída de leito carroçável";"Sem Vítimas";"Pleno dia";"Crescente";"Céu Claro";"Simples";"Reta";"Não";1;0;0;0;0;1;0;1;-30,047504;-51,37785;"SPRF-RS";"DEL02-RS";"UOP01-DEL02-RS"
259479;2019-12-29;"domingo";"10:40:00";"GO";50;111,4;"CRISTALINA";"Defeito Mecânico no Veículo";"Capotamento";"Com Vítimas Feridas";"Pleno dia";"Crescente";"Céu Claro";"Dupla";"Reta";"Não";2;0;1;0;1;0;1;1;-16,9309;-47,7117;"SPRF-DF";"DEL01-DF";"UOP02-DEL01-DF"
259480;2019-12-29;"domingo";"11:05:00";"SC";280;58;"GUARAMIRIM";"Velocidade Incompatível";"Colisão traseira";"Com Vítimas Feridas";"Pleno dia";"Decrescente";"Sol";"Simples";"Reta";"Sim";4;0;1;1;2;0;2;3;-26,47415593;-49,021211;"SPRF-SC";"DEL03-SC";"UOP03-DEL03-SC"
259481;2019-12-29;"domingo";"11:00:00";"SC";101;195,4;"BIGUACU";"Falta de Atenção à Condução";"Colisão transversal";"Com Vítimas Feridas";"Pleno dia";"Decrescente";"Céu Claro";"Dupla";"Reta";"Sim";2;0;0;1;1;0;1;2;-27,5047092;-48,65010819;"SPRF-SC";"DEL01-SC";"UOP01-DEL01-SC"
259482;2019-12-29;"domingo";"11:00:00";"ES";262;131,4;"BREJETUBA";"Ultrapassagem Indevida";"Saída de leito carroçável";"Com Vítimas Feridas";"Pleno dia";"Crescente";"Céu Claro";"Simples";"Reta";"Não";4;0;2;1;0;1;3;2;-20,25656076;-41,30517891;"SPRF-ES";"DEL01-ES";"UOP02-DEL01-ES"
259484;2019-12-29;"domingo";"10:40:00";"ES";101;254,6;"SERRA";"Falta de Atenção à Condução";"Colisão lateral";"Sem Vítimas";"Pleno dia";"Decrescente";"Sol";"Simples";"Reta";"Sim";2;0;0;0;1;1;0;2;-20,1100364;-40,32740141;"SPRF-ES";"DEL02-ES";"UOP01-DEL02-ES"
259485;2019-12-29;"domingo";"08:30:00";"PR";476;27;"ADRIANOPOLIS";"Defeito Mecânico no Veículo";"Incêndio";"Sem Vítimas";"Pleno dia";"Decrescente";"Céu Claro";"Simples";"Reta";"Não";1;0;0;0;1;0;0;1;-24,792046;-49,041195;"SPRF-PR";"DEL01-PR";"UOP07-DEL01-PR"
259486;2019-12-29;"domingo";"11:15:00";"PE";101;123,9;"ESCADA";"Falta de Atenção à Condução";"Saída de leito carroçável";"Com Vítimas Feridas";"Pleno dia";"Decrescente";"Céu Claro";"Dupla";"Curva";"Não";3;0;2;1;0;0;3;1;-8,35963442;-35,20419694;"SPRF-PE";"DEL01-PE";"UOP03-DEL01-PE"
259487;2019-12-29;"domingo";"11:00:00";"RJ";101;409;"ITAGUAI";"Falta de Atenção à Condução";"Queda de ocupante de veículo";"Com Vítimas Feridas";"Pleno dia";"Crescente";"Céu Claro";"Dupla";"Reta";"Sim";2;0;1;0;1;0;1;1;-22,88503992;-43,83250205;"SPRF-RJ";"DEL03-RJ";"UOP01-DEL03-RJ"
259488;2019-12-29;"domingo";"09:45:00";"RS";290;168,5;"BUTIA";"Defeito Mecânico no Veículo";"Incêndio";"Sem Vítimas";"Pleno dia";"Decrescente";"Sol";"Simples";"Reta";"Não";4;0;0;0;4;0;0;1;-30,123857;-51,889362;"SPRF-RS";"DEL02-RS";"UOP02-DEL02-RS"
259489;2019-12-29;"domingo";"11:45:00";"MG";146;523;"GUAXUPE";"Ultrapassagem Indevida";"Colisão lateral";"Com Vítimas Feridas";"Pleno dia";"Crescente";"Céu Claro";"Simples";"Reta";"Não";1;0;0;1;0;0;1;1;-21,30912151;-46,63824814;"SPRF-MG";"DEL16-MG";"UOP01-DEL09-MG"
259491;2019-12-29;"domingo";"10:50:00";"MS";163;737;"COXIM";"Falta de Atenção à Condução";"Saída de leito carroçável";"Com Vítimas Feridas";"Pleno dia";"Decrescente";"Sol";"Simples";"Reta";"Não";4;0;1;0;3;0;1;1;-18,45275093;-54,70771415;"SPRF-MS";"DEL06-MS";"UOP01-DEL06-MS"
259492;2019-12-29;"domingo";"12:20:00";"BA";418;75,1;"NOVA VICOSA";"Velocidade Incompatível";"Saída de leito carroçável";"Com Vítimas Feridas";"Pleno dia";"Decrescente";"Chuva";"Simples";"Reta";"Não";3;0;1;2;0;0;3;1;-17,84994719;-39,71929691;"SPRF-BA";"DEL09-BA";"UOP02-DEL09-BA"
259494;2019-12-29;"domingo";"12:40:00";"CE";116;5,5;"FORTALEZA";"Falta de Atenção à Condução";"Colisão lateral";"Com Vítimas Feridas";"Pleno dia";"Crescente";"Sol";"Dupla";"Viaduto";"Sim";2;0;0;1;1;0;1;2;-3,79467116;-38,50772734;"SPRF-CE";"DEL01-CE";"UOP02-DEL01-CE"
259496;2019-12-29;"domingo";"11:35:00";"SC";101;405,6;"ARARANGUA";"Falta de Atenção à Condução";"Saída de leito carroçável";"Com Vítimas Feridas";"Pleno dia";"Decrescente";"Sol";"Dupla";"Reta";"Não";3;0;2;0;1;0;2;1;-28,88548916;-49,4630158;"SPRF-SC";"DEL02-SC";"UOP02-DEL02-SC"
259498;2019-12-29;"domingo";"11:40:00";"SC";101;405,6;"MARACAJA";"Falta de Atenção à Condução";"Capotamento";"Com Vítimas Feridas";"Pleno dia";"Decrescente";"Céu Claro";"Dupla";"Reta";"Não";2;0;2;0;0;0;2;1;-28,88548916;-49,4630158;"SPRF-SC";"DEL02-SC";"UOP02-DEL02-SC"
259499;2019-12-29;"domingo";"12:50:00";"MG";262;146;"RIO CASCA";"Condutor Dormindo";"Colisão com objeto estático";"Com Vítimas Feridas";"Pleno dia";"Decrescente";"Céu Claro";"Simples";"Reta";"Não";2;0;0;2;0;0;2;1;-20,02822107;-42,74065423;"SPRF-MG";"DEL03-MG";"UOP03-DEL03-MG"
259500;2019-12-29;"domingo";"12:00:00";"MS";262;189;"RIBAS DO RIO PARDO";"Objeto estático sobre o leito carroçável";"Saída de leito carroçável";"Com Vítimas Feridas";"Pleno dia";"Crescente";"Céu Claro";"Simples";"Reta";"Não";5;0;5;0;0;0;5;1;-20,44225208;-53,28252198;"SPRF-MS";"DEL07-MS";"UOP02-DEL07-MS"
259501;2019-12-29;"domingo";"09:30:00";"RJ";101;228;"SILVA JARDIM";"Defeito Mecânico no Veículo";"Colisão com objeto estático";"Com Vítimas Feridas";"Pleno dia";"Crescente";"Céu Claro";"Dupla";"Ponte";"Não";1;0;1;0;0;0;1;1;-22,56241824;-42,35993577;"SPRF-RJ";"DEL02-RJ";"UOP03-DEL02-RJ"
259504;2019-12-29;"domingo";"13:30:00";"MG";381;456,9;"BELO HORIZONTE";"Falta de Atenção à Condução";"Tombamento";"Com Vítimas Feridas";"Pleno dia";"Decrescente";"Sol";"Dupla";"Reta";"Sim";1;0;1;0;0;0;1;1;-19,85862954;-43,91292495;"SPRF-MG";"DEL01-MG";"UOP01-DEL01-MG"
259506;2019-12-29;"domingo";"11:10:00";"SC";101;345,6;"TREZE DE MAIO";"Falta de Atenção à Condução";"Saída de leito carroçável";"Com Vítimas Feridas";"Pleno dia";"Decrescente";"Sol";"Dupla";"Reta";"Não";2;0;2;0;0;0;2;1;-28,5623155;-49,05418355;"SPRF-SC";"DEL02-SC";"UOP01-DEL02-SC"
259509;2019-12-29;"domingo";"14:15:00";"MG";40;780,1;"JUIZ DE FORA";"Mal Súbito";"Colisão lateral";"Com Vítimas Feridas";"Pleno dia";"Crescente";"Céu Claro";"Dupla";"Reta";"Sim";2;0;1;0;1;0;1;1;-21,67939981;-43,44987329;"SPRF-MG";"DEL05-MG";"UOP01-DEL05-MG"
259510;2019-12-29;"domingo";"15:00:00";"CE";116;57;"PACAJUS";"Não guardar distância de segurança";"Colisão traseira";"Com Vítimas Feridas";"Pleno dia";"Decrescente";"Céu Claro";"Simples";"Aclive";"Não";7;0;1;1;5;0;2;2;-4,22090704;-38,47582987;"SPRF-CE";"DEL03-CE";"UOP02-DEL03-CE"
259512;2019-12-29;"domingo";"15:00:00";"MG";146;530;"MUZAMBINHO";"Defeito Mecânico no Veículo";"Saída de leito carroçável";"Com Vítimas Feridas";"Pleno dia";"Decrescente";"Céu Claro";"Simples";"Curva";"Não";1;0;1;0;0;0;1;1;-21,42318594;-46,4299701;"SPRF-MG";"DEL16-MG";"UOP01-DEL09-MG"
259513;2019-12-29;"domingo";"15:00:00";"RJ";101;212;"CASIMIRO DE ABREU";"Velocidade Incompatível";"Capotamento";"Com Vítimas Feridas";"Pleno dia";"Decrescente";"Céu Claro";"Dupla";"Reta";"Não";3;0;2;1;0;0;3;1;-22,486065;-42,254357;"SPRF-RJ";"DEL02-RJ";"UOP04-DEL08-RJ"
259514;2019-12-29;"domingo";"16:35:00";"BA";324;604;"SIMOES FILHO";"Ingestão de Álcool";"Queda de ocupante de veículo";"Com Vítimas Feridas";"Pleno dia";"Crescente";"Céu Claro";"Dupla";"Reta";"Sim";2;0;1;0;0;1;1;1;-12,77978866;-38,41589628;"SPRF-BA";"DEL01-BA";"UOP01-DEL01-BA"
259515;2019-12-29;"domingo";"16:15:00";"PE";0;0;"CARUARU";"Objeto estático sobre o leito carroçável";"Colisão com objeto estático";"Sem Vítimas";"Pleno dia";"Não Informado";"Sol";"Dupla";"Aclive";"Não";2;0;0;0;2;0;0;1;-8,16554;-35,978757;"SPRF-PE";"DEL02-PE";"UOP01-DEL02-PE"
259516;2019-12-29;"domingo";"16:00:00";"SC";101;328;"CAPIVARI DE BAIXO";"Falta de Atenção à Condução";"Saída de leito carroçável";"Com Vítimas Feridas";"Pleno dia";"Decrescente";"Céu Claro";"Múltipla";"Curva";"Não";1;0;1;0;0;0;1;1;-28,43648094;-48,95989307;"SPRF-SC";"DEL02-SC";"UOP01-DEL02-SC"
259517;2019-12-01;"domingo";"08:30:00";"SC";282;24;"SANTO AMARO DA IMPERATRIZ";"Falta de Atenção à Condução";"Saída de leito carroçável";"Com Vítimas Feridas";"Pleno dia";"Crescente";"Nublado";"Simples";"Reta";"Sim";2;0;0;1;0;1;1;2;-27,68268;-48,744614;"SPRF-SC";"DEL01-SC";"UOP03-DEL01-SC"
259518;2019-12-29;"domingo";"15:30:00";"SP";116;104;"TAUBATE";"Falta de Atenção à Condução";"Engavetamento";"Com Vítimas Feridas";"Pleno dia";"Crescente";"Céu Claro";"Dupla";"Aclive";"Não";5;0;2;0;3;0;2;4;-23,00340176;-45,50626912;"SPRF-SP";"DEL06-SP";"UOP01-DEL06-SP"
259519;2019-12-29;"domingo";"14:30:00";"MG";262;718,1;"ARAXA";"Avarias e/ou desgaste excessivo no pneu";"Saída de leito carroçável";"Com Vítimas Feridas";"Pleno dia";"Crescente";"Céu Claro";"Simples";"Reta";"Não";5;0;0;1;4;0;1;1;-19,61824829;-47,21422892;"SPRF-MG";"DEL08-MG";"UOP01-DEL08-MG"
259520;2019-12-29;"domingo";"16:30:00";"RS";293;1,2;"PELOTAS";"Desobediência às normas de trânsito pelo condutor";"Colisão traseira";"Sem Vítimas";"Pleno dia";"Decrescente";"Céu Claro";"Simples";"Reta";"Sim";2;0;0;0;2;0;0;2;-31,760326;-52,356205;"SPRF-RS";"DEL07-RS";"UOP01-DEL07-RS"
259521;2019-12-29;"domingo";"16:20:00";"RS";386;435,3;"NOVA SANTA RITA";"Ingestão de Álcool";"Colisão transversal";"Sem Vítimas";"Pleno dia";"Decrescente";"Sol";"Dupla";"Rotatória";"Sim";2;0;0;0;2;0;0;2;-29,846369;-51,275738;"SPRF-RS";"DEL04-RS";"UOP02-DEL04-RS"
259523;2019-12-29;"domingo";"14:31:00";"MT";163;796;"SORRISO";"Avarias e/ou desgaste excessivo no pneu";"Queda de ocupante de veículo";"Com Vítimas Feridas";"Pleno dia";"Crescente";"Sol";"Simples";"Aclive";"Não";2;0;2;0;0;0;2;1;-12,18567679;-55,52764893;"SPRF-MT";"DEL06-MT";"UOP01-DEL06-MT"
259524;2019-12-29;"domingo";"17:00:00";"MG";267;138,1;"JUIZ DE FORA";"Falta de Atenção à Condução";"Colisão traseira";"Com Vítimas Feridas";"Pleno dia";"Decrescente";"Céu Claro";"Simples";"Reta";"Sim";2;0;0;1;0;1;1;2;-21,79071223;-43,67401443;"SPRF-MG";"DEL05-MG";"UOP01-DEL05-MG"
259525;2019-12-29;"domingo";"15:30:00";"MS";163;491,7;"CAMPO GRANDE";"Mal Súbito";"Saída de leito carroçável";"Com Vítimas Feridas";"Pleno dia";"Crescente";"Céu Claro";"Simples";"Reta";"Não";2;0;2;0;0;0;2;1;-20,36434577;-54,52853585;"SPRF-MS";"DEL01-MS";"UOP02-DEL01-MS"
259526;2019-12-29;"domingo";"17:00:00";"CE";116;24;"AQUIRAZ";"Defeito Mecânico no Veículo";"Tombamento";"Com Vítimas Feridas";"Anoitecer";"Decrescente";"Céu Claro";"Dupla";"Reta";"Sim";2;0;2;0;0;0;2;1;-3,95797982;-38,5131124;"SPRF-CE";"DEL01-CE";"UOP02-DEL01-CE"
259527;2019-12-29;"domingo";"16:15:00";"TO";242;451,5;"FORMOSO DO ARAGUAIA";"Ingestão de Álcool";"Atropelamento de Animal";"Com Vítimas Feridas";"Pleno dia";"Crescente";"Céu Claro";"Dupla";"Reta";"Sim";1;0;0;1;0;0;1;1;-11,8175552;-49,51180102;"SPRF-TO";"DEL02-TO";"UOP02-DEL01-TO"
259528;2019-12-29;"domingo";"17:10:00";"RN";101;38,4;"MAXARANGUAPE";"Ultrapassagem Indevida";"Saída de leito carroçável";"Com Vítimas Feridas";"Pleno dia";"Crescente";"Céu Claro";"Simples";"Reta";"Não";1;0;1;0;0;0;1;1;-5,43263703;-35,34656373;"SPRF-RN";"DEL02-RN";"UOP01-DEL02-RN"
259530;2019-12-29;"domingo";"17:15:00";"SC";101;135;"BALNEARIO CAMBORIU";"Falta de Atenção à Condução";"Colisão lateral";"Com Vítimas Feridas";"Pleno dia";"Crescente";"Céu Claro";"Simples";"Interseção de Vias";"Sim";2;0;1;0;1;0;1;2;-27,0050108;-48,62677494;"SPRF-SC";"DEL04-SC";"UOP03-DEL04-SC"
259531;2019-12-29;"domingo";"16:50:00";"RS";290;64,5;"GRAVATAI";"Falta de Atenção à Condução";"Saída de leito carroçável";"Com Vítimas Feridas";"Pleno dia";"Crescente";"Céu Claro";"Dupla";"Reta";"Não";1;0;1;0;0;0;1;1;-29,940449;-50,895531;"SPRF-RS";"DEL03-RS";"UOP01-DEL03-RS"
259532;2019-12-29;"domingo";"18:00:00";"ES";101;59,3;"SAO MATEUS";"Avarias e/ou desgaste excessivo no pneu";"Queda de ocupante de veículo";"Com Vítimas Feridas";"Pleno dia";"Crescente";"Céu Claro";"Simples";"Reta";"Não";2;0;2;0;0;0;2;1;-18,66416914;-39,86887044;"SPRF-ES";"DEL04-ES";"UOP02-DEL04-ES"
259534;2019-12-29;"domingo";"16:00:00";"MT";174;561,4;"COMODORO";"Pista Escorregadia";"Saída de leito carroçável";"Com Vítimas Feridas";"Pleno dia";"Decrescente";"Chuva";"Simples";"Curva";"Não";5;0;2;3;0;0;5;1;-13,0587459;-59,90045664;"SPRF-RO";"DEL04-RO";"UOP01-DEL04-RO"
259535;2019-12-29;"domingo";"18:30:00";"CE";116;12,8;"FORTALEZA";"Ingestão de Álcool";"Colisão transversal";"Com Vítimas Feridas";"Plena Noite";"Decrescente";"Céu Claro";"Múltipla";"Interseção de Vias";"Sim";2;0;1;0;1;0;1;2;-3,852077;-38,495525;"SPRF-CE";"DEL01-CE";"UOP02-DEL01-CE"
259537;2019-12-29;"domingo";"18:29:00";"GO";60;96,2;"ANAPOLIS";"Defeito Mecânico no Veículo";"Tombamento";"Com Vítimas Feridas";"Anoitecer";"Crescente";"Céu Claro";"Dupla";"Reta";"Sim";2;0;2;0;0;0;2;1;-16,371;-48,9422;"SPRF-GO";"DEL02-GO";"UOP01-DEL02-GO"
259539;2019-12-29;"domingo";"18:30:00";"RS";290;34;"SANTO ANTONIO DA PATRULHA";"Falta de Atenção à Condução";"Saída de leito carroçável";"Com Vítimas Feridas";"Anoitecer";"Crescente";"Céu Claro";"Múltipla";"Reta";"Não";1;0;1;0;0;0;1;1;-29,885969;-50,596653;"SPRF-RS";"DEL03-RS";"UOP01-DEL03-RS"
259540;2019-12-29;"domingo";"19:00:00";"SP";116;272;"EMBU DAS ARTES";"Não guardar distância de segurança";"Queda de ocupante de veículo";"Com Vítimas Feridas";"Plena Noite";"Decrescente";"Nublado";"Dupla";"Reta";"Sim";1;0;1;0;0;0;1;1;-23,621691;-46,813288;"SPRF-SP";"DEL04-SP";"UOP01-DEL04-SP"
259541;2019-12-29;"domingo";"19:10:00";"PR";376;672,2;"GUARATUBA";"Falta de Atenção à Condução";"Capotamento";"Com Vítimas Feridas";"Plena Noite";"Crescente";"Céu Claro";"Múltipla";"Reta";"Não";4;0;2;0;2;0;2;1;-25,89358488;-48,93146782;"SPRF-PR";"DEL01-PR";"UOP04-DEL01-PR"
259542;2019-12-29;"domingo";"19:00:00";"PB";230;331,9;"PATOS";"Animais na Pista";"Atropelamento de Animal";"Com Vítimas Feridas";"Plena Noite";"Decrescente";"Céu Claro";"Simples";"Reta";"Não";1;0;0;1;0;0;1;1;-7,0207;-37,2309;"SPRF-PB";"DEL03-PB";"UOP01-DEL03-PB"
259543;2019-12-29;"domingo";"19:25:00";"RN";405;74,4;"APODI";"Ingestão de Álcool";"Colisão lateral";"Com Vítimas Feridas";"Pleno dia";"Crescente";"Céu Claro";"Simples";"Reta";"Não";2;0;0;2;0;0;2;2;-5,63397905;-37,80046076;"SPRF-RN";"DEL04-RN";"UOP02-DEL04-RN"
259544;2019-12-29;"domingo";"19:15:00";"DF";70;4;"BRASILIA";"Falta de Atenção à Condução";"Colisão traseira";"Com Vítimas Feridas";"Plena Noite";"Crescente";"Céu Claro";"Dupla";"Retorno Regulamentado";"Não";2;0;1;0;1;0;1;2;-15,798115;-48,089317;"SPRF-DF";"DEL01-DF";"UOP02-DEL03-DF"
259545;2019-12-29;"domingo";"17:25:00";"RJ";116;178;"NOVA IGUACU";"Desobediência às normas de trânsito pelo condutor";"Colisão traseira";"Com Vítimas Feridas";"Pleno dia";"Decrescente";"Sol";"Múltipla";"Reta";"Sim";2;0;1;0;1;0;1;2;-22,77496393;-43,40081465;"SPRF-RJ";"DEL01-RJ";"UOP02-DEL01-RJ"
259546;2019-12-29;"domingo";"17:15:00";"RO";319;61,3;"PORTO VELHO";"Desobediência às normas de trânsito pelo condutor";"Colisão transversal";"Com Vítimas Feridas";"Anoitecer";"Decrescente";"Céu Claro";"Dupla";"Rotatória";"Sim";3;0;2;0;1;0;2;2;-8,73965792;-63,88990944;"SPRF-RO";"DEL01-RO";"UOP01-DEL01-RO"
259547;2019-12-29;"domingo";"19:20:00";"RS";158;326;"SANTA MARIA";"Defeito na Via";"Queda de ocupante de veículo";"Com Vítimas Feridas";"Pleno dia";"Crescente";"Céu Claro";"Simples";"Reta";"Sim";1;0;1;0;0;0;1;1;-29,70975376;-53,80284617;"SPRF-RS";"DEL09-RS";"UOP01-DEL09-RS"
259548;2019-12-29;"domingo";"19:15:00";"SC";101;285,6;"IMBITUBA";"Falta de Atenção à Condução";"Colisão lateral";"Sem Vítimas";"Anoitecer";"Decrescente";"Céu Claro";"Múltipla";"Reta";"Não";2;0;0;0;2;0;0;2;-28,22116606;-48,70063047;"SPRF-SC";"DEL02-SC";"UOP03-DEL02-SC"
259549;2019-12-29;"domingo";"19:20:00";"PR";277;584,3;"CASCAVEL";"Não guardar distância de segurança";"Colisão traseira";"Sem Vítimas";"Anoitecer";"Crescente";"Céu Claro";"Simples";"Declive;Interseção de Vias;Curva";"Sim";2;0;0;0;2;0;0;2;-24,96444777;-53,40718031;"SPRF-PR";"DEL04-PR";"UOP01-DEL04-PR"
259550;2019-12-29;"domingo";"15:30:00";"RS";392;248;"CACAPAVA DO SUL";"Velocidade Incompatível";"Saída de leito carroçável";"Com Vítimas Feridas";"Pleno dia";"Crescente";"Céu Claro";"Simples";"Curva";"Não";1;0;0;1;0;0;1;1;-30,5502554;-53,41306156;"SPRF-RS";"DEL09-RS";"UOP02-DEL09-RS"
259552;2019-12-29;"domingo";"20:02:00";"PR";469;15;"FOZ DO IGUACU";"Desobediência às normas de trânsito pelo condutor";"Colisão transversal";"Com Vítimas Feridas";"Plena Noite";"Decrescente";"Céu Claro";"Simples";"Reta";"Sim";2;0;0;1;1;0;1;2;-25,5813;-54,5315;"SPRF-PR";"DEL05-PR";"UOP04-DEL05-PR"
259553;2019-12-29;"domingo";"18:50:00";"SC";101;289,6;"IMBITUBA";"Falta de Atenção à Condução";"Colisão lateral";"Com Vítimas Feridas";"Anoitecer";"Decrescente";"Céu Claro";"Dupla";"Reta;Declive";"Sim";7;0;3;0;4;0;3;2;-28,27971404;-48,70097101;"SPRF-SC";"DEL02-SC";"UOP03-DEL02-SC"
259554;2019-12-29;"domingo";"20:00:00";"MG";40;574;"ITABIRITO";"Desobediência às normas de trânsito pelo condutor";"Colisão lateral";"Com Vítimas Feridas";"Plena Noite";"Crescente";"Céu Claro";"Dupla";"Reta";"Não";6;0;4;0;2;0;4;2;-20,24791897;-43,96366791;"SPRF-MG";"DEL01-MG";"UOP02-DEL01-MG"
259555;2019-12-29;"domingo";"20:00:00";"SP";116;220;"GUARULHOS";"Falta de Atenção à Condução";"Colisão lateral";"Com Vítimas Feridas";"Plena Noite";"Decrescente";"Nublado";"Múltipla";"Reta";"Não";3;0;1;0;2;0;1;2;-23,46472809;-46,49793962;"SPRF-SP";"DEL01-SP";"UOP01-DEL01-SP"
259556;2019-09-09;"segunda-feira";"05:20:00";"CE";222;43,1;"SAO GONCALO DO AMARANTE";"Animais na Pista";"Atropelamento de Animal";"Com Vítimas Feridas";"Pleno dia";"Decrescente";"Céu Claro";"Simples";"Reta";"Não";4;0;1;0;2;1;1;2;-3,67885144;-38,93266816;"SPRF-CE";"DEL01-CE";"UOP03-DEL01-CE"
259560;2019-12-29;"domingo";"20:00:00";"BA";101;878;"TEIXEIRA DE FREITAS";"Ingestão de Álcool";"Colisão transversal";"Com Vítimas Feridas";"Plena Noite";"Crescente";"Nublado";"Simples";"Reta";"Sim";2;0;1;0;1;0;1;2;-17,53547015;-39,71235953;"SPRF-BA";"DEL09-BA";"UOP02-DEL09-BA"
259561;2019-12-29;"domingo";"20:40:00";"SC";470;65,5;"INDAIAL";"Falta de Atenção à Condução";"Colisão transversal";"Com Vítimas Feridas";"Plena Noite";"Decrescente";"Céu Claro";"Simples";"Interseção de Vias";"Não";3;0;2;0;1;0;2;2;-26,870411;-49,211864;"SPRF-SC";"DEL04-SC";"UOP01-DEL04-SC"
259562;2019-12-29;"domingo";"20:30:00";"CE";20;307,9;"CANINDE";"Ingestão de Álcool";"Colisão com objeto estático";"Com Vítimas Feridas";"Plena Noite";"Crescente";"Céu Claro";"Simples";"Ponte";"Sim";1;0;1;0;0;0;1;1;-4,35800799;-39,3016531;"SPRF-CE";"DEL02-CE";"UOP01-DEL02-CE"
259563;2019-12-29;"domingo";"20:50:00";"RS";472;576,4;"URUGUAIANA";"Não guardar distância de segurança";"Colisão traseira";"Com Vítimas Feridas";"Plena Noite";"Decrescente";"Céu Claro";"Simples";"Rotatória";"Não";4;0;2;0;2;0;2;2;-29,77153914;-57,05665827;"SPRF-RS";"DEL13-RS";"UOP01-DEL13-RS"