"id";"data_inversa";"dia_semana";"horario";"uf";"br";"km";"municipio";"causa_acidente";"tipo_acidente";"classificacao_acidente";"fase_dia";"sentido_via";"condicao_metereologica";"tipo_pista";"tracado_via";"uso_solo";"pessoas";"mortos";"feridos_leves";"feridos_graves";"ilesos";"ignorados";"feridos";"veiculos";"latitude";"longitude";"regional";"delegacia";"uop"
259565;2019-12-29;"domingo";"15:55:00";"SC";282;519,3;"XAXIM";"Falta de Atenção à Condução";"Colisão lateral";"Com Vítimas Feridas";"Pleno dia";"Crescente";"Sol";"Simples";"Reta";"Não";2;0;0;1;1;0;1;2;-26,947527;-52,517536;"SPRF-SC";"DEL07-SC";"UOP01-DEL07-SC"
259566;2019-12-29;"domingo";"18:30:00";"GO";20;238,4;"GUARANI DE GOIAS";"Desobediência às normas de trânsito pelo condutor";"Colisão frontal";"Com Vítimas Feridas";"Anoitecer";"Crescente";"Nublado";"Simples";"Reta";"Não";5;0;2;2;1;0;4;2;-14,047789;-46,271896;"SPRF-DF";"DEL02-DF";"UOP03-DEL02-DF"
259567;2019-12-29;"domingo";"21:00:00";"PB";230;27;"JOAO PESSOA";"Animais na Pista";"Atropelamento de Animal";"Com Vítimas Feridas";"Plena Noite";"Crescente";"Céu Claro";"Dupla";"Reta";"Sim";4;0;1;1;2;0;2;3;-7,1677;-34,8855;"SPRF-PB";"DEL01-PB";"UOP01-DEL01-PB"
259568;2019-12-29;"domingo";"20:15:00";"BA";116;823;"VITORIA DA CONQUISTA";"Falta de Atenção à Condução";"Tombamento";"Com Vítimas Feridas";"Plena Noite";"Decrescente";"Céu Claro";"Dupla";"Reta";"Sim";1;0;1;0;0;0;1;1;-14,85749665;-40,84931356;"SPRF-BA";"DEL08-BA";"UOP01-DEL08-BA"
259570;2019-12-29;"domingo";"20:00:00";"MT";70;518;"VARZEA GRANDE";"Falta de Atenção do Pedestre";"Atropelamento de Pedestre";"Com Vítimas Feridas";"Plena Noite";"Crescente";"Céu Claro";"Simples";"Reta";"Sim";2;0;0;2;0;0;2;2;-15,70105263;-56,16279602;"SPRF-MT";"DEL01-MT";"DEL2/4-UOP02/MT"
259571;2019-12-29;"domingo";"21:40:00";"SC";101;147;"ITAPEMA";"Falta de Atenção à Condução";"Colisão lateral";"Com Vítimas Feridas";"Plena Noite";"Decrescente";"Nublado";"Dupla";"Reta";"Sim";3;0;2;0;1;0;2;2;-27,09237407;-48,61730888;"SPRF-SC";"DEL04-SC";"UOP03-DEL04-SC"
259572;2019-12-29;"domingo";"22:05:00";"SC";101;223,2;"PALHOCA";"Defeito Mecânico no Veículo";"Tombamento";"Com Vítimas Feridas";"Plena Noite";"Decrescente";"Nublado";"Múltipla";"Viaduto";"Sim";2;0;2;0;0;0;2;1;-27,71552634;-48,64881251;"SPRF-SC";"DEL01-SC";"UOP02-DEL01-SC"
259573;2019-12-29;"domingo";"21:00:00";"PR";476;277;"SAO MATEUS DO SUL";"Falta de Atenção à Condução";"Colisão transversal";"Com Vítimas Feridas";"Plena Noite";"Crescente";"Céu Claro";"Simples";"Reta";"Sim";3;0;2;0;1;0;2;2;-25,875048;-50,390919;"SPRF-PR";"DEL02-PR";"UOP04-DEL02-PR"
259574;2019-12-29;"domingo";"18:30:00";"BA";110;135;"CICERO DANTAS";"Ingestão de Álcool";"Colisão frontal";"Com Vítimas Feridas";"Anoitecer";"Decrescente";"Céu Claro";"Simples";"Curva";"Não";2;0;1;0;1;0;1;2;-10,55233761;-38,37338031;"SPRF-BA";"DEL07-BA";"UOP02-DEL07-BA"
259575;2019-12-29;"domingo";"12:15:00";"MG";381;271;"TIMOTEO";"Velocidade Incompatível";"Saída de leito carroçável";"Com Vítimas Feridas";"Pleno dia";"Crescente";"Céu Claro";"Simples";"Curva";"Não";2;0;1;0;1;0;1;1;-19,52355289;-42,65047073;"SPRF-MG";"DEL03-MG";"UOP02-DEL03-MG"
259576;2019-12-29;"domingo";"21:50:00";"PI";316;26,6;"DEMERVAL LOBAO";"Animais na Pista";"Atropelamento de Animal";"Com Vítimas Feridas";"Plena Noite";"Decrescente";"Céu Claro";"Simples";"Aclive";"Não";1;0;1;0;0;0;1;1;-5,30236009;-42,70784522;"SPRF-PI";"DEL01-PI";"UOP02-DEL01-PI"
259578;2019-12-29;"domingo";"21:30:00";"BA";101;882;"TEIXEIRA DE FREITAS";"Animais na Pista";"Atropelamento de Animal";"Com Vítimas Feridas";"Plena Noite";"Decrescente";"Nublado";"Simples";"Reta";"Não";1;0;1;0;0;0;1;1;-17,58013801;-39,73792166;"SPRF-BA";"DEL09-BA";"UOP02-DEL09-BA"
259579;2019-12-29;"domingo";"23:15:00";"SC";470;49,6;"BLUMENAU";"Falta de Atenção à Condução";"Colisão frontal";"Com Vítimas Feridas";"Plena Noite";"Decrescente";"Céu Claro";"Simples";"Curva";"Não";3;0;1;0;2;0;1;2;-26,86156739;-49,06991959;"SPRF-SC";"DEL04-SC";"UOP01-DEL04-SC"
259580;2019-12-29;"domingo";"20:00:00";"RO";364;733;"PORTO VELHO";"Animais na Pista";"Atropelamento de Animal";"Sem Vítimas";"Plena Noite";"Decrescente";"Céu Claro";"Simples";"Reta";"Não";3;0;0;0;3;0;0;1;-8,92046401;-63,96916499;"SPRF-RO";"DEL01-RO";"UOP02-DEL01-RO"
259581;2019-12-29;"domingo";"21:30:00";"ES";101;2,5;"SERRA";"Falta de Atenção à Condução";"Colisão traseira";"Com Vítimas Feridas";"Plena Noite";"Crescente";"Céu Claro";"Dupla";"Aclive;Reta";"Sim";3;0;2;0;1;0;2;3;-20,129093;-40,308125;"SPRF-ES";"DEL02-ES";"UOP01-DEL02-ES"
259582;2019-12-29;"domingo";"22:35:00";"MG";40;476;"SETE LAGOAS";"Falta de Atenção à Condução";"Colisão traseira";"Sem Vítimas";"Plena Noite";"Crescente";"Céu Claro";"Dupla";"Reta";"Não";2;0;0;0;2;0;0;2;-19,51363098;-44,27021397;"SPRF-MG";"DEL02-MG";"UOP01-DEL02-MG"
259583;2019-12-29;"domingo";"23:20:00";"PB";230;9;"CABEDELO";"Falta de Atenção à Condução";"Atropelamento de Pedestre";"Com Vítimas Feridas";"Plena Noite";"Crescente";"Céu Claro";"Dupla";"Em Obras;Reta";"Sim";2;0;0;1;0;1;1;2;-7,047271;-34,848442;"SPRF-PB";"DEL01-PB";"UOP01-DEL01-PB"
259584;2019-12-29;"domingo";"22:00:00";"SC";282;600,5;"CUNHA PORA";"Falta de Atenção à Condução";"Colisão lateral";"Com Vítimas Feridas";"Plena Noite";"Crescente";"Nublado";"Simples";"Em Obras;Reta";"Não";11;0;5;1;5;0;6;3;-26,816374;-53,163918;"SPRF-SC";"DEL07-SC";"UOP02-DEL07-SC"
259585;2019-12-29;"domingo";"22:11:00";"RJ";101;244;"SILVA JARDIM";"Ingestão de Álcool";"Colisão traseira";"Sem Vítimas";"Plena Noite";"Crescente";"Céu Claro";"Simples";"Reta";"Sim";2;0;0;0;2;0;0;2;-22,64063219;-42,47356596;"SPRF-RJ";"DEL02-RJ";"UOP03-DEL02-RJ"
259586;2019-12-29;"domingo";"23:15:00";"RS";386;332;"MARQUES DE SOUZA";"Velocidade Incompatível";"Saída de leito carroçável";"Sem Vítimas";"Plena Noite";"Decrescente";"Céu Claro";"Simples";"Declive;Curva";"Não";2;0;0;0;2;0;0;1;-29,37297549;-52,06206322;"SPRF-RS";"DEL04-RS";"UOP01-DEL04-RS"
259588;2019-12-29;"domingo";"20:00:00";"RO";364;108;"CHUPINGUAIA";"Ingestão de Álcool";"Atropelamento de Pedestre";"Com Vítimas Feridas";"Plena Noite";"Crescente";"Ignorado";"Simples";"Reta";"Não";2;0;0;1;1;0;1;2;-12,2236797;-60,68902732;"SPRF-RO";"DEL04-RO";"UOP01-DEL04-RO"
259589;2019-12-30;"segunda-feira";"00:05:00";"GO";153;213;"URUACU";"Condutor Dormindo";"Saída de leito carroçável";"Com Vítimas Feridas";"Plena Noite";"Crescente";"Chuva";"Simples";"Interseção de Vias;Reta;Declive";"Não";4;0;0;3;1;0;3;1;-14,634578;-49,175987;"SPRF-GO";"DEL07-GO";"UOP01-DEL07-GO"
259590;2019-12-29;"domingo";"23:15:00";"MG";262;355,8;"BETIM";"Defeito Mecânico no Veículo";"Danos eventuais";"Com Vítimas Feridas";"Plena Noite";"Crescente";"Céu Claro";"Dupla";"Aclive;Reta";"Sim";3;0;2;0;1;0;2;2;-19,97857196;-44,22257781;"SPRF-MG";"DEL01-MG";"UOP03-DEL01-MG"
259591;2019-12-30;"segunda-feira";"01:10:00";"RJ";116;98,5;"GUAPIMIRIM";"Defeito Mecânico no Veículo";"Incêndio";"Sem Vítimas";"Plena Noite";"Decrescente";"Nublado";"Simples";"Curva";"Não";7;0;0;0;7;0;0;1;-22,48285706;-42,99723936;"SPRF-RJ";"DEL04-RJ";"UOP02-DEL04-RJ"
259592;2019-12-30;"segunda-feira";"00:05:00";"SP";116;170,6;"JACAREI";"Ingestão de álcool e/ou substâncias psicoativas pelo pedestre";"Atropelamento de Pedestre";"Com Vítimas Feridas";"Plena Noite";"Decrescente";"Céu Claro";"Dupla";"Reta";"Não";2;0;0;1;1;0;1;2;-23,30794749;-46,0548351;"SPRF-SP";"DEL02-SP";"UOP01-DEL02-SP"
259594;2019-12-30;"segunda-feira";"00:50:00";"PI";316;43,8;"LAGOA DO PIAUI";"Animais na Pista";"Atropelamento de Animal";"Sem Vítimas";"Plena Noite";"Decrescente";"Céu Claro";"Simples";"Reta";"Não";1;0;0;0;1;0;0;1;-5,42838588;-42,6368727;"SPRF-PI";"DEL01-PI";"UOP02-DEL01-PI"
259595;2019-12-30;"segunda-feira";"04:00:00";"PB";230;332,9;"PATOS";"Falta de Atenção do Pedestre";"Atropelamento de Pedestre";"Com Vítimas Fatais";"Plena Noite";"Decrescente";"Céu Claro";"Simples";"Reta";"Sim";2;1;0;0;0;1;0;2;-7,0203;-37,2403;"SPRF-PB";"DEL03-PB";"UOP01-DEL03-PB"
259596;2019-12-30;"segunda-feira";"05:10:00";"RJ";40;124;"DUQUE DE CAXIAS";"Falta de Atenção à Condução";"Colisão traseira";"Com Vítimas Feridas";"Amanhecer";"Crescente";"Céu Claro";"Múltipla";"Reta";"Sim";2;0;1;0;1;0;1;2;-22,807953;-43,289124;"SPRF-RJ";"DEL01-RJ";"UOP01-DEL01-RJ"
259597;2019-12-30;"segunda-feira";"03:50:00";"PB";101;83,5;"BAYEUX";"Ingestão de Álcool";"Colisão traseira";"Com Vítimas Feridas";"Amanhecer";"Crescente";"Nublado";"Dupla";"Reta";"Sim";3;0;1;1;0;1;2;2;-7,1337703;-34,92963914;"SPRF-PB";"DEL01-PB";"UOP01-DEL01-PB"
259598;2019-12-30;"segunda-feira";"05:15:00";"RS";101;50,3;"TERRA DE AREIA";"Ingestão de Álcool";"Saída de leito carroçável";"Com Vítimas Feridas";"Amanhecer";"Crescente";"Nublado";"Dupla";"Reta";"Não";4;0;3;1;0;0;4;1;-29,6073248;-50,08588627;"SPRF-RS";"DEL03-RS";"UOP02-DEL03-RS"
259599;2019-12-30;"segunda-feira";"05:35:00";"SC";116;251,2;"LAGES";"Falta de Atenção à Condução";"Saída de leito carroçável";"Sem Vítimas";"Plena Noite";"Decrescente";"Nublado";"Simples";"Interseção de Vias";"Não";1;0;0;0;0;1;0;1;-27,84733905;-50,37924528;"SPRF-SC";"DEL05-SC";"UOP02-DEL05-SC"
259602;2019-12-30;"segunda-feira";"07:00:00";"DF";20;17,2;"BRASILIA";"Falta de Atenção do Pedestre";"Atropelamento de Pedestre";"Com Vítimas Feridas";"Pleno dia";"Decrescente";"Nublado";"Dupla";"Reta";"Sim";2;0;1;0;1;0;1;2;-15,621374;-47,71698;"SPRF-DF";"DEL02-DF";"UOP01-DEL02-DF"
259603;2019-12-30;"segunda-feira";"07:20:00";"PI";230;262;"NAZARE DO PIAUI";"Falta de Atenção à Condução";"Saída de leito carroçável";"Com Vítimas Feridas";"Pleno dia";"Crescente";"Chuva";"Simples";"Curva";"Não";2;0;2;0;0;0;2;1;-6,99226201;-42,64786002;"SPRF-PI";"DEL03-PI";"UOP01-DEL03-PI"
259604;2019-12-30;"segunda-feira";"05:20:00";"RS";293;129;"CANDIOTA";"Ingestão de Álcool";"Saída de leito carroçável";"Sem Vítimas";"Amanhecer";"Crescente";"Céu Claro";"Simples";"Reta";"Não";1;0;0;0;1;0;0;1;-31,49440302;-53,57711201;"SPRF-RS";"DEL11-RS";"UOP03-DEL11-RS"
259605;2019-12-30;"segunda-feira";"07:00:00";"MG";381;711,1;"CARMO DA CACHOEIRA";"Velocidade Incompatível";"Colisão com objeto estático";"Com Vítimas Feridas";"Amanhecer";"Decrescente";"Nublado";"Dupla";"Curva";"Não";5;0;4;0;1;0;4;1;-21,39313978;-45,19816009;"SPRF-MG";"DEL04-MG";"UOP02-DEL04-MG"
259607;2019-12-30;"segunda-feira";"08:20:00";"PR";277;73,8;"SAO JOSE DOS PINHAIS";"Não guardar distância de segurança";"Colisão traseira";"Com Vítimas Feridas";"Pleno dia";"Crescente";"Céu Claro";"Dupla";"Reta";"Não";2;0;1;0;1;0;1;2;-25,52124342;-49,10648119;"SPRF-PR";"DEL01-PR";"UOP01-DEL01-PR"
259608;2019-12-30;"segunda-feira";"07:30:00";"PR";369;443;"UBIRATA";"Falta de Atenção à Condução";"Colisão lateral";"Com Vítimas Feridas";"Pleno dia";"Decrescente";"Céu Claro";"Simples";"Reta";"Não";5;0;2;0;1;2;2;3;-24,5309;-52,9477;"SPRF-PR";"DEL04-PR";"UOP03-DEL04-PR"
259609;2019-12-30;"segunda-feira";"07:30:00";"MG";50;175,6;"UBERABA";"Falta de Atenção à Condução";"Colisão transversal";"Sem Vítimas";"Pleno dia";"Crescente";"Céu Claro";"Dupla";"Interseção de Vias";"Sim";2;0;0;0;2;0;0;2;-19,77969743;-47,96613693;"SPRF-MG";"DEL13-MG";"UOP01-DEL13-MG"
259610;2019-12-30;"segunda-feira";"07:30:00";"RS";472;182,6;"SANTO CRISTO";"Não guardar distância de segurança";"Colisão traseira";"Com Vítimas Feridas";"Pleno dia";"Decrescente";"Céu Claro";"Simples";"Reta";"Não";3;0;1;0;2;0;1;2;-27,83725455;-54,59381104;"SPRF-RS";"DEL10-RS";"UOP01-DEL10-RS"
259612;2019-12-30;"segunda-feira";"02:30:00";"RS";392;687,6;"ROQUE GONZALES";"Ingestão de Álcool";"Colisão frontal";"Com Vítimas Feridas";"Plena Noite";"Crescente";"Céu Claro";"Simples";"Reta;Declive";"Não";4;0;2;1;1;0;3;2;-28,11512069;-54,96768951;"SPRF-RS";"DEL10-RS";"UOP01-DEL10-RS"
259613;2019-12-30;"segunda-feira";"06:30:00";"TO";153;627;"ALIANCA DO TOCANTINS";"Ingestão de Álcool";"Saída de leito carroçável";"Sem Vítimas";"Pleno dia";"Decrescente";"Nublado";"Simples";"Aclive";"Não";1;0;0;0;1;0;0;1;-11,335566;-48,95087901;"SPRF-TO";"DEL02-TO";"UOP02-DEL01-TO"
259614;2019-12-07;"sábado";"05:52:00";"SC";101;46,5;"JOINVILLE";"Não guardar distância de segurança";"Colisão traseira";"Com Vítimas Feridas";"Amanhecer";"Crescente";"Céu Claro";"Dupla";"Reta";"Não";2;0;0;1;0;1;1;2;-26,33150083;-48,86187762;"SPRF-SC";"DEL03-SC";"UOP01-DEL03-SC"
259615;2019-12-30;"segunda-feira";"08:30:00";"RS";290;91,2;"PORTO ALEGRE";"Falta de Atenção à Condução";"Colisão lateral";"Com Vítimas Feridas";"Pleno dia";"Decrescente";"Céu Claro";"Dupla";"Reta";"Sim";2;0;1;0;1;0;1;2;-29,969055;-51,167439;"SPRF-RS";"DEL01-RS";"UOP01-DEL01-RS"
259617;2019-12-18;"quarta-feira";"13:15:00";"MT";70;523;"VARZEA GRANDE";"Falta de Atenção à Condução";"Colisão transversal";"Com Vítimas Feridas";"Pleno dia";"Crescente";"Céu Claro";"Simples";"Reta";"Sim";3;0;2;0;1;0;2;2;-15,65675918;-56,1895752;"SPRF-MT";"DEL01-MT";"DEL2/4-UOP02/MT"
259618;2019-12-30;"segunda-feira";"08:30:00";"PE";424;76,3;"CAETES";"Desobediência às normas de trânsito pelo condutor";"Colisão traseira";"Com Vítimas Feridas";"Pleno dia";"Crescente";"Céu Claro";"Simples";"Reta";"Não";3;0;1;0;2;0;1;2;-8,80996529;-36,5762862;"SPRF-PE";"DEL03-PE";"UOP01-DEL03-PE"
259619;2019-12-30;"segunda-feira";"08:40:00";"SP";116;168,7;"JACAREI";"Falta de Atenção à Condução";"Colisão traseira";"Com Vítimas Feridas";"Pleno dia";"Crescente";"Céu Claro";"Dupla";"Reta";"Não";2;0;1;0;1;0;1;2;-23,30545902;-46,03567599;"SPRF-SP";"DEL02-SP";"UOP01-DEL02-SP"
259620;2019-12-30;"segunda-feira";"08:50:00";"PB";230;6;"CABEDELO";"Desobediência às normas de trânsito pelo condutor";"Colisão lateral";"Sem Vítimas";"Pleno dia";"Decrescente";"Céu Claro";"Dupla";"Reta";"Não";2;0;0;0;2;0;0;2;-7,02;-34,8359;"SPRF-PB";"DEL01-PB";"UOP01-DEL01-PB"
259622;2019-09-02;"segunda-feira";"06:30:00";"PE";232;544;"TERRA NOVA";"Defeito na Via";"Capotamento";"Com Vítimas Feridas";"Amanhecer";"Decrescente";"Ignorado";"Simples";"Reta";"Não";1;0;0;1;0;0;1;1;-8,0868952;-39,43951012;"SPRF-PE";"DEL05-PE";"UOP01-DEL05-PE"
259623;2019-12-30;"segunda-feira";"09:45:00";"MG";381;501,9;"BETIM";"Não guardar distância de segurança";"Colisão traseira";"Com Vítimas Fatais";"Pleno dia";"Crescente";"Sol";"Dupla";"Reta";"Sim";2;1;0;0;1;0;0;2;-20,03146447;-44,2377893;"SPRF-MG";"DEL01-MG";"UOP03-DEL01-MG"
259624;2019-12-30;"segunda-feira";"06:45:00";"RJ";101;430;"MANGARATIBA";"Fenômenos da Natureza";"Colisão com objeto estático";"Com Vítimas Feridas";"Pleno dia";"Crescente";"Vento";"Simples";"Declive;Curva";"Não";2;0;1;1;0;0;2;1;-22,93710123;-44,01083798;"SPRF-RJ";"DEL03-RJ";"UOP01-DEL03-RJ"
259625;2019-12-30;"segunda-feira";"10:00:00";"SC";101;115,8;"ITAJAI";"Desobediência às normas de trânsito pelo condutor";"Colisão lateral";"Com Vítimas Feridas";"Pleno dia";"Crescente";"Céu Claro";"Dupla";"Reta";"Não";3;0;2;0;1;0;2;2;-26,87064015;-48,72954134;"SPRF-SC";"DEL04-SC";"UOP04-DEL04-SC"
259627;2019-12-30;"segunda-feira";"10:00:00";"SC";280;47;"GUARAMIRIM";"Falta de Atenção à Condução";"Colisão transversal";"Com Vítimas Feridas";"Pleno dia";"Decrescente";"Sol";"Simples";"Curva";"Não";2;0;0;1;1;0;1;2;-26,45353692;-48,917876;"SPRF-SC";"DEL03-SC";"UOP03-DEL03-SC"
259628;2019-12-30;"segunda-feira";"09:50:00";"SC";280;30,7;"ARAQUARI";"Falta de Atenção à Condução";"Colisão traseira";"Com Vítimas Feridas";"Pleno dia";"Decrescente";"Céu Claro";"Simples";"Reta";"Não";3;0;1;1;1;0;2;2;-26,4141523;-48,76209493;"SPRF-SC";"DEL03-SC";"UOP03-DEL03-SC"
259629;2019-12-30;"segunda-feira";"09:30:00";"SC";282;3;"FLORIANOPOLIS";"Falta de Atenção à Condução";"Colisão lateral";"Com Vítimas Feridas";"Pleno dia";"Crescente";"Sol";"Dupla";"Curva;Viaduto";"Sim";3;0;0;2;1;0;2;2;-27,60100257;-48,59880567;"SPRF-SC";"DEL01-SC";"UOP01-DEL01-SC"
259631;2019-09-18;"quarta-feira";"07:00:00";"PR";476;146,1;"CURITIBA";"Falta de Atenção à Condução";"Colisão lateral";"Com Vítimas Feridas";"Pleno dia";"Decrescente";"Ignorado";"Dupla";"Reta";"Sim";2;0;0;1;1;0;1;2;-25,551186;-49,330109;"SPRF-PR";"DEL01-PR";"UOP06-DEL01-PR"
259632;2019-12-30;"segunda-feira";"09:45:00";"RN";101;96,4;"NATAL";"Não guardar distância de segurança";"Colisão traseira";"Com Vítimas Feridas";"Pleno dia";"Decrescente";"Céu Claro";"Dupla";"Reta";"Sim";2;0;1;0;1;0;1;2;-5,84949622;-35,20890752;"SPRF-RN";"DEL01-RN";"UOP01-DEL01-RN"
259634;2019-12-30;"segunda-feira";"10:45:00";"RS";158;98,8;"PALMEIRA DAS MISSOES";"Falta de Atenção do Pedestre";"Atropelamento de Pedestre";"Com Vítimas Feridas";"Pleno dia";"Decrescente";"Céu Claro";"Simples";"Reta";"Não";2;0;0;1;1;0;1;2;-27,88757284;-53,33647728;"SPRF-RS";"DEL08-RS";"UOP02-DEL08-RS"
259635;2019-12-30;"segunda-feira";"09:00:00";"RS";287;399;"SANTIAGO";"Falta de Atenção à Condução";"Colisão transversal";"Com Vítimas Feridas";"Pleno dia";"Crescente";"Sol";"Simples";"Aclive;Reta";"Sim";3;0;2;1;0;0;3;2;-29,16794191;-54,86705298;"SPRF-RS";"DEL12-RS";"UOP02-DEL12-RS"
259638;2019-11-28;"quinta-feira";"12:30:00";"RN";101;96;"NATAL";"Falta de Atenção à Condução";"Engavetamento";"Com Vítimas Feridas";"Pleno dia";"Decrescente";"Céu Claro";"Dupla";"Reta";"Sim";8;0;1;0;7;0;1;8;-5,8512662;-35,20979762;"SPRF-RN";"DEL01-RN";"UOP01-DEL01-RN"
259639;2019-12-30;"segunda-feira";"11:00:00";"SC";101;202,1;"SAO JOSE";"Não guardar distância de segurança";"Colisão lateral";"Com Vítimas Feridas";"Pleno dia";"Crescente";"Céu Claro";"Múltipla";"Reta";"Não";3;0;1;0;2;0;1;2;-27,55711595;-48,61897889;"SPRF-SC";"DEL01-SC";"UOP01-DEL01-SC"
259640;2019-12-30;"segunda-feira";"09:00:00";"AC";364;215;"SENA MADUREIRA";"Falta de Atenção do Pedestre";"Atropelamento de Pedestre";"Com Vítimas Feridas";"Pleno dia";"Decrescente";"Céu Claro";"Simples";"Ponte";"Não";6;0;0;1;4;1;1;2;-9,489413;-68,355835;"SPRF-AC";"DEL01-AC";"UOP01-DEL01-AC"
259642;2019-12-30;"segunda-feira";"07:13:00";"RJ";101;330;"RIO DE JANEIRO";"Desobediência às normas de trânsito pelo condutor";"Queda de ocupante de veículo";"Com Vítimas Feridas";"Pleno dia";"Crescente";"Céu Claro";"Dupla";"Reta";"Não";2;0;1;0;1;0;1;2;-22,8684989;-43,18548699;"SPRF-RJ";"DEL02-RJ";"UOP02-DEL02-RJ"
259643;2019-12-30;"segunda-feira";"12:00:00";"MG";365;693;"MONTE ALEGRE DE MINAS";"Falta de Atenção à Condução";"Capotamento";"Com Vítimas Feridas";"Pleno dia";"Crescente";"Céu Claro";"Dupla";"Reta";"Não";2;0;0;1;1;0;1;1;-18,87764372;-48,93155701;"SPRF-MG";"DEL15-MG";"UOP03-DEL15-MG"
259645;2019-12-30;"segunda-feira";"12:20:00";"PI";316;315;"PICOS";"Falta de Atenção à Condução";"Atropelamento de Animal";"Com Vítimas Feridas";"Pleno dia";"Crescente";"Nublado";"Simples";"Reta";"Sim";2;0;1;0;1;0;1;1;-7,07951262;-41,43236492;"SPRF-PI";"DEL04-PI";"UOP01-DEL04-PI"
259646;2019-12-30;"segunda-feira";"10:04:00";"MG";381;872,2;"POUSO ALEGRE";"Defeito Mecânico no Veículo";"Queda de ocupante de veículo";"Com Vítimas Feridas";"Pleno dia";"Crescente";"Sol";"Dupla";"Reta";"Não";2;0;2;0;0;0;2;1;-22,44483063;-45,99289738;"SPRF-MG";"DEL16-MG";"UOP01-DEL16-MG"
259647;2019-12-30;"segunda-feira";"12:00:00";"CE";222;3,8;"CAUCAIA";"Desobediência às normas de trânsito pelo condutor";"Colisão transversal";"Com Vítimas Feridas";"Pleno dia";"Decrescente";"Chuva";"Múltipla";"Reta";"Sim";3;0;1;0;2;0;1;2;-3,7403769;-38,59569202;"SPRF-CE";"DEL01-CE";"UOP01-DEL01-CE"
259648;2019-12-30;"segunda-feira";"12:40:00";"PE";101;53;"PAULISTA";"Falta de Atenção à Condução";"Queda de ocupante de veículo";"Com Vítimas Feridas";"Pleno dia";"Decrescente";"Céu Claro";"Dupla";"Interseção de Vias";"Sim";2;0;2;0;0;0;2;1;-7,93124094;-34,90068606;"SPRF-PE";"DEL01-PE";"UOP02-DEL01-PE"
259651;2019-12-30;"segunda-feira";"13:00:00";"RS";290;110,7;"ELDORADO DO SUL";"Condutor Dormindo";"Saída de leito carroçável";"Com Vítimas Feridas";"Pleno dia";"Crescente";"Céu Claro";"Dupla";"Reta";"Não";4;0;3;0;1;0;3;1;-30,03262097;-51,32533735;"SPRF-RS";"DEL02-RS";"UOP01-DEL02-RS"
259652;2019-12-30;"segunda-feira";"12:40:00";"BA";407;3;"JUAZEIRO";"Desobediência às normas de trânsito pelo condutor";"Colisão transversal";"Sem Vítimas";"Pleno dia";"Decrescente";"Céu Claro";"Simples";"Interseção de Vias";"Sim";3;0;0;0;3;0;0;3;-9,43134011;-40,49823324;"SPRF-PE";"DEL06-PE";"UOP01-DEL06-PE"
259654;2019-12-22;"domingo";"20:34:00";"PR";376;680;"GUARATUBA";"Pista Escorregadia";"Colisão com objeto estático";"Com Vítimas Feridas";"Plena Noite";"Decrescente";"Chuva";"Dupla";"Curva";"Não";2;0;1;0;1;0;1;1;-25,95815;-48,900978;"SPRF-PR";"DEL01-PR";"UOP04-DEL01-PR"
259655;2019-12-30;"segunda-feira";"07:30:00";"SC";101;274;"IMBITUBA";"Defeito Mecânico no Veículo";"Capotamento";"Com Vítimas Feridas";"Pleno dia";"Crescente";"Céu Claro";"Dupla";"Reta";"Não";2;0;1;1;0;0;2;1;-28,129852;-48,69322;"SPRF-SC";"DEL02-SC";"UOP03-DEL02-SC"
259656;2019-12-30;"segunda-feira";"08:00:00";"SC";101;248;"PAULO LOPES";"Velocidade Incompatível";"Saída de leito carroçável";"Com Vítimas Fatais";"Pleno dia";"Decrescente";"Céu Claro";"Dupla";"Curva";"Não";2;1;0;1;0;0;1;1;-27,92619305;-48,65828191;"SPRF-SC";"DEL02-SC";"UOP03-DEL02-SC"
259657;2019-12-30;"segunda-feira";"13:00:00";"RJ";101;577;"PARATY";"Falta de Atenção à Condução";"Colisão lateral";"Com Vítimas Feridas";"Pleno dia";"Crescente";"Céu Claro";"Simples";"Reta";"Sim";2;0;1;0;1;0;1;2;-23,23072667;-44,72004486;"SPRF-RJ";"DEL03-RJ";"UOP04-DEL03-RJ"
259659;2019-12-30;"segunda-feira";"10:00:00";"BA";101;359,8;"WENCESLAU GUIMARAES";"Falta de Atenção à Condução";"Colisão transversal";"Com Vítimas Feridas";"Pleno dia";"Crescente";"Sol";"Simples";"Reta";"Sim";2;0;1;0;1;0;1;2;-13,69135632;-39,48057175;"SPRF-BA";"DEL05-BA";"UOP03-DEL05-BA"
259660;2019-09-17;"terça-feira";"12:00:00";"MG";116;416,4;"GOVERNADOR VALADARES";"Falta de Atenção à Condução";"Colisão lateral";"Com Vítimas Feridas";"Pleno dia";"Decrescente";"Ignorado";"Simples";"Interseção de Vias";"Sim";1;0;1;0;0;0;1;1;-18,8907893;-41,94659164;"SPRF-MG";"DEL06-MG";"UOP01-DEL06-MG"
259662;2019-12-30;"segunda-feira";"14:25:00";"PB";101;84;"JOAO PESSOA";"Desobediência às normas de trânsito pelo condutor";"Colisão traseira";"Com Vítimas Feridas";"Pleno dia";"Crescente";"Céu Claro";"Dupla";"Reta";"Não";8;0;2;0;5;1;2;3;-7,13957906;-34,92312806;"SPRF-PB";"DEL01-PB";"UOP01-DEL01-PB"