"id";"data_inversa";"dia_semana";"horario";"uf";"br";"km";"municipio";"causa_acidente";"tipo_acidente";"classificacao_acidente";"fase_dia";"sentido_via";"condicao_metereologica";"tipo_pista";"tracado_via";"uso_solo";"pessoas";"mortos";"feridos_leves";"feridos_graves";"ilesos";"ignorados";"feridos";"veiculos";"latitude";"longitude";"regional";"delegacia";"uop"
259665;2019-12-30;"segunda-feira";"13:20:00";"PR";467;78,6;"TOLEDO";"Avarias e/ou desgaste excessivo no pneu";"Saída de leito carroçável";"Sem Vítimas";"Pleno dia";"Crescente";"Céu Claro";"Dupla";"Curva";"Não";1;0;0;0;1;0;0;1;-24,7717;-53,6844;"SPRF-PR";"DEL04-PR";"UOP01-DEL04-PR"
259666;2019-12-30;"segunda-feira";"09:30:00";"MA";222;307;"VITORIA DO MEARIM";"Falta de Atenção à Condução";"Saída de leito carroçável";"Com Vítimas Feridas";"Pleno dia";"Decrescente";"Ignorado";"Simples";"Reta";"Sim";2;0;0;1;0;1;1;1;-3,56949397;-44,94602725;"SPRF-MA";"DEL02-MA";"UI04-DEL02-MA"
259667;2019-12-30;"segunda-feira";"11:40:00";"RO";364;595,5;"ITAPUA DO OESTE";"Falta de Atenção à Condução";"Saída de leito carroçável";"Com Vítimas Feridas";"Pleno dia";"Crescente";"Nublado";"Simples";"Reta";"Não";1;0;1;0;0;0;1;1;-9,2661799;-63,16008663;"SPRF-RO";"DEL03-RO";"UOP04-DEL01-RO"
259669;2019-12-30;"segunda-feira";"13:15:00";"RO";364;710;"PORTO VELHO";"Desobediência às normas de trânsito pelo condutor";"Colisão traseira";"Com Vítimas Feridas";"Pleno dia";"Crescente";"Nublado";"Simples";"Retorno Regulamentado";"Sim";3;0;1;0;2;0;1;2;-8,78348276;-63,86200374;"SPRF-RO";"DEL01-RO";"UOP01-DEL01-RO"
259670;2019-12-30;"segunda-feira";"15:00:00";"SC";280;7;"SAO FRANCISCO DO SUL";"Desobediência às normas de trânsito pelo condutor";"Colisão transversal";"Com Vítimas Feridas";"Pleno dia";"Decrescente";"Céu Claro";"Simples";"Rotatória";"Sim";2;0;1;0;0;1;1;2;-26,27127101;-48,64129599;"SPRF-SC";"DEL03-SC";"UOP03-DEL03-SC"
259671;2019-12-22;"domingo";"20:50:00";"BA";324;491;"FEIRA DE SANTANA";"Ingestão de Álcool";"Colisão lateral";"Sem Vítimas";"Plena Noite";"Crescente";"Céu Claro";"Simples";"Reta";"Não";2;0;0;0;2;0;0;2;-12,05101821;-38,98549215;"SPRF-BA";"DEL02-BA";"UOP01-DEL02-BA"
259674;2019-12-30;"segunda-feira";"13:15:00";"RJ";356;70;"ITALVA";"Pista Escorregadia";"Saída de leito carroçável";"Com Vítimas Feridas";"Pleno dia";"Crescente";"Céu Claro";"Simples";"Curva";"Não";1;0;1;0;0;0;1;1;-21,38163479;-41,68811436;"SPRF-RJ";"DEL08-RJ";"UOP03-DEL08-RJ"
259675;2019-12-30;"segunda-feira";"15:00:00";"ES";101;402,6;"CACHOEIRO DE ITAPEMIRIM";"Não guardar distância de segurança";"Colisão transversal";"Com Vítimas Feridas";"Pleno dia";"Crescente";"Céu Claro";"Simples";"Reta";"Não";5;0;2;1;2;0;3;3;-20,88973876;-40,9935559;"SPRF-ES";"DEL03-ES";"UOP02-DEL03-ES"
259676;2019-12-30;"segunda-feira";"15:35:00";"SE";235;2,5;"ARACAJU";"Não guardar distância de segurança";"Colisão traseira";"Com Vítimas Feridas";"Pleno dia";"Crescente";"Céu Claro";"Dupla";"Reta";"Sim";3;0;2;0;1;0;2;3;-10,9062;-37,1034;"SPRF-SE";"DEL01-SE";"UOP01-DEL01-SE"
259677;2019-12-30;"segunda-feira";"15:20:00";"SC";101;211,7;"PALHOCA";"Não guardar distância de segurança";"Colisão traseira";"Com Vítimas Feridas";"Pleno dia";"Crescente";"Céu Claro";"Múltipla";"Reta";"Não";3;0;1;0;2;0;1;2;-27,62329313;-48,65245588;"SPRF-SC";"DEL01-SC";"UOP02-DEL01-SC"
259678;2019-12-30;"segunda-feira";"15:35:00";"PB";230;505;"CAJAZEIRAS";"Mal Súbito";"Queda de ocupante de veículo";"Com Vítimas Feridas";"Pleno dia";"Decrescente";"Céu Claro";"Simples";"Reta";"Sim";1;0;0;1;0;0;1;1;-6,8995;-38,5494;"SPRF-PB";"DEL03-PB";"UOP03-DEL03-PB"
259680;2019-11-30;"sábado";"06:30:00";"PR";280;263,8;"MARMELEIRO";"Ingestão de Álcool";"Colisão frontal";"Com Vítimas Fatais";"Amanhecer";"Decrescente";"Céu Claro";"Simples";"Reta";"Não";8;1;4;1;2;0;5;3;-26,1926079;-53,08348112;"SPRF-PR";"DEL02-PR";"UOP01-DEL02-PR"
259681;2019-12-30;"segunda-feira";"15:45:00";"RN";226;0,4;"NATAL";"Falta de Atenção à Condução";"Colisão transversal";"Com Vítimas Feridas";"Pleno dia";"Crescente";"Céu Claro";"Simples";"Curva";"Sim";3;0;1;1;1;0;2;2;-5,800019;-35,238174;"SPRF-RN";"DEL01-RN";"UOP02-DEL01-RN"
259683;2019-12-30;"segunda-feira";"15:15:00";"SP";381;51;"ATIBAIA";"Desobediência às normas de trânsito pelo condutor";"Colisão traseira";"Com Vítimas Feridas";"Pleno dia";"Crescente";"Céu Claro";"Dupla";"Reta";"Sim";2;0;1;0;1;0;1;2;-23,221911;-46,59644;"SPRF-SP";"DEL03-SP";"UOP01-DEL03-SP"
259684;2019-09-25;"quarta-feira";"18:15:00";"RJ";116;165;"RIO DE JANEIRO";"Falta de Atenção à Condução";"Colisão lateral";"Com Vítimas Feridas";"Pleno dia";"Crescente";"Nublado";"Múltipla";"Reta";"Sim";3;0;1;0;2;0;1;3;-22,81039542;-43,33512437;"SPRF-RJ";"DEL01-RJ";"UOP02-DEL01-RJ"
259685;2019-12-30;"segunda-feira";"07:35:00";"BA";101;107,3;"ALAGOINHAS";"Falta de Atenção à Condução";"Colisão transversal";"Sem Vítimas";"Pleno dia";"Decrescente";"Céu Claro";"Simples";"Interseção de Vias";"Não";2;0;0;0;1;1;0;2;-12,16492;-38,477026;"SPRF-BA";"DEL01-BA";"UOP04-DEL01-BA"
259686;2019-12-30;"segunda-feira";"07:10:00";"MA";10;253;"IMPERATRIZ";"Desobediência às normas de trânsito pelo condutor";"Colisão transversal";"Com Vítimas Feridas";"Pleno dia";"Crescente";"Céu Claro";"Múltipla";"Interseção de Vias";"Sim";2;0;1;1;0;0;2;2;-5,526911;-47,471455;"SPRF-MA";"DEL04-MA";"UOP01-DEL04-MA"
259687;2019-12-30;"segunda-feira";"13:30:00";"PE";232;77,2;"GRAVATA";"Falta de Atenção do Pedestre";"Colisão frontal";"Com Vítimas Feridas";"Pleno dia";"Crescente";"Nublado";"Múltipla";"Reta";"Sim";2;0;1;0;1;0;1;2;-8,19343863;-35,54300692;"SPRF-PE";"DEL01-PE";"UOP02-DEL02PE"
259688;2019-12-30;"segunda-feira";"15:40:00";"MA";316;549,9;"CAXIAS";"Animais na Pista";"Atropelamento de Animal";"Sem Vítimas";"Pleno dia";"Crescente";"Chuva";"Simples";"Curva";"Sim";1;0;0;0;1;0;0;1;-4,887895;-43,371475;"SPRF-MA";"DEL03-MA";"UOP02-DEL03-MA"
259689;2019-12-30;"segunda-feira";"15:50:00";"MG";251;449,2;"GRAO MOGOL";"Velocidade Incompatível";"Colisão frontal";"Com Vítimas Feridas";"Pleno dia";"Decrescente";"Chuva";"Simples";"Curva;Declive";"Não";6;0;2;1;3;0;3;2;-16,420528;-43,28967;"SPRF-MG";"DEL12-MG";"UOP01-DEL12-MG"
259690;2019-12-30;"segunda-feira";"16:00:00";"RN";101;80,6;"NATAL";"Falta de Atenção à Condução";"Colisão traseira";"Sem Vítimas";"Pleno dia";"Decrescente";"Céu Claro";"Dupla";"Rotatória";"Sim";2;0;0;0;2;0;0;2;-5,76295337;-35,28702043;"SPRF-RN";"DEL02-RN";"UOP01-DEL02-RN"
259692;2019-12-30;"segunda-feira";"14:38:00";"CE";222;11;"CAUCAIA";"Avarias e/ou desgaste excessivo no pneu";"Tombamento";"Com Vítimas Feridas";"Pleno dia";"Decrescente";"Nublado";"Dupla";"Reta";"Não";2;0;1;0;1;0;1;1;-3,76597908;-38,66221996;"SPRF-CE";"DEL01-CE";"UOP01-DEL01-CE"
259693;2019-12-30;"segunda-feira";"15:05:00";"MG";116;763,7;"LEOPOLDINA";"Desobediência às normas de trânsito pelo condutor";"Colisão lateral";"Com Vítimas Feridas";"Pleno dia";"Crescente";"Céu Claro";"Simples";"Curva";"Não";3;0;1;0;2;0;1;3;-21,52635545;-42,63256914;"SPRF-MG";"DEL07-MG";"UOP01-DEL07-MG"
259694;2019-12-30;"segunda-feira";"16:20:00";"RJ";101;456;"ANGRA DOS REIS";"Falta de Atenção à Condução";"Colisão transversal";"Com Vítimas Feridas";"Pleno dia";"Crescente";"Céu Claro";"Simples";"Reta";"Sim";2;0;1;0;1;0;1;2;-23,03288558;-44,16793391;"SPRF-RJ";"DEL03-RJ";"UOP03-DEL03-RJ"
259695;2019-12-30;"segunda-feira";"14:05:00";"RJ";101;311;"SAO GONCALO";"Restrição de Visibilidade";"Colisão lateral";"Com Vítimas Feridas";"Pleno dia";"Decrescente";"Céu Claro";"Simples";"Reta";"Sim";5;0;2;0;3;0;2;3;-22,79967357;-43,05111766;"SPRF-RJ";"DEL02-RJ";"UOP02-DEL02-RJ"
259696;2019-12-30;"segunda-feira";"15:40:00";"RS";285;228;"CASEIROS";"Desobediência às normas de trânsito pelo condutor";"Saída de leito carroçável";"Com Vítimas Feridas";"Pleno dia";"Decrescente";"Céu Claro";"Simples";"Reta";"Não";5;0;2;0;3;0;2;1;-28,248196;-51,772388;"SPRF-RS";"DEL08-RS";"UOP05-DEL08-RS"
259697;2019-12-30;"segunda-feira";"16:40:00";"GO";153;576,6;"PROFESSOR JAMIL";"Falta de Atenção à Condução";"Saída de leito carroçável";"Com Vítimas Feridas";"Pleno dia";"Crescente";"Céu Claro";"Dupla";"Reta";"Não";1;0;1;0;0;0;1;1;-17,353;-49,2483;"SPRF-GO";"DEL03-GO";"UOP01-DEL03-GO"
259699;2019-12-30;"segunda-feira";"16:40:00";"SC";101;142,5;"ITAPEMA";"Falta de Atenção à Condução";"Colisão traseira";"Com Vítimas Feridas";"Pleno dia";"Crescente";"Sol";"Dupla";"Aclive";"Não";2;0;1;0;1;0;1;2;-27,056089;-48,599449;"SPRF-SC";"DEL04-SC";"UOP03-DEL04-SC"
259701;2019-12-30;"segunda-feira";"16:00:00";"RS";101;15,4;"DOM PEDRO DE ALCANTARA";"Falta de Atenção à Condução";"Colisão traseira";"Com Vítimas Feridas";"Pleno dia";"Decrescente";"Céu Claro";"Dupla";"Curva";"Não";2;0;0;1;1;0;1;2;-29,40772922;-49,85501918;"SPRF-RS";"DEL03-RS";"UOP02-DEL03-RS"
259702;2019-12-30;"segunda-feira";"16:30:00";"PE";101;58,9;"RECIFE";"Falta de Atenção à Condução";"Tombamento";"Sem Vítimas";"Anoitecer";"Crescente";"Céu Claro";"Dupla";"Curva";"Sim";1;0;0;0;1;0;0;1;-7,97063209;-34,92064675;"SPRF-PE";"DEL01-PE";"UOP02-DEL01-PE"
259703;2019-12-30;"segunda-feira";"17:30:00";"PI";343;3;"PARNAIBA";"Falta de Atenção à Condução";"Colisão lateral";"Com Vítimas Feridas";"Anoitecer";"Decrescente";"Céu Claro";"Simples";"Curva";"Não";2;0;1;0;1;0;1;2;-2,90124;-41,680931;"SPRF-PI";"DEL05-PI";"UOP01-DEL05-PI"
259704;2019-12-30;"segunda-feira";"17:00:00";"GO";153;506;"APARECIDA DE GOIANIA";"Falta de Atenção à Condução";"Colisão traseira";"Com Vítimas Feridas";"Pleno dia";"Decrescente";"Céu Claro";"Dupla";"Reta";"Sim";3;0;1;0;1;1;1;3;-16,7633;-49,24;"SPRF-GO";"DEL01-GO";"UOP01-DEL01-GO"
259705;2019-12-30;"segunda-feira";"17:20:00";"SC";101;205,7;"SAO JOSE";"Velocidade Incompatível";"Saída de leito carroçável";"Com Vítimas Feridas";"Pleno dia";"Crescente";"Céu Claro";"Dupla";"Reta";"Sim";5;0;1;0;3;1;1;3;-27,58313237;-48,61532885;"SPRF-SC";"DEL01-SC";"UOP01-DEL01-SC"
259706;2019-12-30;"segunda-feira";"17:00:00";"RO";364;709;"PORTO VELHO";"Falta de Atenção à Condução";"Colisão lateral";"Com Vítimas Feridas";"Pleno dia";"Crescente";"Nublado";"Dupla";"Reta";"Sim";2;0;1;1;0;0;2;2;-8,7909383;-63,84895617;"SPRF-RO";"DEL01-RO";"UOP01-DEL01-RO"
259707;2019-12-30;"segunda-feira";"17:40:00";"SC";116;96,8;"MONTE CASTELO";"Ultrapassagem Indevida";"Colisão com objeto estático";"Com Vítimas Feridas";"Pleno dia";"Decrescente";"Céu Claro";"Simples";"Curva";"Não";5;0;0;5;0;0;5;1;-26,67989297;-50,29106905;"SPRF-SC";"DEL06-SC";"UOP02-DEL06-SC"
259708;2019-12-30;"segunda-feira";"17:40:00";"MG";381;364,1;"SAO GONCALO DO RIO ABAIXO";"Pista Escorregadia";"Tombamento";"Com Vítimas Feridas";"Pleno dia";"Crescente";"Céu Claro";"Simples";"Declive;Curva";"Não";2;0;1;1;0;0;2;1;-19,84955579;-43,25424839;"SPRF-MG";"DEL03-MG";"UOP01-DEL03-MG"
259709;2019-12-30;"segunda-feira";"10:25:00";"RO";364;344;"JI-PARANA";"Falta de Atenção à Condução";"Colisão lateral";"Com Vítimas Feridas";"Pleno dia";"Decrescente";"Nublado";"Dupla";"Retorno Regulamentado";"Não";2;0;1;0;1;0;1;2;-10,87376391;-61,95256893;"SPRF-RO";"DEL02-RO";"UOP01-DEL02-RO"
259710;2019-12-30;"segunda-feira";"17:55:00";"ES";101;2,4;"VITORIA";"Não guardar distância de segurança";"Colisão traseira";"Sem Vítimas";"Pleno dia";"Crescente";"Sol";"Dupla";"Reta";"Sim";4;0;0;0;4;0;0;4;-20,3154;-40,3018;"SPRF-ES";"DEL02-ES";"UOP01-DEL02-ES"
259711;2019-12-30;"segunda-feira";"15:30:00";"RO";319;64;"PORTO VELHO";"Desobediência às normas de trânsito pelo condutor";"Colisão transversal";"Com Vítimas Feridas";"Pleno dia";"Decrescente";"Nublado";"Dupla";"Reta";"Sim";2;0;1;0;1;0;1;2;-8,766685;-63,884052;"SPRF-RO";"DEL01-RO";"UOP01-DEL01-RO"
259712;2019-12-30;"segunda-feira";"17:40:00";"ES";101;263,2;"SERRA";"Falta de Atenção à Condução";"Tombamento";"Com Vítimas Feridas";"Pleno dia";"Decrescente";"Céu Claro";"Dupla";"Reta";"Sim";2;0;0;2;0;0;2;1;-20,16554736;-40,27301648;"SPRF-ES";"DEL02-ES";"UOP01-DEL02-ES"
259714;2019-12-30;"segunda-feira";"18:00:00";"PR";277;714,5;"SANTA TEREZINHA DE ITAIPU";"Desobediência às normas de trânsito pelo condutor";"Colisão traseira";"Com Vítimas Feridas";"Pleno dia";"Decrescente";"Céu Claro";"Dupla";"Reta";"Não";2;0;1;0;1;0;1;2;-25,4650714;-54,44902954;"SPRF-PR";"DEL05-PR";"UOP01-DEL05-PR"
259715;2019-12-30;"segunda-feira";"18:00:00";"RJ";116;169,5;"SAO JOAO DE MERITI";"Falta de Atenção à Condução";"Colisão com objeto estático";"Com Vítimas Feridas";"Pleno dia";"Crescente";"Sol";"Múltipla";"Reta";"Sim";1;0;1;0;0;0;1;1;-22,816206;-43,324463;"SPRF-RJ";"DEL01-RJ";"UOP02-DEL01-RJ"
259716;2019-12-30;"segunda-feira";"18:20:00";"PR";116;11;"COLOMBO";"Desobediência às normas de trânsito pelo condutor";"Colisão frontal";"Com Vítimas Feridas";"Pleno dia";"Decrescente";"Céu Claro";"Múltipla";"Curva";"Sim";3;0;1;0;2;0;1;2;-25,3727;-49,1408;"SPRF-PR";"DEL01-PR";"UOP01-DEL01-PR"
259717;2019-12-30;"segunda-feira";"14:30:00";"MS";0;0;"NAVIRAI";"Falta de Atenção à Condução";"Colisão traseira";"Sem Vítimas";"Pleno dia";"Não Informado";"Sol";"Simples";"Declive";"Não";2;0;0;0;2;0;0;2;-23,26208614;-53,71231209;"SPRF-PR";"DEL06-PR";"UOP03-DEL06-PR"
259718;2019-12-30;"segunda-feira";"18:00:00";"PE";232;7;"RECIFE";"Falta de Atenção à Condução";"Colisão traseira";"Com Vítimas Feridas";"Plena Noite";"Decrescente";"Céu Claro";"Dupla";"Reta";"Não";3;0;1;1;1;0;2;2;-8,07333497;-34,96184301;"SPRF-PE";"DEL01-PE";"UOP01-DEL01-PE"
259719;2019-12-30;"segunda-feira";"18:48:00";"SP";116;273;"TABOAO DA SERRA";"Desobediência às normas de trânsito pelo condutor";"Colisão com objeto estático";"Com Vítimas Feridas";"Anoitecer";"Decrescente";"Céu Claro";"Dupla";"Reta";"Sim";2;0;1;0;1;0;1;1;-23,62809795;-46,81870306;"SPRF-SP";"DEL04-SP";"UOP01-DEL04-SP"
259720;2019-12-30;"segunda-feira";"14:45:00";"RS";116;363;"TAPES";"Falta de Atenção à Condução";"Saída de leito carroçável";"Com Vítimas Feridas";"Pleno dia";"Decrescente";"Céu Claro";"Simples";"Rotatória";"Não";1;0;1;0;0;0;1;1;-30,64814964;-51,56101323;"SPRF-RS";"DEL02-RS";"UOP03-DEL02-RS"
259722;2019-12-30;"segunda-feira";"15:30:00";"MG";262;468;"ARAUJOS";"Defeito Mecânico no Veículo";"Queda de ocupante de veículo";"Com Vítimas Feridas";"Pleno dia";"Crescente";"Céu Claro";"Simples";"Curva";"Não";2;0;2;0;0;0;2;1;-19,79900727;-45,14183914;"SPRF-MG";"DEL08-MG";"UOP03-DEL08-MG"
259724;2019-12-30;"segunda-feira";"18:15:00";"RJ";101;418;"MANGARATIBA";"Desobediência às normas de trânsito pelo condutor";"Colisão transversal";"Com Vítimas Feridas";"Anoitecer";"Decrescente";"Nublado";"Simples";"Declive";"Não";4;0;1;0;2;1;1;3;-22,91754742;-43,91273975;"SPRF-RJ";"DEL03-RJ";"UOP01-DEL03-RJ"
259725;2019-12-30;"segunda-feira";"18:45:00";"GO";60;75,8;"ANAPOLIS";"Animais na Pista";"Atropelamento de Animal";"Com Vítimas Feridas";"Plena Noite";"Crescente";"Céu Claro";"Dupla";"Reta";"Não";2;0;2;0;0;0;2;1;-16,28123528;-48,79240751;"SPRF-GO";"DEL02-GO";"UOP01-DEL02-GO"
259726;2019-12-30;"segunda-feira";"19:45:00";"PR";277;0;"PARANAGUA";"Desobediência às normas de trânsito pelo condutor";"Colisão lateral";"Com Vítimas Feridas";"Pleno dia";"Crescente";"Céu Claro";"Simples";"Reta";"Sim";2;0;1;0;1;0;1;2;-25,5205;-48,5095;"SPRF-PR";"DEL01-PR";"UOP05-DEL01-PR"
259729;2019-12-30;"segunda-feira";"19:30:00";"MG";40;626,8;"CONSELHEIRO LAFAIETE";"Falta de Atenção à Condução";"Colisão transversal";"Com Vítimas Feridas";"Plena Noite";"Crescente";"Céu Claro";"Simples";"Reta";"Não";4;0;1;0;3;0;1;2;-20,62801922;-43,80896769;"SPRF-MG";"DEL05-MG";"UOP02-DEL05-MG"
259731;2019-12-30;"segunda-feira";"19:00:00";"RJ";393;250,9;"BARRA DO PIRAI";"Falta de Atenção à Condução";"Colisão transversal";"Com Vítimas Feridas";"Plena Noite";"Crescente";"Céu Claro";"Simples";"Reta";"Sim";3;0;3;0;0;0;3;2;-22,47654964;-43,92854869;"SPRF-RJ";"DEL05-RJ";"UOP04-DEL05-RJ"
259732;2019-12-30;"segunda-feira";"16:30:00";"MT";174;555;"COMODORO";"Animais na Pista";"Atropelamento de Animal";"Com Vítimas Feridas";"Pleno dia";"Decrescente";"Chuva";"Simples";"Reta";"Não";4;0;1;0;3;0;1;1;-13,09414796;-59,89015582;"SPRF-RO";"DEL04-RO";"UOP01-DEL04-RO"
259733;2019-12-30;"segunda-feira";"14:50:00";"RO";364;536,3;"ALTO PARAISO";"Ingestão de Álcool";"Saída de leito carroçável";"Com Vítimas Feridas";"Pleno dia";"Crescente";"Céu Claro";"Simples";"Curva";"Não";1;0;1;0;0;0;1;1;-9,75382227;-63,10575094;"SPRF-RO";"DEL03-RO";"UOP01-DEL03-RO"
259734;2019-12-30;"segunda-feira";"20:10:00";"MG";50;71;"UBERLANDIA";"Desobediência às normas de trânsito pelo condutor";"Tombamento";"Com Vítimas Feridas";"Plena Noite";"Crescente";"Céu Claro";"Dupla";"Reta";"Sim";2;0;1;1;0;0;2;1;-18,85140204;-48,25345932;"SPRF-MG";"DEL15-MG";"UOP01-DEL15-MG"
259735;2019-12-30;"segunda-feira";"19:15:00";"PR";476;115;"COLOMBO";"Desobediência às normas de trânsito pelo condutor";"Colisão transversal";"Com Vítimas Feridas";"Plena Noite";"Decrescente";"Céu Claro";"Múltipla";"Interseção de Vias";"Sim";3;0;0;1;2;0;1;3;-25,344196;-49,159679;"SPRF-PR";"DEL01-PR";"UOP07-DEL01-PR"
259737;2019-12-30;"segunda-feira";"19:00:00";"PB";230;378,7;"CONDADO";"Desobediência às normas de trânsito pelo pedestre";"Atropelamento de Pedestre";"Com Vítimas Fatais";"Plena Noite";"Crescente";"Nublado";"Simples";"Reta";"Não";5;1;0;0;4;0;0;2;-6,9134;-37,6178;"SPRF-PB";"DEL03-PB";"UOP02-DEL03-PB"
259738;2019-12-30;"segunda-feira";"20:20:00";"PR";277;729;"FOZ DO IGUACU";"Objeto estático sobre o leito carroçável";"Saída de leito carroçável";"Com Vítimas Feridas";"Plena Noite";"Crescente";"Céu Claro";"Dupla";"Reta";"Sim";1;0;0;1;0;0;1;1;-25,50749887;-54,58379896;"SPRF-PR";"DEL05-PR";"UOP03-DEL05-PR"
259739;2019-12-30;"segunda-feira";"20:30:00";"PE";101;76,8;"JABOATAO DOS GUARARAPES";"Desobediência às normas de trânsito pelo condutor";"Colisão com objeto em movimento";"Com Vítimas Feridas";"Plena Noite";"Crescente";"Céu Claro";"Dupla";"Retorno Regulamentado";"Sim";2;0;1;0;1;0;1;2;-8,13904782;-34,94724339;"SPRF-PE";"DEL01-PE";"UOP01-DEL01-PE"
259740;2019-12-30;"segunda-feira";"19:30:00";"MG";40;288;"TRES MARIAS";"Falta de Atenção à Condução";"Colisão lateral";"Com Vítimas Feridas";"Plena Noite";"Crescente";"Céu Claro";"Simples";"Reta";"Não";5;0;3;0;1;1;3;2;-18,26397819;-45,15446732;"SPRF-MG";"DEL14-MG";"UOP02-DEL14-MG"
259743;2019-12-30;"segunda-feira";"18:00:00";"MG";262;37,1;"MANHUACU";"Desobediência às normas de trânsito pelo condutor";"Colisão lateral";"Com Vítimas Feridas";"Anoitecer";"Crescente";"Nublado";"Simples";"Reta";"Sim";2;0;0;1;1;0;1;2;-20,25748975;-42,03048732;"SPRF-MG";"DEL06-MG";"UOP03-DEL06-MG"
259744;2019-12-30;"segunda-feira";"20:28:00";"DF";60;3;"BRASILIA";"Falta de Atenção à Condução";"Queda de ocupante de veículo";"Com Vítimas Feridas";"Plena Noite";"Crescente";"Céu Claro";"Dupla";"Reta";"Sim";2;0;2;0;0;0;2;1;-15,890521;-48,086864;"SPRF-DF";"DEL01-DF";"UOP01-DEL03-DF"
259745;2019-12-30;"segunda-feira";"21:15:00";"MG";381;415;"NOVA UNIAO";"Falta de Atenção à Condução";"Colisão frontal";"Com Vítimas Feridas";"Plena Noite";"Decrescente";"Céu Claro";"Simples";"Reta";"Não";2;0;0;2;0;0;2;2;-19,72893298;-43,59446347;"SPRF-MG";"DEL01-MG";"UOP01-DEL01-MG"
259746;2019-12-30;"segunda-feira";"19:15:00";"RO";364;341;"JI-PARANA";"Falta de Atenção à Condução";"Colisão lateral";"Com Vítimas Feridas";"Plena Noite";"Decrescente";"Céu Claro";"Dupla";"Reta";"Sim";3;0;2;0;1;0;2;2;-10,88987987;-61,93126772;"SPRF-RO";"DEL02-RO";"UOP01-DEL02-RO"
259748;2019-12-30;"segunda-feira";"20:35:00";"RS";116;241;"NOVO HAMBURGO";"Defeito Mecânico no Veículo";"Incêndio";"Sem Vítimas";"Plena Noite";"Decrescente";"Céu Claro";"Dupla";"Reta";"Sim";1;0;0;0;1;0;0;1;-29,71396796;-51,1476744;"SPRF-RS";"DEL01-RS";"UOP02-DEL01-RS"
259749;2019-12-30;"segunda-feira";"20:20:00";"PR";277;725,5;"FOZ DO IGUACU";"Ingestão de Álcool";"Colisão traseira";"Sem Vítimas";"Plena Noite";"Crescente";"Céu Claro";"Dupla";"Curva;Viaduto;Declive";"Sim";2;0;0;0;2;0;0;2;-25,51076346;-54,55076694;"SPRF-PR";"DEL05-PR";"UOP03-DEL05-PR"
259751;2019-12-30;"segunda-feira";"13:20:00";"SC";282;118,3;"BOM RETIRO";"Condutor Dormindo";"Colisão frontal";"Com Vítimas Fatais";"Pleno dia";"Decrescente";"Céu Claro";"Simples";"Reta";"Não";8;1;4;0;1;2;4;4;-27,776798;-49,411194;"SPRF-SC";"DEL05-SC";"UOP01-DEL05-SC"
259752;2019-12-30;"segunda-feira";"21:15:00";"RS";116;117,9;"SAO MARCOS";"Falta de Atenção à Condução";"Saída de leito carroçável";"Com Vítimas Feridas";"Plena Noite";"Decrescente";"Céu Claro";"Simples";"Curva";"Não";1;0;1;0;0;0;1;1;-28,98310299;-51,06761081;"SPRF-RS";"DEL05-RS";"UOP01-DEL05-RS"
259753;2019-12-30;"segunda-feira";"18:55:00";"SC";101;391;"CRICIUMA";"Restrição de Visibilidade";"Saída de leito carroçável";"Sem Vítimas";"Anoitecer";"Crescente";"Sol";"Dupla";"Reta";"Não";1;0;0;0;1;0;0;1;-28,80004819;-49,36282789;"SPRF-SC";"DEL02-SC";"UOP02-DEL02-SC"
259754;2019-12-30;"segunda-feira";"20:45:00";"MG";40;508,8;"RIBEIRAO DAS NEVES";"Ingestão de Álcool";"Colisão lateral";"Sem Vítimas";"Plena Noite";"Decrescente";"Céu Claro";"Dupla";"Declive;Reta";"Sim";3;0;0;0;1;2;0;3;-19,76584;-44,12962;"SPRF-MG";"DEL01-MG";"UOP02-DEL01-MG"
259755;2019-12-30;"segunda-feira";"16:50:00";"SC";282;194,6;"LAGES";"Falta de Atenção à Condução";"Colisão traseira";"Com Vítimas Feridas";"Pleno dia";"Decrescente";"Céu Claro";"Simples";"Reta";"Não";6;0;3;1;2;0;4;2;-27,74324;-50,075451;"SPRF-SC";"DEL05-SC";"UOP01-DEL05-SC"
259757;2019-12-30;"segunda-feira";"21:00:00";"ES";262;91;"DOMINGOS MARTINS";"Falta de Atenção à Condução";"Colisão transversal";"Com Vítimas Feridas";"Plena Noite";"Crescente";"Nublado";"Simples";"Curva";"Não";4;0;2;1;1;0;3;3;-20,37854404;-41,03514791;"SPRF-ES";"DEL01-ES";"UOP02-DEL01-ES"
259759;2019-12-30;"segunda-feira";"21:40:00";"ES";101;169;"LINHARES";"Defeito Mecânico no Veículo";"Tombamento";"Sem Vítimas";"Plena Noite";"Crescente";"Céu Claro";"Simples";"Reta";"Não";2;0;0;0;2;0;0;1;-19,54224113;-40,16291381;"SPRF-ES";"DEL04-ES";"UOP01-DEL04-ES"
259760;2019-12-30;"segunda-feira";"21:40:00";"SC";280;30,5;"ARAQUARI";"Falta de Atenção à Condução";"Colisão frontal";"Com Vítimas Fatais";"Plena Noite";"Crescente";"Nublado";"Simples";"Reta";"Não";2;1;0;0;1;0;0;2;-26,4141523;-48,76209493;"SPRF-SC";"DEL03-SC";"UOP03-DEL03-SC"