"id";"data_inversa";"dia_semana";"horario";"uf";"br";"km";"municipio";"causa_acidente";"tipo_acidente";"classificacao_acidente";"fase_dia";"sentido_via";"condicao_metereologica";"tipo_pista";"tracado_via";"uso_solo";"pessoas";"mortos";"feridos_leves";"feridos_graves";"ilesos";"ignorados";"feridos";"veiculos";"latitude";"longitude";"regional";"delegacia";"uop"
259761;2019-12-30;"segunda-feira";"18:05:00";"GO";153;287;"NOVA GLORIA";"Falta de Atenção à Condução";"Colisão traseira";"Com Vítimas Feridas";"Anoitecer";"Decrescente";"Céu Claro";"Simples";"Reta";"Não";3;0;1;0;2;0;1;2;-15,186587;-49,544964;"SPRF-GO";"DEL02-GO";"UOP02-DEL02-GO"
259762;2019-12-30;"segunda-feira";"19:30:00";"MG";116;142,8;"PONTO DOS VOLANTES";"Ultrapassagem Indevida";"Colisão lateral";"Com Vítimas Feridas";"Plena Noite";"Crescente";"Ignorado";"Simples";"Reta";"Não";3;0;0;2;1;0;2;2;-16,78485706;-41,48261649;"SPRF-MG";"DEL11-MG";"UOP02-DEL11-MG"
259763;2019-12-30;"segunda-feira";"22:00:00";"GO";60;25,5;"ALEXANIA";"Agressão Externa";"Saída de leito carroçável";"Com Vítimas Feridas";"Plena Noite";"Crescente";"Céu Claro";"Dupla";"Reta";"Não";2;0;1;0;1;0;1;1;-16,0963;-48,5202;"SPRF-DF";"DEL01-DF";"UOP01-DEL03-DF"
259764;2019-12-30;"segunda-feira";"19:30:00";"MA";222;670;"ACAILANDIA";"Pista Escorregadia";"Saída de leito carroçável";"Com Vítimas Feridas";"Plena Noite";"Crescente";"Chuva";"Simples";"Reta";"Sim";1;0;0;1;0;0;1;1;-4,91607953;-47,42281928;"SPRF-MA";"DEL04-MA";"UOP03-DEL04-MA"
259765;2019-12-30;"segunda-feira";"21:50:00";"SC";101;202,9;"SAO JOSE";"Desobediência às normas de trânsito pelo pedestre";"Atropelamento de Pedestre";"Com Vítimas Feridas";"Plena Noite";"Crescente";"Céu Claro";"Múltipla";"Reta";"Sim";3;0;2;1;0;0;3;2;-27,55711595;-48,61897889;"SPRF-SC";"DEL01-SC";"UOP01-DEL01-SC"
259766;2019-12-30;"segunda-feira";"20:40:00";"AL";423;33,3;"CANAPI";"Condutor Dormindo";"Colisão com objeto estático";"Sem Vítimas";"Plena Noite";"Decrescente";"Céu Claro";"Simples";"Reta";"Não";3;0;0;0;3;0;0;1;-9,2132667;-37,5753301;"SPRF-AL";"DEL03-AL";"UOP02-DEL03-AL"
259767;2019-12-30;"segunda-feira";"22:00:00";"SC";101;368,9;"ICARA";"Ingestão de Álcool";"Tombamento";"Com Vítimas Feridas";"Plena Noite";"Crescente";"Céu Claro";"Simples";"Declive";"Sim";1;0;0;1;0;0;1;1;-28,69994553;-49,1939914;"SPRF-SC";"DEL02-SC";"UOP01-DEL02-SC"
259768;2019-12-30;"segunda-feira";"20:50:00";"SC";116;275,1;"CAPAO ALTO";"Não guardar distância de segurança";"Colisão traseira";"Com Vítimas Feridas";"Plena Noite";"Decrescente";"Céu Claro";"Simples";"Reta";"Não";3;0;1;0;2;0;1;2;-28,00281979;-50,53720819;"SPRF-SC";"DEL05-SC";"UOP02-DEL05-SC"
259771;2019-12-30;"segunda-feira";"23:00:00";"RJ";101;400;"ITAGUAI";"Desobediência às normas de trânsito pelo pedestre";"Atropelamento de Pedestre";"Com Vítimas Fatais";"Plena Noite";"Decrescente";"Céu Claro";"Dupla";"Reta";"Não";2;1;0;0;1;0;0;2;-22,8483707;-43,76952338;"SPRF-RJ";"DEL03-RJ";"UOP01-DEL03-RJ"
259772;2019-12-30;"segunda-feira";"20:40:00";"SC";280;234,3;"CANOINHAS";"Desobediência às normas de trânsito pelo condutor";"Colisão transversal";"Com Vítimas Feridas";"Plena Noite";"Crescente";"Céu Claro";"Simples";"Interseção de Vias";"Não";2;0;0;1;1;0;1;2;-26,19130591;-50,40255601;"SPRF-SC";"DEL06-SC";"UOP04-DEL06-SC"
259773;2019-12-30;"segunda-feira";"18:30:00";"MA";10;215;"GOVERNADOR EDISON LOBAO";"Pista Escorregadia";"Queda de ocupante de veículo";"Com Vítimas Fatais";"Plena Noite";"Decrescente";"Chuva";"Simples";"Reta";"Não";1;1;0;0;0;0;0;1;-5,836096;-47,35714;"SPRF-MA";"DEL04-MA";"UOP01-DEL04-MA"
259775;2019-12-30;"segunda-feira";"19:30:00";"BA";242;351;"LENCOIS";"Falta de Atenção à Condução";"Capotamento";"Com Vítimas Feridas";"Plena Noite";"Crescente";"Garoa/Chuvisco";"Simples";"Curva";"Não";3;0;3;0;0;0;3;1;-12,49243908;-41,3280788;"SPRF-BA";"DEL06-BA";"UOP01-DEL06-BA"
259776;2019-12-30;"segunda-feira";"23:15:00";"MT";70;3;"BARRA DO GARCAS";"Não guardar distância de segurança";"Colisão traseira";"Com Vítimas Feridas";"Plena Noite";"Crescente";"Céu Claro";"Dupla";"Declive;Reta";"Sim";2;0;1;0;1;0;1;2;-15,88252843;-52,27574027;"SPRF-MT";"DEL07-MT";"UOP01-DEL07-MT"
259777;2019-12-30;"segunda-feira";"21:55:00";"SC";280;51;"GUARAMIRIM";"Falta de Atenção à Condução";"Colisão com objeto estático";"Com Vítimas Feridas";"Plena Noite";"Crescente";"Nublado";"Simples";"Interseção de Vias";"Não";2;0;2;0;0;0;2;1;-26,46538871;-48,95544449;"SPRF-SC";"DEL03-SC";"UOP03-DEL03-SC"
259778;2019-10-14;"segunda-feira";"05:20:00";"RJ";101;299,3;"ITABORAI";"Falta de Atenção à Condução";"Colisão lateral";"Com Vítimas Feridas";"Amanhecer";"Decrescente";"Céu Claro";"Simples";"Reta";"Sim";2;0;1;0;1;0;1;2;-22,77497465;-42,94141531;"SPRF-RJ";"DEL02-RJ";"UOP02-DEL02-RJ"
259779;2019-12-30;"segunda-feira";"21:00:00";"BA";242;468;"IBITIARA";"Fenômenos da Natureza";"Saída de leito carroçável";"Com Vítimas Feridas";"Plena Noite";"Crescente";"Chuva";"Simples";"Reta";"Não";3;0;2;1;0;0;3;1;-12,45644679;-42,21091001;"SPRF-BA";"DEL06-BA";"UOP01-DEL06-BA"
259781;2019-12-31;"terça-feira";"01:00:00";"MG";40;282;"TRES MARIAS";"Falta de Atenção do Pedestre";"Atropelamento de Pedestre";"Com Vítimas Feridas";"Plena Noite";"Decrescente";"Céu Claro";"Simples";"Reta";"Sim";2;0;0;1;0;1;1;2;-18,24923582;-45,20220684;"SPRF-MG";"DEL14-MG";"UOP02-DEL14-MG"
259784;2019-11-26;"terça-feira";"05:20:00";"AL";316;255;"PILAR";"Animais na Pista";"Atropelamento de Animal";"Com Vítimas Fatais";"Amanhecer";"Decrescente";"Vento";"Simples";"Reta";"Sim";1;1;0;0;0;0;0;1;-9,59051052;-35,94993902;"SPRF-AL";"DEL02-AL";"UOP01-DEL02-AL"
259785;2019-12-31;"terça-feira";"04:00:00";"RS";290;42;"SANTO ANTONIO DA PATRULHA";"Condutor Dormindo";"Saída de leito carroçável";"Sem Vítimas";"Plena Noite";"Decrescente";"Nevoeiro/Neblina";"Múltipla";"Reta";"Não";1;0;0;0;1;0;0;1;-29,888767;-50,679028;"SPRF-RS";"DEL03-RS";"UOP01-DEL03-RS"
259786;2019-12-31;"terça-feira";"04:15:00";"GO";70;7,8;"AGUAS LINDAS DE GOIAS";"Falta de Atenção à Condução";"Colisão traseira";"Sem Vítimas";"Plena Noite";"Crescente";"Céu Claro";"Dupla";"Reta";"Sim";2;0;0;0;2;0;0;2;-15,74375533;-48,26779708;"SPRF-DF";"DEL01-DF";"UOP02-DEL03-DF"
259789;2019-12-31;"terça-feira";"05:45:00";"MG";365;625;"UBERLANDIA";"Falta de Atenção à Condução";"Colisão lateral";"Com Vítimas Feridas";"Amanhecer";"Decrescente";"Céu Claro";"Dupla";"Curva";"Sim";2;0;1;0;1;0;1;2;-18,90585472;-48,32526001;"SPRF-MG";"DEL15-MG";"UOP01-DEL15-MG"
259790;2019-12-31;"terça-feira";"04:25:00";"PR";116;17;"COLOMBO";"Condutor Dormindo";"Colisão com objeto estático";"Com Vítimas Fatais";"Plena Noite";"Crescente";"Nublado";"Dupla";"Reta";"Sim";1;1;0;0;0;0;0;1;-25,389;-49,1867;"SPRF-PR";"DEL01-PR";"UOP01-DEL01-PR"
259792;2019-11-22;"sexta-feira";"10:10:00";"SC";101;212;"PALHOCA";"Desobediência às normas de trânsito pelo condutor";"Colisão traseira";"Com Vítimas Feridas";"Pleno dia";"Decrescente";"Céu Claro";"Dupla";"Reta";"Sim";2;0;1;0;1;0;1;2;-27,62996929;-48,65903871;"SPRF-SC";"DEL01-SC";"UOP02-DEL01-SC"
259793;2019-12-31;"terça-feira";"05:45:00";"GO";60;90;"ANAPOLIS";"Defeito Mecânico no Veículo";"Tombamento";"Com Vítimas Feridas";"Amanhecer";"Crescente";"Céu Claro";"Dupla";"Reta";"Sim";2;0;1;0;1;0;1;1;-16,3427;-48,9019;"SPRF-GO";"DEL02-GO";"UOP01-DEL02-GO"
259794;2019-12-31;"terça-feira";"06:00:00";"MG";365;73,8;"CLARO DOS POCOES";"Condutor Dormindo";"Saída de leito carroçável";"Com Vítimas Fatais";"Amanhecer";"Decrescente";"Sol";"Simples";"Reta";"Não";2;1;0;1;0;0;1;1;-17,097006;-44,345785;"SPRF-MG";"DEL12-MG";"UOP01-DEL12-MG"
259795;2019-12-31;"terça-feira";"07:15:00";"SC";101;212,7;"PALHOCA";"Não guardar distância de segurança";"Colisão traseira";"Sem Vítimas";"Pleno dia";"Crescente";"Céu Claro";"Múltipla";"Reta";"Sim";3;0;0;0;3;0;0;3;-27,62996929;-48,65903871;"SPRF-SC";"DEL01-SC";"UOP02-DEL01-SC"
259796;2019-12-31;"terça-feira";"07:10:00";"RJ";101;63;"CAMPOS DOS GOYTACAZES";"Falta de Atenção à Condução";"Colisão transversal";"Com Vítimas Feridas";"Pleno dia";"Decrescente";"Céu Claro";"Dupla";"Ponte";"Sim";2;0;1;0;1;0;1;2;-21,742022;-41,33021;"SPRF-RJ";"DEL08-RJ";"UOP01-DEL08-RJ"
259797;2019-12-31;"terça-feira";"08:15:00";"RN";101;103;"PARNAMIRIM";"Defeito na Via";"Tombamento";"Com Vítimas Feridas";"Pleno dia";"Crescente";"Nublado";"Dupla";"Reta";"Sim";1;0;1;0;0;0;1;1;-5,89034022;-35,24894996;"SPRF-RN";"DEL01-RN";"UOP01-DEL01-RN"
259798;2019-12-31;"terça-feira";"07:42:00";"SC";116;48,8;"PAPANDUVA";"Velocidade Incompatível";"Saída de leito carroçável";"Com Vítimas Feridas";"Pleno dia";"Crescente";"Nublado";"Simples";"Reta";"Não";2;0;1;0;1;0;1;1;-26,36355729;-50,11956966;"SPRF-SC";"DEL06-SC";"UOP01-DEL06-SC"
259799;2019-12-31;"terça-feira";"07:35:00";"PR";277;644;"CEU AZUL";"Ingestão de Álcool";"Colisão frontal";"Com Vítimas Feridas";"Pleno dia";"Crescente";"Sol";"Simples";"Reta";"Não";4;0;1;0;3;0;1;2;-25,17363131;-53,88603272;"SPRF-PR";"DEL05-PR";"UOP02-DEL05-PR"
259800;2019-12-31;"terça-feira";"08:10:00";"RS";290;61;"GRAVATAI";"Condutor Dormindo";"Saída de leito carroçável";"Com Vítimas Feridas";"Pleno dia";"Decrescente";"Céu Claro";"Dupla";"Reta";"Não";1;0;1;0;0;0;1;1;-29,927965;-50,868099;"SPRF-RS";"DEL03-RS";"UOP01-DEL03-RS"
259801;2019-12-31;"terça-feira";"08:50:00";"RS";290;3;"OSORIO";"Falta de Atenção à Condução";"Tombamento";"Com Vítimas Feridas";"Pleno dia";"Decrescente";"Sol";"Dupla";"Reta";"Não";2;0;1;1;0;0;2;1;-29,897923;-50,304722;"SPRF-RS";"DEL03-RS";"UOP01-DEL03-RS"
259802;2019-12-31;"terça-feira";"06:30:00";"BA";242;593;"MUQUEM DE SAO FRANCISCO";"Velocidade Incompatível";"Capotamento";"Com Vítimas Feridas";"Amanhecer";"Crescente";"Chuva";"Simples";"Reta";"Não";5;0;4;1;0;0;5;1;-12,17225296;-43,26690674;"SPRF-BA";"DEL10-BA";"UOP03-DEL06-BA"
259803;2019-12-31;"terça-feira";"08:15:00";"SC";282;20,7;"PALHOCA";"Desobediência às normas de trânsito pelo condutor";"Colisão frontal";"Com Vítimas Feridas";"Pleno dia";"Decrescente";"Sol";"Simples";"Curva";"Não";3;0;3;0;0;0;3;3;-27,683958;-48,71006;"SPRF-SC";"DEL01-SC";"UOP02-DEL01-SC"
259804;2019-12-31;"terça-feira";"07:30:00";"BA";101;180,9;"SAO GONCALO DOS CAMPOS";"Desobediência às normas de trânsito pelo condutor";"Saída de leito carroçável";"Sem Vítimas";"Pleno dia";"Crescente";"Chuva";"Simples";"Reta";"Não";2;0;0;0;2;0;0;1;-12,434325;-38,915286;"SPRF-BA";"DEL01-BA";"UOP03-DEL01-BA"
259807;2019-12-31;"terça-feira";"03:15:00";"RS";290;300,8;"CACAPAVA DO SUL";"Condutor Dormindo";"Colisão com objeto estático";"Com Vítimas Fatais";"Plena Noite";"Crescente";"Céu Claro";"Simples";"Reta;Ponte";"Não";5;1;0;4;0;0;4;1;-30,317604;-53,207886;"SPRF-RS";"DEL09-RS";"UOP02-DEL09-RS"
259808;2019-12-31;"terça-feira";"06:45:00";"MT";163;838;"SINOP";"Desobediência às normas de trânsito pelo condutor";"Colisão transversal";"Com Vítimas Feridas";"Pleno dia";"Crescente";"Nublado";"Simples";"Interseção de Vias";"Sim";2;0;0;1;1;0;1;2;-11,8344454;-55,48817419;"SPRF-MT";"DEL06-MT";"UOP02-DEL06-MT"
259809;2019-12-31;"terça-feira";"09:00:00";"SP";116;155;"SAO JOSE DOS CAMPOS";"Falta de Atenção à Condução";"Capotamento";"Com Vítimas Feridas";"Pleno dia";"Decrescente";"Céu Claro";"Dupla";"Reta";"Sim";2;0;1;0;1;0;1;2;-23,24524337;-45,92772774;"SPRF-SP";"DEL02-SP";"UOP01-DEL02-SP"
259811;2019-12-31;"terça-feira";"07:50:00";"PR";272;368,4;"CAMPO MOURAO";"Falta de Atenção à Condução";"Colisão transversal";"Com Vítimas Feridas";"Pleno dia";"Decrescente";"Céu Claro";"Dupla";"Interseção de Vias";"Não";2;0;1;0;1;0;1;2;-24,05475193;-52,41061403;"SPRF-PR";"DEL04-PR";"UOP03-DEL09-PR"
259812;2019-12-31;"terça-feira";"07:30:00";"SC";101;219,9;"PALHOCA";"Defeito na Via";"Danos eventuais";"Com Vítimas Feridas";"Pleno dia";"Decrescente";"Sol";"Dupla";"Reta";"Não";6;0;5;0;1;0;5;1;-27,68392194;-48,66710085;"SPRF-SC";"DEL01-SC";"UOP02-DEL01-SC"
259813;2019-12-31;"terça-feira";"01:40:00";"MA";135;18,7;"SAO LUIS";"Pista Escorregadia";"Saída de leito carroçável";"Com Vítimas Feridas";"Plena Noite";"Decrescente";"Chuva";"Simples";"Reta";"Sim";1;0;1;0;0;0;1;1;-2,71719899;-44,32099307;"SPRF-MA";"DEL01-MA";"UOP01-DEL01-MA"
259814;2019-12-31;"terça-feira";"07:00:00";"MA";135;6;"SAO LUIS";"Falta de Atenção à Condução";"Queda de ocupante de veículo";"Com Vítimas Feridas";"Amanhecer";"Decrescente";"Chuva";"Dupla";"Reta";"Sim";2;0;1;1;0;0;2;1;-2,62877986;-44,26321818;"SPRF-MA";"DEL01-MA";"UOP01-DEL01-MA"
259816;2019-12-31;"terça-feira";"10:50:00";"PE";101;70,2;"RECIFE";"Falta de Atenção à Condução";"Colisão lateral";"Com Vítimas Feridas";"Pleno dia";"Crescente";"Céu Claro";"Dupla";"Reta";"Sim";2;0;0;1;1;0;1;2;-8,06776119;-34,94265074;"SPRF-PE";"DEL01-PE";"UOP01-DEL01-PE"
259817;2019-12-31;"terça-feira";"08:10:00";"RO";364;569;"ITAPUA DO OESTE";"Ultrapassagem Indevida";"Colisão lateral";"Com Vítimas Feridas";"Pleno dia";"Crescente";"Céu Claro";"Simples";"Curva";"Não";1;0;1;0;0;0;1;1;-9,48656987;-63,09585109;"SPRF-RO";"DEL03-RO";"UOP04-DEL01-RO"
259818;2019-12-31;"terça-feira";"10:40:00";"MG";153;6,3;"ARAPORA";"Falta de Atenção à Condução";"Saída de leito carroçável";"Com Vítimas Feridas";"Pleno dia";"Decrescente";"Nublado";"Dupla";"Reta";"Não";1;0;0;1;0;0;1;1;-18,469534;-49,18824998;"SPRF-MG";"DEL15-MG";"UOP03-DEL15-MG"
259819;2019-12-31;"terça-feira";"09:50:00";"RJ";40;108;"DUQUE DE CAXIAS";"Pista Escorregadia";"Queda de ocupante de veículo";"Com Vítimas Feridas";"Pleno dia";"Crescente";"Céu Claro";"Dupla";"Curva";"Sim";2;0;1;0;1;0;1;1;-22,66476979;-43,28495144;"SPRF-RJ";"DEL01-RJ";"UOP01-DEL01-RJ"
259820;2019-12-31;"terça-feira";"11:30:00";"SC";282;28,3;"SANTO AMARO DA IMPERATRIZ";"Falta de Atenção à Condução";"Colisão transversal";"Com Vítimas Feridas";"Pleno dia";"Decrescente";"Sol";"Simples";"Interseção de Vias";"Sim";3;0;1;0;2;0;1;2;-27,67478;-48,778904;"SPRF-SC";"DEL01-SC";"UOP03-DEL01-SC"
259821;2019-12-31;"terça-feira";"11:29:00";"PR";376;10;"MARINGA";"Ingestão de Álcool";"Colisão traseira";"Com Vítimas Feridas";"Pleno dia";"Decrescente";"Céu Claro";"Dupla";"Aclive;Curva";"Sim";6;0;4;2;0;0;6;2;-23,4273;-51,9375;"SPRF-PR";"DEL07-PR";"UOP01-DEL09-PR"
259822;2019-12-31;"terça-feira";"11:30:00";"MG";40;776,3;"JUIZ DE FORA";"Defeito Mecânico no Veículo";"Queda de ocupante de veículo";"Com Vítimas Feridas";"Pleno dia";"Crescente";"Céu Claro";"Dupla";"Curva";"Não";2;0;2;0;0;0;2;1;-21,65017316;-43,43482311;"SPRF-MG";"DEL05-MG";"UOP01-DEL05-MG"
259823;2019-12-31;"terça-feira";"11:45:00";"CE";116;41;"HORIZONTE";"Não guardar distância de segurança";"Colisão traseira";"Com Vítimas Feridas";"Pleno dia";"Crescente";"Chuva";"Múltipla";"Declive";"Sim";2;0;1;0;1;0;1;2;-4,1024351;-38,50001011;"SPRF-CE";"DEL01-CE";"UOP02-DEL01-CE"
259825;2019-12-31;"terça-feira";"11:20:00";"PR";369;397,9;"MAMBORE";"Defeito Mecânico no Veículo";"Saída de leito carroçável";"Com Vítimas Feridas";"Pleno dia";"Crescente";"Sol";"Simples";"Reta";"Não";5;0;3;1;1;0;4;1;-24,3024;-52,5922;"SPRF-PR";"DEL04-PR";"UOP03-DEL04-PR"
259827;2019-12-31;"terça-feira";"10:50:00";"MS";163;293;"DOURADOS";"Defeito Mecânico no Veículo";"Queda de ocupante de veículo";"Com Vítimas Feridas";"Pleno dia";"Crescente";"Sol";"Simples";"Reta";"Não";2;0;2;0;0;0;2;1;-22,04278008;-54,54773285;"SPRF-MS";"DEL04-MS";"UOP01-DEL04-MS"
259828;2019-12-31;"terça-feira";"11:20:00";"PR";277;303,6;"PRUDENTOPOLIS";"Desobediência às normas de trânsito pelo condutor";"Saída de leito carroçável";"Sem Vítimas";"Pleno dia";"Decrescente";"Nublado";"Simples";"Reta;Declive";"Não";1;0;0;0;0;1;0;1;-25,31275431;-51,1782709;"SPRF-PR";"DEL03-PR";"UOP01-DEL08-PR"
259829;2019-12-31;"terça-feira";"09:40:00";"GO";153;570;"PROFESSOR JAMIL";"Avarias e/ou desgaste excessivo no pneu";"Saída de leito carroçável";"Com Vítimas Feridas";"Pleno dia";"Crescente";"Chuva";"Dupla";"Declive;Curva";"Não";3;0;1;0;2;0;1;1;-17,3032;-49,2355;"SPRF-GO";"DEL03-GO";"UOP01-DEL03-GO"
259830;2019-12-31;"terça-feira";"11:45:00";"PE";424;67,7;"CAETES";"Ultrapassagem Indevida";"Colisão frontal";"Com Vítimas Feridas";"Pleno dia";"Crescente";"Nublado";"Simples";"Reta";"Não";5;0;0;2;2;1;2;4;-8,76373281;-36,64275387;"SPRF-PE";"DEL03-PE";"UOP01-DEL03-PE"
259834;2019-12-31;"terça-feira";"12:15:00";"SC";163;81,6;"GUARACIABA";"Desobediência às normas de trânsito pelo condutor";"Saída de leito carroçável";"Sem Vítimas";"Pleno dia";"Decrescente";"Céu Claro";"Simples";"Aclive;Curva;Em Obras";"Não";1;0;0;0;1;0;0;1;-26,6223321;-53,51659298;"SPRF-SC";"DEL07-SC";"UOP03-DEL07-SC"
259836;2019-12-31;"terça-feira";"13:20:00";"RS";116;296;"GUAIBA";"Pista Escorregadia";"Tombamento";"Com Vítimas Feridas";"Pleno dia";"Crescente";"Céu Claro";"Dupla";"Rotatória";"Sim";1;0;0;1;0;0;1;1;-30,08861201;-51,34229993;"SPRF-RS";"DEL02-RS";"UOP01-DEL02-RS"
259838;2019-12-31;"terça-feira";"13:30:00";"SC";470;48;"BLUMENAU";"Desobediência às normas de trânsito pelo condutor";"Colisão traseira";"Com Vítimas Feridas";"Pleno dia";"Decrescente";"Céu Claro";"Simples";"Curva";"Sim";2;0;0;1;1;0;1;2;-26,859823;-49,055393;"SPRF-SC";"DEL04-SC";"UOP01-DEL04-SC"
259839;2019-12-31;"terça-feira";"13:15:00";"MG";40;246,9;"SAO GONCALO DO ABAETE";"Pista Escorregadia";"Danos eventuais";"Com Vítimas Feridas";"Pleno dia";"Crescente";"Sol";"Simples";"Curva";"Não";4;0;1;0;3;0;1;1;-18,10077414;-45,46908824;"SPRF-MG";"DEL14-MG";"UOP02-DEL14-MG"
259840;2019-12-31;"terça-feira";"10:25:00";"RJ";101;245;"SILVA JARDIM";"Defeito Mecânico no Veículo";"Tombamento";"Com Vítimas Feridas";"Pleno dia";"Decrescente";"Sol";"Dupla";"Reta";"Não";2;0;1;0;1;0;1;1;-22,64524706;-42,48167495;"SPRF-RJ";"DEL02-RJ";"UOP03-DEL02-RJ"
259841;2019-12-31;"terça-feira";"10:45:00";"MG";116;723,8;"MURIAE";"Falta de Atenção à Condução";"Colisão transversal";"Com Vítimas Feridas";"Pleno dia";"Crescente";"Sol";"Simples";"Reta";"Sim";2;0;1;0;1;0;1;2;-21,2604711;-42,40262389;"SPRF-MG";"DEL07-MG";"UOP02-DEL07-MG"
259842;2019-12-31;"terça-feira";"13:40:00";"BA";116;656;"JEQUIE";"Pista Escorregadia";"Saída de leito carroçável";"Com Vítimas Feridas";"Pleno dia";"Crescente";"Chuva";"Simples";"Curva";"Não";3;0;2;0;1;0;2;1;-13,66414221;-40,09537258;"SPRF-BA";"DEL03-BA";"UOP01-DEL03-BA"
259843;2019-12-31;"terça-feira";"11:25:00";"MG";381;778,8;"CAMPANHA";"Não guardar distância de segurança";"Colisão lateral";"Com Vítimas Feridas";"Pleno dia";"Decrescente";"Céu Claro";"Dupla";"Reta";"Não";2;0;1;1;0;0;2;2;-21,83280868;-45,50064606;"SPRF-MG";"DEL16-MG";"UOP02-DEL16-MG"
259844;2019-12-31;"terça-feira";"13:00:00";"RO";364;197,4;"PIMENTA BUENO";"Falta de Atenção à Condução";"Colisão traseira";"Com Vítimas Feridas";"Pleno dia";"Crescente";"Nublado";"Simples";"Interseção de Vias";"Não";3;0;0;1;2;0;1;2;-11,67880278;-61,1878925;"SPRF-RO";"DEL02-RO";"UOP02-DEL02-RO"
259845;2019-12-31;"terça-feira";"10:30:00";"MA";135;18,2;"SAO LUIS";"Desobediência às normas de trânsito pelo condutor";"Colisão com objeto estático";"Sem Vítimas";"Pleno dia";"Decrescente";"Nublado";"Simples";"Reta";"Sim";2;0;0;0;0;2;0;1;-2,53073;-44,3068;"SPRF-MA";"DEL01-MA";"UOP01-DEL01-MA"
259846;2019-12-31;"terça-feira";"10:50:00";"MA";230;404;"BALSAS";"Falta de Atenção à Condução";"Colisão lateral";"Com Vítimas Feridas";"Pleno dia";"Decrescente";"Nublado";"Simples";"Reta";"Sim";2;0;1;0;1;0;1;2;-7,52339895;-46,04122203;"SPRF-MA";"DEL05-MA";"UOP01-DEL05-MA"
259851;2019-12-31;"terça-feira";"14:20:00";"ES";262;54,1;"MARECHAL FLORIANO";"Pista Escorregadia";"Capotamento";"Sem Vítimas";"Pleno dia";"Decrescente";"Chuva";"Dupla";"Curva";"Não";1;0;0;0;1;0;0;1;-20,41495529;-40,74098587;"SPRF-ES";"DEL01-ES";"UOP01-DEL01-ES"
259854;2019-12-31;"terça-feira";"13:58:00";"RN";304;281,2;"MACAIBA";"Desobediência às normas de trânsito pelo condutor";"Colisão lateral";"Com Vítimas Feridas";"Pleno dia";"Decrescente";"Céu Claro";"Simples";"Reta";"Sim";6;0;2;0;4;0;2;2;-5,88698418;-35,48092295;"SPRF-RN";"DEL01-RN";"UOP02-DEL01-RN"
259855;2019-12-31;"terça-feira";"14:00:00";"RJ";116;181;"NOVA IGUACU";"Defeito Mecânico no Veículo";"Queda de ocupante de veículo";"Com Vítimas Feridas";"Pleno dia";"Crescente";"Céu Claro";"Múltipla";"Reta";"Não";1;0;1;0;0;0;1;1;-22,68054939;-43,37779999;"SPRF-RJ";"DEL01-RJ";"UOP02-DEL01-RJ"
259856;2019-12-31;"terça-feira";"14:30:00";"SC";101;78,7;"ARAQUARI";"Não guardar distância de segurança";"Colisão traseira";"Com Vítimas Feridas";"Pleno dia";"Crescente";"Céu Claro";"Dupla";"Reta";"Não";3;0;2;0;1;0;2;2;-26,57672096;-48,72270551;"SPRF-SC";"DEL03-SC";"UOP02-DEL03-SC"
259857;2019-12-31;"terça-feira";"15:00:00";"PE";101;127,9;"ESCADA";"Não guardar distância de segurança";"Colisão traseira";"Com Vítimas Feridas";"Pleno dia";"Decrescente";"Céu Claro";"Dupla";"Reta";"Sim";3;0;3;0;0;0;3;2;-8,37472564;-35,23663257;"SPRF-PE";"DEL01-PE";"UOP03-DEL01-PE"
259858;2019-12-31;"terça-feira";"13:15:00";"RJ";40;51,9;"PETROPOLIS";"Condutor Dormindo";"Saída de leito carroçável";"Com Vítimas Feridas";"Pleno dia";"Crescente";"Céu Claro";"Dupla";"Reta;Aclive";"Sim";1;0;1;0;0;0;1;1;-22,32705315;-43,13253559;"SPRF-RJ";"DEL06-RJ";"UOP01-DEL06-RJ"
259859;2019-12-31;"terça-feira";"15:20:00";"CE";222;21;"CAUCAIA";"Velocidade Incompatível";"Tombamento";"Com Vítimas Feridas";"Pleno dia";"Crescente";"Nublado";"Simples";"Rotatória";"Não";2;0;2;0;0;0;2;1;-3,73715313;-38,74293507;"SPRF-CE";"DEL01-CE";"UOP01-DEL01-CE"
259861;2019-12-31;"terça-feira";"10:10:00";"MG";50;180;"UBERABA";"Ingestão de Álcool";"Tombamento";"Com Vítimas Feridas";"Pleno dia";"Decrescente";"Sol";"Dupla";"Reta";"Sim";1;0;1;0;0;0;1;1;-19,77848216;-47,92194709;"SPRF-MG";"DEL13-MG";"UOP01-DEL13-MG"
259862;2019-12-31;"terça-feira";"15:00:00";"RS";290;115,8;"ELDORADO DO SUL";"Defeito Mecânico no Veículo";"Incêndio";"Sem Vítimas";"Pleno dia";"Crescente";"Sol";"Simples";"Reta";"Não";1;0;0;0;1;0;0;1;-30,045572;-51,357651;"SPRF-RS";"DEL02-RS";"UOP01-DEL02-RS"
259863;2019-12-31;"terça-feira";"15:15:00";"GO";414;337;"COCALZINHO DE GOIAS";"Pista Escorregadia";"Saída de leito carroçável";"Com Vítimas Feridas";"Pleno dia";"Crescente";"Chuva";"Simples";"Curva";"Não";1;0;1;0;0;0;1;1;-15,580993;-48,628662;"SPRF-GO";"DEL02-GO";"UOP01-DEL02-GO"