"id";"data_inversa";"dia_semana";"horario";"uf";"br";"km";"municipio";"causa_acidente";"tipo_acidente";"classificacao_acidente";"fase_dia";"sentido_via";"condicao_metereologica";"tipo_pista";"tracado_via";"uso_solo";"pessoas";"mortos";"feridos_leves";"feridos_graves";"ilesos";"ignorados";"feridos";"veiculos";"latitude";"longitude";"regional";"delegacia";"uop"
259866;2019-12-31;"terça-feira";"15:20:00";"CE";222;21;"CAUCAIA";"Falta de Atenção à Condução";"Tombamento";"Com Vítimas Feridas";"Pleno dia";"Crescente";"Nublado";"Dupla";"Rotatória";"Não";2;0;2;0;0;0;2;1;-3,73715313;-38,74293507;"SPRF-CE";"DEL01-CE";"UOP01-DEL01-CE"
259867;2019-12-31;"terça-feira";"14:00:00";"RS";386;197,2;"SANTO ANTONIO DO PLANALTO";"Avarias e/ou desgaste excessivo no pneu";"Saída de leito carroçável";"Com Vítimas Feridas";"Pleno dia";"Crescente";"Chuva";"Simples";"Reta";"Não";3;0;1;0;2;0;1;1;-28,43309;-52,666565;"SPRF-RS";"DEL08-RS";"UOP01-DEL08-RS"
259868;2019-12-31;"terça-feira";"13:20:00";"RS";285;306,1;"PASSO FUNDO";"Falta de Atenção à Condução";"Saída de leito carroçável";"Com Vítimas Feridas";"Pleno dia";"Decrescente";"Nublado";"Simples";"Aclive";"Não";1;0;1;0;0;0;1;1;-28,228838;-52,497044;"SPRF-RS";"DEL08-RS";"UOP03-DEL08-RS"
259869;2019-12-31;"terça-feira";"15:45:00";"RJ";356;51;"ITAPERUNA";"Falta de Atenção à Condução";"Colisão transversal";"Com Vítimas Feridas";"Pleno dia";"Decrescente";"Céu Claro";"Simples";"Interseção de Vias";"Não";2;0;1;0;1;0;1;2;-21,257954;-41,767086;"SPRF-RJ";"DEL08-RJ";"UOP03-DEL08-RJ"
259870;2019-12-31;"terça-feira";"15:15:00";"CE";304;52,4;"ARACATI";"Falta de Atenção à Condução";"Colisão transversal";"Com Vítimas Feridas";"Pleno dia";"Crescente";"Nublado";"Simples";"Reta";"Não";3;0;1;0;2;0;1;2;-4,57080706;-37,74473041;"SPRF-CE";"DEL03-CE";"UOP03-DEL03-CE"
259871;2019-12-31;"terça-feira";"15:40:00";"MS";262;561,8;"MIRANDA";"Condutor Dormindo";"Saída de leito carroçável";"Com Vítimas Feridas";"Pleno dia";"Decrescente";"Nublado";"Simples";"Reta";"Não";2;0;1;0;1;0;1;1;-20,2238422;-56,40175113;"SPRF-MS";"DEL03-MS";"UOP02-DEL03-MS"
259872;2019-12-31;"terça-feira";"16:30:00";"BA";116;692;"JEQUIE";"Pista Escorregadia";"Saída de leito carroçável";"Com Vítimas Feridas";"Pleno dia";"Crescente";"Chuva";"Simples";"Curva";"Não";1;0;1;0;0;0;1;1;-13,95728489;-40,16715338;"SPRF-BA";"DEL03-BA";"UOP01-DEL03-BA"
259873;2019-12-31;"terça-feira";"16:45:00";"SP";116;209;"GUARULHOS";"Pista Escorregadia";"Colisão traseira";"Com Vítimas Feridas";"Pleno dia";"Decrescente";"Chuva";"Múltipla";"Reta";"Sim";2;0;1;0;1;0;1;2;-23,42511799;-46,40221101;"SPRF-SP";"DEL01-SP";"UOP01-DEL01-SP"
259874;2019-12-31;"terça-feira";"14:40:00";"DF";20;4,6;"BRASILIA";"Não guardar distância de segurança";"Colisão traseira";"Com Vítimas Feridas";"Pleno dia";"Decrescente";"Chuva";"Dupla";"Declive";"Sim";4;0;2;0;2;0;2;2;-15,675484;-47,823761;"SPRF-DF";"DEL02-DF";"UOP01-DEL02-DF"
259875;2019-12-31;"terça-feira";"16:40:00";"PR";369;175,8;"ROLANDIA";"Velocidade Incompatível";"Colisão transversal";"Com Vítimas Feridas";"Pleno dia";"Crescente";"Nublado";"Simples";"Reta";"Sim";5;0;5;0;0;0;5;2;-23,326498;-51,387952;"SPRF-PR";"DEL07-PR";"UOP01-DEL07-PR"
259876;2019-12-31;"terça-feira";"16:40:00";"SP";101;25,5;"UBATUBA";"Desobediência às normas de trânsito pelo condutor";"Colisão frontal";"Com Vítimas Feridas";"Pleno dia";"Crescente";"Céu Claro";"Simples";"Curva";"Não";6;0;0;2;3;1;2;4;-23,36185032;-44,94821999;"SPRF-SP";"DEL06-SP";"UOP01-DEL06-SP"
259877;2019-12-31;"terça-feira";"16:08:00";"GO";40;45;"LUZIANIA";"Pista Escorregadia";"Colisão com objeto estático";"Com Vítimas Feridas";"Pleno dia";"Crescente";"Chuva";"Dupla";"Curva";"Não";3;0;3;0;0;0;3;1;-16,402301;-47,823817;"SPRF-DF";"DEL01-DF";"UOP02-DEL01-DF"
259878;2019-12-31;"terça-feira";"16:10:00";"RJ";101;281;"ITABORAI";"Desobediência às normas de trânsito pelo condutor";"Incêndio";"Sem Vítimas";"Pleno dia";"Decrescente";"Nublado";"Dupla";"Reta";"Não";1;0;0;0;1;0;0;1;-22,73786208;-42,78692501;"SPRF-RJ";"DEL02-RJ";"UOP03-DEL02-RJ"
259879;2019-12-31;"terça-feira";"10:55:00";"CE";222;163,5;"IRAUCUBA";"Avarias e/ou desgaste excessivo no pneu";"Saída de leito carroçável";"Sem Vítimas";"Pleno dia";"Decrescente";"Chuva";"Simples";"Curva";"Não";1;0;0;0;1;0;0;1;-3,72953932;-39,90886688;"SPRF-CE";"DEL04-CE";"UOP03-DEL04-CE"
259880;2019-12-31;"terça-feira";"16:25:00";"PR";277;722,5;"FOZ DO IGUACU";"Falta de Atenção à Condução";"Colisão lateral";"Com Vítimas Feridas";"Pleno dia";"Crescente";"Nublado";"Dupla";"Reta";"Sim";2;0;0;1;1;0;1;2;-25,49494908;-54,52095097;"SPRF-PR";"DEL05-PR";"UOP01-DEL05-PR"
259882;2019-12-31;"terça-feira";"14:34:00";"MG";262;447;"NOVA SERRANA";"Desobediência às normas de trânsito pelo condutor";"Colisão transversal";"Com Vítimas Feridas";"Pleno dia";"Decrescente";"Sol";"Simples";"Reta";"Sim";4;0;0;1;3;0;1;2;-19,86047395;-45,00593305;"SPRF-MG";"DEL08-MG";"UOP03-DEL08-MG"
259883;2019-12-31;"terça-feira";"15:50:00";"PA";316;111;"SANTA MARIA DO PARA";"Desobediência às normas de trânsito pelo condutor";"Colisão transversal";"Com Vítimas Feridas";"Pleno dia";"Decrescente";"Céu Claro";"Simples";"Curva";"Não";3;0;2;0;1;0;2;2;-1,31708992;-47,51316503;"SPRF-PA";"DEL01-PA";"UOP02-DEL01-PA"
259884;2019-12-31;"terça-feira";"17:35:00";"MG";40;562;"NOVA LIMA";"Não guardar distância de segurança";"Colisão traseira";"Com Vítimas Feridas";"Pleno dia";"Decrescente";"Céu Claro";"Dupla";"Reta";"Não";2;0;1;0;0;1;1;2;-20,14451602;-43,95966007;"SPRF-MG";"DEL01-MG";"UOP02-DEL01-MG"
259885;2019-12-31;"terça-feira";"16:45:00";"PE";101;43,8;"IGARASSU";"Falta de Atenção à Condução";"Tombamento";"Com Vítimas Feridas";"Anoitecer";"Decrescente";"Nublado";"Múltipla";"Reta";"Sim";2;0;2;0;0;0;2;1;-7,84753808;-34,90977038;"SPRF-PE";"DEL01-PE";"UOP02-DEL01-PE"
259886;2019-12-31;"terça-feira";"17:55:00";"RN";226;4,7;"NATAL";"Ultrapassagem Indevida";"Colisão frontal";"Com Vítimas Feridas";"Plena Noite";"Crescente";"Nublado";"Simples";"Curva";"Sim";2;0;0;1;0;1;1;2;-5,81958019;-35,25969486;"SPRF-RN";"DEL01-RN";"UOP02-DEL01-RN"
259887;2019-12-31;"terça-feira";"16:30:00";"SP";381;60;"MAIRIPORA";"Pista Escorregadia";"Capotamento";"Com Vítimas Feridas";"Pleno dia";"Crescente";"Chuva";"Dupla";"Curva";"Sim";3;0;2;0;1;0;2;1;-23,28957673;-46,58729853;"SPRF-SP";"DEL03-SP";"UOP01-DEL03-SP"
259889;2019-12-31;"terça-feira";"18:05:00";"PR";277;360,7;"GUARAPUAVA";"Velocidade Incompatível";"Saída de leito carroçável";"Com Vítimas Feridas";"Pleno dia";"Crescente";"Chuva";"Simples";"Reta";"Não";2;0;0;2;0;0;2;1;-25,4342;-51,612522;"SPRF-PR";"DEL03-PR";"UOP01-DEL08-PR"
259890;2019-12-31;"terça-feira";"12:45:00";"RS";290;97;"PORTO ALEGRE";"Falta de Atenção à Condução";"Tombamento";"Com Vítimas Feridas";"Pleno dia";"Decrescente";"Céu Claro";"Simples";"Aclive";"Sim";1;0;1;0;0;0;1;1;-29,997789;-51,20779;"SPRF-RS";"DEL01-RS";"UOP01-DEL01-RS"
259891;2019-12-31;"terça-feira";"15:30:00";"MA";10;206,8;"RIBAMAR FIQUENE";"Desobediência às normas de trânsito pelo condutor";"Colisão lateral";"Com Vítimas Feridas";"Pleno dia";"Decrescente";"Nublado";"Simples";"Reta";"Não";2;0;0;1;1;0;1;2;-5,914184;-47,37492;"SPRF-MA";"DEL04-MA";"UOP01-DEL04-MA"
259892;2019-12-31;"terça-feira";"18:30:00";"TO";235;167;"TUPIRAMA";"Avarias e/ou desgaste excessivo no pneu";"Colisão com objeto estático";"Com Vítimas Fatais";"Plena Noite";"Crescente";"Céu Claro";"Simples";"Curva";"Não";2;1;0;0;0;1;0;2;-8,9793466;-48,19938696;"SPRF-TO";"DEL02-TO";"UOP02-DEL02-TO"
259894;2019-12-31;"terça-feira";"16:50:00";"SP";381;71;"SAO PAULO";"Defeito na Via";"Queda de ocupante de veículo";"Com Vítimas Feridas";"Pleno dia";"Decrescente";"Garoa/Chuvisco";"Dupla";"Curva";"Sim";1;0;1;0;0;0;1;1;-23,35047979;-46,55267274;"SPRF-SP";"DEL03-SP";"UOP01-DEL03-SP"
259895;2019-12-31;"terça-feira";"16:55:00";"GO";20;163,2;"ALVORADA DO NORTE";"Velocidade Incompatível";"Saída de leito carroçável";"Com Vítimas Feridas";"Pleno dia";"Decrescente";"Chuva";"Simples";"Reta";"Não";3;0;1;0;2;0;1;1;-14,595838;-46,594223;"SPRF-DF";"DEL02-DF";"UOP03-DEL02-DF"
259897;2019-12-31;"terça-feira";"19:20:00";"SE";235;1,8;"ARACAJU";"Pista Escorregadia";"Queda de ocupante de veículo";"Com Vítimas Feridas";"Plena Noite";"Crescente";"Garoa/Chuvisco";"Simples";"Curva";"Sim";1;0;1;0;0;0;1;1;-10,9073;-37,0947;"SPRF-SE";"DEL01-SE";"UOP01-DEL01-SE"
259898;2019-12-31;"terça-feira";"18:50:00";"RS";285;327,4;"CARAZINHO";"Desobediência às normas de trânsito pelo condutor";"Colisão lateral";"Com Vítimas Feridas";"Pleno dia";"Decrescente";"Sol";"Simples";"Reta";"Não";2;0;2;0;0;0;2;2;-28,28352163;-52,70278931;"SPRF-RS";"DEL08-RS";"UOP03-DEL08-RS"
259899;2019-12-31;"terça-feira";"19:30:00";"RS";290;71,6;"GRAVATAI";"Pista Escorregadia";"Saída de leito carroçável";"Com Vítimas Fatais";"Plena Noite";"Crescente";"Chuva";"Dupla";"Reta";"Não";8;1;4;3;0;0;7;2;-29,951347;-50,965858;"SPRF-RS";"DEL03-RS";"UOP01-DEL03-RS"
259900;2019-12-31;"terça-feira";"19:20:00";"RJ";493;5;"GUAPIMIRIM";"Defeito na Via";"Queda de ocupante de veículo";"Com Vítimas Feridas";"Plena Noite";"Crescente";"Céu Claro";"Simples";"Reta";"Não";1;0;1;0;0;0;1;1;-22,73998606;-42,95374823;"SPRF-RJ";"DEL02-RJ";"UOP02-DEL02-RJ"
259901;2019-12-31;"terça-feira";"19:05:00";"SC";470;68,3;"INDAIAL";"Falta de Atenção à Condução";"Colisão traseira";"Com Vítimas Feridas";"Anoitecer";"Crescente";"Céu Claro";"Simples";"Rotatória";"Sim";2;0;1;0;1;0;1;2;-26,877615;-49,239231;"SPRF-SC";"DEL04-SC";"UOP01-DEL04-SC"
259905;2019-12-31;"terça-feira";"18:50:00";"MS";262;360,1;"CAMPO GRANDE";"Ingestão de Álcool";"Colisão frontal";"Com Vítimas Fatais";"Plena Noite";"Crescente";"Céu Claro";"Simples";"Reta";"Não";4;1;0;1;2;0;1;2;-20,52581098;-54,70976798;"SPRF-MS";"DEL01-MS";"UOP03-DEL01-MS"
259906;2019-12-31;"terça-feira";"19:55:00";"PR";376;664,5;"GUARATUBA";"Avarias e/ou desgaste excessivo no pneu";"Saída de leito carroçável";"Com Vítimas Feridas";"Plena Noite";"Crescente";"Nublado";"Dupla";"Curva;Declive";"Não";6;0;2;0;4;0;2;1;-25,856572;-48,951893;"SPRF-PR";"DEL01-PR";"UOP04-DEL01-PR"
259908;2019-12-31;"terça-feira";"18:30:00";"PR";476;127;"CURITIBA";"Defeito Mecânico no Veículo";"Queda de ocupante de veículo";"Com Vítimas Feridas";"Anoitecer";"Crescente";"Nublado";"Dupla";"Reta";"Sim";2;0;2;0;0;0;2;1;-25,425167;-49,227158;"SPRF-PR";"DEL01-PR";"UOP07-DEL01-PR"
259909;2019-12-31;"terça-feira";"19:40:00";"BA";407;127,1;"SENHOR DO BONFIM";"Ingestão de Álcool";"Colisão transversal";"Com Vítimas Feridas";"Plena Noite";"Decrescente";"Céu Claro";"Simples";"Reta";"Sim";3;0;1;0;2;0;1;2;-10,46231315;-40,17519422;"SPRF-BA";"DEL04-BA";"UOP01-DEL04-BA"
259910;2019-12-30;"segunda-feira";"10:42:00";"PI";135;495;"MONTE ALEGRE DO PIAUI";"Animais na Pista";"Atropelamento de Animal";"Sem Vítimas";"Pleno dia";"Decrescente";"Céu Claro";"Simples";"Reta";"Não";1;0;0;0;1;0;0;1;-9,7354421;-45,22192499;"SPRF-PI";"DEL03-PI";"UOP02-DEL03-PI"
259911;2019-12-31;"terça-feira";"18:50:00";"MS";60;674;"BELA VISTA";"Falta de Atenção à Condução";"Colisão traseira";"Com Vítimas Fatais";"Plena Noite";"Crescente";"Céu Claro";"Simples";"Reta";"Não";3;1;1;0;1;0;1;2;-22,04295203;-56,52007725;"SPRF-MS";"DEL05-MS";"UOP01-DEL05-MS"
259912;2019-12-31;"terça-feira";"18:00:00";"PE";232;22,3;"MORENO";"Defeito Mecânico no Veículo";"Incêndio";"Sem Vítimas";"Plena Noite";"Decrescente";"Nublado";"Dupla";"Reta";"Não";1;0;0;0;1;0;0;1;-8,09735333;-35,0885725;"SPRF-PE";"DEL01-PE";"UOP02-DEL02PE"
259913;2019-12-31;"terça-feira";"20:05:00";"MG";381;917;"CAMANDUCAIA";"Desobediência às normas de trânsito pelo condutor";"Colisão frontal";"Com Vítimas Feridas";"Plena Noite";"Crescente";"Céu Claro";"Dupla";"Curva";"Não";2;0;1;1;0;0;2;2;-22,76700121;-46,17875277;"SPRF-MG";"DEL16-MG";"UOP03-DEL16-MG"
259914;2019-12-31;"terça-feira";"17:20:00";"MG";262;38,3;"MANHUACU";"Desobediência às normas de trânsito pelo condutor";"Colisão lateral";"Sem Vítimas";"Pleno dia";"Decrescente";"Céu Claro";"Simples";"Aclive;Reta";"Sim";2;0;0;0;1;1;0;2;-20,26305859;-42,03684948;"SPRF-MG";"DEL06-MG";"UOP03-DEL06-MG"
259915;2019-12-31;"terça-feira";"19:05:00";"PR";373;415;"FOZ DO JORDAO";"Ingestão de Álcool";"Colisão frontal";"Com Vítimas Feridas";"Pleno dia";"Crescente";"Nublado";"Simples";"Aclive;Reta";"Sim";2;0;0;1;1;0;1;2;-25,67316978;-52,12498784;"SPRF-PR";"DEL03-PR";"UOP01-DEL08-PR"
259916;2019-12-31;"terça-feira";"20:00:00";"SC";280;233,8;"CANOINHAS";"Falta de Atenção à Condução";"Colisão transversal";"Com Vítimas Feridas";"Plena Noite";"Decrescente";"Nublado";"Simples";"Interseção de Vias";"Sim";2;0;1;1;0;0;2;2;-26,19146187;-50,39215;"SPRF-SC";"DEL06-SC";"UOP04-DEL06-SC"
259917;2019-12-31;"terça-feira";"19:50:00";"MG";262;439,8;"NOVA SERRANA";"Desobediência às normas de trânsito pelo condutor";"Colisão transversal";"Com Vítimas Feridas";"Plena Noite";"Crescente";"Céu Claro";"Dupla";"Reta";"Sim";3;0;2;0;1;0;2;2;-19,87799664;-44,94086286;"SPRF-MG";"DEL08-MG";"UOP03-DEL08-MG"
259918;2019-12-31;"terça-feira";"19:30:00";"RS";116;245,6;"SAO LEOPOLDO";"Pista Escorregadia";"Tombamento";"Com Vítimas Feridas";"Plena Noite";"Decrescente";"Chuva";"Múltipla";"Reta";"Sim";1;0;1;0;0;0;1;1;-29,73196199;-51,14952004;"SPRF-RS";"DEL01-RS";"UOP02-DEL01-RS"
259920;2019-12-31;"terça-feira";"18:10:00";"PI";20;369,7;"MONSENHOR HIPOLITO";"Falta de Atenção à Condução";"Colisão traseira";"Com Vítimas Fatais";"Plena Noite";"Decrescente";"Chuva";"Simples";"Reta";"Não";4;1;0;2;1;0;2;2;-6,77476011;-40,99878987;"SPRF-PI";"DEL04-PI";"UOP01-DEL04-PI"
259921;2019-12-31;"terça-feira";"13:00:00";"BA";101;792,2;"ITAMARAJU";"Pista Escorregadia";"Saída de leito carroçável";"Com Vítimas Feridas";"Pleno dia";"Decrescente";"Chuva";"Simples";"Reta";"Não";4;0;4;0;0;0;4;1;-17,08240008;-39,56959989;"SPRF-BA";"DEL09-BA";"UOP01-DEL09-BA"
259922;2019-12-31;"terça-feira";"18:30:00";"AC";364;138,1;"RIO BRANCO";"Falta de Atenção à Condução";"Colisão lateral";"Com Vítimas Feridas";"Plena Noite";"Decrescente";"Céu Claro";"Dupla";"Rotatória";"Sim";2;0;1;0;1;0;1;2;-9,96112502;-67,85646604;"SPRF-AC";"DEL01-AC";"UOP01-DEL01-AC"
259923;2019-12-31;"terça-feira";"20:40:00";"RJ";493;120;"ITAGUAI";"Falta de Atenção à Condução";"Queda de ocupante de veículo";"Com Vítimas Feridas";"Plena Noite";"Crescente";"Céu Claro";"Dupla";"Reta";"Não";2;0;1;0;1;0;1;1;-22,87919502;-43,82555187;"SPRF-RJ";"DEL03-RJ";"UOP01-DEL03-RJ"
259924;2019-12-31;"terça-feira";"20:40:00";"PR";376;198;"MARIALVA";"Velocidade Incompatível";"Colisão com objeto estático";"Com Vítimas Feridas";"Plena Noite";"Crescente";"Céu Claro";"Dupla";"Interseção de Vias";"Não";1;0;0;1;0;0;1;1;-23,49927854;-51,76866174;"SPRF-PR";"DEL07-PR";"UOP01-DEL09-PR"
259925;2019-12-31;"terça-feira";"21:10:00";"ES";262;2,2;"CARIACICA";"Falta de Atenção à Condução";"Colisão lateral";"Sem Vítimas";"Plena Noite";"Crescente";"Céu Claro";"Dupla";"Reta";"Sim";2;0;0;0;2;0;0;2;-20,33275688;-40,36077696;"SPRF-ES";"DEL01-ES";"UOP01-DEL01-ES"
259927;2019-12-31;"terça-feira";"21:25:00";"PE";232;110,1;"BEZERROS";"Falta de Atenção à Condução";"Saída de leito carroçável";"Com Vítimas Feridas";"Plena Noite";"Crescente";"Céu Claro";"Dupla";"Reta";"Não";4;0;1;3;0;0;4;1;-8,28634529;-35,81755579;"SPRF-PE";"DEL02-PE";"UOP03-DEL02-PE"
259929;2019-12-31;"terça-feira";"21:40:00";"MG";381;477,2;"CONTAGEM";"Defeito Mecânico no Veículo";"Queda de ocupante de veículo";"Com Vítimas Feridas";"Plena Noite";"Decrescente";"Céu Claro";"Dupla";"Reta";"Não";2;0;2;0;0;0;2;1;-19,96179268;-44,05041676;"SPRF-MG";"DEL01-MG";"UOP03-DEL01-MG"
259930;2019-12-31;"terça-feira";"21:30:00";"RJ";101;62;"CAMPOS DOS GOYTACAZES";"Falta de Atenção à Condução";"Colisão transversal";"Com Vítimas Feridas";"Plena Noite";"Crescente";"Céu Claro";"Simples";"Reta";"Sim";2;0;1;0;1;0;1;2;-21,73473386;-41,32504025;"SPRF-RJ";"DEL08-RJ";"UOP01-DEL08-RJ"
259931;2019-12-31;"terça-feira";"22:00:00";"PR";277;667,1;"MEDIANEIRA";"Falta de Atenção à Condução";"Colisão traseira";"Com Vítimas Feridas";"Plena Noite";"Crescente";"Garoa/Chuvisco";"Dupla";"Reta;Viaduto";"Sim";2;0;0;1;1;0;1;2;-25,26577498;-54,05432901;"SPRF-PR";"DEL05-PR";"UOP02-DEL05-PR"
259932;2019-12-31;"terça-feira";"22:30:00";"MG";40;448;"CAETANOPOLIS";"Desobediência às normas de trânsito pelo condutor";"Colisão transversal";"Com Vítimas Feridas";"Plena Noite";"Crescente";"Céu Claro";"Simples";"Rotatória";"Não";3;0;0;1;2;0;1;2;-19,301651;-44,377922;"SPRF-MG";"DEL02-MG";"UOP01-DEL02-MG"
259933;2019-12-31;"terça-feira";"21:20:00";"SC";101;311,5;"LAGUNA";"Desobediência às normas de trânsito pelo condutor";"Colisão frontal";"Com Vítimas Feridas";"Plena Noite";"Crescente";"Nublado";"Simples";"Interseção de Vias";"Sim";3;0;1;1;1;0;2;2;-28,44056288;-48,81689072;"SPRF-SC";"DEL02-SC";"UOP01-DEL02-SC"
259934;2019-12-31;"terça-feira";"22:05:00";"MG";116;276,3;"TEOFILO OTONI";"Não guardar distância de segurança";"Colisão traseira";"Com Vítimas Feridas";"Plena Noite";"Decrescente";"Céu Claro";"Simples";"Reta";"Sim";3;0;2;0;1;0;2;2;-17,85105696;-41,51454492;"SPRF-MG";"DEL11-MG";"UOP01-DEL11-MG"
259935;2019-12-31;"terça-feira";"15:40:00";"SC";280;234,8;"CANOINHAS";"Falta de Atenção à Condução";"Colisão transversal";"Com Vítimas Feridas";"Pleno dia";"Decrescente";"Céu Claro";"Simples";"Aclive";"Sim";2;0;1;0;1;0;1;2;-26,19130591;-50,40255601;"SPRF-SC";"DEL06-SC";"UOP04-DEL06-SC"
260024;2019-12-31;"terça-feira";"19:10:00";"RS";392;52,3;"RIO GRANDE";"Falta de Atenção à Condução";"Colisão lateral";"Com Vítimas Feridas";"Anoitecer";"Decrescente";"Nublado";"Múltipla";"Reta";"Não";2;0;1;0;1;0;1;2;-31,85621898;-52,32534987;"SPRF-RS";"DEL07-RS";"UOP02-DEL07-RS"
260025;2019-12-31;"terça-feira";"22:40:00";"MT";163;756,3;"SORRISO";"Ingestão de Álcool";"Saída de leito carroçável";"Sem Vítimas";"Plena Noite";"Decrescente";"Garoa/Chuvisco";"Simples";"Reta";"Não";1;0;0;0;1;0;0;1;-12,62504399;-55,76969001;"SPRF-MT";"DEL06-MT";"UOP01-DEL06-MT"
260026;2019-12-31;"terça-feira";"23:50:00";"ES";101;293;"CARIACICA";"Ingestão de Álcool";"Colisão com objeto estático";"Com Vítimas Feridas";"Plena Noite";"Crescente";"Nublado";"Dupla";"Reta";"Não";2;0;2;0;0;0;2;1;-20,31526144;-40,39567044;"SPRF-ES";"DEL01-ES";"UOP01-DEL01-ES"
260027;2019-12-31;"terça-feira";"23:10:00";"RS";290;72;"GRAVATAI";"Condutor Dormindo";"Saída de leito carroçável";"Com Vítimas Feridas";"Plena Noite";"Crescente";"Nublado";"Dupla";"Reta";"Não";1;0;1;0;0;0;1;1;-29,952784;-50,976074;"SPRF-RS";"DEL03-RS";"UOP01-DEL03-RS"
260028;2019-12-31;"terça-feira";"22:05:00";"CE";116;374,9;"ICO";"Desobediência às normas de trânsito pelo condutor";"Colisão frontal";"Com Vítimas Feridas";"Plena Noite";"Crescente";"Chuva";"Simples";"Reta";"Sim";2;0;1;0;0;1;1;2;-6,38981779;-38,82378617;"SPRF-CE";"DEL05-CE";"UOP01-DEL05-CE"
260029;2019-12-31;"terça-feira";"23:30:00";"SC";101;97,7;"BALNEARIO PICARRAS";"Animais na Pista";"Saída de leito carroçável";"Com Vítimas Feridas";"Plena Noite";"Crescente";"Nublado";"Dupla";"Reta";"Não";1;0;1;0;0;0;1;1;-26,72823703;-48,70224928;"SPRF-SC";"DEL03-SC";"UOP02-DEL03-SC"
260030;2019-12-31;"terça-feira";"18:00:00";"RR";432;47;"CARACARAI";"Falta de Atenção à Condução";"Saída de leito carroçável";"Com Vítimas Feridas";"Plena Noite";"Crescente";"Céu Claro";"Simples";"Curva";"Não";7;0;4;0;3;0;4;1;1,61719015;-60,36386476;"SPRF-RR";"DEL01-RR";"UOP01-DEL01-RR"
260032;2019-12-31;"terça-feira";"23:45:00";"SC";470;7;"NAVEGANTES";"Desobediência às normas de trânsito pelo condutor";"Colisão transversal";"Com Vítimas Feridas";"Plena Noite";"Decrescente";"Céu Claro";"Simples";"Viaduto";"Não";3;0;2;0;1;0;2;2;-26,84499;-48,71505;"SPRF-SC";"DEL04-SC";"UOP04-DEL04-SC"
260035;2019-12-31;"terça-feira";"21:15:00";"RS";153;382;"NOVO CABRAIS";"Ingestão de Álcool";"Colisão frontal";"Com Vítimas Fatais";"Plena Noite";"Decrescente";"Céu Claro";"Simples";"Reta";"Não";8;1;0;5;1;1;5;3;-29,86529305;-52,96526445;"SPRF-RS";"DEL02-RS";"UOP02-DEL02-RS"
260047;2019-12-31;"terça-feira";"23:45:00";"PE";101;63,7;"RECIFE";"Velocidade Incompatível";"Colisão traseira";"Com Vítimas Feridas";"Plena Noite";"Decrescente";"Céu Claro";"Dupla";"Declive";"Sim";3;0;1;1;0;1;2;2;-8,014011;-34,939008;"SPRF-PE";"DEL01-PE";"UOP01-DEL01-PE"
260062;2019-12-31;"terça-feira";"23:40:00";"PB";434;5,7;"UIRAUNA";"Velocidade Incompatível";"Tombamento";"Com Vítimas Fatais";"Plena Noite";"Crescente";"Chuva";"Simples";"Curva";"Não";1;1;0;0;0;0;0;1;-6,464712;-38,426767;"SPRF-PB";"DEL03-PB";"UOP03-DEL03-PB"
260089;2019-12-31;"terça-feira";"21:55:00";"RO";364;343,1;"JI-PARANA";"Falta de Atenção à Condução";"Colisão traseira";"Com Vítimas Feridas";"Plena Noite";"Crescente";"Nublado";"Dupla";"Reta";"Sim";2;0;0;1;1;0;1;2;-10,87878519;-61,94499012;"SPRF-RO";"DEL02-RO";"UOP01-DEL02-RO"
260093;2019-12-31;"terça-feira";"23:50:00";"SE";235;77,7;"FREI PAULO";"Ingestão de Álcool";"Atropelamento de Pedestre";"Com Vítimas Fatais";"Plena Noite";"Crescente";"Céu Claro";"Simples";"Aclive;Reta";"Não";2;1;0;0;0;1;0;2;-10,540403;-37,573017;"SPRF-SE";"DEL01-SE";"UOP02-DEL01-SE"
260104;2019-09-23;"segunda-feira";"21:30:00";"MA";316;550;"CAXIAS";"Falta de Atenção à Condução";"Queda de ocupante de veículo";"Com Vítimas Feridas";"Plena Noite";"Decrescente";"Chuva";"Simples";"Reta";"Sim";1;0;1;0;0;0;1;1;-4,886773;-43,362507;"SPRF-MA";"DEL03-MA";"UOP02-DEL03-MA"
260106;2019-12-20;"sexta-feira";"08:10:00";"MS";163;113;"ITAQUIRAI";"Não guardar distância de segurança";"Engavetamento";"Sem Vítimas";"Pleno dia";"Crescente";"Nublado";"Dupla";"Reta";"Não";4;0;0;0;2;2;0;3;-23,17022102;-54,19924375;"SPRF-MS";"DEL09-MS";"UOP01-DEL09-MS"
260111;2019-12-08;"domingo";"13:00:00";"GO";153;392;"PIRENOPOLIS";"Desobediência às normas de trânsito pelo condutor";"Colisão transversal";"Com Vítimas Feridas";"Pleno dia";"Crescente";"Ignorado";"Simples";"Curva";"Não";2;0;1;0;1;0;1;2;-15,99664525;-49,14768219;"SPRF-GO";"DEL02-GO";"UOP02-DEL02-GO"