"id";"data_inversa";"dia_semana";"horario";"uf";"br";"km";"municipio";"causa_acidente";"tipo_acidente";"classificacao_acidente";"fase_dia";"sentido_via";"condicao_metereologica";"tipo_pista";"tracado_via";"uso_solo";"pessoas";"mortos";"feridos_leves";"feridos_graves";"ilesos";"ignorados";"feridos";"veiculos";"latitude";"longitude";"regional";"delegacia";"uop"
260127;2019-09-05;"quinta-feira";"18:30:00";"SC";153;109,8;"CONCORDIA";"Falta de Atenção à Condução";"Colisão frontal";"Com Vítimas Feridas";"Plena Noite";"Crescente";"Céu Claro";"Simples";"Reta;Interseção de Vias";"Não";2;0;1;1;0;0;2;2;-27,308092;-51,980938;"SPRF-SC";"DEL07-SC";"UOP04-DEL07-SC"
260131;2019-05-10;"sexta-feira";"14:00:00";"RJ";116;183;"NOVA IGUACU";"Avarias e/ou desgaste excessivo no pneu";"Capotamento";"Com Vítimas Feridas";"Pleno dia";"Crescente";"Nublado";"Dupla";"Reta";"Sim";5;0;3;1;1;0;4;1;-22,7516014;-43,43849831;"SPRF-RJ";"DEL01-RJ";"UOP02-DEL01-RJ"
260212;2019-12-31;"terça-feira";"20:40:00";"PI";343;510,7;"AMARANTE";"Animais na Pista";"Atropelamento de Animal";"Com Vítimas Feridas";"Plena Noite";"Decrescente";"Céu Claro";"Simples";"Curva";"Não";1;0;0;1;0;0;1;1;-6,280632;-42,816727;"SPRF-PI";"DEL03-PI";"UOP01-DEL03-PI"
260301;2019-05-29;"quarta-feira";"16:30:00";"RS";158;325,3;"SANTA MARIA";"Falta de Atenção à Condução";"Colisão transversal";"Com Vítimas Feridas";"Pleno dia";"Crescente";"Céu Claro";"Simples";"Interseção de Vias";"Não";2;0;0;1;1;0;1;2;-29,7037466;-53,79524635;"SPRF-RS";"DEL09-RS";"UOP01-DEL09-RS"
260313;2019-06-08;"sábado";"18:50:00";"SP";116;229;"SAO PAULO";"Não guardar distância de segurança";"Colisão lateral";"Com Vítimas Feridas";"Plena Noite";"Decrescente";"Céu Claro";"Múltipla";"Reta";"Sim";2;0;0;1;0;1;1;2;-23,51291902;-46,57604698;"SPRF-SP";"DEL01-SP";"UOP01-DEL01-SP"
260363;2019-04-11;"quinta-feira";"12:10:00";"SC";101;213;"PALHOCA";"Falta de Atenção à Condução";"Colisão transversal";"Com Vítimas Feridas";"Pleno dia";"Crescente";"Céu Claro";"Dupla";"Interseção de Vias";"Sim";2;0;1;0;1;0;1;2;-27,63697369;-48,66514142;"SPRF-SC";"DEL01-SC";"UOP02-DEL01-SC"
260380;2019-12-01;"domingo";"08:20:00";"SC";101;118,8;"ITAJAI";"Desobediência às normas de trânsito pelo condutor";"Colisão transversal";"Sem Vítimas";"Pleno dia";"Decrescente";"Nublado";"Simples";"Interseção de Vias";"Não";2;0;0;0;1;1;0;2;-26,895859;-48,71903;"SPRF-SC";"DEL04-SC";"UOP04-DEL04-SC"
260391;2019-12-09;"segunda-feira";"14:40:00";"PE";104;28,7;"TORITAMA";"Falta de Atenção à Condução";"Colisão transversal";"Com Vítimas Feridas";"Pleno dia";"Crescente";"Céu Claro";"Simples";"Reta";"Sim";3;0;2;1;0;0;3;2;-8,0065;-36,0709;"SPRF-PE";"DEL02-PE";"UOP01-DEL02-PE"
260514;2019-11-11;"segunda-feira";"09:00:00";"MG";116;676;"MIRADOURO";"Falta de Atenção à Condução";"Colisão traseira";"Com Vítimas Feridas";"Pleno dia";"Decrescente";"Ignorado";"Simples";"Reta";"Sim";2;0;1;0;1;0;1;2;-20,91146677;-42,34913374;"SPRF-MG";"DEL07-MG";"UOP02-DEL07-MG"
260517;2019-05-13;"segunda-feira";"08:20:00";"BA";116;418,7;"FEIRA DE SANTANA";"Falta de Atenção do Pedestre";"Atropelamento de Pedestre";"Com Vítimas Feridas";"Pleno dia";"Decrescente";"Céu Claro";"Simples";"Reta";"Sim";2;0;0;1;1;0;1;2;-12,185808;-38,965225;"SPRF-BA";"DEL02-BA";"UOP01-DEL02-BA"
260546;2019-12-18;"quarta-feira";"01:20:00";"GO";153;699,3;"ITUMBIARA";"Ingestão de Álcool";"Atropelamento de Pedestre";"Com Vítimas Fatais";"Plena Noite";"Decrescente";"Ignorado";"Dupla";"Reta";"Sim";1;1;0;0;0;0;0;1;-18,3862;-49,2076;"SPRF-GO";"DEL03-GO";"UOP02-DEL03-GO"
260553;2019-10-31;"quinta-feira";"12:30:00";"SC";470;146;"RIO DO SUL";"Falta de Atenção à Condução";"Colisão transversal";"Com Vítimas Feridas";"Pleno dia";"Crescente";"Nublado";"Simples";"Interseção de Vias";"Sim";2;0;2;0;0;0;2;2;-27,240673;-49,685822;"SPRF-SC";"DEL04-SC";"UOP02-DEL04-SC"
260573;2019-11-10;"domingo";"05:15:00";"RS";290;73,5;"GRAVATAI";"Falta de Atenção do Pedestre";"Atropelamento de Pedestre";"Com Vítimas Feridas";"Amanhecer";"Decrescente";"Chuva";"Dupla";"Reta";"Não";2;0;0;1;1;0;1;2;-29,953354;-50,996696;"SPRF-RS";"DEL03-RS";"UOP01-DEL03-RS"
260595;2019-07-01;"segunda-feira";"12:40:00";"RJ";101;485;"ANGRA DOS REIS";"Velocidade Incompatível";"Colisão frontal";"Com Vítimas Feridas";"Pleno dia";"Crescente";"Céu Claro";"Múltipla";"Rotatória";"Sim";2;0;0;1;1;0;1;2;-22,98573526;-44,29709764;"SPRF-RJ";"DEL03-RJ";"UOP03-DEL03-RJ"
260596;2019-12-22;"domingo";"09:10:00";"PA";316;21,6;"BENEVIDES";"Falta de Atenção do Pedestre";"Atropelamento de Pedestre";"Com Vítimas Fatais";"Pleno dia";"Decrescente";"Nublado";"Dupla";"Reta";"Sim";3;1;1;0;1;0;1;2;-1,35387456;-48,25762868;"SPRF-PA";"DEL01-PA";"UOP01-DEL01-PA"
260602;2019-11-10;"domingo";"01:10:00";"PR";376;440;"TIBAGI";"Falta de Atenção à Condução";"Capotamento";"Com Vítimas Feridas";"Plena Noite";"Decrescente";"Ignorado";"Simples";"Curva";"Não";2;0;2;0;0;0;2;1;-24,85877828;-50,45246312;"SPRF-PR";"DEL03-PR";"UOP02-DEL03-PR"
260638;2019-12-18;"quarta-feira";"08:45:00";"RJ";101;320;"SAO GONCALO";"Não guardar distância de segurança";"Colisão traseira";"Com Vítimas Feridas";"Pleno dia";"Crescente";"Nublado";"Dupla";"Reta";"Sim";3;0;2;0;1;0;2;2;-22,86171098;-43,10714015;"SPRF-RJ";"DEL02-RJ";"UOP02-DEL02-RJ"
260643;2019-12-25;"quarta-feira";"17:20:00";"RJ";101;313;"SAO GONCALO";"Ingestão de Álcool";"Capotamento";"Com Vítimas Feridas";"Pleno dia";"Crescente";"Céu Claro";"Dupla";"Reta";"Sim";1;0;1;0;0;0;1;1;-22,81049093;-43,06983304;"SPRF-RJ";"DEL02-RJ";"UOP02-DEL02-RJ"
260660;2019-12-20;"sexta-feira";"19:10:00";"GO";158;35;"BOM JARDIM DE GOIAS";"Falta de Atenção à Condução";"Colisão frontal";"Com Vítimas Feridas";"Anoitecer";"Decrescente";"Ignorado";"Simples";"Reta";"Não";2;0;1;0;0;1;1;2;-16,01185693;-52,18380332;"SPRF-GO";"DEL04-GO";"UOP01-DEL04-GO"
260664;2019-09-23;"segunda-feira";"03:59:00";"GO";153;194;"URUACU";"Defeito na Via";"Saída de leito carroçável";"Com Vítimas Feridas";"Amanhecer";"Decrescente";"Nublado";"Simples";"Reta";"Não";1;0;0;1;0;0;1;1;-14,463091;-49,156166;"SPRF-GO";"DEL07-GO";"UOP01-DEL07-GO"
260751;2019-11-17;"domingo";"18:00:00";"MG";40;474,1;"SETE LAGOAS";"Desobediência às normas de trânsito pelo condutor";"Saída de leito carroçável";"Com Vítimas Feridas";"Anoitecer";"Decrescente";"Chuva";"Múltipla";"Reta";"Sim";2;0;1;0;1;0;1;1;-19,50551591;-44,27423377;"SPRF-MG";"DEL02-MG";"UOP01-DEL02-MG"
260754;2019-11-21;"quinta-feira";"07:50:00";"SC";101;206;"SAO JOSE";"Desobediência às normas de trânsito pelo condutor";"Colisão traseira";"Com Vítimas Feridas";"Pleno dia";"Crescente";"Ignorado";"Múltipla";"Reta";"Sim";2;0;1;0;1;0;1;2;-27,59193546;-48,61824557;"SPRF-SC";"DEL01-SC";"UOP01-DEL01-SC"
260757;2019-12-31;"terça-feira";"22:20:00";"PR";277;113;"CAMPO LARGO";"Falta de Atenção à Condução";"Saída de leito carroçável";"Com Vítimas Feridas";"Plena Noite";"Crescente";"Nublado";"Dupla";"Reta";"Sim";1;0;1;0;0;0;1;1;-25,446573;-49,488446;"SPRF-PR";"DEL01-PR";"UOP06-DEL01-PR"
260794;2019-08-25;"domingo";"04:35:00";"MG";262;711,2;"ARAXA";"Ingestão de Álcool";"Colisão traseira";"Com Vítimas Fatais";"Plena Noite";"Decrescente";"Céu Claro";"Simples";"Reta";"Não";8;1;2;0;5;0;2;2;-19,60285197;-47,15315805;"SPRF-MG";"DEL08-MG";"UOP01-DEL08-MG"
260873;2019-11-13;"quarta-feira";"17:00:00";"SP";116;346,7;"MIRACATU";"Defeito Mecânico no Veículo";"Colisão com objeto estático";"Com Vítimas Feridas";"Pleno dia";"Crescente";"Nublado";"Dupla";"Curva";"Não";1;0;0;1;0;0;1;1;-24,04626315;-47,19684184;"SPRF-SP";"DEL04-SP";"UOP03-DEL04-SP"
260962;2019-12-16;"segunda-feira";"17:27:00";"RJ";116;277,3;"BARRA MANSA";"Falta de Atenção à Condução";"Colisão traseira";"Com Vítimas Feridas";"Anoitecer";"Decrescente";"Céu Claro";"Dupla";"Curva;Declive";"Sim";2;0;1;0;1;0;1;2;-22,56183393;-44,16588602;"SPRF-RJ";"DEL07-RJ";"UOP02-DEL07-RJ"
260981;2019-12-07;"sábado";"19:00:00";"RS";386;350,6;"ESTRELA";"Velocidade Incompatível";"Colisão lateral";"Com Vítimas Feridas";"Anoitecer";"Crescente";"Céu Claro";"Dupla";"Aclive";"Não";5;0;3;0;2;0;3;2;-29,48102994;-51,95405871;"SPRF-RS";"DEL04-RS";"UOP02-DEL04-RS"
261072;2019-12-28;"sábado";"22:00:00";"RS";285;523,3;"VITORIA DAS MISSOES";"Ingestão de álcool e/ou substâncias psicoativas pelo pedestre";"Colisão lateral";"Com Vítimas Feridas";"Plena Noite";"Decrescente";"Céu Claro";"Simples";"Aclive";"Não";2;0;1;0;1;0;1;2;-28,40007388;-54,50390875;"SPRF-RS";"DEL10-RS";"UOP01-DEL10-RS"
261115;2019-11-03;"domingo";"19:40:00";"AL";316;158,3;"PALMEIRA DOS INDIOS";"Falta de Atenção à Condução";"Colisão traseira";"Com Vítimas Fatais";"Plena Noite";"Decrescente";"Céu Claro";"Simples";"Reta";"Sim";3;1;0;1;1;0;1;2;-9,43334352;-36,61323443;"SPRF-AL";"DEL03-AL";"UOP01-DEL03-AL"
261116;2019-12-31;"terça-feira";"19:00:00";"MG";381;158,2;"GOVERNADOR VALADARES";"Falta de Atenção à Condução";"Colisão transversal";"Com Vítimas Feridas";"Plena Noite";"Crescente";"Céu Claro";"Simples";"Curva";"Sim";2;0;0;1;1;0;1;2;-18,91795246;-42,01337465;"SPRF-MG";"DEL06-MG";"UOP01-DEL06-MG"
261152;2019-12-30;"segunda-feira";"11:58:00";"SC";101;213,7;"PALHOCA";"Não guardar distância de segurança";"Colisão traseira";"Com Vítimas Fatais";"Pleno dia";"Crescente";"Sol";"Múltipla";"Reta";"Sim";3;1;0;0;2;0;0;3;-27,63697369;-48,66514142;"SPRF-SC";"DEL01-SC";"UOP02-DEL01-SC"
261164;2019-09-10;"terça-feira";"08:40:00";"CE";116;4;"FORTALEZA";"Não guardar distância de segurança";"Colisão traseira";"Com Vítimas Feridas";"Pleno dia";"Decrescente";"Céu Claro";"Dupla";"Reta";"Sim";2;0;1;0;1;0;1;2;-3,7867209;-38,5114568;"SPRF-CE";"DEL01-CE";"UOP02-DEL01-CE"
261231;2019-12-25;"quarta-feira";"22:40:00";"MG";381;928,5;"ITAPEVA";"Falta de Atenção do Pedestre";"Atropelamento de Pedestre";"Com Vítimas Fatais";"Plena Noite";"Crescente";"Céu Claro";"Dupla";"Reta";"Sim";5;1;0;0;3;1;0;2;-22,76979096;-46,2304312;"SPRF-MG";"DEL16-MG";"UOP03-DEL16-MG"
261368;2019-06-22;"sábado";"18:40:00";"BA";110;294;"INHAMBUPE";"Falta de Atenção à Condução";"Colisão traseira";"Com Vítimas Feridas";"Plena Noite";"Decrescente";"Ignorado";"Simples";"Declive";"Sim";4;0;3;1;0;0;4;2;-11,8037374;-38,35125446;"SPRF-BA";"DEL01-BA";"UOP04-DEL01-BA"
261381;2019-12-24;"terça-feira";"20:00:00";"RO";174;13;"VILHENA";"Velocidade Incompatível";"Colisão traseira";"Sem Vítimas";"Plena Noite";"Decrescente";"Nublado";"Dupla";"Reta;Interseção de Vias";"Sim";3;0;0;0;3;0;0;3;-12,73846442;-60,13134956;"SPRF-RO";"DEL04-RO";"UOP01-DEL04-RO"
261453;2019-12-07;"sábado";"20:30:00";"DF";20;21,8;"BRASILIA";"Falta de Atenção à Condução";"Colisão traseira";"Com Vítimas Feridas";"Plena Noite";"Crescente";"Nublado";"Dupla";"Reta;Declive";"Sim";3;0;0;1;2;0;1;2;-15,59938731;-47,67729077;"SPRF-DF";"DEL02-DF";"UOP01-DEL02-DF"
261506;2019-10-30;"quarta-feira";"20:00:00";"GO";158;74;"PIRANHAS";"Animais na Pista";"Atropelamento de Animal";"Sem Vítimas";"Plena Noite";"Crescente";"Céu Claro";"Simples";"Aclive";"Não";3;0;0;0;3;0;0;1;-16,36948953;-51,90791314;"SPRF-GO";"DEL04-GO";"UOP01-DEL04-GO"
261554;2019-05-31;"sexta-feira";"16:30:00";"ES";101;254;"SERRA";"Não guardar distância de segurança";"Colisão traseira";"Com Vítimas Feridas";"Pleno dia";"Crescente";"Céu Claro";"Dupla";"Reta";"Não";4;0;1;1;2;0;2;3;-20,1131416;-40,32342077;"SPRF-ES";"DEL02-ES";"UOP01-DEL02-ES"
261559;2019-12-04;"quarta-feira";"05:45:00";"PE";104;78,3;"AGRESTINA";"Ultrapassagem Indevida";"Colisão traseira";"Com Vítimas Feridas";"Pleno dia";"Decrescente";"Céu Claro";"Simples";"Reta";"Não";2;0;0;2;0;0;2;1;-8,38712927;-35,98091125;"SPRF-PE";"DEL02-PE";"UOP01-DEL02-PE"
261571;2019-12-17;"terça-feira";"18:45:00";"ES";259;99,5;"BAIXO GUANDU";"Falta de Atenção à Condução";"Colisão traseira";"Sem Vítimas";"Plena Noite";"Crescente";"Céu Claro";"Dupla";"Reta";"Não";2;0;0;0;1;1;0;2;-19,51143698;-40,90961107;"SPRF-ES";"DEL02-ES";"UOP01-DEL02-ES"
261575;2019-11-05;"terça-feira";"18:00:00";"ES";101;0;"SERRA";"Não guardar distância de segurança";"Colisão traseira";"Com Vítimas Feridas";"Anoitecer";"Decrescente";"Céu Claro";"Dupla";"Reta";"Sim";3;0;1;0;2;0;1;3;-20,236466;-40,276852;"SPRF-ES";"DEL02-ES";"UOP01-DEL02-ES"
261576;2019-11-22;"sexta-feira";"13:50:00";"CE";20;0,1;"MARACANAU";"Falta de Atenção à Condução";"Colisão com objeto estático";"Com Vítimas Feridas";"Pleno dia";"Crescente";"Céu Claro";"Dupla";"Interseção de Vias";"Não";2;0;1;0;0;1;1;2;-3,84586711;-38,57656094;"SPRF-CE";"DEL02-CE";"UOP02-DEL02-CE"
261645;2019-12-06;"sexta-feira";"15:50:00";"PE";407;125;"PETROLINA";"Não guardar distância de segurança";"Engavetamento";"Com Vítimas Feridas";"Pleno dia";"Decrescente";"Céu Claro";"Dupla";"Reta";"Sim";6;0;1;0;3;2;1;5;-9,37739336;-40,53595733;"SPRF-PE";"DEL06-PE";"UOP01-DEL06-PE"
261658;2019-05-04;"sábado";"03:40:00";"PI";343;4,2;"TERESINA";"Desobediência às normas de trânsito pelo condutor";"Colisão transversal";"Sem Vítimas";"Plena Noite";"Crescente";"Céu Claro";"Múltipla";"Interseção de Vias";"Sim";2;0;0;0;2;0;0;2;-5,089569;-42,802288;"SPRF-PI";"DEL01-PI";"UOP01-DEL01-PI"
261683;2019-11-29;"sexta-feira";"19:08:00";"SC";101;281,9;"IMBITUBA";"Desobediência às normas de trânsito pelo condutor";"Colisão transversal";"Com Vítimas Feridas";"Plena Noite";"Crescente";"Céu Claro";"Simples";"Interseção de Vias";"Sim";2;0;0;1;1;0;1;2;-28,19626005;-48,69739859;"SPRF-SC";"DEL02-SC";"UOP03-DEL02-SC"
261684;2019-11-03;"domingo";"04:00:00";"SP";116;147;"SAO JOSE DOS CAMPOS";"Pista Escorregadia";"Queda de ocupante de veículo";"Com Vítimas Feridas";"Amanhecer";"Decrescente";"Céu Claro";"Múltipla";"Curva";"Sim";1;0;0;1;0;0;1;1;-23,19542994;-45,87176303;"SPRF-SP";"DEL02-SP";"UOP01-DEL02-SP"
261716;2019-12-21;"sábado";"06:10:00";"PR";376;285,4;"MAUA DA SERRA";"Condutor Dormindo";"Colisão frontal";"Com Vítimas Fatais";"Amanhecer";"Crescente";"Céu Claro";"Simples";"Curva";"Não";10;1;1;3;4;1;4;4;-23,89078343;-51,23129134;"SPRF-PR";"DEL07-PR";"UOP02-DEL07-PR"
261729;2019-06-15;"sábado";"10:30:00";"RS";448;22;"PORTO ALEGRE";"Falta de Atenção à Condução";"Colisão traseira";"Com Vítimas Feridas";"Pleno dia";"Crescente";"Céu Claro";"Dupla";"Reta";"Não";4;0;4;0;0;0;4;2;-29,972212;-51,199139;"SPRF-RS";"DEL01-RS";"UOP01-DEL01-RS"
261762;2019-10-17;"quinta-feira";"19:40:00";"RJ";101;392;"ITAGUAI";"Falta de Atenção à Condução";"Colisão traseira";"Com Vítimas Feridas";"Plena Noite";"Decrescente";"Céu Claro";"Dupla";"Reta";"Não";2;0;1;0;0;1;1;2;-22,89265625;-43,6945091;"SPRF-RJ";"DEL03-RJ";"UOP01-DEL03-RJ"
261840;2019-11-04;"segunda-feira";"04:30:00";"PE";101;70;"RECIFE";"Não guardar distância de segurança";"Atropelamento de Pedestre";"Com Vítimas Feridas";"Amanhecer";"Crescente";"Ignorado";"Múltipla";"Reta";"Sim";2;0;0;1;0;1;1;2;-8,06776119;-34,94265074;"SPRF-PE";"DEL01-PE";"UOP01-DEL01-PE"
261854;2019-11-30;"sábado";"09:15:00";"AL";101;34;"JOAQUIM GOMES";"Velocidade Incompatível";"Saída de leito carroçável";"Com Vítimas Feridas";"Pleno dia";"Decrescente";"Céu Claro";"Dupla";"Curva";"Não";4;0;4;0;0;0;4;1;-9,11439602;-35,76425074;"SPRF-AL";"DEL01-AL";"UOP02-DEL01-AL"
261867;2019-02-23;"sábado";"17:06:00";"SC";101;197;"BIGUACU";"Desobediência às normas de trânsito pelo condutor";"Capotamento";"Com Vítimas Feridas";"Pleno dia";"Decrescente";"Nublado";"Dupla";"Declive";"Sim";5;0;2;1;1;1;3;3;-27,5267;-48,6349;"SPRF-SC";"DEL01-SC";"UOP01-DEL01-SC"
261896;2019-12-18;"quarta-feira";"01:25:00";"MG";50;185;"UBERABA";"Velocidade Incompatível";"Colisão traseira";"Com Vítimas Feridas";"Plena Noite";"Decrescente";"Nublado";"Dupla";"Reta";"Sim";2;0;1;0;1;0;1;2;-19,8172798;-47,89559069;"SPRF-MG";"DEL13-MG";"UOP01-DEL13-MG"
261909;2019-12-13;"sexta-feira";"03:50:00";"RS";101;52;"TERRA DE AREIA";"Mal Súbito";"Saída de leito carroçável";"Com Vítimas Feridas";"Amanhecer";"Crescente";"Sol";"Dupla";"Viaduto";"Não";1;0;0;1;0;0;1;1;-29,625485;-50,099299;"SPRF-RS";"DEL03-RS";"UOP02-DEL03-RS"
262077;2019-12-06;"sexta-feira";"16:55:00";"BA";415;48,2;"ITABUNA";"Restrição de Visibilidade";"Atropelamento de Pedestre";"Com Vítimas Feridas";"Pleno dia";"Crescente";"Sol";"Simples";"Reta";"Sim";2;0;1;0;1;0;1;2;-14,81574494;-39,29612388;"SPRF-BA";"DEL05-BA";"UOP01-DEL05-BA"
262092;2019-11-12;"terça-feira";"16:50:00";"AL";316;270,6;"SATUBA";"Desobediência às normas de trânsito pelo condutor";"Colisão transversal";"Com Vítimas Feridas";"Anoitecer";"Crescente";"Céu Claro";"Simples";"Reta";"Não";2;0;1;0;1;0;1;2;-9,5716559;-35,824111;"SPRF-AL";"DEL02-AL";"UOP01-DEL02-AL"
262148;2019-12-22;"domingo";"09:40:00";"RO";364;796;"PORTO VELHO";"Pista Escorregadia";"Saída de leito carroçável";"Com Vítimas Feridas";"Pleno dia";"Decrescente";"Chuva";"Simples";"Curva";"Sim";4;0;1;0;3;0;1;1;-9,26008181;-64,39105555;"SPRF-RO";"DEL01-RO";"UOP02-DEL01-RO"
262318;2019-09-26;"quinta-feira";"09:00:00";"ES";101;297,5;"VIANA";"Falta de Atenção à Condução";"Colisão traseira";"Com Vítimas Feridas";"Pleno dia";"Decrescente";"Ignorado";"Dupla";"Reta";"Sim";2;0;1;0;1;0;1;2;-20,35093691;-40,41305336;"SPRF-ES";"DEL01-ES";"UOP01-DEL01-ES"
262335;2019-12-07;"sábado";"21:40:00";"ES";101;76;"SAO MATEUS";"Não guardar distância de segurança";"Colisão lateral";"Com Vítimas Feridas";"Plena Noite";"Crescente";"Céu Claro";"Simples";"Reta";"Não";2;0;2;0;0;0;2;2;-18,79220409;-39,88463988;"SPRF-ES";"DEL04-ES";"UOP02-DEL04-ES"
262364;2019-10-12;"sábado";"18:00:00";"SC";282;29,1;"SANTO AMARO DA IMPERATRIZ";"Desobediência às normas de trânsito pelo condutor";"Colisão lateral";"Com Vítimas Fatais";"Plena Noite";"Crescente";"Céu Claro";"Simples";"Curva";"Não";3;1;1;0;1;0;1;3;-27,679737;-48,786785;"SPRF-SC";"DEL01-SC";"UOP03-DEL01-SC"
262421;2019-07-19;"sexta-feira";"18:50:00";"CE";222;118,2;"ITAPAJE";"Não guardar distância de segurança";"Colisão lateral";"Sem Vítimas";"Plena Noite";"Crescente";"Céu Claro";"Simples";"Curva";"Não";3;0;0;0;3;0;0;3;-3,72944879;-39,55644675;"SPRF-CE";"DEL04-CE";"UOP03-DEL04-CE"
262587;2019-01-07;"segunda-feira";"06:00:00";"BA";324;623;"SALVADOR";"Pista Escorregadia";"Queda de ocupante de veículo";"Com Vítimas Feridas";"Pleno dia";"Decrescente";"Chuva";"Dupla";"Declive";"Sim";1;0;0;1;0;0;1;1;-12,92628699;-38,46838679;"SPRF-BA";"DEL01-BA";"UOP01-DEL01-BA"
262662;2019-11-30;"sábado";"22:20:00";"RJ";495;28;"PETROPOLIS";"Falta de Atenção à Condução";"Colisão transversal";"Com Vítimas Feridas";"Plena Noite";"Decrescente";"Nublado";"Simples";"Reta";"Sim";2;0;1;0;1;0;1;2;-22,396297;-43,120255;"SPRF-RJ";"DEL06-RJ";"UOP02-DEL05-RJ"
262756;2019-12-17;"terça-feira";"09:35:00";"RN";101;96;"NATAL";"Falta de Atenção à Condução";"Colisão traseira";"Com Vítimas Feridas";"Pleno dia";"Decrescente";"Céu Claro";"Múltipla";"Reta";"Sim";2;0;1;0;1;0;1;2;-5,84949622;-35,20890752;"SPRF-RN";"DEL01-RN";"UOP01-DEL01-RN"
262763;2019-10-05;"sábado";"22:45:00";"PR";369;201;"APUCARANA";"Desobediência às normas de trânsito pelo condutor";"Tombamento";"Com Vítimas Feridas";"Plena Noite";"Decrescente";"Ignorado";"Simples";"Reta";"Sim";1;0;1;0;0;0;1;1;-23,52413658;-51,44464016;"SPRF-PR";"DEL07-PR";"UOP03-DEL07-PR"
262900;2019-12-19;"quinta-feira";"18:55:00";"SC";280;24;"ARAQUARI";"Desobediência às normas de trânsito pelo condutor";"Colisão transversal";"Com Vítimas Feridas";"Anoitecer";"Decrescente";"Nublado";"Simples";"Reta";"Sim";2;0;1;0;1;0;1;2;-26,37724921;-48,71953282;"SPRF-SC";"DEL03-SC";"UOP03-DEL03-SC"
262931;2019-12-15;"domingo";"11:20:00";"SP";116;299;"SAO LOURENCO DA SERRA";"Falta de Atenção à Condução";"Colisão traseira";"Sem Vítimas";"Pleno dia";"Decrescente";"Céu Claro";"Múltipla";"Reta";"Não";2;0;0;0;2;0;0;2;-23,85464902;-46,93988454;"SPRF-SP";"DEL04-SP";"UOP01-DEL04-SP"
262936;2019-11-14;"quinta-feira";"08:20:00";"SC";101;111,9;"ITAJAI";"Não guardar distância de segurança";"Colisão traseira";"Com Vítimas Feridas";"Pleno dia";"Crescente";"Garoa/Chuvisco";"Simples";"Ponte";"Não";2;0;1;0;1;0;1;2;-26,83955734;-48,71418074;"SPRF-SC";"DEL04-SC";"UOP04-DEL04-SC"
262939;2019-11-29;"sexta-feira";"07:00:00";"RN";405;1;"MOSSORO";"Falta de Atenção à Condução";"Colisão transversal";"Com Vítimas Feridas";"Pleno dia";"Decrescente";"Céu Claro";"Dupla";"Reta";"Sim";2;0;0;1;1;0;1;2;-5,19170196;-37,361471;"SPRF-RN";"DEL04-RN";"UOP02-DEL04-RN"
262940;2019-11-24;"domingo";"16:30:00";"MG";267;70;"BICAS";"Defeito na Via";"Tombamento";"Com Vítimas Feridas";"Pleno dia";"Crescente";"Céu Claro";"Simples";"Curva";"Não";1;0;1;0;0;0;1;1;-21,74480506;-43,13260598;"SPRF-MG";"DEL05-MG";"UOP01-DEL05-MG"
263077;2019-12-17;"terça-feira";"05:00:00";"BA";110;1,5;"PAULO AFONSO";"Animais na Pista";"Atropelamento de Animal";"Com Vítimas Feridas";"Amanhecer";"Crescente";"Céu Claro";"Simples";"Reta";"Sim";1;0;0;1;0;0;1;1;-9,3958874;-38,30211639;"SPRF-BA";"DEL07-BA";"UOP01-DEL07-BA"
263112;2019-11-10;"domingo";"06:40:00";"SP";116;303;"SAO LOURENCO DA SERRA";"Não guardar distância de segurança";"Colisão traseira";"Com Vítimas Feridas";"Amanhecer";"Crescente";"Nublado";"Dupla";"Reta";"Não";2;0;1;0;1;0;1;2;-23,8209384;-46,92503214;"SPRF-SP";"DEL04-SP";"UOP01-DEL04-SP"
263118;2019-12-27;"sexta-feira";"00:15:00";"SP";116;59,1;"GUARATINGUETA";"Ingestão de Álcool";"Saída de leito carroçável";"Com Vítimas Feridas";"Plena Noite";"Decrescente";"Céu Claro";"Dupla";"Reta";"Sim";1;0;1;0;0;0;1;1;-22,78555649;-45,15339465;"SPRF-SP";"DEL08-SP";"UOP01-DEL08-SP"
263130;2019-11-05;"terça-feira";"19:10:00";"SE";101;142,9;"ESTANCIA";"Defeito Mecânico no Veículo";"Queda de ocupante de veículo";"Com Vítimas Feridas";"Plena Noite";"Crescente";"Céu Claro";"Dupla";"Reta";"Não";4;0;2;0;2;0;2;2;-11,1880435;-37,4042769;"SPRF-SE";"DEL02-SE";"UOP01-DEL02-SE"
263141;2019-12-25;"quarta-feira";"00:10:00";"PE";232;410,1;"SERRA TALHADA";"Desobediência às normas de trânsito pelo condutor";"Colisão lateral";"Com Vítimas Feridas";"Plena Noite";"Decrescente";"Céu Claro";"Simples";"Reta";"Sim";4;0;2;1;0;1;3;3;-7,98222773;-38,29665542;"SPRF-PE";"DEL04-PE";"UOP01-DEL04-PE"
263158;2019-04-27;"sábado";"13:00:00";"RN";101;73,8;"EXTREMOZ";"Desobediência às normas de trânsito pelo condutor";"Colisão transversal";"Com Vítimas Feridas";"Pleno dia";"Decrescente";"Sol";"Simples";"Reta";"Não";2;0;1;0;1;0;1;2;-5,70687202;-35,26688397;"SPRF-RN";"DEL02-RN";"UOP01-DEL02-RN"