"id";"data_inversa";"dia_semana";"horario";"uf";"br";"km";"municipio";"causa_acidente";"tipo_acidente";"classificacao_acidente";"fase_dia";"sentido_via";"condicao_metereologica";"tipo_pista";"tracado_via";"uso_solo";"pessoas";"mortos";"feridos_leves";"feridos_graves";"ilesos";"ignorados";"feridos";"veiculos";"latitude";"longitude";"regional";"delegacia";"uop"
263161;2019-10-27;"domingo";"06:39:00";"PE";232;128;"CARUARU";"Falta de Atenção do Pedestre";"Atropelamento de Pedestre";"Com Vítimas Fatais";"Pleno dia";"Decrescente";"Céu Claro";"Dupla";"Reta";"Sim";2;1;0;0;0;1;0;2;-8,30421378;-35,97236037;"SPRF-PE";"DEL02-PE";"UOP03-DEL02-PE"
263299;2019-10-23;"quarta-feira";"15:00:00";"PR";369;186,5;"ARAPONGAS";"Desobediência às normas de trânsito pelo condutor";"Colisão transversal";"Com Vítimas Feridas";"Pleno dia";"Crescente";"Ignorado";"Simples";"Interseção de Vias";"Sim";2;0;0;1;0;1;1;2;-23,36311804;-51,40159607;"SPRF-PR";"DEL07-PR";"UOP03-DEL07-PR"
263310;2019-12-12;"quinta-feira";"11:22:00";"GO";153;525,1;"HIDROLANDIA";"Falta de Atenção à Condução";"Colisão com objeto estático";"Sem Vítimas";"Pleno dia";"Crescente";"Sol";"Dupla";"Reta";"Não";1;0;0;0;1;0;0;1;-16,92186541;-49,25272378;"SPRF-GO";"DEL01-GO";"UOP03-DEL01-GO"
263316;2019-06-03;"segunda-feira";"19:10:00";"PR";376;1,2;"SAO JOSE DOS PINHAIS";"Falta de Atenção à Condução";"Colisão traseira";"Com Vítimas Feridas";"Plena Noite";"Crescente";"Nublado";"Dupla";"Interseção de Vias";"Sim";2;0;1;0;1;0;1;2;-25,5307;-49,1958;"SPRF-PR";"DEL01-PR";"UOP01-DEL01-PR"
263323;2019-12-19;"quinta-feira";"17:20:00";"PE";104;66,8;"CARUARU";"Falta de Atenção à Condução";"Atropelamento de Pedestre";"Com Vítimas Feridas";"Pleno dia";"Decrescente";"Céu Claro";"Múltipla";"Reta";"Sim";2;0;1;0;1;0;1;2;-8,2937;-35,9864;"SPRF-PE";"DEL02-PE";"UOP01-DEL02-PE"
263349;2019-12-27;"sexta-feira";"17:00:00";"PR";376;554;"BALSA NOVA";"Falta de Atenção à Condução";"Colisão traseira";"Com Vítimas Feridas";"Pleno dia";"Crescente";"Ignorado";"Dupla";"Reta";"Não";2;0;1;0;1;0;1;2;-25,45877483;-49,73304749;"SPRF-PR";"DEL01-PR";"UOP06-DEL01-PR"
263359;2019-12-20;"sexta-feira";"19:35:00";"PR";373;391;"CANDOI";"Velocidade Incompatível";"Colisão frontal";"Com Vítimas Feridas";"Anoitecer";"Crescente";"Garoa/Chuvisco";"Simples";"Reta";"Não";5;0;0;1;4;0;1;2;-25,72792629;-52,21715927;"SPRF-PR";"DEL03-PR";"UOP01-DEL08-PR"
263361;2019-12-12;"quinta-feira";"07:30:00";"PR";277;76;"SAO JOSE DOS PINHAIS";"Falta de Atenção à Condução";"Engavetamento";"Com Vítimas Feridas";"Pleno dia";"Crescente";"Céu Claro";"Dupla";"Reta";"Sim";3;0;1;0;0;2;1;3;-25,487706;-49,18115;"SPRF-PR";"DEL01-PR";"UOP01-DEL01-PR"
263363;2019-12-28;"sábado";"22:00:00";"MS";163;500,2;"CAMPO GRANDE";"Falta de Atenção à Condução";"Colisão lateral";"Com Vítimas Feridas";"Plena Noite";"Crescente";"Céu Claro";"Simples";"Declive";"Não";3;0;1;0;2;0;1;2;-20,32607304;-54,51856683;"SPRF-MS";"DEL01-MS";"UOP02-DEL01-MS"
263370;2019-12-22;"domingo";"00:00:00";"PR";277;4;"FOZ DO IGUACU";"Desobediência às normas de trânsito pelo condutor";"Colisão transversal";"Sem Vítimas";"Plena Noite";"Crescente";"Céu Claro";"Dupla";"Interseção de Vias";"Sim";2;0;0;0;2;0;0;2;-25,5469;-54,5882;"SPRF-PR";"DEL05-PR";"UOP03-DEL05-PR"
263381;2019-10-01;"terça-feira";"17:25:00";"RJ";116;180;"NOVA IGUACU";"Falta de Atenção à Condução";"Danos eventuais";"Com Vítimas Feridas";"Pleno dia";"Decrescente";"Céu Claro";"Dupla";"Reta";"Sim";2;0;0;1;1;0;1;1;-22,74124133;-43,4560065;"SPRF-RJ";"DEL01-RJ";"UOP02-DEL01-RJ"
263390;2019-12-20;"sexta-feira";"23:20:00";"SC";282;172,2;"BOCAINA DO SUL";"Ultrapassagem Indevida";"Colisão frontal";"Sem Vítimas";"Plena Noite";"Crescente";"Céu Claro";"Simples";"Reta";"Não";2;0;0;0;2;0;0;2;-27,742331;-49,862782;"SPRF-SC";"DEL05-SC";"UOP01-DEL05-SC"
263429;2019-12-25;"quarta-feira";"17:00:00";"PR";163;273;"QUATRO PONTES";"Velocidade Incompatível";"Saída de leito carroçável";"Com Vítimas Feridas";"Pleno dia";"Decrescente";"Céu Claro";"Simples";"Reta";"Não";3;0;1;0;2;0;1;1;-24,61478139;-53,93524012;"SPRF-PR";"DEL06-PR";"UOP02-DEL06-PR"
263443;2019-12-13;"sexta-feira";"07:20:00";"ES";101;180;"ARACRUZ";"Falta de Atenção à Condução";"Colisão transversal";"Com Vítimas Feridas";"Pleno dia";"Decrescente";"Céu Claro";"Simples";"Reta";"Não";2;0;1;0;1;0;1;2;-19,62382591;-40,22074012;"SPRF-ES";"DEL04-ES";"UOP01-DEL04-ES"
263720;2019-09-26;"quinta-feira";"05:25:00";"SP";116;272;"TABOAO DA SERRA";"Não guardar distância de segurança";"Colisão lateral";"Com Vítimas Feridas";"Pleno dia";"Crescente";"Nublado";"Dupla";"Curva";"Sim";2;0;1;0;0;1;1;2;-23,61485721;-46,78771469;"SPRF-SP";"DEL04-SP";"UOP01-DEL04-SP"
263879;2019-12-27;"sexta-feira";"06:30:00";"MG";116;545;"SANTA BARBARA DO LESTE";"Falta de Atenção à Condução";"Colisão transversal";"Com Vítimas Feridas";"Pleno dia";"Crescente";"Céu Claro";"Simples";"Curva";"Não";5;0;4;0;1;0;4;2;-19,92809401;-42,13103837;"SPRF-MG";"DEL06-MG";"UOP02-DEL06-MG"
263981;2019-08-03;"sábado";"16:20:00";"BA";418;83;"NOVA VICOSA";"Falta de Atenção à Condução";"Colisão transversal";"Com Vítimas Fatais";"Pleno dia";"Crescente";"Sol";"Simples";"Curva";"Não";5;2;0;0;2;1;0;3;-17,894331;-39,808525;"SPRF-BA";"DEL09-BA";"UOP02-DEL09-BA"
263994;2019-12-15;"domingo";"18:59:00";"BA";415;52;"ITABUNA";"Falta de Atenção à Condução";"Colisão lateral";"Com Vítimas Feridas";"Plena Noite";"Decrescente";"Chuva";"Simples";"Reta";"Sim";2;0;0;1;0;1;1;2;-14,81574494;-39,29612388;"SPRF-BA";"DEL05-BA";"UOP01-DEL05-BA"
264047;2019-12-27;"sexta-feira";"19:15:00";"RJ";101;270;"RIO BONITO";"Falta de Atenção à Condução";"Colisão traseira";"Com Vítimas Feridas";"Plena Noite";"Decrescente";"Céu Claro";"Dupla";"Reta";"Não";3;0;1;0;2;0;1;3;-22,71852325;-42,68689289;"SPRF-RJ";"DEL02-RJ";"UOP03-DEL02-RJ"
264048;2019-12-22;"domingo";"04:10:00";"GO";60;93;"ANAPOLIS";"Animais na Pista";"Atropelamento de Animal";"Sem Vítimas";"Plena Noite";"Decrescente";"Céu Claro";"Dupla";"Reta";"Sim";1;0;0;0;0;1;0;1;-16,35372579;-48,9248731;"SPRF-GO";"DEL02-GO";"UOP01-DEL02-GO"
264061;2019-08-24;"sábado";"21:00:00";"CE";116;103,2;"MORADA NOVA";"Falta de Atenção à Condução";"Colisão traseira";"Com Vítimas Fatais";"Plena Noite";"Decrescente";"Céu Claro";"Simples";"Reta";"Não";2;1;0;0;0;1;0;2;-4,53988787;-38,29878793;"SPRF-CE";"DEL03-CE";"UOP02-DEL03-CE"
264064;2019-05-27;"segunda-feira";"23:00:00";"BA";116;594;"IRAJUBA";"Desobediência às normas de trânsito pelo condutor";"Colisão traseira";"Com Vítimas Feridas";"Plena Noite";"Decrescente";"Céu Claro";"Simples";"Reta";"Não";4;0;1;3;0;0;4;3;-13,16531644;-39,99880271;"SPRF-BA";"DEL03-BA";"UOP02-DEL03-BA"
264070;2019-09-22;"domingo";"09:10:00";"MG";381;439;"SABARA";"Falta de Atenção à Condução";"Queda de ocupante de veículo";"Com Vítimas Feridas";"Pleno dia";"Decrescente";"Céu Claro";"Simples";"Curva";"Não";2;0;0;2;0;0;2;1;-19,80927691;-43,78706001;"SPRF-MG";"DEL01-MG";"UOP01-DEL01-MG"
264093;2019-11-10;"domingo";"00:30:00";"GO";153;505,8;"APARECIDA DE GOIANIA";"Falta de Atenção à Condução";"Colisão traseira";"Com Vítimas Fatais";"Plena Noite";"Decrescente";"Ignorado";"Dupla";"Curva";"Sim";2;1;0;0;0;1;0;2;-16,7537;-49,2411;"SPRF-GO";"DEL01-GO";"UOP01-DEL01-GO"
264112;2019-12-31;"terça-feira";"19:20:00";"PA";163;984;"SANTAREM";"Falta de Atenção à Condução";"Colisão frontal";"Com Vítimas Feridas";"Plena Noite";"Decrescente";"Céu Claro";"Simples";"Reta";"Não";4;0;1;1;2;0;2;2;-2,60947104;-54,72295996;"SPRF-PA";"DEL05-PA";"UOP01-DEL05-PA"
264138;2019-12-16;"segunda-feira";"11:20:00";"SC";101;188;"BIGUACU";"Falta de Atenção à Condução";"Engavetamento";"Com Vítimas Feridas";"Pleno dia";"Crescente";"Céu Claro";"Dupla";"Reta";"Não";5;0;1;0;4;0;1;4;-27,45123421;-48,63370766;"SPRF-SC";"DEL01-SC";"UOP01-DEL01-SC"
264177;2019-12-19;"quinta-feira";"21:00:00";"SC";280;23,5;"ARAQUARI";"Falta de Atenção à Condução";"Colisão transversal";"Com Vítimas Feridas";"Plena Noite";"Crescente";"Nublado";"Simples";"Reta;Interseção de Vias";"Sim";3;0;2;1;0;0;3;2;-26,37445391;-48,71618986;"SPRF-SC";"DEL03-SC";"UOP03-DEL03-SC"
264183;2019-03-09;"sábado";"15:30:00";"BA";324;512;"FEIRA DE SANTANA";"Carga excessiva e/ou mal acondicionada";"Colisão com objeto em movimento";"Com Vítimas Feridas";"Pleno dia";"Crescente";"Ignorado";"Simples";"Curva";"Sim";2;0;1;0;0;1;1;2;-12,23092302;-38,96277845;"SPRF-BA";"DEL02-BA";"UOP01-DEL02-BA"
264190;2019-09-13;"sexta-feira";"14:00:00";"MG";381;691,5;"LAVRAS";"Mal Súbito";"Saída de leito carroçável";"Com Vítimas Fatais";"Pleno dia";"Crescente";"Céu Claro";"Dupla";"Reta";"Não";1;1;0;0;0;0;0;1;-21,24242696;-45,13576519;"SPRF-MG";"DEL04-MG";"UOP02-DEL04-MG"
264196;2019-09-21;"sábado";"18:30:00";"SC";480;127;"CHAPECO";"Desobediência às normas de trânsito pelo condutor";"Colisão lateral";"Com Vítimas Feridas";"Anoitecer";"Crescente";"Céu Claro";"Simples";"Rotatória";"Sim";2;0;1;0;1;0;1;2;-27,02885905;-52,63380035;"SPRF-SC";"DEL07-SC";"UOP01-DEL07-SC"
264296;2019-12-27;"sexta-feira";"00:05:00";"SC";101;144,7;"ITAPEMA";"Não guardar distância de segurança";"Colisão traseira";"Com Vítimas Feridas";"Plena Noite";"Decrescente";"Nublado";"Dupla";"Reta";"Não";3;0;1;0;2;0;1;2;-27,0732659;-48,59672716;"SPRF-SC";"DEL04-SC";"UOP03-DEL04-SC"
264300;2019-09-13;"sexta-feira";"07:15:00";"PE";101;82;"JABOATAO DOS GUARARAPES";"Desobediência às normas de trânsito pelo condutor";"Colisão transversal";"Sem Vítimas";"Pleno dia";"Decrescente";"Céu Claro";"Simples";"Interseção de Vias;Reta";"Sim";2;0;0;0;2;0;0;2;-8,168383;-34,9376;"SPRF-PE";"DEL01-PE";"UOP03-DEL01-PE"
264369;2019-12-25;"quarta-feira";"11:30:00";"SC";280;40;"GUARAMIRIM";"Falta de Atenção à Condução";"Queda de ocupante de veículo";"Com Vítimas Feridas";"Pleno dia";"Crescente";"Ignorado";"Simples";"Reta";"Não";1;0;1;0;0;0;1;1;-26,45042937;-48,86454552;"SPRF-SC";"DEL03-SC";"UOP03-DEL03-SC"
264482;2019-10-27;"domingo";"06:00:00";"RJ";40;96,7;"DUQUE DE CAXIAS";"Defeito Mecânico no Veículo";"Colisão com objeto estático";"Com Vítimas Fatais";"Pleno dia";"Crescente";"Céu Claro";"Simples";"Curva";"Não";51;1;28;20;2;0;48;2;-22,56876595;-43,27693723;"SPRF-RJ";"DEL01-RJ";"UOP01-DEL01-RJ"
264493;2019-12-19;"quinta-feira";"10:45:00";"MT";70;195;"GENERAL CARNEIRO";"Falta de Atenção à Condução";"Saída de leito carroçável";"Sem Vítimas";"Pleno dia";"Decrescente";"Céu Claro";"Simples";"Reta";"Não";1;0;0;0;1;0;0;1;-15,72052819;-53,70372904;"SPRF-MT";"DEL05-MT";"UOP01-DEL05-MT"
264501;2019-12-04;"quarta-feira";"15:50:00";"ES";101;262,3;"SERRA";"Desobediência às normas de trânsito pelo condutor";"Colisão transversal";"Com Vítimas Feridas";"Pleno dia";"Crescente";"Nublado";"Dupla";"Reta";"Sim";3;0;0;2;1;0;2;2;-20,1572331;-40,27678329;"SPRF-ES";"DEL02-ES";"UOP01-DEL02-ES"
264505;2019-10-29;"terça-feira";"07:20:00";"MG";40;517;"RIBEIRAO DAS NEVES";"Falta de Atenção à Condução";"Colisão transversal";"Com Vítimas Feridas";"Pleno dia";"Crescente";"Céu Claro";"Dupla";"Interseção de Vias";"Sim";2;0;1;0;1;0;1;2;-19,82351202;-44,08438913;"SPRF-MG";"DEL01-MG";"UOP02-DEL01-MG"
264573;2019-12-18;"quarta-feira";"16:30:00";"PR";369;147,7;"LONDRINA";"Falta de Atenção à Condução";"Colisão transversal";"Com Vítimas Feridas";"Pleno dia";"Crescente";"Céu Claro";"Dupla";"Reta";"Sim";2;0;1;1;0;0;2;2;-23,2931537;-51,1344819;"SPRF-PR";"DEL07-PR";"UOP01-DEL07-PR"
264581;2019-09-21;"sábado";"23:00:00";"SP";381;34;"ATIBAIA";"Falta de Atenção à Condução";"Tombamento";"Com Vítimas Feridas";"Plena Noite";"Crescente";"Nublado";"Dupla";"Curva";"Sim";3;0;2;0;0;1;2;2;-23,079939;-46,569862;"SPRF-SP";"DEL03-SP";"UOP02-DEL03-SP"
264612;2019-10-01;"terça-feira";"06:10:00";"PR";376;5,4;"MANDAGUARI";"Mal Súbito";"Saída de leito carroçável";"Com Vítimas Feridas";"Amanhecer";"Decrescente";"Ignorado";"Simples";"Reta";"Sim";1;0;0;1;0;0;1;1;-23,53453131;-51,67270303;"SPRF-PR";"DEL07-PR";"UOP01-DEL09-PR"
264660;2019-12-15;"domingo";"03:50:00";"PR";277;71;"SAO JOSE DOS PINHAIS";"Falta de Atenção à Condução";"Colisão traseira";"Com Vítimas Feridas";"Plena Noite";"Decrescente";"Nublado";"Dupla";"Reta";"Sim";4;0;2;0;2;0;2;4;-25,51058039;-49,13045168;"SPRF-PR";"DEL01-PR";"UOP01-DEL01-PR"
264704;2019-12-14;"sábado";"08:40:00";"RJ";116;226;"PIRAI";"Mal Súbito";"Capotamento";"Com Vítimas Feridas";"Pleno dia";"Decrescente";"Céu Claro";"Dupla";"Curva";"Não";1;0;1;0;0;0;1;1;-22,6727621;-43,8386481;"SPRF-RJ";"DEL07-RJ";"UOP01-DEL07-RJ"
264715;2019-11-24;"domingo";"20:30:00";"CE";116;144,8;"RUSSAS";"Ultrapassagem Indevida";"Colisão frontal";"Com Vítimas Feridas";"Plena Noite";"Crescente";"Céu Claro";"Simples";"Reta";"Não";6;0;5;1;0;0;6;2;-4,78762031;-38,0566667;"SPRF-CE";"DEL03-CE";"UOP01-DEL03-CE"
264767;2019-12-31;"terça-feira";"19:40:00";"PR";369;208,5;"APUCARANA";"Desobediência às normas de trânsito pelo condutor";"Colisão transversal";"Com Vítimas Feridas";"Plena Noite";"Crescente";"Nublado";"Simples";"Interseção de Vias";"Sim";3;0;1;1;1;0;2;2;-23,563592;-51,493538;"SPRF-PR";"DEL07-PR";"UOP03-DEL07-PR"
264771;2019-03-02;"sábado";"05:40:00";"GO";70;3;"AGUAS LINDAS DE GOIAS";"Agressão Externa";"Colisão traseira";"Com Vítimas Feridas";"Amanhecer";"Decrescente";"Ignorado";"Dupla";"Reta";"Sim";1;0;1;0;0;0;1;1;-15,76018274;-48,2453129;"SPRF-DF";"DEL01-DF";"UOP02-DEL03-DF"
264789;2019-07-04;"quinta-feira";"19:00:00";"PR";116;128;"FAZENDA RIO GRANDE";"Falta de Atenção à Condução";"Queda de ocupante de veículo";"Com Vítimas Feridas";"Plena Noite";"Decrescente";"Nublado";"Dupla";"Reta";"Não";1;0;0;1;0;0;1;1;-25,655721;-49,312022;"SPRF-PR";"DEL01-PR";"UOP03-DEL01-PR"
264876;2019-12-23;"segunda-feira";"08:10:00";"ES";101;402;"CACHOEIRO DE ITAPEMIRIM";"Avarias e/ou desgaste excessivo no pneu";"Colisão lateral";"Com Vítimas Feridas";"Pleno dia";"Crescente";"Chuva";"Simples";"Curva";"Não";5;0;4;0;1;0;4;2;-20,88914562;-40,99003988;"SPRF-ES";"DEL03-ES";"UOP02-DEL03-ES"
264954;2019-12-24;"terça-feira";"19:30:00";"PI";135;327;"SANTA LUZ";"Animais na Pista";"Atropelamento de Animal";"Sem Vítimas";"Plena Noite";"Crescente";"Céu Claro";"Simples";"Reta";"Não";1;0;0;0;0;1;0;1;-8,90317205;-44,24680765;"SPRF-PI";"DEL03-PI";"UOP02-DEL03-PI"
264958;2019-12-20;"sexta-feira";"18:44:00";"PR";476;163,6;"ARAUCARIA";"Falta de Atenção à Condução";"Colisão transversal";"Com Vítimas Feridas";"Anoitecer";"Decrescente";"Nublado";"Simples";"Reta";"Não";2;0;1;0;1;0;1;2;-25,633638;-49,460007;"SPRF-PR";"DEL01-PR";"UOP06-DEL01-PR"
265000;2019-11-30;"sábado";"20:00:00";"SC";101;168;"TIJUCAS";"Falta de Atenção à Condução";"Colisão lateral";"Com Vítimas Feridas";"Plena Noite";"Crescente";"Céu Claro";"Simples";"Retorno Regulamentado";"Não";3;0;0;2;1;0;2;2;-27,279105;-48,631554;"SPRF-SC";"DEL04-SC";"UOP03-DEL04-SC"
265019;2019-12-21;"sábado";"04:08:00";"PR";376;260,9;"CALIFORNIA";"Objeto estático sobre o leito carroçável";"Colisão transversal";"Com Vítimas Feridas";"Plena Noite";"Crescente";"Nevoeiro/Neblina";"Dupla";"Curva";"Sim";4;0;0;3;1;0;3;2;-23,70381166;-51,32998181;"SPRF-PR";"DEL07-PR";"UOP03-DEL07-PR"
265026;2019-12-21;"sábado";"07:50:00";"RJ";116;289;"BARRA MANSA";"Falta de Atenção à Condução";"Atropelamento de Pedestre";"Com Vítimas Feridas";"Pleno dia";"Crescente";"Céu Claro";"Múltipla";"Interseção de Vias";"Sim";2;0;1;0;1;0;1;2;-22,48279212;-44,25963807;"SPRF-RJ";"DEL07-RJ";"UOP02-DEL07-RJ"
265283;2019-12-25;"quarta-feira";"08:40:00";"BA";116;6;"VITORIA DA CONQUISTA";"Ingestão de Álcool";"Colisão transversal";"Com Vítimas Feridas";"Pleno dia";"Decrescente";"Céu Claro";"Simples";"Interseção de Vias";"Não";2;0;0;2;0;0;2;2;-14,8323731799;-40,886923638;"SPRF-PE";"DEL05-PE";"UOP03-DEL05-PE"
265309;2019-12-09;"segunda-feira";"13:40:00";"MG";381;853;"POUSO ALEGRE";"Agressão Externa";"Colisão com objeto em movimento";"Com Vítimas Feridas";"Pleno dia";"Decrescente";"Céu Claro";"Dupla";"Reta";"Não";1;0;1;0;0;0;1;1;-22,26916507;-45,89194793;"SPRF-MG";"DEL16-MG";"UOP01-DEL16-MG"
265353;2019-12-25;"quarta-feira";"17:30:00";"PR";277;132;"BALSA NOVA";"Falta de Atenção à Condução";"Colisão traseira";"Com Vítimas Feridas";"Pleno dia";"Decrescente";"Céu Claro";"Dupla";"Reta";"Não";3;0;1;0;1;1;1;3;-25,4718469;-49,66545314;"SPRF-PR";"DEL01-PR";"UOP06-DEL01-PR"
265427;2019-12-28;"sábado";"08:50:00";"DF";70;3,5;"BRASILIA";"Não guardar distância de segurança";"Tombamento";"Com Vítimas Feridas";"Pleno dia";"Decrescente";"Céu Claro";"Dupla";"Reta";"Sim";5;0;0;2;1;2;2;3;-15,802453;-48,080387;"SPRF-DF";"DEL01-DF";"UOP02-DEL03-DF"
265432;2019-11-22;"sexta-feira";"14:30:00";"AC";364;232;"SENA MADUREIRA";"Desobediência às normas de trânsito pelo condutor";"Colisão transversal";"Sem Vítimas";"Pleno dia";"Decrescente";"Céu Claro";"Simples";"Declive;Reta";"Não";3;0;0;0;3;0;0;3;-9,37107688;-68,45549969;"SPRF-AC";"DEL01-AC";"UOP01-DEL01-AC"
265439;2019-10-29;"terça-feira";"06:40:00";"SC";282;2,9;"FLORIANOPOLIS";"Falta de Atenção à Condução";"Colisão traseira";"Com Vítimas Feridas";"Amanhecer";"Crescente";"Ignorado";"Dupla";"Curva";"Sim";2;0;0;1;0;1;1;2;-27,603289;-48,590416;"SPRF-SC";"DEL01-SC";"UOP01-DEL01-SC"
265471;2019-11-08;"sexta-feira";"09:10:00";"SC";101;400,4;"MARACAJA";"Desobediência às normas de trânsito pelo condutor";"Colisão transversal";"Com Vítimas Feridas";"Pleno dia";"Crescente";"Céu Claro";"Dupla";"Reta";"Sim";3;0;1;0;2;0;1;2;-28,84846615;-49,4346268;"SPRF-SC";"DEL02-SC";"UOP02-DEL02-SC"
265494;2019-11-24;"domingo";"16:20:00";"BA";101;551,4;"SAO JOSE DA VITORIA";"Velocidade Incompatível";"Colisão com objeto estático";"Com Vítimas Feridas";"Pleno dia";"Crescente";"Chuva";"Simples";"Curva";"Não";2;0;1;0;1;0;1;1;-15,149388;-39,394317;"SPRF-BA";"DEL05-BA";"UOP02-DEL05-BA"
265507;2019-12-20;"sexta-feira";"17:50:00";"SC";116;4,5;"MAFRA";"Falta de Atenção à Condução";"Colisão transversal";"Com Vítimas Feridas";"Pleno dia";"Crescente";"Céu Claro";"Simples";"Reta";"Não";2;0;1;0;1;0;1;2;-26,13900329;-49,81267154;"SPRF-SC";"DEL06-SC";"UOP01-DEL06-SC"
265537;2019-04-22;"segunda-feira";"10:15:00";"MG";50;123;"UBERABA";"Condutor Dormindo";"Saída de leito carroçável";"Com Vítimas Feridas";"Pleno dia";"Crescente";"Céu Claro";"Dupla";"Reta";"Não";1;0;1;0;0;0;1;1;-19,33326318;-48,09913641;"SPRF-MG";"DEL13-MG";"UOP01-DEL13-MG"
265555;2019-12-03;"terça-feira";"07:30:00";"DF";70;5;"BRASILIA";"Desobediência às normas de trânsito pelo condutor";"Queda de ocupante de veículo";"Com Vítimas Feridas";"Pleno dia";"Decrescente";"Céu Claro";"Dupla";"Reta";"Sim";1;0;1;0;0;0;1;1;-15,792791;-48,10173491;"SPRF-DF";"DEL01-DF";"UOP02-DEL03-DF"
265612;2019-10-04;"sexta-feira";"12:39:00";"BA";324;514;"FEIRA DE SANTANA";"Falta de Atenção à Condução";"Atropelamento de Pedestre";"Com Vítimas Feridas";"Pleno dia";"Crescente";"Céu Claro";"Simples";"Interseção de Vias";"Sim";2;0;0;1;0;1;1;2;-12,2351648;-38,94453917;"SPRF-BA";"DEL02-BA";"UOP01-DEL02-BA"
265632;2019-12-15;"domingo";"07:15:00";"BA";324;382;"RIACHAO DO JACUIPE";"Animais na Pista";"Atropelamento de Animal";"Com Vítimas Feridas";"Pleno dia";"Decrescente";"Céu Claro";"Simples";"Reta";"Não";4;0;0;1;3;0;1;1;-11,81007527;-39,38638866;"SPRF-BA";"DEL04-BA";"UOP02-DEL04-BA"
265665;2019-12-06;"sexta-feira";"00:30:00";"MA";135;4,5;"SAO LUIS";"Ingestão de Álcool";"Danos eventuais";"Com Vítimas Feridas";"Amanhecer";"Crescente";"Céu Claro";"Dupla";"Reta";"Sim";4;0;2;0;0;2;2;2;-2,61424881;-44,25257023;"SPRF-MA";"DEL01-MA";"UOP01-DEL01-MA"
265697;2019-12-18;"quarta-feira";"17:45:00";"TO";153;799;"TALISMA";"Defeito na Via";"Tombamento";"Com Vítimas Feridas";"Pleno dia";"Decrescente";"Céu Claro";"Simples";"Reta";"Não";1;0;0;1;0;0;1;1;-12,83214925;-49,10166407;"SPRF-TO";"DEL02-TO";"UOP02-DEL01-TO"
265750;2019-12-20;"sexta-feira";"21:30:00";"PE";232;9;"JABOATAO DOS GUARARAPES";"Falta de Atenção do Pedestre";"Atropelamento de Pedestre";"Com Vítimas Feridas";"Plena Noite";"Decrescente";"Céu Claro";"Dupla";"Reta";"Sim";2;0;0;1;1;0;1;2;-8,07764447;-34,97863609;"SPRF-PE";"DEL01-PE";"UOP01-DEL01-PE"
265764;2019-01-26;"sábado";"21:05:00";"GO";153;432,1;"ANAPOLIS";"Ingestão de Álcool";"Colisão com objeto estático";"Com Vítimas Feridas";"Plena Noite";"Crescente";"Nublado";"Dupla";"Reta";"Sim";1;0;1;0;0;0;1;1;-16,264801;-48,982357;"SPRF-GO";"DEL02-GO";"UOP01-DEL02-GO"
265769;2019-12-28;"sábado";"15:45:00";"PE";408;78,7;"PAUDALHO";"Condutor Dormindo";"Saída de leito carroçável";"Com Vítimas Feridas";"Pleno dia";"Decrescente";"Sol";"Dupla";"Reta";"Sim";1;0;0;1;0;0;1;1;-7,926733;-35,14811;"SPRF-PE";"DEL01-PE";"UOP01-DEL01-PE"
265785;2019-05-10;"sexta-feira";"13:39:00";"BA";324;519;"FEIRA DE SANTANA";"Falta de Atenção à Condução";"Queda de ocupante de veículo";"Com Vítimas Feridas";"Pleno dia";"Crescente";"Céu Claro";"Simples";"Reta";"Sim";1;0;1;0;0;0;1;1;-12,26687642;-38,93349875;"SPRF-BA";"DEL02-BA";"UOP01-DEL02-BA"
265836;2019-10-06;"domingo";"03:30:00";"RJ";101;296;"SAO GONCALO";"Desobediência às normas de trânsito pelo condutor";"Saída de leito carroçável";"Com Vítimas Feridas";"Plena Noite";"Decrescente";"Nublado";"Dupla";"Curva";"Sim";2;0;1;1;0;0;2;1;-22,7670498;-42,91019601;"SPRF-RJ";"DEL02-RJ";"UOP03-DEL02-RJ"
265911;2019-12-20;"sexta-feira";"12:45:00";"SC";282;3;"FLORIANOPOLIS";"Falta de Atenção à Condução";"Colisão traseira";"Com Vítimas Feridas";"Pleno dia";"Crescente";"Céu Claro";"Dupla";"Reta";"Sim";3;0;2;0;1;0;2;2;-27,600384;-48,599705;"SPRF-SC";"DEL01-SC";"UOP01-DEL01-SC"
265977;2019-12-25;"quarta-feira";"06:45:00";"RS";116;236;"NOVO HAMBURGO";"Desobediência às normas de trânsito pelo condutor";"Colisão traseira";"Com Vítimas Feridas";"Pleno dia";"Decrescente";"Céu Claro";"Dupla";"Declive";"Sim";3;0;2;0;0;1;2;2;-29,66938502;-51,14304731;"SPRF-RS";"DEL01-RS";"UOP02-DEL01-RS"
265979;2019-07-02;"terça-feira";"07:40:00";"ES";262;92,5;"DOMINGOS MARTINS";"Falta de Atenção à Condução";"Engavetamento";"Com Vítimas Feridas";"Pleno dia";"Decrescente";"Sol";"Simples";"Reta";"Não";5;0;1;0;0;4;1;5;-20,37836085;-41,04241992;"SPRF-ES";"DEL01-ES";"UOP02-DEL01-ES"
265991;2019-11-03;"domingo";"19:50:00";"AL";316;245,9;"ATALAIA";"Deficiência ou não Acionamento do Sistema de Iluminação/Sinalização do Veículo";"Colisão lateral";"Com Vítimas Fatais";"Plena Noite";"Crescente";"Céu Claro";"Simples";"Reta";"Não";2;1;0;0;0;1;0;2;-9,51787134;-35,99989354;"SPRF-AL";"DEL01-AL";"UOP01-DEL01-AL"