"id";"data_inversa";"dia_semana";"horario";"uf";"br";"km";"municipio";"causa_acidente";"tipo_acidente";"classificacao_acidente";"fase_dia";"sentido_via";"condicao_metereologica";"tipo_pista";"tracado_via";"uso_solo";"pessoas";"mortos";"feridos_leves";"feridos_graves";"ilesos";"ignorados";"feridos";"veiculos";"latitude";"longitude";"regional";"delegacia";"uop"
265995;2019-04-20;"sábado";"05:10:00";"BA";407;203,6;"CAEM";"Desobediência às normas de trânsito pelo condutor";"Colisão traseira";"Com Vítimas Fatais";"Amanhecer";"Crescente";"Céu Claro";"Simples";"Reta";"Não";5;1;0;0;4;0;0;2;-11,13040993;-40,06291378;"SPRF-BA";"DEL04-BA";"UOP02-DEL04-BA"
266131;2019-11-29;"sexta-feira";"17:50:00";"PE";101;74,3;"RECIFE";"Falta de Atenção do Pedestre";"Atropelamento de Pedestre";"Com Vítimas Feridas";"Anoitecer";"Decrescente";"Céu Claro";"Dupla";"Reta";"Sim";4;0;1;3;0;0;4;2;-8,1054954;-34,94882053;"SPRF-PE";"DEL01-PE";"UOP01-DEL01-PE"
266134;2019-01-03;"quinta-feira";"15:10:00";"PE";408;89,2;"SAO LOURENCO DA MATA";"Falta de Atenção à Condução";"Capotamento";"Com Vítimas Feridas";"Pleno dia";"Decrescente";"Céu Claro";"Dupla";"Reta";"Sim";1;0;1;0;0;0;1;1;-7,98149086;-35,08112279;"SPRF-PE";"DEL01-PE";"UOP01-DEL01-PE"
266137;2019-12-23;"segunda-feira";"20:10:00";"SE";235;57;"ITABAIANA";"Velocidade Incompatível";"Saída de leito carroçável";"Com Vítimas Feridas";"Plena Noite";"Crescente";"Céu Claro";"Simples";"Reta";"Sim";2;0;0;1;0;1;1;1;-10,650009;-37,451248;"SPRF-SE";"DEL01-SE";"UOP02-DEL01-SE"
266146;2019-12-25;"quarta-feira";"10:00:00";"SC";282;579,8;"PINHALZINHO";"Falta de Atenção à Condução";"Colisão frontal";"Com Vítimas Feridas";"Pleno dia";"Decrescente";"Sol";"Simples";"Reta";"Sim";5;0;5;0;0;0;5;2;-26,835443;-52,990578;"SPRF-SC";"DEL07-SC";"UOP02-DEL07-SC"
266158;2019-01-15;"terça-feira";"05:00:00";"AC";364;130;"RIO BRANCO";"Defeito na Via";"Queda de ocupante de veículo";"Com Vítimas Feridas";"Amanhecer";"Crescente";"Ignorado";"Dupla";"Reta";"Sim";1;0;0;1;0;0;1;1;-10,0131571;-67,7137847;"SPRF-AC";"DEL01-AC";"UOP01-DEL01-AC"
266255;2019-10-07;"segunda-feira";"09:10:00";"ES";101;270,5;"SERRA";"Falta de Atenção à Condução";"Tombamento";"Com Vítimas Feridas";"Pleno dia";"Crescente";"Céu Claro";"Dupla";"Reta";"Sim";2;0;0;1;1;0;1;2;-20,23106874;-40,27387446;"SPRF-ES";"DEL02-ES";"UOP01-DEL02-ES"
266406;2019-11-25;"segunda-feira";"07:20:00";"PR";116;125;"FAZENDA RIO GRANDE";"Falta de Atenção à Condução";"Colisão lateral";"Com Vítimas Feridas";"Pleno dia";"Decrescente";"Céu Claro";"Dupla";"Reta";"Sim";3;0;1;0;1;1;1;2;-25,59505309;-49,31630659;"SPRF-PR";"DEL01-PR";"UOP03-DEL01-PR"
266434;2019-06-03;"segunda-feira";"19:00:00";"CE";222;1,4;"CAUCAIA";"Não guardar distância de segurança";"Colisão traseira";"Com Vítimas Feridas";"Plena Noite";"Crescente";"Céu Claro";"Dupla";"Reta";"Sim";2;0;0;1;1;0;1;2;-3,736507;-38,65337;"SPRF-CE";"DEL01-CE";"UOP01-DEL01-CE"
266573;2019-07-13;"sábado";"19:35:00";"PR";373;425;"CANDOI";"Defeito Mecânico no Veículo";"Saída de leito carroçável";"Com Vítimas Feridas";"Plena Noite";"Decrescente";"Ignorado";"Simples";"Reta";"Não";1;0;0;1;0;0;1;1;-25,71180139;-52,18373987;"SPRF-PR";"DEL03-PR";"UOP01-DEL08-PR"
266627;2019-10-22;"terça-feira";"20:20:00";"BA";324;608;"SIMOES FILHO";"Defeito na Via";"Queda de ocupante de veículo";"Com Vítimas Feridas";"Plena Noite";"Crescente";"Céu Claro";"Simples";"Reta";"Não";1;0;1;0;0;0;1;1;-12,78155812;-38,41655733;"SPRF-BA";"DEL01-BA";"UOP01-DEL01-BA"
266787;2019-11-18;"segunda-feira";"09:45:00";"RN";304;210,3;"CAICARA DO RIO DO VENTO";"Falta de Atenção à Condução";"Colisão frontal";"Com Vítimas Fatais";"Pleno dia";"Decrescente";"Céu Claro";"Simples";"Reta";"Não";2;1;1;0;0;0;1;2;-5,74488655;-36,0775249;"SPRF-RN";"DEL01-RN";"UOP03-DEL01-RN"
266896;2019-10-31;"quinta-feira";"07:20:00";"RN";304;304,4;"PARNAMIRIM";"Falta de Atenção à Condução";"Colisão traseira";"Com Vítimas Feridas";"Pleno dia";"Crescente";"Céu Claro";"Dupla";"Reta";"Não";3;0;1;0;2;0;1;3;-5,88497076;-35,28078192;"SPRF-RN";"DEL01-RN";"UOP02-DEL01-RN"
266940;2019-12-12;"quinta-feira";"05:00:00";"PR";277;9;"PARANAGUA";"Falta de Atenção à Condução";"Colisão com objeto estático";"Com Vítimas Feridas";"Amanhecer";"Decrescente";"Céu Claro";"Dupla";"Reta";"Não";3;0;0;3;0;0;3;1;-25,568198;-48,615292;"SPRF-PR";"DEL01-PR";"UOP05-DEL01-PR"
266946;2019-12-25;"quarta-feira";"16:40:00";"SC";101;127;"ITAJAI";"Ingestão de Álcool";"Colisão traseira";"Sem Vítimas";"Pleno dia";"Crescente";"Sol";"Dupla";"Reta";"Não";2;0;0;0;2;0;0;2;-26,9639319;-48,68328024;"SPRF-SC";"DEL04-SC";"UOP04-DEL04-SC"
267022;2019-12-14;"sábado";"05:00:00";"SP";116;480;"JACUPIRANGA";"Ingestão de Álcool";"Colisão traseira";"Com Vítimas Feridas";"Amanhecer";"Decrescente";"Nublado";"Dupla";"Reta";"Não";3;0;1;0;2;0;1;2;-24,70935401;-48,01820699;"SPRF-SP";"DEL05-SP";"UAP01-DEL05-SP"
267071;2019-12-09;"segunda-feira";"20:15:00";"BA";101;218;"GOVERNADOR MANGABEIRA";"Desobediência às normas de trânsito pelo condutor";"Saída de leito carroçável";"Com Vítimas Feridas";"Plena Noite";"Decrescente";"Céu Claro";"Simples";"Reta";"Não";1;0;1;0;0;0;1;1;-12,60420023;-39,06211856;"SPRF-BA";"DEL01-BA";"UOP03-DEL01-BA"
267108;2019-03-24;"domingo";"04:30:00";"SC";101;139;"BALNEARIO CAMBORIU";"Velocidade Incompatível";"Saída de leito carroçável";"Com Vítimas Feridas";"Plena Noite";"Crescente";"Nublado";"Dupla";"Aclive;Curva";"Não";1;0;0;1;0;0;1;1;-27,02982303;-48,60115006;"SPRF-SC";"DEL04-SC";"UOP03-DEL04-SC"
267239;2019-12-31;"terça-feira";"17:00:00";"BA";101;744,2;"ITABELA";"Ultrapassagem Indevida";"Colisão frontal";"Com Vítimas Feridas";"Pleno dia";"Crescente";"Sol";"Dupla";"Declive;Curva";"Não";4;0;3;1;0;0;4;2;-16,71922305;-39,45114095;"SPRF-BA";"DEL09-BA";"UOP01-DEL09-BA"
267269;2019-09-14;"sábado";"08:00:00";"RJ";40;70;"PETROPOLIS";"Falta de Atenção à Condução";"Saída de leito carroçável";"Com Vítimas Feridas";"Pleno dia";"Decrescente";"Nublado";"Dupla";"Curva";"Não";1;0;1;0;0;0;1;1;-22,44906429;-43,19987784;"SPRF-RJ";"DEL06-RJ";"UOP01-DEL06-RJ"
267354;2019-12-11;"quarta-feira";"13:20:00";"RO";364;430,8;"JARU";"Desobediência às normas de trânsito pelo condutor";"Colisão transversal";"Sem Vítimas";"Pleno dia";"Decrescente";"Céu Claro";"Simples";"Interseção de Vias";"Sim";2;0;0;0;0;2;0;2;-10,41098263;-62,51010043;"SPRF-RO";"DEL03-RO";"UOP02-DEL03-RO"
267361;2019-12-15;"domingo";"14:30:00";"RO";364;426,1;"JARU";"Velocidade Incompatível";"Tombamento";"Com Vítimas Feridas";"Pleno dia";"Crescente";"Céu Claro";"Dupla";"Interseção de Vias";"Sim";1;0;0;1;0;0;1;1;-10,432443;-62,479584;"SPRF-RO";"DEL03-RO";"UOP02-DEL03-RO"
267509;2019-11-15;"sexta-feira";"07:30:00";"MG";116;815;"ALEM PARAIBA";"Pista Escorregadia";"Tombamento";"Com Vítimas Feridas";"Amanhecer";"Crescente";"Ignorado";"Simples";"Curva";"Não";2;0;0;2;0;0;2;1;-21,86200678;-42,66859006;"SPRF-MG";"DEL07-MG";"UOP01-DEL07-MG"
267526;2019-12-08;"domingo";"02:45:00";"RN";101;122;"SAO JOSE DE MIPIBU";"Ingestão de Álcool";"Colisão traseira";"Com Vítimas Feridas";"Plena Noite";"Decrescente";"Céu Claro";"Dupla";"Reta";"Não";5;0;0;3;1;1;3;3;-6,0525261;-35,24358535;"SPRF-RN";"DEL01-RN";"UOP01-DEL01-RN"
267530;2019-12-20;"sexta-feira";"18:30:00";"PR";116;5;"CAMPINA GRANDE DO SUL";"Velocidade Incompatível";"Colisão com objeto estático";"Com Vítimas Feridas";"Anoitecer";"Decrescente";"Garoa/Chuvisco";"Dupla";"Curva";"Não";1;0;1;0;0;0;1;1;-25,08301297;-48,59994703;"SPRF-PR";"DEL01-PR";"UOP02-DEL01-PR"
267618;2019-12-18;"quarta-feira";"08:35:00";"RS";116;393;"CAMAQUA";"Restrição de Visibilidade";"Colisão com objeto estático";"Sem Vítimas";"Pleno dia";"Crescente";"Céu Claro";"Dupla";"Reta";"Não";2;0;0;0;2;0;0;1;-30,84174177;-51,74981117;"SPRF-RS";"DEL02-RS";"UOP03-DEL02-RS"
267768;2019-10-13;"domingo";"19:20:00";"SP";116;322;"JUQUITIBA";"Desobediência às normas de trânsito pelo condutor";"Tombamento";"Sem Vítimas";"Plena Noite";"Decrescente";"Ignorado";"Dupla";"Reta";"Não";2;0;0;0;0;2;0;1;-23,935106;-47,026682;"SPRF-SP";"DEL04-SP";"UOP01-DEL04-SP"
267973;2019-12-10;"terça-feira";"15:20:00";"GO";60;138;"GOIANIA";"Avarias e/ou desgaste excessivo no pneu";"Capotamento";"Com Vítimas Feridas";"Pleno dia";"Decrescente";"Chuva";"Dupla";"Reta";"Sim";2;0;0;2;0;0;2;1;-16,603402;-49,202674;"SPRF-GO";"DEL01-GO";"UOP01-DEL01-GO"
267991;2019-12-31;"terça-feira";"20:00:00";"AC";317;50;"RIO BRANCO";"Desobediência às normas de trânsito pelo condutor";"Colisão traseira";"Com Vítimas Feridas";"Plena Noite";"Crescente";"Chuva";"Simples";"Reta";"Não";2;0;1;0;1;0;1;2;-9,94737118;-67,49239163;"SPRF-AC";"DEL01-AC";"UOP01-DEL01-AC"
268010;2019-12-18;"quarta-feira";"22:51:00";"PR";277;729;"FOZ DO IGUACU";"Falta de Atenção à Condução";"Colisão com objeto estático";"Com Vítimas Feridas";"Plena Noite";"Crescente";"Céu Claro";"Dupla";"Reta";"Sim";1;0;0;1;0;0;1;1;-25,48260542;-54,58240092;"SPRF-PR";"DEL05-PR";"UOP03-DEL05-PR"
268190;2019-12-23;"segunda-feira";"10:42:00";"GO";40;4,2;"VALPARAISO DE GOIAS";"Animais na Pista";"Engavetamento";"Sem Vítimas";"Pleno dia";"Decrescente";"Céu Claro";"Dupla";"Reta";"Sim";5;0;0;0;5;0;0;3;-16,085241;-47,986752;"SPRF-DF";"DEL01-DF";"UOP01-DEL01-DF"
268402;2019-12-29;"domingo";"18:25:00";"SC";282;500,1;"XANXERE";"Desobediência às normas de trânsito pelo condutor";"Colisão transversal";"Sem Vítimas";"Anoitecer";"Crescente";"Céu Claro";"Dupla";"Interseção de Vias";"Sim";2;0;0;0;2;0;0;2;-26,88105358;-52,37026345;"SPRF-SC";"DEL07-SC";"UOP01-DEL07-SC"
268432;2019-03-23;"sábado";"22:00:00";"MT";364;543,9;"ROSARIO OESTE";"Desobediência às normas de trânsito pelo condutor";"Colisão transversal";"Com Vítimas Feridas";"Plena Noite";"Decrescente";"Céu Claro";"Dupla";"Declive";"Sim";2;0;1;0;1;0;1;2;-14,90512097;-56,4679881;"SPRF-MT";"DEL01-MT";"UOP01-DEL01-MT"
268441;2019-07-05;"sexta-feira";"16:30:00";"ES";101;94,2;"JAGUARE";"Falta de Atenção à Condução";"Colisão transversal";"Com Vítimas Feridas";"Pleno dia";"Crescente";"Céu Claro";"Simples";"Reta";"Não";2;0;0;1;0;1;1;2;-18,93251715;-39,9726069;"SPRF-ES";"DEL04-ES";"UOP02-DEL04-ES"
268500;2019-11-18;"segunda-feira";"13:34:00";"BA";407;1;"JUAZEIRO";"Não guardar distância de segurança";"Colisão traseira";"Com Vítimas Feridas";"Pleno dia";"Crescente";"Ignorado";"Simples";"Reta";"Sim";2;0;0;1;1;0;1;2;-9,42270369;-40,50686186;"SPRF-PE";"DEL06-PE";"UOP01-DEL06-PE"
268609;2019-12-07;"sábado";"23:30:00";"PE";232;507;"SALGUEIRO";"Ingestão de Álcool";"Colisão transversal";"Com Vítimas Feridas";"Plena Noite";"Crescente";"Céu Claro";"Simples";"Interseção de Vias";"Sim";2;0;1;0;0;1;1;2;-8,06038759;-39,11191706;"SPRF-PE";"DEL05-PE";"UOP01-DEL05-PE"
268635;2019-07-21;"domingo";"13:15:00";"SP";116;29,2;"CRUZEIRO";"Velocidade Incompatível";"Colisão com objeto estático";"Com Vítimas Feridas";"Pleno dia";"Decrescente";"Sol";"Dupla";"Reta";"Não";7;0;0;5;2;0;5;2;-22,62913624;-44,92451055;"SPRF-SP";"DEL08-SP";"UOP02-DEL08-SP"
268665;2019-12-08;"domingo";"12:00:00";"MG";40;421,7;"CURVELO";"Falta de Atenção à Condução";"Saída de leito carroçável";"Com Vítimas Feridas";"Pleno dia";"Decrescente";"Céu Claro";"Simples";"Curva";"Sim";3;0;1;1;1;0;2;1;-19,15478812;-44,55712798;"SPRF-MG";"DEL02-MG";"UOP01-DEL02-MG"
268728;2019-04-21;"domingo";"15:30:00";"TO";153;245,4;"COLINAS DO TOCANTINS";"Falta de Atenção à Condução";"Colisão transversal";"Com Vítimas Feridas";"Pleno dia";"Crescente";"Ignorado";"Dupla";"Rotatória";"Sim";2;0;1;0;1;0;1;2;-8,038621;-48,466015;"SPRF-TO";"DEL02-TO";"UOP01-DEL02-TO"
268768;2019-08-11;"domingo";"19:30:00";"BA";330;810;"JITAUNA";"Falta de Atenção à Condução";"Colisão transversal";"Com Vítimas Fatais";"Plena Noite";"Crescente";"Céu Claro";"Simples";"Curva";"Não";2;1;0;0;1;0;0;2;-14,00335139;-39,92621725;"SPRF-BA";"DEL05-BA";"UOP01-DEL05-BA"
268790;2019-01-06;"domingo";"20:30:00";"SE";235;55;"ITABAIANA";"Ingestão de Álcool";"Colisão traseira";"Sem Vítimas";"Plena Noite";"Decrescente";"Céu Claro";"Simples";"Reta";"Sim";2;0;0;0;2;0;0;2;-10,667386;-37,446014;"SPRF-SE";"DEL01-SE";"UOP02-DEL01-SE"
268794;2019-08-14;"quarta-feira";"18:00:00";"MS";163;433,7;"CAMPO GRANDE";"Desobediência às normas de trânsito pelo condutor";"Colisão traseira";"Com Vítimas Feridas";"Plena Noite";"Crescente";"Ignorado";"Simples";"Reta";"Não";3;0;0;1;1;1;1;3;-20,87463003;-54,50627117;"SPRF-MS";"DEL01-MS";"UOP01-DEL01-MS"
268812;2019-12-23;"segunda-feira";"16:00:00";"SC";480;126,8;"CHAPECO";"Desobediência às normas de trânsito pelo condutor";"Colisão transversal";"Com Vítimas Feridas";"Pleno dia";"Crescente";"Sol";"Simples";"Retorno Regulamentado";"Sim";3;0;2;0;1;0;2;2;-27,020083;-52,636024;"SPRF-SC";"DEL07-SC";"UOP01-DEL07-SC"
268848;2019-01-24;"quinta-feira";"22:10:00";"SP";116;118,5;"TAUBATE";"Falta de Atenção do Pedestre";"Atropelamento de Pedestre";"Com Vítimas Fatais";"Plena Noite";"Crescente";"Céu Claro";"Dupla";"Reta";"Não";2;1;0;0;1;0;0;2;-23,062664;-45,626652;"SPRF-SP";"DEL06-SP";"UOP01-DEL06-SP"
268892;2019-04-14;"domingo";"00:45:00";"RN";101;159;"CANGUARETAMA";"Falta de Atenção à Condução";"Colisão traseira";"Com Vítimas Feridas";"Pleno dia";"Decrescente";"Chuva";"Simples";"Reta";"Sim";3;0;1;1;0;1;2;2;-6,36312911;-35,15714218;"SPRF-RN";"DEL01-RN";"UOP01-DEL01-RN"
268960;2019-11-23;"sábado";"17:10:00";"RR";174;528;"BOA VISTA";"Agressão Externa";"Saída de leito carroçável";"Com Vítimas Fatais";"Pleno dia";"Crescente";"Céu Claro";"Simples";"Reta";"Não";3;1;1;1;0;0;2;1;2,99624;-60,757847;"SPRF-RR";"DEL01-RR";"UOP01-DEL01-RR"
268965;2019-05-27;"segunda-feira";"10:00:00";"GO";40;4,2;"VALPARAISO DE GOIAS";"Falta de Atenção do Pedestre";"Atropelamento de Pedestre";"Com Vítimas Feridas";"Pleno dia";"Crescente";"Céu Claro";"Dupla";"Reta";"Sim";2;0;0;2;0;0;2;2;-16,085241;-47,986752;"SPRF-DF";"DEL01-DF";"UOP01-DEL01-DF"
269053;2019-12-24;"terça-feira";"20:00:00";"BA";235;352;"JUAZEIRO";"Falta de Atenção à Condução";"Colisão transversal";"Com Vítimas Feridas";"Plena Noite";"Crescente";"Céu Claro";"Simples";"Reta";"Sim";2;0;0;1;0;1;1;2;-9,4351763;-40,50281525;"SPRF-BA";"DEL04-BA";"UOP01-DEL04-BA"
269170;2019-12-29;"domingo";"05:50:00";"PA";230;119;"MARABA";"Falta de Atenção à Condução";"Saída de leito carroçável";"Com Vítimas Fatais";"Amanhecer";"Crescente";"Garoa/Chuvisco";"Dupla";"Curva";"Sim";1;1;0;0;0;0;0;1;-5,350407;-49,105981;"SPRF-PA";"DEL03-PA";"UOP01-DEL03-PA"
269412;2019-06-11;"terça-feira";"17:09:00";"PR";476;118,7;"COLOMBO";"Desobediência às normas de trânsito pelo pedestre";"Queda de ocupante de veículo";"Com Vítimas Feridas";"Anoitecer";"Decrescente";"Nublado";"Dupla";"Reta";"Sim";2;0;0;1;0;1;1;2;-25,35634;-49,180828;"SPRF-PR";"DEL01-PR";"UOP07-DEL01-PR"
269424;2019-12-02;"segunda-feira";"05:25:00";"PR";116;30;"CAMPINA GRANDE DO SUL";"Defeito Mecânico no Veículo";"Capotamento";"Com Vítimas Feridas";"Amanhecer";"Decrescente";"Ignorado";"Dupla";"Reta";"Não";2;0;0;1;1;0;1;1;-25,10003092;-48,82089801;"SPRF-PR";"DEL01-PR";"UOP02-DEL01-PR"
269432;2019-12-26;"quinta-feira";"03:40:00";"MG";251;332;"FRUTA DE LEITE";"Falta de Atenção à Condução";"Saída de leito carroçável";"Com Vítimas Feridas";"Plena Noite";"Crescente";"Ignorado";"Simples";"Reta";"Não";1;0;1;0;0;0;1;1;-16,26542289;-42,41110325;"SPRF-MG";"DEL12-MG";"UOP01-DEL12-MG"
269787;2019-12-23;"segunda-feira";"07:29:00";"RJ";116;13,9;"SAPUCAIA";"Velocidade Incompatível";"Saída de leito carroçável";"Com Vítimas Fatais";"Amanhecer";"Decrescente";"Chuva";"Simples";"Reta";"Não";3;2;0;1;0;0;1;1;-21,95256217;-42,73351991;"SPRF-RJ";"DEL04-RJ";"UOP01-DEL04-RJ"
269834;2019-06-29;"sábado";"14:16:00";"GO";60;187,1;"GUAPO";"Ingestão de Álcool";"Colisão traseira";"Com Vítimas Feridas";"Pleno dia";"Crescente";"Céu Claro";"Dupla";"Curva;Declive";"Não";2;0;1;0;1;0;1;2;-16,8068;-49,5257;"SPRF-GO";"DEL01-GO";"UOP02-DEL01-GO"
269871;2019-10-04;"sexta-feira";"21:00:00";"MG";381;446;"SABARA";"Mal Súbito";"Colisão lateral";"Com Vítimas Feridas";"Plena Noite";"Decrescente";"Céu Claro";"Simples";"Reta";"Sim";2;0;1;0;1;0;1;2;-19,82950465;-43,84255613;"SPRF-MG";"DEL01-MG";"UOP01-DEL01-MG"
269898;2019-12-23;"segunda-feira";"22:30:00";"PE";101;77;"RECIFE";"Falta de Atenção à Condução";"Queda de ocupante de veículo";"Com Vítimas Feridas";"Plena Noite";"Decrescente";"Ignorado";"Dupla";"Reta";"Sim";1;0;0;1;0;0;1;1;-8,13164026;-34,94538914;"SPRF-PE";"DEL01-PE";"UOP01-DEL01-PE"
269902;2019-12-10;"terça-feira";"11:00:00";"AM";174;958;"MANAUS";"Defeito Mecânico no Veículo";"Incêndio";"Sem Vítimas";"Anoitecer";"Decrescente";"Céu Claro";"Simples";"Reta";"Não";2;0;0;0;1;1;0;1;-2,32835003;-60,0474847;"SPRF-AM";"DEL01-AM";"UOP01-DEL01-AM"
270020;2019-08-04;"domingo";"14:50:00";"DF";20;51,8;"BRASILIA";"Defeito Mecânico no Veículo";"Saída de leito carroçável";"Com Vítimas Feridas";"Pleno dia";"Crescente";"Céu Claro";"Dupla";"Reta";"Sim";2;0;2;0;0;0;2;1;-15,580705;-47,41259;"SPRF-DF";"DEL02-DF";"UOP01-DEL02-DF"
270193;2019-12-21;"sábado";"11:00:00";"RJ";101;325;"NITEROI";"Falta de Atenção à Condução";"Colisão lateral";"Com Vítimas Feridas";"Pleno dia";"Decrescente";"Sol";"Dupla";"Reta";"Sim";2;0;1;0;1;0;1;2;-22,8721816;-43,1447053;"SPRF-RJ";"DEL02-RJ";"UOP01-DEL02-RJ"
270200;2019-07-14;"domingo";"13:00:00";"PE";101;26;"ITAPISSUMA";"Falta de Atenção à Condução";"Saída de leito carroçável";"Com Vítimas Feridas";"Pleno dia";"Decrescente";"Chuva";"Múltipla";"Declive";"Não";1;0;0;1;0;0;1;1;-7,70826223;-34,92811677;"SPRF-PE";"DEL01-PE";"UOP02-DEL01-PE"
270222;2019-06-13;"quinta-feira";"12:45:00";"PB";230;135,2;"CAMPINA GRANDE";"Velocidade Incompatível";"Saída de leito carroçável";"Sem Vítimas";"Pleno dia";"Crescente";"Chuva";"Dupla";"Curva";"Não";1;0;0;0;1;0;0;1;-7,281545;-35,769456;"SPRF-PB";"DEL02-PB";"UOP01-DEL02-PB"
270228;2019-11-11;"segunda-feira";"12:00:00";"RJ";101;412;"ITAGUAI";"Pista Escorregadia";"Saída de leito carroçável";"Sem Vítimas";"Pleno dia";"Decrescente";"Chuva";"Dupla";"Reta";"Sim";2;0;0;0;2;0;0;1;-22,90129154;-43,86852253;"SPRF-RJ";"DEL03-RJ";"UOP01-DEL03-RJ"
270236;2019-06-28;"sexta-feira";"12:18:00";"RN";101;80;"NATAL";"Falta de Atenção à Condução";"Queda de ocupante de veículo";"Com Vítimas Feridas";"Pleno dia";"Crescente";"Céu Claro";"Dupla";"Reta";"Sim";1;0;1;0;0;0;1;1;-5,75852229;-35,28806121;"SPRF-RN";"DEL02-RN";"UOP01-DEL02-RN"
270252;2019-12-09;"segunda-feira";"11:15:00";"MG";40;620;"CONGONHAS";"Animais na Pista";"Saída de leito carroçável";"Com Vítimas Feridas";"Pleno dia";"Decrescente";"Nublado";"Simples";"Reta";"Não";1;0;1;0;0;0;1;1;-20,57784016;-43,80982006;"SPRF-MG";"DEL05-MG";"UOP02-DEL05-MG"
270318;2019-11-27;"quarta-feira";"14:26:00";"PR";373;405;"CANDOI";"Avarias e/ou desgaste excessivo no pneu";"Queda de ocupante de veículo";"Com Vítimas Feridas";"Pleno dia";"Crescente";"Ignorado";"Simples";"Reta";"Não";2;0;0;2;0;0;2;1;-25,58774381;-52,05960363;"SPRF-PR";"DEL08-PR";"UOP01-DEL08-PR"
270385;2019-11-14;"quinta-feira";"14:00:00";"SC";282;411,6;"CATANDUVAS";"Velocidade Incompatível";"Colisão com objeto estático";"Com Vítimas Feridas";"Pleno dia";"Decrescente";"Garoa/Chuvisco";"Simples";"Curva";"Não";1;0;1;0;0;0;1;1;-27,060066;-51,678508;"SPRF-SC";"DEL07-SC";"UOP05-DEL07-SC"
270404;2019-12-17;"terça-feira";"19:40:00";"PE";407;98;"PETROLINA";"Animais na Pista";"Atropelamento de Animal";"Com Vítimas Feridas";"Plena Noite";"Decrescente";"Ignorado";"Simples";"Reta";"Não";1;0;0;1;0;0;1;1;-9,15892199;-40,6356868;"SPRF-PE";"DEL06-PE";"UOP02-DEL06-PE"
270485;2019-11-07;"quinta-feira";"12:50:00";"MG";50;69;"UBERLANDIA";"Falta de Atenção à Condução";"Colisão traseira";"Com Vítimas Feridas";"Pleno dia";"Crescente";"Céu Claro";"Dupla";"Interseção de Vias";"Sim";2;0;2;0;0;0;2;2;-18,88385346;-48,26693058;"SPRF-MG";"DEL15-MG";"UOP01-DEL15-MG"
270487;2019-10-13;"domingo";"12:20:00";"SP";116;323;"JUQUITIBA";"Velocidade Incompatível";"Tombamento";"Com Vítimas Feridas";"Pleno dia";"Crescente";"Céu Claro";"Dupla";"Curva";"Sim";1;0;0;1;0;0;1;1;-23,93663197;-47,03568002;"SPRF-SP";"DEL04-SP";"UOP01-DEL04-SP"
270499;2019-12-20;"sexta-feira";"07:40:00";"RN";304;35,5;"MOSSORO";"Falta de Atenção à Condução";"Colisão transversal";"Com Vítimas Feridas";"Pleno dia";"Crescente";"Céu Claro";"Dupla";"Rotatória";"Sim";2;0;1;0;1;0;1;2;-5,16533935;-37,3524642;"SPRF-RN";"DEL04-RN";"UOP02-DEL04-RN"
270598;2019-11-10;"domingo";"14:00:00";"MG";50;29;"ARAGUARI";"Falta de Atenção à Condução";"Tombamento";"Com Vítimas Feridas";"Pleno dia";"Crescente";"Céu Claro";"Dupla";"Curva";"Não";4;0;0;4;0;0;4;2;-18,62034416;-48,11087208;"SPRF-MG";"DEL15-MG";"UOP02-DEL15-MG"
270671;2019-06-16;"domingo";"11:30:00";"CE";116;494,7;"BREJO SANTO";"Falta de Atenção à Condução";"Colisão transversal";"Com Vítimas Feridas";"Pleno dia";"Crescente";"Céu Claro";"Simples";"Reta";"Sim";6;0;4;0;2;0;4;2;-7,39283437;-38,96067552;"SPRF-CE";"DEL05-CE";"UOP03-DEL05-CE"
270855;2019-07-04;"quinta-feira";"07:35:00";"ES";101;148,1;"LINHARES";"Falta de Atenção à Condução";"Colisão lateral";"Com Vítimas Feridas";"Pleno dia";"Crescente";"Céu Claro";"Múltipla";"Curva";"Sim";2;0;1;0;1;0;1;2;-19,3887502;-40,06769842;"SPRF-ES";"DEL04-ES";"UOP01-DEL04-ES"
271026;2019-08-16;"sexta-feira";"15:10:00";"MG";40;532;"BELO HORIZONTE";"Desobediência às normas de trânsito pelo condutor";"Colisão lateral";"Com Vítimas Feridas";"Pleno dia";"Crescente";"Céu Claro";"Dupla";"Reta";"Sim";2;0;1;0;1;0;1;2;-19,92372561;-44,01700789;"SPRF-MG";"DEL01-MG";"UOP02-DEL01-MG"
271239;2019-11-17;"domingo";"04:00:00";"RJ";101;392;"RIO DE JANEIRO";"Velocidade Incompatível";"Colisão traseira";"Sem Vítimas";"Plena Noite";"Decrescente";"Nublado";"Dupla";"Reta";"Não";5;0;0;0;4;1;0;2;-22,88888221;-43,70505279;"SPRF-RJ";"DEL03-RJ";"UOP01-DEL03-RJ"
271813;2019-11-14;"quinta-feira";"20:00:00";"AC";364;125;"RIO BRANCO";"Defeito na Via";"Tombamento";"Com Vítimas Feridas";"Plena Noite";"Crescente";"Ignorado";"Dupla";"Reta";"Sim";1;0;0;1;0;0;1;1;-10,01265783;-67,79965639;"SPRF-AC";"DEL01-AC";"UOP01-DEL01-AC"