"id";"data_inversa";"dia_semana";"horario";"uf";"br";"km";"municipio";"causa_acidente";"tipo_acidente";"classificacao_acidente";"fase_dia";"sentido_via";"condicao_metereologica";"tipo_pista";"tracado_via";"uso_solo";"pessoas";"mortos";"feridos_leves";"feridos_graves";"ilesos";"ignorados";"feridos";"veiculos";"latitude";"longitude";"regional";"delegacia";"uop"
271860;2019-04-23;"terça-feira";"07:00:00";"PE";101;156;"RIBEIRAO";"Defeito na Via";"Colisão com objeto estático";"Com Vítimas Feridas";"Pleno dia";"Decrescente";"Garoa/Chuvisco";"Dupla";"Reta";"Não";2;0;2;0;0;0;2;1;-8,54597711;-35,39140871;"SPRF-PE";"DEL01-PE";"UOP03-DEL01-PE"
272012;2019-03-16;"sábado";"06:00:00";"PE";101;83;"JABOATAO DOS GUARARAPES";"Falta de Atenção à Condução";"Saída de leito carroçável";"Com Vítimas Feridas";"Pleno dia";"Decrescente";"Céu Claro";"Dupla";"Reta";"Não";2;0;2;0;0;0;2;1;-8,175172;-34,942642;"SPRF-PE";"DEL01-PE";"UOP03-DEL01-PE"
272025;2019-09-11;"quarta-feira";"12:30:00";"BA";407;2;"JUAZEIRO";"Falta de Atenção à Condução";"Saída de leito carroçável";"Com Vítimas Feridas";"Pleno dia";"Decrescente";"Céu Claro";"Simples";"Reta";"Sim";2;0;1;0;1;0;1;2;-9,42510627;-40,50338572;"SPRF-PE";"DEL06-PE";"UOP01-DEL06-PE"
272218;2019-05-25;"sábado";"16:00:00";"PI";316;3,5;"TERESINA";"Falta de Atenção à Condução";"Colisão lateral";"Com Vítimas Feridas";"Pleno dia";"Crescente";"Céu Claro";"Simples";"Reta";"Sim";3;0;1;1;1;0;2;2;-5,12826443;-42,79292384;"SPRF-PI";"DEL01-PI";"UOP02-DEL01-PI"
272346;2019-11-25;"segunda-feira";"05:10:00";"AC";317;259;"XAPURI";"Condutor Dormindo";"Saída de leito carroçável";"Com Vítimas Feridas";"Amanhecer";"Decrescente";"Nublado";"Simples";"Declive";"Não";4;0;4;0;0;0;4;1;-10,67250888;-68,30225945;"SPRF-AC";"DEL01-AC";"UOP02-DEL01-AC"
272569;2019-12-20;"sexta-feira";"07:15:00";"RS";470;234;"CARLOS BARBOSA";"Desobediência às normas de trânsito pelo condutor";"Colisão transversal";"Com Vítimas Feridas";"Pleno dia";"Crescente";"Céu Claro";"Simples";"Reta;Interseção de Vias";"Não";2;0;2;0;0;0;2;2;-29,30624006;-51,48588717;"SPRF-RS";"DEL06-RS";"UOP01-DEL06-RS"
272982;2019-12-31;"terça-feira";"17:46:00";"PA";316;111;"SANTA MARIA DO PARA";"Falta de Atenção à Condução";"Colisão transversal";"Sem Vítimas";"Pleno dia";"Crescente";"Chuva";"Simples";"Curva";"Não";6;0;0;0;6;0;0;2;-1,31708992;-47,51316503;"SPRF-PA";"DEL01-PA";"UOP02-DEL01-PA"
273073;2019-06-27;"quinta-feira";"11:30:00";"PI";135;504;"MONTE ALEGRE DO PIAUI";"Defeito na Via";"Colisão frontal";"Com Vítimas Fatais";"Pleno dia";"Crescente";"Céu Claro";"Simples";"Reta";"Não";9;3;4;2;0;0;6;2;-9,74687;-45,301895;"SPRF-PI";"DEL03-PI";"UOP02-DEL03-PI"
273138;2019-09-09;"segunda-feira";"17:35:00";"PR";376;175,2;"MARINGA";"Desobediência às normas de trânsito pelo condutor";"Colisão lateral";"Com Vítimas Feridas";"Pleno dia";"Decrescente";"Ignorado";"Múltipla";"Interseção de Vias;Reta;Declive";"Sim";2;0;0;1;0;1;1;2;-23,4113569;-51,9407767;"SPRF-PR";"DEL09-PR";"UOP01-DEL09-PR"
273207;2019-08-20;"terça-feira";"09:00:00";"PB";0;0;"JOAO PESSOA";"Falta de Atenção à Condução";"Colisão com objeto estático";"Sem Vítimas";"Pleno dia";"Não Informado";"Céu Claro";"Simples";"Reta";"Sim";1;0;0;0;1;0;0;1;-7,10100978;-34,83236974;"SPRF-PB";"DEL01-PB";"UOP01-DEL01-PB"
273270;2019-04-27;"sábado";"17:00:00";"ES";262;145;"IBATIBA";"Ingestão de Álcool";"Colisão traseira";"Com Vítimas Fatais";"Pleno dia";"Decrescente";"Céu Claro";"Simples";"Reta";"Sim";3;1;1;1;0;0;2;2;-20,23546269;-41,40870379;"SPRF-ES";"DEL01-ES";"UOP02-DEL01-ES"
273356;2019-01-12;"sábado";"20:30:00";"PE";232;526,2;"SALGUEIRO";"Falta de Atenção à Condução";"Queda de ocupante de veículo";"Com Vítimas Feridas";"Plena Noite";"Crescente";"Céu Claro";"Simples";"Reta";"Não";3;0;3;0;0;0;3;2;-8,070741;-39,277275;"SPRF-PE";"DEL05-PE";"UOP01-DEL05-PE"
273585;2019-12-13;"sexta-feira";"19:00:00";"BA";116;774,9;"PLANALTO";"Desobediência às normas de trânsito pelo condutor";"Colisão transversal";"Com Vítimas Fatais";"Plena Noite";"Crescente";"Céu Claro";"Simples";"Reta";"Não";3;1;0;0;2;0;0;2;-14,58216923;-40,43112243;"SPRF-BA";"DEL08-BA";"UOP02-DEL08-BA"
273589;2019-12-17;"terça-feira";"09:27:00";"GO";414;438,7;"ANAPOLIS";"Falta de Atenção à Condução";"Colisão transversal";"Com Vítimas Feridas";"Pleno dia";"Decrescente";"Céu Claro";"Simples";"Reta";"Sim";4;0;2;1;1;0;3;3;-16,2784289;-48,94187093;"SPRF-GO";"DEL02-GO";"UOP01-DEL02-GO"
273603;2019-11-17;"domingo";"23:10:00";"AL";423;96;"DELMIRO GOUVEIA";"Falta de Atenção à Condução";"Colisão com objeto estático";"Com Vítimas Feridas";"Plena Noite";"Decrescente";"Céu Claro";"Simples";"Reta";"Não";3;0;1;2;0;0;3;1;-9,37845507;-38,12309398;"SPRF-BA";"DEL07-BA";"UOP01-DEL07-BA"
273784;2019-11-09;"sábado";"00:15:00";"RJ";116;108;"GUAPIMIRIM";"Falta de Atenção à Condução";"Colisão frontal";"Com Vítimas Feridas";"Plena Noite";"Decrescente";"Nublado";"Dupla";"Reta";"Sim";2;0;0;1;1;0;1;2;-22,5614306;-42,9966259;"SPRF-RJ";"DEL04-RJ";"UOP02-DEL04-RJ"
274372;2019-09-21;"sábado";"21:30:00";"BA";415;48;"ITABUNA";"Desobediência às normas de trânsito pelo condutor";"Queda de ocupante de veículo";"Com Vítimas Feridas";"Plena Noite";"Crescente";"Céu Claro";"Simples";"Reta";"Não";2;0;0;1;1;0;1;1;-14,82628101;-39,31402098;"SPRF-BA";"DEL05-BA";"UOP01-DEL05-BA"
274670;2019-03-31;"domingo";"17:15:00";"MG";116;275;"TEOFILO OTONI";"Falta de Atenção à Condução";"Queda de ocupante de veículo";"Com Vítimas Feridas";"Pleno dia";"Crescente";"Ignorado";"Simples";"Reta";"Não";1;0;1;0;0;0;1;1;-17,84235093;-41,51410418;"SPRF-MG";"DEL11-MG";"UOP01-DEL11-MG"
274761;2019-10-11;"sexta-feira";"19:27:00";"PR";277;586,7;"CASCAVEL";"Falta de Atenção do Pedestre";"Atropelamento de Pedestre";"Com Vítimas Feridas";"Plena Noite";"Decrescente";"Céu Claro";"Simples";"Reta";"Sim";3;0;0;1;1;1;1;2;-24,9649472;-53,4210459;"SPRF-PR";"DEL04-PR";"UOP01-DEL04-PR"
274826;2019-12-06;"sexta-feira";"17:00:00";"ES";259;92;"BAIXO GUANDU";"Desobediência às normas de trânsito pelo condutor";"Queda de ocupante de veículo";"Com Vítimas Feridas";"Pleno dia";"Decrescente";"Céu Claro";"Simples";"Reta";"Não";3;0;0;2;1;0;2;2;-19,50812432;-40,92563706;"SPRF-ES";"DEL02-ES";"UOP01-DEL02-ES"
274827;2019-12-10;"terça-feira";"15:50:00";"MG";365;623;"UBERLANDIA";"Defeito na Via";"Tombamento";"Com Vítimas Feridas";"Pleno dia";"Decrescente";"Nublado";"Dupla";"Reta";"Sim";1;0;1;0;0;0;1;1;-18,90429;-48,28452;"SPRF-MG";"DEL15-MG";"UOP01-DEL15-MG"
274849;2019-10-31;"quinta-feira";"15:30:00";"PR";376;182,9;"SARANDI";"Falta de Atenção à Condução";"Colisão lateral";"Com Vítimas Feridas";"Pleno dia";"Decrescente";"Céu Claro";"Dupla";"Reta";"Sim";3;0;1;1;1;0;2;2;-23,43684112;-51,87880764;"SPRF-PR";"DEL07-PR";"UOP01-DEL09-PR"
274855;2019-12-21;"sábado";"08:20:00";"AC";364;370;"MANOEL URBANO";"Defeito na Via";"Colisão traseira";"Sem Vítimas";"Pleno dia";"Crescente";"Ignorado";"Simples";"Reta";"Não";3;0;0;0;2;1;0;2;-8,76012647;-69,46475272;"SPRF-AC";"DEL01-AC";"UOP01-DEL01-AC"
275108;2019-12-06;"sexta-feira";"20:15:00";"SC";116;6,1;"MAFRA";"Falta de Atenção à Condução";"Colisão transversal";"Com Vítimas Feridas";"Plena Noite";"Decrescente";"Céu Claro";"Simples";"Reta";"Não";3;0;0;1;1;1;1;3;-26,14644691;-49,82305806;"SPRF-SC";"DEL06-SC";"UOP01-DEL06-SC"
275263;2019-12-13;"sexta-feira";"11:30:00";"RN";405;107;"ITAU";"Avarias e/ou desgaste excessivo no pneu";"Queda de ocupante de veículo";"Com Vítimas Feridas";"Pleno dia";"Crescente";"Ignorado";"Simples";"Curva";"Não";1;0;1;0;0;0;1;1;-5,88603221;-38,03919017;"SPRF-RN";"DEL04-RN";"UOP02-DEL04-RN"
275545;2019-11-13;"quarta-feira";"16:25:00";"SP";116;144;"SAO JOSE DOS CAMPOS";"Ultrapassagem Indevida";"Colisão traseira";"Com Vítimas Feridas";"Pleno dia";"Decrescente";"Céu Claro";"Simples";"Declive";"Sim";2;0;0;1;1;0;1;2;-23,18274416;-45,84633592;"SPRF-SP";"DEL02-SP";"UOP01-DEL02-SP"
275694;2019-08-19;"segunda-feira";"00:10:00";"SE";101;150;"ESTANCIA";"Desobediência às normas de trânsito pelo condutor";"Colisão transversal";"Com Vítimas Fatais";"Plena Noite";"Crescente";"Céu Claro";"Simples";"Reta";"Sim";3;1;0;1;0;1;1;2;-11,25101095;-37,4365661;"SPRF-SE";"DEL02-SE";"UOP01-DEL02-SE"
275835;2019-02-08;"sexta-feira";"18:50:00";"MG";116;413,7;"GOVERNADOR VALADARES";"Falta de Atenção à Condução";"Colisão traseira";"Com Vítimas Feridas";"Anoitecer";"Crescente";"Céu Claro";"Simples";"Reta";"Não";4;0;2;0;2;0;2;3;-18,877673;-41,96276;"SPRF-MG";"DEL06-MG";"UOP01-DEL06-MG"
275937;2019-11-17;"domingo";"15:50:00";"MT";163;912;"CLAUDIA";"Ultrapassagem Indevida";"Colisão frontal";"Com Vítimas Fatais";"Pleno dia";"Crescente";"Céu Claro";"Simples";"Declive;Reta";"Não";2;1;0;1;0;0;1;2;-11,32964392;-55,32875229;"SPRF-MT";"DEL06-MT";"UOP02-DEL06-MT"
275944;2019-08-09;"sexta-feira";"12:20:00";"RR";174;371;"CARACARAI";"Desobediência às normas de trânsito pelo condutor";"Colisão transversal";"Com Vítimas Feridas";"Pleno dia";"Crescente";"Céu Claro";"Simples";"Reta";"Não";4;0;1;1;2;0;2;2;1,850075;-61,115627;"SPRF-RR";"DEL01-RR";"UOP01-DEL01-RR"
275954;2019-11-03;"domingo";"00:30:00";"MG";116;413;"GOVERNADOR VALADARES";"Falta de Atenção à Condução";"Queda de ocupante de veículo";"Com Vítimas Feridas";"Plena Noite";"Decrescente";"Ignorado";"Simples";"Reta";"Sim";1;0;1;0;0;0;1;1;-18,87900104;-41,96159363;"SPRF-MG";"DEL06-MG";"UOP01-DEL06-MG"
275980;2019-10-31;"quinta-feira";"08:30:00";"RO";364;343,9;"JI-PARANA";"Falta de Atenção à Condução";"Colisão lateral";"Com Vítimas Feridas";"Pleno dia";"Crescente";"Céu Claro";"Dupla";"Interseção de Vias";"Sim";1;0;1;0;0;0;1;1;-10,87429743;-61,95183188;"SPRF-RO";"DEL02-RO";"UOP01-DEL02-RO"
276149;2019-12-10;"terça-feira";"00:56:00";"PR";0;0;"CURITIBA";"Falta de Atenção à Condução";"Queda de ocupante de veículo";"Com Vítimas Feridas";"Plena Noite";"Não Informado";"Ignorado";"Simples";"Curva";"Sim";1;0;1;0;0;0;1;1;-25,52139792;-49,33461527;"SPRF-PR";"DEL01-PR";"UOP06-DEL01-PR"
276692;2019-12-13;"sexta-feira";"19:00:00";"MG";262;94;"ABRE CAMPO";"Desobediência às normas de trânsito pelo condutor";"Colisão traseira";"Com Vítimas Feridas";"Plena Noite";"Crescente";"Ignorado";"Simples";"Curva";"Sim";2;0;1;0;1;0;1;2;-20,30646793;-42,46611787;"SPRF-MG";"DEL03-MG";"UOP03-DEL03-MG"
277063;2019-09-22;"domingo";"20:00:00";"ES";262;7,3;"CARIACICA";"Pista Escorregadia";"Queda de ocupante de veículo";"Com Vítimas Feridas";"Plena Noite";"Decrescente";"Ignorado";"Simples";"Reta";"Sim";2;0;0;1;0;1;1;2;-20,34363104;-40,40622354;"SPRF-ES";"DEL01-ES";"UOP01-DEL01-ES"
277173;2019-11-17;"domingo";"15:20:00";"GO";153;281;"NOVA GLORIA";"Velocidade Incompatível";"Saída de leito carroçável";"Com Vítimas Fatais";"Pleno dia";"Crescente";"Céu Claro";"Simples";"Curva";"Não";1;1;0;0;0;0;0;1;-15,140403;-49,525562;"SPRF-GO";"DEL07-GO";"UOP01-DEL07-GO"
277234;2019-12-20;"sexta-feira";"06:10:00";"PR";116;103;"SAO JOSE DOS PINHAIS";"Falta de Atenção à Condução";"Queda de ocupante de veículo";"Com Vítimas Feridas";"Amanhecer";"Crescente";"Ignorado";"Simples";"Reta";"Sim";1;0;1;0;0;0;1;1;-25,57200996;-49,19476629;"SPRF-PR";"DEL01-PR";"UOP01-DEL01-PR"
277245;2019-07-21;"domingo";"09:30:00";"PB";361;4;"PATOS";"Falta de Atenção à Condução";"Colisão transversal";"Com Vítimas Feridas";"Pleno dia";"Crescente";"Céu Claro";"Simples";"Reta";"Sim";2;0;0;1;0;1;1;2;-7,03208047;-37,29365088;"SPRF-PB";"DEL03-PB";"UOP01-DEL03-PB"
277246;2019-10-27;"domingo";"20:20:00";"CE";116;1,9;"FORTALEZA";"Falta de Atenção do Pedestre";"Atropelamento de Pedestre";"Com Vítimas Feridas";"Plena Noite";"Crescente";"Céu Claro";"Múltipla";"Reta";"Sim";2;0;1;0;1;0;1;2;-3,76159894;-38,51900662;"SPRF-CE";"DEL01-CE";"UOP02-DEL01-CE"
277307;2019-11-30;"sábado";"11:50:00";"MT";364;401;"CUIABA";"Desobediência às normas de trânsito pelo condutor";"Colisão lateral";"Com Vítimas Feridas";"Pleno dia";"Crescente";"Nublado";"Dupla";"Reta";"Sim";3;0;2;0;1;0;2;2;-15,67210033;-55,94649314;"SPRF-MT";"DEL02-MT";"UOP02-DEL01-MT"
277346;2019-06-03;"segunda-feira";"08:00:00";"MG";40;532;"BELO HORIZONTE";"Não guardar distância de segurança";"Colisão traseira";"Com Vítimas Feridas";"Pleno dia";"Crescente";"Céu Claro";"Dupla";"Reta";"Não";4;0;1;0;3;0;1;4;-19,92372561;-44,01700789;"SPRF-MG";"DEL01-MG";"UOP02-DEL01-MG"
277355;2019-12-27;"sexta-feira";"09:25:00";"DF";40;0,3;"BRASILIA";"Falta de Atenção à Condução";"Colisão traseira";"Com Vítimas Feridas";"Pleno dia";"Decrescente";"Céu Claro";"Dupla";"Reta";"Sim";7;0;1;0;6;0;1;5;-15,97665234;-47,9897977;"SPRF-DF";"DEL01-DF";"UOP01-DEL01-DF"
277609;2019-10-21;"segunda-feira";"10:30:00";"ES";262;138;"MUNIZ FREIRE";"Falta de Atenção à Condução";"Capotamento";"Com Vítimas Feridas";"Pleno dia";"Decrescente";"Ignorado";"Simples";"Curva";"Não";1;0;1;0;0;0;1;1;-20,23282683;-41,36168741;"SPRF-ES";"DEL01-ES";"UOP02-DEL01-ES"
277693;2019-08-03;"sábado";"15:21:00";"RJ";116;228;"PIRAI";"Pista Escorregadia";"Capotamento";"Com Vítimas Feridas";"Pleno dia";"Decrescente";"Chuva";"Simples";"Curva";"Não";1;0;1;0;0;0;1;1;-22,6696311;-43,85560166;"SPRF-RJ";"DEL07-RJ";"UOP01-DEL07-RJ"
277801;2019-12-26;"quinta-feira";"12:30:00";"BA";324;621,5;"SALVADOR";"Não guardar distância de segurança";"Queda de ocupante de veículo";"Com Vítimas Feridas";"Pleno dia";"Crescente";"Ignorado";"Múltipla";"Reta";"Sim";1;0;1;0;0;0;1;1;-12,92693762;-38,46759796;"SPRF-BA";"DEL01-BA";"UOP01-DEL01-BA"
277816;2019-12-28;"sábado";"22:30:00";"RO";364;643,8;"CANDEIAS DO JAMARI";"Falta de Atenção à Condução";"Colisão frontal";"Com Vítimas Feridas";"Plena Noite";"Decrescente";"Chuva";"Simples";"Reta";"Não";4;0;1;2;1;0;3;2;-8,98405404;-63,42380225;"SPRF-RO";"DEL03-RO";"UOP04-DEL01-RO"
278076;2019-10-20;"domingo";"10:30:00";"MT";174;4;"PONTES E LACERDA";"Falta de Atenção à Condução";"Colisão frontal";"Com Vítimas Feridas";"Pleno dia";"Crescente";"Céu Claro";"Simples";"Reta";"Sim";2;0;1;0;0;1;1;2;-15,226537;-59,335728;"SPRF-MT";"DEL04-MT";"UOP01-DEL04-MT"
278165;2019-07-08;"segunda-feira";"07:15:00";"AL";423;101;"DELMIRO GOUVEIA";"Falta de Atenção à Condução";"Colisão traseira";"Com Vítimas Feridas";"Pleno dia";"Crescente";"Garoa/Chuvisco";"Simples";"Reta";"Não";2;0;1;0;1;0;1;2;-9,394478;-38,16552;"SPRF-BA";"DEL07-BA";"UOP01-DEL07-BA"
278255;2019-08-27;"terça-feira";"17:53:00";"RS";471;674,2;"SANTA VITORIA DO PALMAR";"Falta de Atenção à Condução";"Colisão transversal";"Com Vítimas Feridas";"Pleno dia";"Decrescente";"Céu Claro";"Simples";"Reta";"Sim";2;0;1;0;1;0;1;2;-33,5257156;-53,3410288;"SPRF-RS";"DEL07-RS";"UOP04-DEL07-RS"
278320;2019-10-27;"domingo";"23:45:00";"MG";251;497;"FRANCISCO SA";"Desobediência às normas de trânsito pelo condutor";"Saída de leito carroçável";"Com Vítimas Fatais";"Plena Noite";"Crescente";"Céu Claro";"Simples";"Reta";"Não";1;1;0;0;0;0;0;1;-16,57595775;-43,62830028;"SPRF-MG";"DEL12-MG";"UOP01-DEL12-MG"
278895;2019-12-22;"domingo";"09:00:00";"MG";116;663;"SAO FRANCISCO DO GLORIA";"Falta de Atenção à Condução";"Queda de ocupante de veículo";"Com Vítimas Feridas";"Pleno dia";"Decrescente";"Céu Claro";"Simples";"Curva";"Não";6;0;1;1;0;4;2;2;-20,7987742;-42,3118282;"SPRF-MG";"DEL07-MG";"UOP03-DEL07-MG"
279053;2019-06-11;"terça-feira";"05:54:00";"ES";101;296;"CARIACICA";"Falta de Atenção à Condução";"Tombamento";"Com Vítimas Feridas";"Pleno dia";"Decrescente";"Céu Claro";"Múltipla";"Reta";"Sim";1;0;0;1;0;0;1;1;-20,34029997;-40,40405712;"SPRF-ES";"DEL01-ES";"UOP01-DEL01-ES"
279204;2019-08-19;"segunda-feira";"04:00:00";"RO";364;808;"PORTO VELHO";"Falta de Atenção à Condução";"Colisão frontal";"Com Vítimas Feridas";"Amanhecer";"Crescente";"Céu Claro";"Simples";"Reta";"Não";2;0;0;2;0;0;2;2;-9,265613;-64,466555;"SPRF-RO";"DEL01-RO";"UOP02-DEL01-RO"
279243;2019-05-12;"domingo";"19:30:00";"RS";471;614;"SANTA VITORIA DO PALMAR";"Ingestão de Álcool";"Colisão frontal";"Com Vítimas Feridas";"Plena Noite";"Crescente";"Céu Claro";"Simples";"Reta";"Sim";2;0;1;1;0;0;2;2;-33,254269;-53,083115;"SPRF-RS";"DEL07-RS";"UOP04-DEL07-RS"
279283;2019-11-16;"sábado";"19:30:00";"GO";40;10;"LUZIANIA";"Defeito Mecânico no Veículo";"Queda de ocupante de veículo";"Com Vítimas Feridas";"Plena Noite";"Crescente";"Céu Claro";"Simples";"Reta";"Sim";1;0;1;0;0;0;1;1;-16,10570533;-47,97563732;"SPRF-DF";"DEL01-DF";"UOP01-DEL01-DF"
279340;2019-12-24;"terça-feira";"11:00:00";"AC";317;276;"EPITACIOLANDIA";"Defeito Mecânico no Veículo";"Queda de ocupante de veículo";"Com Vítimas Feridas";"Pleno dia";"Decrescente";"Céu Claro";"Simples";"Reta";"Não";2;0;2;0;0;0;2;1;-10,9964299;-68,64322186;"SPRF-AC";"DEL01-AC";"UOP02-DEL01-AC"
279697;2019-09-30;"segunda-feira";"23:15:00";"RJ";116;276;"BARRA MANSA";"Velocidade Incompatível";"Colisão com objeto estático";"Com Vítimas Feridas";"Plena Noite";"Decrescente";"Nublado";"Simples";"Curva";"Sim";1;0;1;0;0;0;1;1;-22,56183393;-44,16588602;"SPRF-RJ";"DEL07-RJ";"UOP02-DEL07-RJ"
279845;2019-09-30;"segunda-feira";"17:20:00";"RN";405;11;"MOSSORO";"Não guardar distância de segurança";"Colisão lateral";"Com Vítimas Feridas";"Anoitecer";"Crescente";"Céu Claro";"Simples";"Aclive";"Não";2;0;0;1;0;1;1;2;-5,20096926;-37,45079992;"SPRF-RN";"DEL04-RN";"UOP02-DEL04-RN"
279927;2019-07-01;"segunda-feira";"23:35:00";"BA";324;536;"CONCEICAO DO JACUIPE";"Falta de Atenção à Condução";"Saída de leito carroçável";"Com Vítimas Feridas";"Plena Noite";"Decrescente";"Ignorado";"Dupla";"Retorno Regulamentado;Curva";"Não";3;0;2;0;1;0;2;1;-12,37649051;-38,8036716;"SPRF-BA";"DEL01-BA";"UOP01-DEL01-BA"
280730;2019-11-30;"sábado";"15:00:00";"MA";226;448,5;"GRAJAU";"Defeito na Via";"Capotamento";"Com Vítimas Feridas";"Pleno dia";"Decrescente";"Sol";"Simples";"Curva";"Não";5;0;0;2;3;0;2;1;-5,94113936;-46,38054882;"SPRF-MA";"DEL04-MA";"UOP02-DEL04-MA"
281679;2019-11-22;"sexta-feira";"15:55:00";"PR";476;140;"CURITIBA";"Desobediência às normas de trânsito pelo condutor";"Colisão lateral";"Com Vítimas Feridas";"Pleno dia";"Decrescente";"Céu Claro";"Múltipla";"Interseção de Vias";"Sim";2;0;1;0;1;0;1;2;-25,53872419;-49,30149078;"SPRF-PR";"DEL01-PR";"UOP03-DEL01-PR"
281701;2019-12-28;"sábado";"12:15:00";"PE";101;76;"RECIFE";"Falta de Atenção à Condução";"Saída de leito carroçável";"Com Vítimas Feridas";"Pleno dia";"Crescente";"Sol";"Dupla";"Curva";"Sim";1;0;1;0;0;0;1;1;-8,11813811;-34,94329214;"SPRF-PE";"DEL01-PE";"UOP01-DEL01-PE"
281801;2019-12-15;"domingo";"03:00:00";"MG";116;122;"ITAOBIM";"Condutor Dormindo";"Saída de leito carroçável";"Com Vítimas Feridas";"Plena Noite";"Decrescente";"Ignorado";"Simples";"Reta";"Não";2;0;1;1;0;0;2;1;-16,61814803;-41,50135277;"SPRF-MG";"DEL11-MG";"UOP02-DEL11-MG"
282004;2019-12-15;"domingo";"07:40:00";"MG";116;500,5;"INHAPIM";"Mal Súbito";"Queda de ocupante de veículo";"Com Vítimas Feridas";"Pleno dia";"Crescente";"Ignorado";"Simples";"Reta";"Sim";2;0;1;0;1;0;1;1;-19,55461389;-42,13806152;"SPRF-MG";"DEL06-MG";"UOP02-DEL06-MG"
282037;2019-07-27;"sábado";"15:00:00";"BA";330;812,5;"JITAUNA";"Defeito Mecânico no Veículo";"Colisão com objeto estático";"Com Vítimas Feridas";"Pleno dia";"Decrescente";"Céu Claro";"Simples";"Curva";"Não";3;0;0;1;2;0;1;1;-14,01535851;-39,89616394;"SPRF-BA";"DEL05-BA";"UOP01-DEL05-BA"
282928;2019-07-09;"terça-feira";"07:00:00";"MG";381;765,8;"CAMPANHA";"Velocidade Incompatível";"Colisão traseira";"Com Vítimas Fatais";"Pleno dia";"Decrescente";"Céu Claro";"Dupla";"Curva;Declive";"Não";20;2;0;0;17;1;0;3;-21,75667108;-45,40552196;"SPRF-MG";"DEL16-MG";"UOP02-DEL16-MG"
283063;2019-12-08;"domingo";"06:55:00";"SC";282;222,1;"LAGES";"Ingestão de Álcool";"Colisão frontal";"Com Vítimas Feridas";"Pleno dia";"Crescente";"Céu Claro";"Simples";"Curva;Aclive";"Não";5;0;3;0;1;1;3;3;-27,79707803;-50,35122156;"SPRF-SC";"DEL05-SC";"UOP01-DEL05-SC"
283131;2019-08-06;"terça-feira";"19:30:00";"AC";317;139,7;"CAPIXABA";"Deficiência ou não Acionamento do Sistema de Iluminação/Sinalização do Veículo";"Colisão traseira";"Com Vítimas Feridas";"Plena Noite";"Decrescente";"Céu Claro";"Simples";"Reta";"Não";3;0;1;2;0;0;3;2;-10,51788698;-67,66697496;"SPRF-AC";"DEL01-AC";"UOP01-DEL01-AC"
283164;2019-11-22;"sexta-feira";"18:40:00";"PE";423;96;"GARANHUNS";"Falta de Atenção à Condução";"Queda de ocupante de veículo";"Com Vítimas Feridas";"Plena Noite";"Decrescente";"Céu Claro";"Simples";"Reta";"Não";1;0;1;0;0;0;1;1;-8,88021822;-36,48651678;"SPRF-PE";"DEL03-PE";"UOP01-DEL03-PE"
283232;2019-12-31;"terça-feira";"01:55:00";"SC";101;84,8;"BARRA VELHA";"Ingestão de Álcool";"Colisão traseira";"Com Vítimas Feridas";"Plena Noite";"Crescente";"Céu Claro";"Simples";"Reta";"Sim";2;0;0;1;1;0;1;2;-26,6386319;-48,69467318;"SPRF-SC";"DEL03-SC";"UOP02-DEL03-SC"
283307;2019-10-27;"domingo";"18:45:00";"MA";135;130,5;"MIRANDA DO NORTE";"Desobediência às normas de trânsito pelo condutor";"Colisão frontal";"Com Vítimas Fatais";"Plena Noite";"Crescente";"Céu Claro";"Simples";"Reta";"Não";2;1;0;0;0;1;0;2;-3,59259014;-44,5711333;"SPRF-MA";"DEL01-MA";"UOP02-DEL01-MA"
283363;2019-10-29;"terça-feira";"20:28:00";"MG";365;795;"GURINHATA";"Ingestão de Álcool";"Colisão frontal";"Com Vítimas Feridas";"Plena Noite";"Crescente";"Céu Claro";"Simples";"Reta";"Sim";3;0;3;0;0;0;3;2;-18,9221326;-49,86351686;"SPRF-MG";"DEL15-MG";"UOP03-DEL15-MG"
284039;2019-12-29;"domingo";"18:08:00";"GO";40;5,4;"VALPARAISO DE GOIAS";"Desobediência às normas de trânsito pelo condutor";"Colisão lateral";"Com Vítimas Feridas";"Amanhecer";"Crescente";"Céu Claro";"Dupla";"Reta";"Sim";2;0;0;1;1;0;1;2;-16,093134;-47,982236;"SPRF-DF";"DEL01-DF";"UOP01-DEL01-DF"
284171;2019-06-19;"quarta-feira";"11:00:00";"ES";101;147,3;"LINHARES";"Falta de Atenção à Condução";"Colisão traseira";"Com Vítimas Feridas";"Pleno dia";"Crescente";"Sol";"Dupla";"Reta";"Sim";2;0;0;2;0;0;2;2;-19,37887202;-40,06657892;"SPRF-ES";"DEL04-ES";"UOP01-DEL04-ES"
285237;2019-12-14;"sábado";"08:35:00";"GO";364;161,1;"JATAI";"Não guardar distância de segurança";"Colisão traseira";"Com Vítimas Feridas";"Pleno dia";"Decrescente";"Céu Claro";"Simples";"Reta";"Não";10;0;5;0;4;1;5;4;-18,081435;-51,50981;"SPRF-GO";"DEL05-GO";"UOP01-DEL05-GO"