"id";"data_inversa";"dia_semana";"horario";"uf";"br";"km";"municipio";"causa_acidente";"tipo_acidente";"classificacao_acidente";"fase_dia";"sentido_via";"condicao_metereologica";"tipo_pista";"tracado_via";"uso_solo";"pessoas";"mortos";"feridos_leves";"feridos_graves";"ilesos";"ignorados";"feridos";"veiculos";"latitude";"longitude";"regional";"delegacia";"uop"
285338;2019-10-21;"segunda-feira";"06:48:00";"PR";369;188;"ARAPONGAS";"Animais na Pista";"Queda de ocupante de veículo";"Com Vítimas Feridas";"Amanhecer";"Decrescente";"Ignorado";"Simples";"Reta";"Sim";1;0;1;0;0;0;1;1;-23,43167767;-51,42056465;"SPRF-PR";"DEL07-PR";"UOP03-DEL07-PR"
285406;2019-06-05;"quarta-feira";"14:10:00";"MT";364;402;"CUIABA";"Desobediência às normas de trânsito pelo condutor";"Colisão traseira";"Com Vítimas Feridas";"Pleno dia";"Crescente";"Céu Claro";"Dupla";"Reta";"Sim";2;0;1;0;1;0;1;2;-15,65016534;-55,99907671;"SPRF-MT";"DEL01-MT";"UOP02-DEL01-MT"
285693;2019-04-29;"segunda-feira";"14:20:00";"MT";364;204;"RONDONOPOLIS";"Falta de Atenção à Condução";"Colisão lateral";"Com Vítimas Feridas";"Pleno dia";"Decrescente";"Céu Claro";"Dupla";"Declive";"Sim";2;0;0;2;0;0;2;2;-16,467325;-54,657196;"SPRF-MT";"DEL02-MT";"UOP01-DEL02-MT"
285782;2019-02-16;"sábado";"06:30:00";"MT";163;752;"SORRISO";"Ingestão de álcool e/ou substâncias psicoativas pelo pedestre";"Saída de leito carroçável";"Com Vítimas Feridas";"Pleno dia";"Crescente";"Chuva";"Dupla";"Reta";"Sim";1;0;1;0;0;0;1;1;-12,55107;-55,71325;"SPRF-MT";"DEL06-MT";"UOP01-DEL06-MT"
285795;2019-09-24;"terça-feira";"17:35:00";"MT";364;440;"VARZEA GRANDE";"Falta de Atenção à Condução";"Queda de ocupante de veículo";"Com Vítimas Feridas";"Anoitecer";"Crescente";"Céu Claro";"Simples";"Curva";"Não";2;0;2;0;0;0;2;1;-15,611815;-56,20414301;"SPRF-MT";"DEL01-MT";"UOP02-DEL01-MT"
285836;2019-12-22;"domingo";"16:20:00";"MG";116;388;"GOVERNADOR VALADARES";"Defeito Mecânico no Veículo";"Tombamento";"Com Vítimas Feridas";"Pleno dia";"Crescente";"Ignorado";"Simples";"Reta";"Não";2;0;0;2;0;0;2;1;-18,68396677;-41,98917042;"SPRF-MG";"DEL06-MG";"UOP01-DEL06-MG"
286105;2019-07-26;"sexta-feira";"19:45:00";"BA";324;512;"FEIRA DE SANTANA";"Falta de Atenção do Pedestre";"Atropelamento de Pedestre";"Com Vítimas Feridas";"Plena Noite";"Crescente";"Céu Claro";"Simples";"Reta";"Sim";3;0;0;1;1;1;1;2;-12,22584428;-38,96500584;"SPRF-BA";"DEL02-BA";"UOP01-DEL02-BA"
287141;2019-07-24;"quarta-feira";"06:30:00";"RJ";493;81;"JAPERI";"Condutor Dormindo";"Saída de leito carroçável";"Com Vítimas Fatais";"Amanhecer";"Decrescente";"Céu Claro";"Dupla";"Reta";"Não";1;1;0;0;0;0;0;1;-22,66819467;-43,62773895;"SPRF-RJ";"DEL01-RJ";"UOP03-DEL01-RJ"
287360;2019-08-21;"quarta-feira";"15:45:00";"PE";101;103,7;"CABO DE SANTO AGOSTINHO";"Defeito Mecânico no Veículo";"Engavetamento";"Sem Vítimas";"Pleno dia";"Decrescente";"Sol";"Dupla";"Reta";"Sim";3;0;0;0;3;0;0;3;-8,29241321;-35,05598304;"SPRF-PE";"DEL01-PE";"UOP03-DEL01-PE"
287541;2019-09-11;"quarta-feira";"10:30:00";"AL";104;90,1;"RIO LARGO";"Velocidade Incompatível";"Colisão transversal";"Com Vítimas Feridas";"Pleno dia";"Crescente";"Nublado";"Dupla";"Retorno Regulamentado";"Sim";2;0;0;2;0;0;2;2;-9,50059087;-35,81127569;"SPRF-AL";"DEL01-AL";"UOP01-DEL01-AL"
287698;2019-03-25;"segunda-feira";"20:40:00";"SC";282;29,7;"SANTO AMARO DA IMPERATRIZ";"Pista Escorregadia";"Colisão traseira";"Com Vítimas Feridas";"Plena Noite";"Crescente";"Garoa/Chuvisco";"Simples";"Curva";"Não";3;0;1;0;2;0;1;2;-27,68711928;-48,79057288;"SPRF-SC";"DEL01-SC";"UOP03-DEL01-SC"
288126;2019-06-18;"terça-feira";"18:45:00";"PA";308;152;"CAPANEMA";"Deficiência ou não Acionamento do Sistema de Iluminação/Sinalização do Veículo";"Colisão transversal";"Com Vítimas Feridas";"Anoitecer";"Decrescente";"Céu Claro";"Simples";"Declive";"Sim";3;0;2;0;1;0;2;2;-1,2041403;-47,16636213;"SPRF-PA";"DEL01-PA";"UOP03-DEL01-PA"
288236;2019-11-12;"terça-feira";"07:10:00";"DF";20;17;"BRASILIA";"Falta de Atenção à Condução";"Queda de ocupante de veículo";"Com Vítimas Feridas";"Amanhecer";"Decrescente";"Céu Claro";"Simples";"Reta";"Sim";3;0;2;0;1;0;2;2;-15,62415661;-47,72179171;"SPRF-DF";"DEL02-DF";"UOP01-DEL02-DF"
288688;2019-11-22;"sexta-feira";"09:20:00";"RJ";101;540;"PARATY";"Defeito na Via";"Queda de ocupante de veículo";"Com Vítimas Feridas";"Pleno dia";"Crescente";"Nublado";"Simples";"Curva";"Não";2;0;0;1;1;0;1;1;-23,04808477;-44,58933691;"SPRF-RJ";"DEL03-RJ";"UOP02-DEL03-RJ"
288904;2019-07-30;"terça-feira";"11:50:00";"MT";364;57,3;"ALTO GARCAS";"Falta de Atenção à Condução";"Colisão lateral";"Com Vítimas Feridas";"Pleno dia";"Crescente";"Céu Claro";"Simples";"Retorno Regulamentado";"Sim";2;0;1;0;1;0;1;2;-16,94441591;-53,53013084;"SPRF-MT";"DEL02-MT";"UOP02-DEL02-MT"
289070;2019-12-23;"segunda-feira";"05:50:00";"MG";40;760,2;"JUIZ DE FORA";"Avarias e/ou desgaste excessivo no pneu";"Colisão com objeto estático";"Com Vítimas Feridas";"Pleno dia";"Crescente";"Nublado";"Simples";"Reta";"Não";1;0;1;0;0;0;1;1;-21,52936511;-43,51813418;"SPRF-MG";"DEL05-MG";"UOP01-DEL05-MG"
289286;2019-01-10;"quinta-feira";"10:05:00";"PI";343;13;"PARNAIBA";"Falta de Atenção à Condução";"Colisão lateral";"Com Vítimas Feridas";"Pleno dia";"Crescente";"Nublado";"Dupla";"Curva";"Sim";4;0;2;0;1;1;2;4;-2,919029;-41,754124;"SPRF-PI";"DEL05-PI";"UOP01-DEL05-PI"
289588;2019-11-27;"quarta-feira";"08:10:00";"RN";101;96,5;"NATAL";"Não guardar distância de segurança";"Colisão traseira";"Com Vítimas Feridas";"Pleno dia";"Decrescente";"Céu Claro";"Múltipla";"Reta";"Sim";2;0;1;0;1;0;1;2;-5,85377513;-35,21076402;"SPRF-RN";"DEL01-RN";"UOP01-DEL01-RN"
289617;2019-10-06;"domingo";"02:45:00";"CE";116;3;"FORTALEZA";"Falta de Atenção à Condução";"Colisão traseira";"Com Vítimas Fatais";"Plena Noite";"Decrescente";"Nublado";"Múltipla";"Reta";"Sim";2;1;0;0;0;1;0;2;-3,77866493;-38,51490171;"SPRF-CE";"DEL01-CE";"UOP02-DEL01-CE"
290591;2019-11-23;"sábado";"01:20:00";"RO";364;712;"PORTO VELHO";"Sinalização da via insuficiente ou inadequada";"Colisão com objeto estático";"Com Vítimas Feridas";"Plena Noite";"Crescente";"Céu Claro";"Dupla";"Rotatória";"Não";1;0;1;0;0;0;1;1;-8,77632185;-63,87366079;"SPRF-RO";"DEL01-RO";"UOP01-DEL01-RO"
290604;2019-12-31;"terça-feira";"14:25:00";"DF";20;5,2;"BRASILIA";"Falta de Atenção à Condução";"Engavetamento";"Com Vítimas Feridas";"Pleno dia";"Crescente";"Chuva";"Dupla";"Declive";"Sim";5;0;1;0;4;0;1;5;-15,66725495;-47,81069756;"SPRF-DF";"DEL02-DF";"UOP01-DEL02-DF"
290779;2019-11-17;"domingo";"21:55:00";"PR";476;114;"COLOMBO";"Desobediência às normas de trânsito pelo condutor";"Colisão frontal";"Com Vítimas Feridas";"Plena Noite";"Crescente";"Céu Claro";"Simples";"Reta";"Sim";2;0;0;2;0;0;2;2;-25,335966;-49,158184;"SPRF-PR";"DEL01-PR";"UOP07-DEL01-PR"
290794;2019-12-21;"sábado";"21:50:00";"PB";230;406;"POMBAL";"Não guardar distância de segurança";"Colisão traseira";"Com Vítimas Feridas";"Plena Noite";"Crescente";"Céu Claro";"Simples";"Reta";"Sim";2;0;1;0;0;1;1;2;-6,7842;-37,7987;"SPRF-PB";"DEL03-PB";"UOP02-DEL03-PB"
292037;2019-08-10;"sábado";"19:00:00";"AC";364;415;"FEIJO";"Restrição de Visibilidade";"Queda de ocupante de veículo";"Com Vítimas Feridas";"Plena Noite";"Crescente";"Ignorado";"Simples";"Reta";"Não";1;0;0;1;0;0;1;1;-8,19666615;-70,3742981;"SPRF-AC";"DEL01-AC";"UOP01-DEL01-AC"
292425;2019-07-21;"domingo";"00:20:00";"RO";364;6,8;"VILHENA";"Falta de Atenção à Condução";"Tombamento";"Com Vítimas Feridas";"Plena Noite";"Crescente";"Ignorado";"Simples";"Reta";"Sim";2;0;0;1;1;0;1;1;-12,7809996;-60,0916488;"SPRF-RO";"DEL04-RO";"UOP01-DEL04-RO"
292775;2019-12-21;"sábado";"17:40:00";"GO";50;278,8;"CATALAO";"Ingestão de Álcool";"Colisão traseira";"Com Vítimas Feridas";"Anoitecer";"Crescente";"Nublado";"Simples";"Reta";"Sim";2;0;1;0;1;0;1;2;-18,1696;-47,92;"SPRF-GO";"DEL06-GO";"UOP01-DEL06-GO"
294024;2019-10-25;"sexta-feira";"23:30:00";"PE";116;75,8;"CABROBO";"Ingestão de Álcool";"Saída de leito carroçável";"Com Vítimas Fatais";"Plena Noite";"Crescente";"Céu Claro";"Simples";"Reta";"Não";1;1;0;0;0;0;0;1;-8,48931;-39,206634;"SPRF-PE";"DEL05-PE";"UOP03-DEL05-PE"
294057;2019-09-30;"segunda-feira";"04:05:00";"SC";101;329,2;"TUBARAO";"Ingestão de Álcool";"Saída de leito carroçável";"Com Vítimas Feridas";"Plena Noite";"Decrescente";"Céu Claro";"Dupla";"Curva";"Não";1;0;1;0;0;0;1;1;-28,44404822;-48,96611372;"SPRF-SC";"DEL02-SC";"UOP01-DEL02-SC"
294074;2019-07-09;"terça-feira";"13:40:00";"MG";40;522;"CONTAGEM";"Falta de Atenção à Condução";"Tombamento";"Com Vítimas Feridas";"Pleno dia";"Crescente";"Céu Claro";"Dupla";"Reta";"Sim";2;0;2;0;0;0;2;1;-19,955984;-44,026226;"SPRF-MG";"DEL01-MG";"UOP02-DEL01-MG"
294103;2019-09-14;"sábado";"18:10:00";"BA";101;378;"GANDU";"Animais na Pista";"Atropelamento de Animal";"Com Vítimas Feridas";"Plena Noite";"Decrescente";"Céu Claro";"Simples";"Curva";"Não";1;0;1;0;0;0;1;1;-13,850895;-39,496547;"SPRF-BA";"DEL05-BA";"UOP03-DEL05-BA"
294605;2019-10-06;"domingo";"03:50:00";"RS";116;90;"CAMPESTRE DA SERRA";"Falta de Atenção à Condução";"Colisão com objeto estático";"Com Vítimas Feridas";"Plena Noite";"Crescente";"Chuva";"Simples";"Declive";"Não";2;0;0;1;1;0;1;1;-28,86375424;-51,11648226;"SPRF-RS";"DEL05-RS";"UOP03-DEL05-RS"
294693;2019-09-06;"sexta-feira";"20:30:00";"MG";153;244;"FRONTEIRA";"Falta de Atenção à Condução";"Queda de ocupante de veículo";"Com Vítimas Feridas";"Plena Noite";"Crescente";"Ignorado";"Simples";"Reta";"Sim";1;0;0;1;0;0;1;1;-20,29076972;-49,20202374;"SPRF-MG";"DEL13-MG";"UOP02-DEL13-MG"
295188;2019-01-27;"domingo";"13:45:00";"MG";365;632;"UBERLANDIA";"Pista Escorregadia";"Saída de leito carroçável";"Sem Vítimas";"Pleno dia";"Decrescente";"Chuva";"Dupla";"Reta";"Não";1;0;0;0;0;1;0;1;-18,904;-48,3429;"SPRF-MG";"DEL15-MG";"UOP01-DEL15-MG"
295346;2019-12-28;"sábado";"10:30:00";"PE";101;69;"RECIFE";"Restrição de Visibilidade";"Colisão lateral";"Com Vítimas Feridas";"Pleno dia";"Decrescente";"Sol";"Múltipla";"Reta";"Sim";2;0;0;1;1;0;1;2;-8,05951606;-34,94581024;"SPRF-PE";"DEL01-PE";"UOP01-DEL01-PE"
296146;2019-07-06;"sábado";"13:40:00";"SC";470;249,1;"CURITIBANOS";"Falta de Atenção à Condução";"Colisão transversal";"Com Vítimas Feridas";"Pleno dia";"Crescente";"Céu Claro";"Simples";"Reta";"Não";4;0;2;0;2;0;2;2;-27,312902;-50,559643;"SPRF-SC";"DEL05-SC";"UOP03-DEL05-SC"
296310;2019-07-05;"sexta-feira";"19:30:00";"CE";116;14;"FORTALEZA";"Falta de Atenção à Condução";"Colisão lateral";"Com Vítimas Feridas";"Plena Noite";"Crescente";"Céu Claro";"Dupla";"Reta";"Sim";3;0;3;0;0;0;3;2;-3,86973356;-38,49827361;"SPRF-CE";"DEL01-CE";"UOP02-DEL01-CE"
296496;2019-10-05;"sábado";"23:30:00";"RJ";116;262;"BARRA MANSA";"Pista Escorregadia";"Capotamento";"Com Vítimas Feridas";"Plena Noite";"Decrescente";"Nublado";"Dupla";"Reta";"Não";1;0;0;1;0;0;1;1;-22,58485052;-44,10907745;"SPRF-RJ";"DEL07-RJ";"UOP02-DEL07-RJ"
296899;2019-10-16;"quarta-feira";"18:40:00";"MT";364;270;"JACIARA";"Falta de Atenção à Condução";"Colisão com objeto em movimento";"Com Vítimas Feridas";"Anoitecer";"Crescente";"Céu Claro";"Simples";"Declive";"Não";1;0;1;0;0;0;1;1;-15,9689785;-54,94463002;"SPRF-MT";"DEL02-MT";"UOP02-DEL05-MT"
297203;2019-06-28;"sexta-feira";"19:00:00";"GO";60;449;"JATAI";"Falta de Atenção do Pedestre";"Colisão traseira";"Com Vítimas Feridas";"Plena Noite";"Crescente";"Céu Claro";"Dupla";"Reta";"Não";2;0;1;0;0;1;1;2;-17,9175144;-51,6939782;"SPRF-GO";"DEL05-GO";"UOP01-DEL05-GO"
298187;2019-06-23;"domingo";"19:00:00";"BA";101;581;"CAMACAN";"Desobediência às normas de trânsito pelo condutor";"Queda de ocupante de veículo";"Com Vítimas Feridas";"Plena Noite";"Crescente";"Chuva";"Simples";"Reta";"Não";2;0;0;1;0;1;1;2;-15,36603484;-39,49793399;"SPRF-BA";"DEL05-BA";"UOP02-DEL05-BA"
298932;2019-03-16;"sábado";"01:00:00";"RN";226;8;"NATAL";"Falta de Atenção à Condução";"Atropelamento de Pedestre";"Com Vítimas Feridas";"Plena Noite";"Crescente";"Ignorado";"Simples";"Reta";"Sim";2;0;0;1;1;0;1;2;-5,83570484;-35,2799964;"SPRF-RN";"DEL01-RN";"UOP02-DEL01-RN"
299373;2019-11-02;"sábado";"07:50:00";"MG";262;802,8;"UBERABA";"Animais na Pista";"Atropelamento de Animal";"Com Vítimas Feridas";"Pleno dia";"Decrescente";"Céu Claro";"Dupla";"Reta";"Sim";2;0;1;0;1;0;1;1;-19,779234;-47,964844;"SPRF-MG";"DEL13-MG";"UOP01-DEL13-MG"
299561;2019-06-28;"sexta-feira";"12:10:00";"ES";101;145;"LINHARES";"Desobediência às normas de trânsito pelo condutor";"Colisão lateral";"Com Vítimas Feridas";"Pleno dia";"Decrescente";"Céu Claro";"Simples";"Interseção de Vias";"Sim";2;0;1;0;1;0;1;2;-19,35977756;-40,06447792;"SPRF-ES";"DEL04-ES";"UOP01-DEL04-ES"
299809;2019-10-11;"sexta-feira";"18:30:00";"PR";277;104;"CAMPO LARGO";"Falta de Atenção à Condução";"Colisão traseira";"Com Vítimas Feridas";"Anoitecer";"Crescente";"Céu Claro";"Dupla";"Reta";"Sim";3;0;1;0;1;1;1;2;-25,43326184;-49,40599501;"SPRF-PR";"DEL01-PR";"UOP01-DEL01-PR"
300016;2019-12-20;"sexta-feira";"07:00:00";"RJ";40;117;"DUQUE DE CAXIAS";"Carga excessiva e/ou mal acondicionada";"Engavetamento";"Com Vítimas Feridas";"Pleno dia";"Decrescente";"Céu Claro";"Simples";"Reta";"Sim";4;0;2;0;2;0;2;3;-22,745676;-43,2881;"SPRF-RJ";"DEL01-RJ";"UOP01-DEL01-RJ"
302215;2019-11-26;"terça-feira";"18:39:00";"PR";476;141,9;"CURITIBA";"Falta de Atenção à Condução";"Colisão traseira";"Com Vítimas Feridas";"Anoitecer";"Crescente";"Céu Claro";"Dupla";"Reta";"Sim";2;0;1;0;0;1;1;2;-25,5322574;-49,30011749;"SPRF-PR";"DEL01-PR";"UOP03-DEL01-PR"
303538;2019-12-14;"sábado";"19:55:00";"PR";369;138,4;"IBIPORA";"Desobediência às normas de trânsito pelo condutor";"Colisão transversal";"Com Vítimas Feridas";"Plena Noite";"Crescente";"Céu Claro";"Simples";"Interseção de Vias";"Sim";2;0;1;1;0;0;2;2;-23,273384;-51,053246;"SPRF-PR";"DEL07-PR";"UOP01-DEL07-PR"
303567;2019-06-13;"quinta-feira";"00:05:00";"MA";222;673,6;"ACAILANDIA";"Ingestão de Álcool";"Colisão frontal";"Com Vítimas Fatais";"Plena Noite";"Crescente";"Céu Claro";"Simples";"Declive";"Sim";3;2;1;0;0;0;1;2;-4,92960481;-47,44590111;"SPRF-MA";"DEL04-MA";"UOP03-DEL04-MA"
303750;2019-01-07;"segunda-feira";"23:30:00";"PB";230;107,3;"INGA";"Condutor Dormindo";"Saída de leito carroçável";"Com Vítimas Feridas";"Plena Noite";"Crescente";"Céu Claro";"Dupla";"Reta";"Não";4;0;4;0;0;0;4;1;-7,2039;-35,5389;"SPRF-PB";"DEL01-PB";"UOP03-DEL01-PB"
304097;2019-09-09;"segunda-feira";"11:30:00";"MT";163;1024;"PEIXOTO DE AZEVEDO";"Ultrapassagem Indevida";"Colisão frontal";"Com Vítimas Feridas";"Pleno dia";"Crescente";"Sol";"Simples";"Reta";"Não";6;0;0;2;4;0;2;2;-10,28512;-55,0227;"SPRF-MT";"DEL06-MT";"UOP02-DEL06-MT"
305063;2019-09-23;"segunda-feira";"13:55:00";"PA";10;353;"SANTA MARIA DO PARA";"Falta de Atenção à Condução";"Colisão traseira";"Com Vítimas Feridas";"Pleno dia";"Crescente";"Céu Claro";"Simples";"Reta";"Sim";4;0;3;1;0;0;4;2;-1,35646249;-47,57423141;"SPRF-PA";"DEL01-PA";"UOP02-DEL01-PA"
305366;2019-12-04;"quarta-feira";"21:00:00";"BA";110;320;"ALAGOINHAS";"Falta de Atenção à Condução";"Colisão frontal";"Com Vítimas Feridas";"Plena Noite";"Decrescente";"Céu Claro";"Simples";"Reta";"Não";2;0;2;0;0;0;2;2;-12,0677309;-38,35113085;"SPRF-BA";"DEL01-BA";"UOP04-DEL01-BA"
307893;2019-01-01;"terça-feira";"09:30:00";"GO";153;496;"GOIANIA";"Falta de Atenção à Condução";"Colisão lateral";"Sem Vítimas";"Pleno dia";"Decrescente";"Céu Claro";"Simples";"Reta";"Sim";2;0;0;0;1;1;0;2;-16,6776;-49,2314;"SPRF-GO";"DEL01-GO";"UOP01-DEL01-GO"
309346;2019-11-14;"quinta-feira";"14:48:00";"AC";364;125;"RIO BRANCO";"Defeito Mecânico no Veículo";"Tombamento";"Com Vítimas Feridas";"Pleno dia";"Decrescente";"Ignorado";"Dupla";"Reta";"Sim";1;0;0;1;0;0;1;1;-10,01137765;-67,79667556;"SPRF-AC";"DEL01-AC";"UOP01-DEL01-AC"
309518;2019-12-12;"quinta-feira";"15:30:00";"RJ";116;175;"NOVA IGUACU";"Falta de Atenção à Condução";"Colisão traseira";"Com Vítimas Feridas";"Pleno dia";"Crescente";"Céu Claro";"Múltipla";"Reta";"Não";1;0;1;0;0;0;1;1;-22,7637637;-43,41902822;"SPRF-RJ";"DEL01-RJ";"UOP02-DEL01-RJ"
310060;2019-06-07;"sexta-feira";"18:00:00";"MG";251;317;"SALINAS";"Falta de Atenção à Condução";"Colisão traseira";"Com Vítimas Feridas";"Anoitecer";"Decrescente";"Céu Claro";"Simples";"Reta;Declive";"Não";2;0;0;1;0;1;1;2;-16,19375657;-42,34649819;"SPRF-MG";"DEL12-MG";"UOP01-DEL12-MG"
310129;2019-11-12;"terça-feira";"05:50:00";"SC";470;154,6;"AGRONOMICA";"Ultrapassagem Indevida";"Colisão frontal";"Com Vítimas Fatais";"Amanhecer";"Decrescente";"Garoa/Chuvisco";"Simples";"Reta";"Não";2;1;0;0;1;0;0;2;-27,275414;-49,742989;"SPRF-SC";"DEL04-SC";"UOP02-DEL04-SC"
310353;2019-09-21;"sábado";"01:20:00";"PR";476;146,6;"CURITIBA";"Velocidade Incompatível";"Colisão transversal";"Com Vítimas Fatais";"Plena Noite";"Crescente";"Garoa/Chuvisco";"Dupla";"Reta";"Não";3;1;0;0;2;0;0;2;-25,551186;-49,330109;"SPRF-PR";"DEL01-PR";"UOP03-DEL01-PR"
310934;2019-08-21;"quarta-feira";"10:15:00";"RJ";101;282,5;"ITABORAI";"Desobediência às normas de trânsito pelo condutor";"Colisão lateral";"Com Vítimas Fatais";"Pleno dia";"Decrescente";"Céu Claro";"Simples";"Retorno Regulamentado";"Não";5;3;0;1;1;0;1;3;-22,7371391;-42,79664601;"SPRF-RJ";"DEL02-RJ";"UOP03-DEL02-RJ"
311612;2019-12-20;"sexta-feira";"20:45:00";"RR";432;212;"CANTA";"Sinalização da via insuficiente ou inadequada";"Colisão lateral";"Com Vítimas Feridas";"Plena Noite";"Crescente";"Nublado";"Simples";"Reta";"Não";3;0;0;1;1;1;1;3;2,79060891;-60,60957134;"SPRF-RR";"DEL01-RR";"UOP01-DEL01-RR"
312445;2019-03-06;"quarta-feira";"13:30:00";"PA";316;21;"BENEVIDES";"Falta de Atenção do Pedestre";"Atropelamento de Pedestre";"Com Vítimas Feridas";"Pleno dia";"Decrescente";"Chuva";"Dupla";"Reta";"Sim";4;0;0;1;3;0;1;2;-1,36097138;-48,26241527;"SPRF-PA";"DEL01-PA";"UOP01-DEL01-PA"
314736;2019-07-29;"segunda-feira";"23:30:00";"PE";101;91;"CABO DE SANTO AGOSTINHO";"Velocidade Incompatível";"Colisão traseira";"Com Vítimas Fatais";"Plena Noite";"Crescente";"Nublado";"Múltipla";"Reta";"Sim";2;1;0;0;1;0;0;2;-8,236446;-34,981737;"SPRF-PE";"DEL01-PE";"UOP03-DEL01-PE"
315291;2019-09-24;"terça-feira";"14:05:00";"SP";116;221;"GUARULHOS";"Não guardar distância de segurança";"Colisão traseira";"Com Vítimas Feridas";"Pleno dia";"Crescente";"Nublado";"Múltipla";"Reta";"Sim";4;0;2;0;2;0;2;2;-23,46802395;-46,50704901;"SPRF-SP";"DEL01-SP";"UOP01-DEL01-SP"
315709;2019-12-20;"sexta-feira";"08:11:00";"PB";230;22,2;"JOAO PESSOA";"Falta de Atenção à Condução";"Danos eventuais";"Com Vítimas Feridas";"Pleno dia";"Decrescente";"Céu Claro";"Dupla";"Reta";"Sim";2;0;1;0;0;1;1;2;-7,1495;-34,8517;"SPRF-PB";"DEL01-PB";"UOP01-DEL01-PB"
315990;2019-07-25;"quinta-feira";"18:10:00";"MG";40;552,5;"NOVA LIMA";"Falta de Atenção à Condução";"Colisão frontal";"Com Vítimas Feridas";"Plena Noite";"Crescente";"Céu Claro";"Simples";"Reta";"Sim";2;0;0;1;1;0;1;2;-20,06084086;-43,97716423;"SPRF-MG";"DEL01-MG";"UOP02-DEL01-MG"
316733;2019-10-26;"sábado";"15:00:00";"MG";267;134;"JUIZ DE FORA";"Falta de Atenção à Condução";"Saída de leito carroçável";"Com Vítimas Feridas";"Pleno dia";"Decrescente";"Ignorado";"Simples";"Curva";"Sim";1;0;1;0;0;0;1;1;-21,76585874;-43,61046553;"SPRF-MG";"DEL05-MG";"UOP01-DEL05-MG"
318381;2019-02-04;"segunda-feira";"09:00:00";"RJ";116;181;"NOVA IGUACU";"Mal Súbito";"Colisão traseira";"Com Vítimas Feridas";"Pleno dia";"Crescente";"Céu Claro";"Dupla";"Reta";"Não";1;0;1;0;0;0;1;1;-22,761312;-43,423492;"SPRF-RJ";"DEL01-RJ";"UOP02-DEL01-RJ"
320666;2019-06-29;"sábado";"19:00:00";"MG";262;361;"BETIM";"Ingestão de Álcool";"Colisão traseira";"Com Vítimas Feridas";"Plena Noite";"Crescente";"Céu Claro";"Dupla";"Reta";"Não";4;0;1;0;3;0;1;2;-19,97906129;-44,21765208;"SPRF-MG";"DEL01-MG";"UOP03-DEL01-MG"
320799;2019-12-23;"segunda-feira";"06:30:00";"RS";285;501;"ENTRE-IJUIS";"Animais na Pista";"Atropelamento de Animal";"Com Vítimas Feridas";"Pleno dia";"Decrescente";"Céu Claro";"Simples";"Declive";"Não";2;0;2;0;0;0;2;1;-28,383951;-54,307785;"SPRF-RS";"DEL10-RS";"UOP01-DEL10-RS"
320800;2019-11-14;"quinta-feira";"07:20:00";"CE";222;232,1;"SOBRAL";"Falta de Atenção à Condução";"Colisão transversal";"Com Vítimas Feridas";"Pleno dia";"Crescente";"Céu Claro";"Simples";"Reta";"Sim";2;0;1;0;1;0;1;2;-3,70721321;-40,40927791;"SPRF-CE";"DEL04-CE";"UOP01-DEL04-CE"
321186;2019-05-20;"segunda-feira";"13:00:00";"BA";101;423;"IBIRAPITANGA";"Pista Escorregadia";"Colisão lateral";"Com Vítimas Feridas";"Pleno dia";"Decrescente";"Ignorado";"Simples";"Curva";"Não";4;0;0;2;2;0;2;1;-14,14141863;-39,35033977;"SPRF-BA";"DEL05-BA";"UOP03-DEL05-BA"
321450;2019-07-28;"domingo";"07:10:00";"PR";369;453;"UBIRATA";"Falta de Atenção à Condução";"Colisão frontal";"Com Vítimas Feridas";"Amanhecer";"Crescente";"Nevoeiro/Neblina";"Simples";"Curva";"Não";7;0;4;2;1;0;6;2;-24,5513;-53,0224;"SPRF-PR";"DEL04-PR";"UOP03-DEL04-PR"
322494;2019-12-04;"quarta-feira";"06:25:00";"RJ";116;168;"RIO DE JANEIRO";"Desobediência às normas de trânsito pelo condutor";"Queda de ocupante de veículo";"Com Vítimas Feridas";"Amanhecer";"Crescente";"Ignorado";"Múltipla";"Reta";"Sim";2;0;1;0;0;1;1;2;-22,819969;-43,31499997;"SPRF-RJ";"DEL01-RJ";"UOP01-DEL01-RJ"
323506;2019-11-30;"sábado";"12:30:00";"CE";20;137;"TAUA";"Falta de Atenção à Condução";"Colisão frontal";"Com Vítimas Feridas";"Pleno dia";"Crescente";"Céu Claro";"Simples";"Reta";"Não";4;0;0;4;0;0;4;2;-5,58332508;-40,09069286;"SPRF-CE";"DEL02-CE";"UOP02-DEL02-CE"
323581;2019-12-15;"domingo";"01:00:00";"SC";0;0;"BIGUACU";"Fenômenos da Natureza";"Colisão com objeto estático";"Com Vítimas Feridas";"Plena Noite";"Não Informado";"Chuva";"Simples";"Aclive";"Não";2;0;2;0;0;0;2;1;-27,52095104;-48,63886898;"SPRF-SC";"DEL01-SC";"UOP01-DEL01-SC"
323714;2019-01-27;"domingo";"07:30:00";"RJ";101;332;"RIO DE JANEIRO";"Falta de Atenção à Condução";"Atropelamento de Pedestre";"Com Vítimas Feridas";"Pleno dia";"Decrescente";"Céu Claro";"Dupla";"Reta";"Não";3;0;0;2;0;1;2;3;-22,867664;-43,19556;"SPRF-RJ";"DEL02-RJ";"UOP02-DEL02-RJ"
323893;2019-12-27;"sexta-feira";"07:40:00";"MG";381;438;"SANTA LUZIA";"Falta de Atenção à Condução";"Colisão transversal";"Com Vítimas Feridas";"Pleno dia";"Crescente";"Céu Claro";"Simples";"Reta";"Sim";2;0;0;1;1;0;1;2;-19,80934407;-43,777791;"SPRF-MG";"DEL01-MG";"UOP01-DEL01-MG"