"id";"data_inversa";"dia_semana";"horario";"uf";"br";"km";"municipio";"causa_acidente";"tipo_acidente";"classificacao_acidente";"fase_dia";"sentido_via";"condicao_metereologica";"tipo_pista";"tracado_via";"uso_solo";"pessoas";"mortos";"feridos_leves";"feridos_graves";"ilesos";"ignorados";"feridos";"veiculos";"latitude";"longitude";"regional";"delegacia";"uop"
323903;2019-07-02;"terça-feira";"18:35:00";"MT";163;833;"SINOP";"Falta de Atenção à Condução";"Colisão lateral";"Com Vítimas Feridas";"Plena Noite";"Decrescente";"Céu Claro";"Dupla";"Reta";"Sim";3;0;0;2;1;0;2;2;-11,87891764;-55,49988867;"SPRF-MT";"DEL06-MT";"UOP01-DEL06-MT"
324085;2019-01-13;"domingo";"11:50:00";"GO";153;426,2;"ANAPOLIS";"Não guardar distância de segurança";"Colisão traseira";"Com Vítimas Feridas";"Pleno dia";"Decrescente";"Céu Claro";"Dupla";"Declive";"Não";2;0;1;0;0;1;1;2;-16,221258;-49,013374;"SPRF-GO";"DEL02-GO";"UOP01-DEL02-GO"
324549;2019-07-30;"terça-feira";"19:37:00";"BA";101;206,2;"ALAGOINHAS";"Velocidade Incompatível";"Colisão com objeto estático";"Com Vítimas Feridas";"Plena Noite";"Crescente";"Ignorado";"Simples";"Reta";"Não";2;0;0;1;0;1;1;1;-12,01096213;-38,30526531;"SPRF-BA";"DEL01-BA";"UOP02-DEL01-BA"
324555;2019-08-11;"domingo";"22:30:00";"BA";324;6,7;"FEIRA DE SANTANA";"Ingestão de Álcool";"Saída de leito carroçável";"Com Vítimas Feridas";"Plena Noite";"Crescente";"Céu Claro";"Dupla";"Reta";"Sim";1;0;1;0;0;0;1;1;-12,27189818;-38,98602605;"SPRF-BA";"DEL02-BA";"UOP01-DEL02-BA"
324778;2019-12-13;"sexta-feira";"16:00:00";"ES";101;0;"SERRA";"Ingestão de Álcool";"Atropelamento de Pedestre";"Com Vítimas Feridas";"Pleno dia";"Decrescente";"Sol";"Dupla";"Reta";"Sim";2;0;1;1;0;0;2;2;-20,23431757;-40,27560088;"SPRF-ES";"DEL02-ES";"UOP01-DEL02-ES"
325166;2019-04-22;"segunda-feira";"07:25:00";"BA";324;617,2;"SALVADOR";"Não guardar distância de segurança";"Colisão lateral";"Sem Vítimas";"Pleno dia";"Decrescente";"Céu Claro";"Dupla";"Reta";"Sim";2;0;0;0;2;0;0;2;-12,89270126;-38,44636224;"SPRF-BA";"DEL01-BA";"UOP01-DEL01-BA"
325547;2019-06-04;"terça-feira";"07:00:00";"SP";116;430;"REGISTRO";"Falta de Atenção à Condução";"Queda de ocupante de veículo";"Com Vítimas Feridas";"Pleno dia";"Decrescente";"Céu Claro";"Dupla";"Reta";"Sim";1;0;1;0;0;0;1;1;-24,40730885;-47,7459871;"SPRF-SP";"DEL05-SP";"UOP01-DEL05-SP"
326229;2019-08-30;"sexta-feira";"08:10:00";"RJ";40;122;"DUQUE DE CAXIAS";"Desobediência às normas de trânsito pelo condutor";"Colisão lateral";"Com Vítimas Feridas";"Pleno dia";"Crescente";"Céu Claro";"Múltipla";"Reta";"Sim";3;0;1;0;2;0;1;3;-22,79083113;-43,28611569;"SPRF-RJ";"DEL01-RJ";"UOP01-DEL01-RJ"
326305;2019-12-08;"domingo";"19:00:00";"SC";101;130;"BALNEARIO CAMBORIU";"Ingestão de Álcool";"Colisão frontal";"Com Vítimas Feridas";"Plena Noite";"Crescente";"Céu Claro";"Dupla";"Reta";"Sim";2;0;0;1;1;0;1;2;-26,98407618;-48,66977107;"SPRF-SC";"DEL04-SC";"UOP03-DEL04-SC"
327888;2019-07-11;"quinta-feira";"16:25:00";"PB";230;17,4;"JOAO PESSOA";"Velocidade Incompatível";"Colisão traseira";"Com Vítimas Feridas";"Pleno dia";"Crescente";"Céu Claro";"Dupla";"Curva";"Sim";2;0;0;1;1;0;1;2;-7,11808042;-34,84401021;"SPRF-PB";"DEL01-PB";"UOP01-DEL01-PB"
329577;2019-03-11;"segunda-feira";"07:00:00";"MG";381;451;"SABARA";"Falta de Atenção à Condução";"Queda de ocupante de veículo";"Com Vítimas Feridas";"Pleno dia";"Crescente";"Céu Claro";"Simples";"Reta";"Não";1;0;0;1;0;0;1;1;-19,83832024;-43,8806931;"SPRF-MG";"DEL01-MG";"UOP01-DEL01-MG"
332344;2019-06-27;"quinta-feira";"08:10:00";"RJ";116;142;"DUQUE DE CAXIAS";"Falta de Atenção à Condução";"Engavetamento";"Com Vítimas Feridas";"Pleno dia";"Crescente";"Céu Claro";"Dupla";"Reta";"Sim";5;0;3;0;2;0;3;3;-22,64876087;-43,23031638;"SPRF-RJ";"DEL04-RJ";"UOP02-DEL04-RJ"
335186;2019-12-30;"segunda-feira";"21:50:00";"RJ";116;169,7;"SAO JOAO DE MERITI";"Defeito Mecânico no Veículo";"Colisão traseira";"Com Vítimas Feridas";"Plena Noite";"Decrescente";"Nublado";"Múltipla";"Reta";"Sim";3;0;3;0;0;0;3;2;-22,78705536;-43,37680849;"SPRF-RJ";"DEL01-RJ";"UOP02-DEL01-RJ"
337948;2019-09-08;"domingo";"19:55:00";"PA";230;563;"ANAPU";"Desobediência às normas de trânsito pelo condutor";"Colisão lateral";"Com Vítimas Feridas";"Plena Noite";"Crescente";"Chuva";"Simples";"Reta";"Não";3;0;0;1;2;0;1;2;-3,10693486;-51,63889361;"SPRF-PA";"DEL04-PA";"UOP01-DEL04-PA"
340635;2019-11-16;"sábado";"17:30:00";"PI";343;336,3;"TERESINA";"Transitar na contramão";"Colisão frontal";"Com Vítimas Feridas";"Pleno dia";"Crescente";"Ignorado";"Simples";"Reta";"Sim";2;0;0;1;0;1;1;2;-5,06548356;-42,72863215;"SPRF-PI";"DEL01-PI";"UOP01-DEL01-PI"
341575;2019-12-24;"terça-feira";"15:50:00";"BA";324;622;"SALVADOR";"Não guardar distância de segurança";"Colisão lateral";"Com Vítimas Feridas";"Pleno dia";"Decrescente";"Céu Claro";"Múltipla";"Reta";"Não";1;0;1;0;0;0;1;1;-12,91888605;-38,46502095;"SPRF-BA";"DEL01-BA";"UOP01-DEL01-BA"
342448;2019-06-22;"sábado";"15:45:00";"MT";364;272;"JACIARA";"Ultrapassagem Indevida";"Queda de ocupante de veículo";"Com Vítimas Feridas";"Pleno dia";"Decrescente";"Céu Claro";"Dupla";"Rotatória";"Não";1;0;1;0;0;0;1;1;-15,96667987;-54,96121981;"SPRF-MT";"DEL02-MT";"UOP01-DEL02-MT"
343641;2019-10-27;"domingo";"23:10:00";"RN";110;46;"MOSSORO";"Animais na Pista";"Atropelamento de Animal";"Com Vítimas Feridas";"Plena Noite";"Crescente";"Céu Claro";"Simples";"Reta";"Sim";1;0;1;0;0;0;1;1;-5,19797675;-37,31839819;"SPRF-RN";"DEL04-RN";"UOP01-DEL04-RN"
343803;2019-10-19;"sábado";"18:20:00";"BA";101;693,5;"EUNAPOLIS";"Animais na Pista";"Saída de leito carroçável";"Com Vítimas Feridas";"Plena Noite";"Crescente";"Céu Claro";"Simples";"Reta";"Não";4;0;3;0;1;0;3;2;-16,19456221;-39,60630476;"SPRF-BA";"DEL09-BA";"UOP01-DEL09-BA"
344208;2019-10-04;"sexta-feira";"14:00:00";"AP";210;104,5;"PORTO GRANDE";"Desobediência às normas de trânsito pelo condutor";"Colisão frontal";"Com Vítimas Feridas";"Pleno dia";"Crescente";"Sol";"Simples";"Interseção de Vias";"Sim";2;0;1;0;1;0;1;2;0,6985633;-51,39692189;"SPRF-AP";"DEL01-AP";"UOP01-DEL01-AP"
344479;2019-01-01;"terça-feira";"11:30:00";"MG";40;462;"SETE LAGOAS";"Não guardar distância de segurança";"Colisão traseira";"Com Vítimas Feridas";"Pleno dia";"Crescente";"Chuva";"Dupla";"Reta";"Não";3;0;0;1;2;0;1;3;-19,4295;-44,3368;"SPRF-MG";"DEL02-MG";"UOP01-DEL02-MG"
345032;2019-06-24;"segunda-feira";"18:30:00";"PE";316;297,5;"FLORESTA";"Animais na Pista";"Atropelamento de Animal";"Com Vítimas Fatais";"Plena Noite";"Decrescente";"Céu Claro";"Simples";"Reta";"Não";2;1;0;0;1;0;0;2;-8,6212637;-38,6304581;"SPRF-PE";"DEL04-PE";"UOP03-DEL04-PE"
345588;2019-07-24;"quarta-feira";"11:50:00";"SC";282;269,3;"SAO JOSE DO CERRITO";"Desobediência às normas de trânsito pelo condutor";"Colisão transversal";"Com Vítimas Feridas";"Pleno dia";"Decrescente";"Céu Claro";"Simples";"Reta";"Não";4;0;4;0;0;0;4;2;-27,616257;-50,667435;"SPRF-SC";"DEL05-SC";"UOP02-DEL05-SC"
345648;2019-02-17;"domingo";"05:00:00";"PA";316;96;"IGARAPE-ACU";"Falta de Atenção à Condução";"Colisão lateral";"Com Vítimas Feridas";"Plena Noite";"Crescente";"Chuva";"Simples";"Reta";"Não";11;0;4;0;7;0;4;4;-1,328786;-47,639122;"SPRF-PA";"DEL01-PA";"UOP02-DEL01-PA"
346382;2019-01-26;"sábado";"22:00:00";"MA";226;534,5;"PORTO FRANCO";"Falta de Atenção à Condução";"Saída de leito carroçável";"Com Vítimas Fatais";"Plena Noite";"Crescente";"Céu Claro";"Simples";"Reta";"Não";1;1;0;0;0;0;0;1;-6,348567;-47,371593;"SPRF-MA";"DEL04-MA";"UOP02-DEL04-MA"
346973;2019-02-18;"segunda-feira";"21:00:00";"RJ";101;65,5;"CAMPOS DOS GOYTACAZES";"Falta de Atenção à Condução";"Colisão transversal";"Com Vítimas Feridas";"Plena Noite";"Crescente";"Chuva";"Simples";"Retorno Regulamentado";"Sim";3;0;2;0;1;0;2;2;-21,753717;-41,34436;"SPRF-RJ";"DEL08-RJ";"UOP02-DEL08-RJ"
346999;2019-10-02;"quarta-feira";"09:45:00";"RN";226;176,2;"CURRAIS NOVOS";"Desobediência às normas de trânsito pelo condutor";"Colisão transversal";"Com Vítimas Feridas";"Pleno dia";"Crescente";"Céu Claro";"Simples";"Reta";"Sim";4;0;1;0;3;0;1;2;-6,26260088;-36,51756043;"SPRF-RN";"DEL03-RN";"UOP02-DEL03-RN"
347266;2019-12-05;"quinta-feira";"16:45:00";"SP";116;223;"GUARULHOS";"Falta de Atenção à Condução";"Colisão traseira";"Com Vítimas Feridas";"Pleno dia";"Decrescente";"Chuva";"Múltipla";"Reta";"Não";2;0;1;0;1;0;1;2;-23,47559815;-46,5246609;"SPRF-SP";"DEL01-SP";"UOP01-DEL01-SP"
347571;2019-01-24;"quinta-feira";"21:00:00";"MG";40;463;"SETE LAGOAS";"Não guardar distância de segurança";"Queda de ocupante de veículo";"Com Vítimas Feridas";"Plena Noite";"Decrescente";"Céu Claro";"Dupla";"Aclive";"Não";1;0;1;0;0;0;1;1;-19,4369;-44,3326;"SPRF-MG";"DEL02-MG";"UOP01-DEL02-MG"
348596;2019-10-17;"quinta-feira";"23:45:00";"PR";376;77,8;"GUAIRACA";"Desobediência às normas de trânsito pelo condutor";"Queda de ocupante de veículo";"Com Vítimas Feridas";"Plena Noite";"Crescente";"Céu Claro";"Simples";"Reta";"Não";1;0;1;0;0;0;1;1;-22,95860213;-52,67815098;"SPRF-PR";"DEL07-PR";"UOP02-DEL09-PR"
349322;2019-11-30;"sábado";"18:05:00";"BA";324;355;"CAPIM GROSSO";"Ingestão de álcool ou de substâncias psicoativas pelo pedestre";"Atropelamento de Pedestre";"Com Vítimas Feridas";"Anoitecer";"Crescente";"Ignorado";"Simples";"Reta";"Sim";2;0;0;1;0;1;1;2;-11,38331;-40,00122;"SPRF-BA";"DEL04-BA";"UOP02-DEL04-BA"
350445;2019-10-31;"quinta-feira";"18:20:00";"SP";116;135,5;"SAO JOSE DOS CAMPOS";"Falta de Atenção à Condução";"Colisão lateral";"Com Vítimas Feridas";"Anoitecer";"Crescente";"Céu Claro";"Dupla";"Reta";"Não";2;0;1;0;1;0;1;2;-23,144484;-45,77018;"SPRF-SP";"DEL02-SP";"UOP01-DEL02-SP"
352485;2019-12-06;"sexta-feira";"01:30:00";"PR";277;592,8;"CASCAVEL";"Condutor Dormindo";"Colisão frontal";"Com Vítimas Feridas";"Plena Noite";"Decrescente";"Céu Claro";"Simples";"Declive";"Sim";3;0;0;1;2;0;1;2;-24,9818815;-53,47666025;"SPRF-PR";"DEL04-PR";"UOP01-DEL04-PR"
352922;2019-09-05;"quinta-feira";"14:30:00";"PR";153;100,3;"IBAITI";"Ausência de reação do condutor";"Saída de leito carroçável";"Com Vítimas Feridas";"Pleno dia";"Decrescente";"Ignorado";"Simples";"Reta";"Não";2;0;0;1;1;0;1;1;-23,81704937;-50,18051853;"SPRF-PR";"DEL07-PR";"UOP04-DEL07-PR"
354018;2019-06-01;"sábado";"14:50:00";"GO";153;97,2;"SANTA TEREZA DE GOIAS";"Falta de Atenção à Condução";"Colisão traseira";"Com Vítimas Feridas";"Pleno dia";"Crescente";"Céu Claro";"Simples";"Reta";"Não";2;0;1;0;1;0;1;2;-13,629825;-49,042324;"SPRF-GO";"DEL07-GO";"UOP01-DEL07-GO"
356953;2019-06-17;"segunda-feira";"07:00:00";"BA";235;339;"JUAZEIRO";"Não guardar distância de segurança";"Colisão traseira";"Com Vítimas Feridas";"Amanhecer";"Decrescente";"Nublado";"Simples";"Reta";"Sim";2;0;1;0;1;0;1;2;-9,43485302;-40,50075531;"SPRF-PE";"DEL06-PE";"UOP01-DEL06-PE"
357432;2019-05-30;"quinta-feira";"18:00:00";"SP";153;40,8;"ONDA VERDE";"Ultrapassagem Indevida";"Colisão frontal";"Com Vítimas Feridas";"Plena Noite";"Decrescente";"Céu Claro";"Simples";"Reta;Aclive";"Não";6;0;0;1;5;0;1;2;-20,61969606;-49,33411078;"SPRF-SP";"DEL09-SP";"UOP01-DEL09-SP"
358441;2019-10-30;"quarta-feira";"12:00:00";"MG";116;457,8;"ENGENHEIRO CALDAS";"Acumulo de areia ou detritos sobre o pavimento";"Tombamento";"Com Vítimas Feridas";"Pleno dia";"Crescente";"Céu Claro";"Simples";"Reta";"Não";1;0;0;1;0;0;1;1;-19,20789;-42,05199;"SPRF-MG";"DEL06-MG";"UOP02-DEL06-MG"
358466;2019-10-06;"domingo";"10:20:00";"SC";470;157,7;"TROMBUDO CENTRAL";"Velocidade Incompatível";"Colisão frontal";"Com Vítimas Feridas";"Pleno dia";"Crescente";"Garoa/Chuvisco";"Simples";"Curva";"Não";4;0;4;0;0;0;4;2;-27,285425;-49,76881;"SPRF-SC";"DEL04-SC";"UOP02-DEL04-SC"
358497;2019-12-14;"sábado";"06:05:00";"BA";324;600,5;"SIMOES FILHO";"Condutor Dormindo";"Colisão com objeto estático";"Com Vítimas Feridas";"Amanhecer";"Crescente";"Sol";"Dupla";"Reta;Declive";"Não";1;0;1;0;0;0;1;1;-12,74882798;-38,43296497;"SPRF-BA";"DEL01-BA";"UOP01-DEL01-BA"
358885;2019-07-27;"sábado";"03:00:00";"RJ";116;283;"BARRA MANSA";"Condutor Dormindo";"Saída de leito carroçável";"Com Vítimas Feridas";"Plena Noite";"Crescente";"Céu Claro";"Dupla";"Curva";"Não";1;0;0;1;0;0;1;1;-22,51669896;-44,20814495;"SPRF-RJ";"DEL07-RJ";"UOP02-DEL07-RJ"
359689;2019-07-06;"sábado";"15:45:00";"GO";40;2,8;"VALPARAISO DE GOIAS";"Falta de Atenção à Condução";"Colisão traseira";"Com Vítimas Feridas";"Pleno dia";"Crescente";"Céu Claro";"Simples";"Reta";"Sim";2;0;1;0;1;0;1;2;-16,067129;-47,984235;"SPRF-DF";"DEL01-DF";"UOP01-DEL01-DF"
360453;2019-11-07;"quinta-feira";"19:40:00";"MG";146;512;"POCOS DE CALDAS";"Ingestão de Álcool";"Colisão transversal";"Sem Vítimas";"Plena Noite";"Crescente";"Céu Claro";"Simples";"Reta";"Não";2;0;0;0;2;0;0;2;-21,80242174;-46,45019377;"SPRF-MG";"DEL09-MG";"UOP01-DEL09-MG"
362842;2019-06-11;"terça-feira";"19:30:00";"BA";116;719;"MANOEL VITORINO";"Pista Escorregadia";"Capotamento";"Sem Vítimas";"Plena Noite";"Decrescente";"Chuva";"Simples";"Curva";"Não";2;0;0;0;0;2;0;1;-14,1888825;-40,26532343;"SPRF-BA";"DEL08-BA";"UOP02-DEL08-BA"
370187;2019-06-15;"sábado";"05:00:00";"MT";70;505;"CUIABA";"Falta de Atenção à Condução";"Capotamento";"Com Vítimas Feridas";"Amanhecer";"Decrescente";"Céu Claro";"Simples";"Reta";"Não";3;0;1;0;2;0;1;1;-15,66438002;-55,96475201;"SPRF-MT";"DEL02-MT";"UOP02-DEL01-MT"
372903;2019-05-21;"terça-feira";"14:00:00";"RO";319;62,7;"PORTO VELHO";"Desobediência às normas de trânsito pelo condutor";"Colisão transversal";"Com Vítimas Feridas";"Pleno dia";"Decrescente";"Céu Claro";"Dupla";"Interseção de Vias";"Sim";3;0;2;0;1;0;2;2;-8,766685;-63,884052;"SPRF-RO";"DEL01-RO";"UOP01-DEL01-RO"
373403;2019-01-05;"sábado";"20:40:00";"GO";20;181;"SIMOLANDIA";"Falta de Atenção à Condução";"Colisão transversal";"Com Vítimas Feridas";"Plena Noite";"Crescente";"Céu Claro";"Simples";"Reta";"Não";2;0;1;0;1;0;1;2;-14,470801;-46,486183;"SPRF-DF";"DEL02-DF";"UOP03-DEL02-DF"
373438;2019-05-12;"domingo";"18:15:00";"ES";262;19;"VIANA";"Desobediência às normas de trânsito pelo condutor";"Colisão transversal";"Com Vítimas Feridas";"Anoitecer";"Decrescente";"Céu Claro";"Simples";"Reta";"Sim";3;0;0;1;1;1;1;3;-20,3919143;-40,49002338;"SPRF-ES";"DEL01-ES";"UOP01-DEL01-ES"
374019;2019-07-09;"terça-feira";"14:10:00";"MT";364;383;"SANTO ANTONIO DO LEVERGER";"Defeito Mecânico no Veículo";"Colisão com objeto estático";"Sem Vítimas";"Pleno dia";"Crescente";"Sol";"Múltipla";"Reta";"Não";3;0;0;0;3;0;0;1;-15,70277198;-55,791351;"SPRF-MT";"DEL02-MT";"UOP02-DEL01-MT"
374461;2019-07-12;"sexta-feira";"19:00:00";"MT";70;731,2;"CACERES";"Falta de Atenção à Condução";"Colisão lateral";"Com Vítimas Feridas";"Plena Noite";"Crescente";"Céu Claro";"Simples";"Reta";"Sim";2;0;1;0;1;0;1;2;-16,15109224;-57,62618406;"SPRF-MT";"DEL03-MT";"UOP01-DEL03-MT"
375185;2019-01-27;"domingo";"19:30:00";"PI";407;444,1;"GEMINIANO";"Falta de Atenção à Condução";"Colisão transversal";"Com Vítimas Feridas";"Plena Noite";"Crescente";"Céu Claro";"Simples";"Reta";"Não";2;0;0;1;0;1;1;2;-7,20858;-41,294418;"SPRF-PI";"DEL04-PI";"UOP01-DEL04-PI"
376593;2019-09-04;"quarta-feira";"03:30:00";"RJ";116;133;"MAGE";"Mal Súbito";"Saída de leito carroçável";"Com Vítimas Feridas";"Plena Noite";"Crescente";"Garoa/Chuvisco";"Dupla";"Reta";"Sim";1;0;1;0;0;0;1;1;-22,64823471;-43,17687035;"SPRF-RJ";"DEL04-RJ";"UOP02-DEL04-RJ"
377484;2019-12-01;"domingo";"09:30:00";"GO";40;6;"VALPARAISO DE GOIAS";"Não guardar distância de segurança";"Colisão traseira";"Sem Vítimas";"Pleno dia";"Crescente";"Sol";"Simples";"Reta";"Sim";5;0;0;0;5;0;0;3;-16,100814;-47,977351;"SPRF-DF";"DEL01-DF";"UOP01-DEL01-DF"
377848;2019-10-08;"terça-feira";"18:20:00";"BA";116;768,7;"POCOES";"Falta de Atenção do Pedestre";"Atropelamento de Pedestre";"Com Vítimas Fatais";"Anoitecer";"Crescente";"Nublado";"Simples";"Reta";"Não";2;1;0;0;0;1;0;2;-14,54210598;-40,39466802;"SPRF-BA";"DEL08-BA";"UOP02-DEL08-BA"
378270;2019-12-10;"terça-feira";"07:20:00";"PR";116;117;"CURITIBA";"Mal Súbito";"Colisão com objeto estático";"Com Vítimas Feridas";"Pleno dia";"Crescente";"Nublado";"Dupla";"Reta";"Sim";2;0;0;1;1;0;1;2;-25,54988723;-49,28248211;"SPRF-PR";"DEL01-PR";"UOP03-DEL01-PR"
379608;2019-11-15;"sexta-feira";"10:25:00";"PR";376;425;"TIBAGI";"Falta de Atenção à Condução";"Colisão traseira";"Com Vítimas Feridas";"Pleno dia";"Crescente";"Céu Claro";"Simples";"Aclive";"Não";4;0;1;0;3;0;1;2;-24,7589837;-50,53031553;"SPRF-PR";"DEL03-PR";"UOP02-DEL03-PR"
382452;2019-06-15;"sábado";"18:30:00";"MT";364;401;"CUIABA";"Ingestão de Álcool";"Colisão com objeto estático";"Com Vítimas Feridas";"Plena Noite";"Crescente";"Céu Claro";"Múltipla";"Reta";"Não";3;0;1;0;2;0;1;2;-15,67210033;-55,94649314;"SPRF-MT";"DEL02-MT";"UOP02-DEL01-MT"
384793;2019-02-18;"segunda-feira";"10:40:00";"RO";364;515;"ARIQUEMES";"Falta de Atenção à Condução";"Colisão traseira";"Com Vítimas Feridas";"Pleno dia";"Decrescente";"Céu Claro";"Simples";"Curva";"Sim";2;0;0;1;1;0;1;2;-9,924994;-63,054909;"SPRF-RO";"DEL03-RO";"UOP01-DEL03-RO"
385185;2019-07-04;"quinta-feira";"22:30:00";"MG";116;205,2;"CARAI";"Chuva";"Saída de leito carroçável";"Com Vítimas Feridas";"Plena Noite";"Decrescente";"Chuva";"Simples";"Curva";"Não";3;0;1;2;0;0;3;1;-17,282427;-41,513011;"SPRF-MG";"DEL11-MG";"UOP01-DEL11-MG"
388289;2019-10-09;"quarta-feira";"09:00:00";"PE";428;186,2;"PETROLINA";"Desobediência às normas de trânsito pelo condutor";"Queda de ocupante de veículo";"Com Vítimas Feridas";"Pleno dia";"Crescente";"Céu Claro";"Simples";"Reta";"Sim";2;0;1;0;0;1;1;2;-9,36151653;-40,48140049;"SPRF-PE";"DEL06-PE";"UOP01-DEL06-PE"
390061;2019-08-26;"segunda-feira";"01:30:00";"AC";364;132;"RIO BRANCO";"Pista esburacada";"Tombamento";"Com Vítimas Feridas";"Plena Noite";"Crescente";"Ignorado";"Dupla";"Reta";"Não";1;0;0;1;0;0;1;1;-10,01402655;-67,8105408;"SPRF-AC";"DEL01-AC";"UOP01-DEL01-AC"
391005;2019-08-13;"terça-feira";"18:30:00";"MS";163;470;"CAMPO GRANDE";"Falta de Atenção à Condução";"Colisão traseira";"Com Vítimas Feridas";"Plena Noite";"Crescente";"Céu Claro";"Simples";"Reta";"Não";2;0;0;1;0;1;1;2;-20,55998503;-54,55711228;"SPRF-MS";"DEL01-MS";"UOP01-DEL01-MS"
391873;2019-04-07;"domingo";"23:45:00";"MS";158;93;"PARANAIBA";"Ingestão de Álcool";"Saída de leito carroçável";"Com Vítimas Feridas";"Plena Noite";"Decrescente";"Chuva";"Dupla";"Reta";"Sim";4;0;1;0;3;0;1;1;-19,67487732;-51,20365103;"SPRF-MS";"DEL08-MS";"UOP01-DEL08-MS"
393293;2019-09-09;"segunda-feira";"16:40:00";"RN";101;119;"SAO JOSE DE MIPIBU";"Defeito Mecânico no Veículo";"Tombamento";"Com Vítimas Feridas";"Pleno dia";"Crescente";"Céu Claro";"Dupla";"Reta";"Não";2;0;2;0;0;0;2;1;-6,02496757;-35,2509784;"SPRF-RN";"DEL01-RN";"UOP01-DEL01-RN"
394740;2019-12-08;"domingo";"14:25:00";"PR";116;12;"COLOMBO";"Velocidade Incompatível";"Queda de ocupante de veículo";"Com Vítimas Feridas";"Pleno dia";"Decrescente";"Sol";"Dupla";"Reta";"Sim";1;0;1;0;0;0;1;1;-25,3755;-49,1496;"SPRF-PR";"DEL01-PR";"UOP01-DEL01-PR"
395275;2019-07-07;"domingo";"19:20:00";"RO";364;346,8;"JI-PARANA";"Desobediência às normas de trânsito pelo condutor";"Colisão frontal";"Com Vítimas Feridas";"Pleno dia";"Crescente";"Céu Claro";"Simples";"Aclive";"Sim";4;0;0;1;3;0;1;3;-10,86193535;-61,9744885;"SPRF-RO";"DEL02-RO";"UOP01-DEL02-RO"
397590;2019-12-13;"sexta-feira";"19:30:00";"SC";470;170;"POUSO REDONDO";"Falta de Atenção à Condução";"Colisão transversal";"Com Vítimas Feridas";"Plena Noite";"Decrescente";"Nublado";"Simples";"Curva";"Sim";2;0;1;0;1;0;1;2;-27,265903;-49,892441;"SPRF-SC";"DEL04-SC";"UOP02-DEL04-SC"
407586;2019-07-08;"segunda-feira";"11:30:00";"MA";222;515;"BURITICUPU";"Demais falhas mecânicas ou elétricas";"Colisão frontal";"Com Vítimas Feridas";"Pleno dia";"Decrescente";"Céu Claro";"Simples";"Reta";"Não";3;0;0;1;2;0;1;2;-4,35138653;-46,41059878;"SPRF-MA";"DEL02-MA";"UOP01-DEL02-MA"
409649;2019-03-15;"sexta-feira";"19:25:00";"MG";365;609;"UBERLANDIA";"Velocidade Incompatível";"Colisão traseira";"Com Vítimas Feridas";"Plena Noite";"Crescente";"Céu Claro";"Dupla";"Reta";"Sim";3;0;0;1;0;2;1;3;-18,920392;-48,182184;"SPRF-MG";"DEL15-MG";"UOP01-DEL15-MG"
409866;2019-11-17;"domingo";"20:50:00";"PI";343;500,4;"AMARANTE";"Falta de Atenção à Condução";"Colisão lateral";"Com Vítimas Fatais";"Plena Noite";"Crescente";"Céu Claro";"Simples";"Reta";"Não";6;4;0;0;1;1;0;4;-6,246756;-42,801987;"SPRF-PI";"DEL03-PI";"UOP01-DEL03-PI"
409935;2019-11-09;"sábado";"14:00:00";"BA";116;425;"FEIRA DE SANTANA";"Obras na pista";"Atropelamento de Pedestre";"Com Vítimas Feridas";"Pleno dia";"Decrescente";"Ignorado";"Simples";"Curva";"Sim";2;0;0;1;0;1;1;2;-12,25025493;-38,98817409;"SPRF-BA";"DEL02-BA";"UOP01-DEL02-BA"
411532;2019-12-28;"sábado";"07:00:00";"RJ";393;127;"SAPUCAIA";"Condutor Dormindo";"Capotamento";"Com Vítimas Feridas";"Pleno dia";"Decrescente";"Céu Claro";"Simples";"Reta";"Não";4;0;1;0;3;0;1;1;-21,95405281;-42,84509996;"SPRF-RJ";"DEL06-RJ";"UOP01-DEL05-RJ"
421304;2019-08-01;"quinta-feira";"13:20:00";"BA";110;368;"CATU";"Falta de Atenção à Condução";"Colisão transversal";"Com Vítimas Feridas";"Pleno dia";"Crescente";"Céu Claro";"Simples";"Reta";"Sim";3;0;2;0;1;0;2;2;-12,37743716;-38,3840847;"SPRF-BA";"DEL01-BA";"UOP04-DEL01-BA"
423894;2019-12-25;"quarta-feira";"10:15:00";"BA";101;662,6;"ITAPEBI";"Pista Escorregadia";"Saída de leito carroçável";"Com Vítimas Feridas";"Pleno dia";"Decrescente";"Chuva";"Simples";"Curva";"Não";5;0;2;3;0;0;5;1;-15,95506862;-39,55960404;"SPRF-BA";"DEL05-BA";"UOP02-DEL05-BA"
424082;2019-05-16;"quinta-feira";"14:38:00";"RO";364;713;"PORTO VELHO";"Falta de Atenção do Pedestre";"Colisão traseira";"Com Vítimas Feridas";"Pleno dia";"Crescente";"Céu Claro";"Dupla";"Reta";"Sim";2;0;0;1;1;0;1;2;-8,77115641;-63,88301075;"SPRF-RO";"DEL01-RO";"UOP01-DEL01-RO"
444933;2019-09-10;"terça-feira";"17:15:00";"TO";153;410;"MIRANORTE";"Falta de Atenção à Condução";"Saída de leito carroçável";"Com Vítimas Feridas";"Pleno dia";"Decrescente";"Céu Claro";"Dupla";"Curva";"Não";1;0;1;0;0;0;1;1;-9,49885975;-48,58649141;"SPRF-TO";"DEL02-TO";"UOP02-DEL02-TO"