"id";"data_inversa";"dia_semana";"horario";"uf";"br";"km";"municipio";"causa_acidente";"tipo_acidente";"classificacao_acidente";"fase_dia";"sentido_via";"condicao_metereologica";"tipo_pista";"tracado_via";"uso_solo";"pessoas";"mortos";"feridos_leves";"feridos_graves";"ilesos";"ignorados";"feridos";"veiculos";"latitude";"longitude";"regional";"delegacia";"uop"
459923;2019-06-15;"sábado";"05:30:00";"SP";116;209,8;"GUARULHOS";"Falta de Atenção do Pedestre";"Atropelamento de Pedestre";"Com Vítimas Feridas";"Plena Noite";"Crescente";"Céu Claro";"Dupla";"Reta";"Sim";2;0;0;1;1;0;1;2;-23,42511799;-46,40221101;"SPRF-SP";"DEL01-SP";"UOP01-DEL01-SP"
460497;2019-04-20;"sábado";"01:00:00";"RJ";101;67;"CAMPOS DOS GOYTACAZES";"Ingestão de Álcool";"Saída de leito carroçável";"Com Vítimas Feridas";"Plena Noite";"Crescente";"Céu Claro";"Simples";"Reta";"Sim";2;0;2;0;0;0;2;1;-21,76751094;-41,34876249;"SPRF-RJ";"DEL08-RJ";"UOP02-DEL08-RJ"
465497;2019-03-15;"sexta-feira";"10:30:00";"RN";427;99;"CAICO";"Falta de Atenção à Condução";"Colisão transversal";"Com Vítimas Feridas";"Pleno dia";"Crescente";"Nevoeiro/Neblina";"Simples";"Reta";"Sim";3;0;0;1;1;1;1;2;-6,45929918;-37,09847983;"SPRF-RN";"DEL03-RN";"UOP01-DEL03-RN"
465626;2019-04-21;"domingo";"18:50:00";"MG";40;529,8;"CONTAGEM";"Desobediência às normas de trânsito pelo condutor";"Colisão lateral";"Com Vítimas Feridas";"Plena Noite";"Decrescente";"Céu Claro";"Dupla";"Curva;Declive";"Sim";3;0;1;0;1;1;1;2;-19,91635592;-44,03966566;"SPRF-MG";"DEL01-MG";"UOP02-DEL01-MG"
468851;2019-07-13;"sábado";"16:00:00";"RJ";116;328;"RESENDE";"Objeto estático sobre o leito carroçável";"Capotamento";"Com Vítimas Feridas";"Pleno dia";"Decrescente";"Céu Claro";"Dupla";"Ponte;Curva";"Não";2;0;2;0;0;0;2;1;-22,50480402;-44,596846;"SPRF-RJ";"DEL07-RJ";"DEL5/7-UOP03/RJ"
473106;2019-04-12;"sexta-feira";"22:00:00";"PI";343;288,1;"ALTOS";"Animais na Pista";"Colisão transversal";"Com Vítimas Feridas";"Plena Noite";"Crescente";"Nublado";"Simples";"Reta";"Não";11;0;5;5;1;0;10;2;-4,939658;-42,320789;"SPRF-PI";"DEL01-PI";"UOP03-DEL01-PI"
477551;2019-11-22;"sexta-feira";"05:30:00";"MG";381;480,5;"CONTAGEM";"Falta de Atenção do Pedestre";"Atropelamento de Pedestre";"Com Vítimas Fatais";"Amanhecer";"Crescente";"Nublado";"Dupla";"Curva";"Sim";5;1;2;1;1;0;3;3;-19,95749597;-44,07899901;"SPRF-MG";"DEL01-MG";"UOP03-DEL01-MG"
480035;2019-01-17;"quinta-feira";"10:05:00";"PE";316;250;"BELEM DE SAO FRANCISCO";"Velocidade Incompatível";"Capotamento";"Com Vítimas Fatais";"Pleno dia";"Decrescente";"Nublado";"Simples";"Curva";"Não";4;1;2;1;0;0;3;1;-8,678411;-38,971153;"SPRF-PE";"DEL05-PE";"UOP03-DEL05-PE"
484133;2019-07-21;"domingo";"00:20:00";"PR";376;170;"MARINGA";"Falta de Atenção à Condução";"Colisão com objeto estático";"Com Vítimas Feridas";"Plena Noite";"Decrescente";"Céu Claro";"Simples";"Curva";"Sim";1;0;0;1;0;0;1;1;-23,41595703;-51,97950402;"SPRF-PR";"DEL07-PR";"UOP01-DEL09-PR"
495606;2019-10-26;"sábado";"23:00:00";"MA";222;504,5;"BURITICUPU";"Animais na Pista";"Atropelamento de Animal";"Com Vítimas Fatais";"Plena Noite";"Crescente";"Céu Claro";"Simples";"Reta";"Não";1;1;0;0;0;0;0;1;-4,31370413;-46,28037001;"SPRF-MA";"DEL02-MA";"UOP01-DEL02-MA"
497909;2019-11-17;"domingo";"18:00:00";"RJ";493;58;"DUQUE DE CAXIAS";"Falta de Atenção à Condução";"Tombamento";"Com Vítimas Feridas";"Pleno dia";"Crescente";"Céu Claro";"Simples";"Curva";"Não";1;0;1;0;0;0;1;1;-22,672089;-43,285053;"SPRF-RJ";"DEL01-RJ";"UOP01-DEL01-RJ"
501451;2019-10-07;"segunda-feira";"19:20:00";"PR";376;597;"CURITIBA";"Falta de Atenção do Pedestre";"Atropelamento de Pedestre";"Com Vítimas Fatais";"Plena Noite";"Crescente";"Céu Claro";"Dupla";"Reta";"Sim";2;1;0;0;1;0;0;2;-25,50603111;-49,34084684;"SPRF-PR";"DEL01-PR";"UOP06-DEL01-PR"
503992;2019-12-19;"quinta-feira";"00:00:00";"RJ";393;129;"SAPUCAIA";"Velocidade Incompatível";"Capotamento";"Sem Vítimas";"Plena Noite";"Crescente";"Céu Claro";"Simples";"Curva";"Não";1;0;0;0;0;1;0;1;-21,9822892;-42,89583921;"SPRF-RJ";"DEL06-RJ";"UOP01-DEL05-RJ"
505458;2019-10-04;"sexta-feira";"05:40:00";"MG";40;550;"NOVA LIMA";"Não guardar distância de segurança";"Colisão traseira";"Com Vítimas Feridas";"Pleno dia";"Decrescente";"Nublado";"Dupla";"Reta";"Sim";3;0;1;0;2;0;1;2;-20,0477638;-43,96439441;"SPRF-MG";"DEL01-MG";"UOP02-DEL01-MG"
507848;2019-05-12;"domingo";"09:15:00";"RN";427;99,8;"CAICO";"Falta de Atenção à Condução";"Colisão transversal";"Com Vítimas Feridas";"Pleno dia";"Crescente";"Céu Claro";"Simples";"Reta";"Sim";2;0;1;0;1;0;1;2;-6,45929918;-37,09847983;"SPRF-RN";"DEL03-RN";"UOP01-DEL03-RN"
513178;2019-02-06;"quarta-feira";"10:49:00";"PE";101;47,8;"ABREU E LIMA";"Não guardar distância de segurança";"Colisão traseira";"Com Vítimas Feridas";"Pleno dia";"Crescente";"Nublado";"Dupla";"Reta";"Sim";2;0;0;1;1;0;1;2;-7,887868;-34,904169;"SPRF-PE";"DEL01-PE";"UOP02-DEL01-PE"
536764;2019-01-26;"sábado";"15:15:00";"GO";70;2;"AGUAS LINDAS DE GOIAS";"Falta de Atenção à Condução";"Colisão transversal";"Com Vítimas Feridas";"Pleno dia";"Crescente";"Nublado";"Dupla";"Reta";"Não";5;0;1;0;3;1;1;4;-15,7481;-48,2635;"SPRF-DF";"DEL01-DF";"UOP02-DEL03-DF"
537192;2019-05-28;"terça-feira";"11:50:00";"PI";343;343;"TERESINA";"Condutor Dormindo";"Engavetamento";"Com Vítimas Feridas";"Pleno dia";"Decrescente";"Céu Claro";"Dupla";"Reta";"Sim";4;0;2;0;1;1;2;4;-5,087362;-42,757851;"SPRF-PI";"DEL01-PI";"UOP01-DEL01-PI"
541418;2019-04-25;"quinta-feira";"16:00:00";"MG";356;267,6;"MURIAE";"Falta de Atenção à Condução";"Colisão traseira";"Com Vítimas Feridas";"Pleno dia";"Decrescente";"Céu Claro";"Simples";"Reta";"Sim";3;0;2;0;1;0;2;2;-21,12725696;-42,35052695;"SPRF-MG";"DEL07-MG";"UOP02-DEL07-MG"
561231;2019-12-21;"sábado";"16:05:00";"PE";423;39,6;"CACHOEIRINHA";"Falta de Atenção à Condução";"Engavetamento";"Com Vítimas Feridas";"Pleno dia";"Decrescente";"Céu Claro";"Simples";"Reta";"Sim";7;0;1;0;6;0;1;3;-8,48957335;-36,23249049;"SPRF-PE";"DEL03-PE";"UOP01-DEL03-PE"
565668;2019-09-10;"terça-feira";"20:00:00";"DF";20;17;"BRASILIA";"Falta de Atenção à Condução";"Colisão traseira";"Com Vítimas Feridas";"Plena Noite";"Crescente";"Céu Claro";"Dupla";"Declive";"Sim";2;0;2;0;0;0;2;2;-15,621374;-47,71698;"SPRF-DF";"DEL02-DF";"UOP01-DEL02-DF"
566288;2019-01-12;"sábado";"11:50:00";"PE";428;38,9;"OROCO";"Falta de Atenção à Condução";"Colisão transversal";"Com Vítimas Fatais";"Pleno dia";"Crescente";"Céu Claro";"Simples";"Reta";"Não";3;1;0;0;1;1;0;3;-8,55009;-39,543583;"SPRF-PE";"DEL05-PE";"UOP03-DEL05-PE"
573712;2019-11-17;"domingo";"01:30:00";"PI";135;351;"BOM JESUS";"Ingestão de álcool pelo condutor";"Colisão lateral";"Com Vítimas Feridas";"Plena Noite";"Crescente";"Céu Claro";"Simples";"Reta";"Não";2;0;1;0;1;0;1;2;-9,07627817;-44,34586005;"SPRF-PI";"DEL03-PI";"UOP02-DEL03-PI"
573841;2019-10-25;"sexta-feira";"01:30:00";"RO";319;63;"PORTO VELHO";"Ingestão de álcool pelo condutor";"Colisão traseira";"Sem Vítimas";"Plena Noite";"Crescente";"Céu Claro";"Dupla";"Reta";"Sim";2;0;0;0;2;0;0;2;-8,766685;-63,884052;"SPRF-RO";"DEL01-RO";"UOP01-DEL01-RO"
573859;2019-12-23;"segunda-feira";"17:40:00";"RO";319;57;"PORTO VELHO";"Ingestão de álcool pelo condutor";"Colisão transversal";"Com Vítimas Feridas";"Pleno dia";"Decrescente";"Sol";"Simples";"Reta";"Sim";3;0;2;0;1;0;2;2;-8,739714;-63,93214024;"SPRF-RO";"DEL01-RO";"UOP01-DEL01-RO"
573951;2019-06-14;"sexta-feira";"08:00:00";"RO";319;57;"PORTO VELHO";"Ingestão de álcool pelo condutor";"Saída de leito carroçável";"Com Vítimas Feridas";"Pleno dia";"Decrescente";"Sol";"Simples";"Aclive";"Não";2;0;1;0;0;1;1;2;-8,739714;-63,93214024;"SPRF-RO";"DEL01-RO";"UOP01-DEL01-RO"
573986;2019-01-18;"sexta-feira";"16:40:00";"GO";364;387;"SANTA RITA DO ARAGUAIA";"Ingestão de álcool pelo condutor";"Colisão com objeto estático";"Com Vítimas Feridas";"Pleno dia";"Crescente";"Céu Claro";"Dupla";"Reta";"Sim";3;0;1;0;2;0;1;3;-17,332624;-53,195534;"SPRF-GO";"DEL05-GO";"UOP01-DEL05-GO"
573988;2019-09-13;"sexta-feira";"11:00:00";"RO";364;713;"PORTO VELHO";"Ingestão de álcool pelo condutor";"Colisão lateral";"Com Vítimas Feridas";"Pleno dia";"Crescente";"Vento";"Simples";"Viaduto";"Sim";2;0;1;0;1;0;1;2;-8,77331583;-63,87969248;"SPRF-RO";"DEL01-RO";"UOP01-DEL01-RO"
574028;2019-03-02;"sábado";"20:30:00";"ES";101;370;"ANCHIETA";"Ingestão de álcool pelo condutor";"Colisão lateral";"Com Vítimas Feridas";"Plena Noite";"Crescente";"Céu Claro";"Simples";"Curva";"Não";8;0;1;0;7;0;1;3;-20,7701779;-40,7605407;"SPRF-ES";"DEL03-ES";"UOP01-DEL03-ES"
574115;2019-12-22;"domingo";"14:30:00";"PI";316;6,5;"TERESINA";"Ingestão de álcool pelo condutor";"Colisão traseira";"Sem Vítimas";"Pleno dia";"Decrescente";"Sol";"Simples";"Aclive;Reta";"Sim";2;0;0;0;2;0;0;2;-5,14702095;-42,77438982;"SPRF-PI";"DEL01-PI";"UOP02-DEL01-PI"
574217;2019-11-23;"sábado";"22:30:00";"MS";60;594;"JARDIM";"Ingestão de álcool e/ou substâncias psicoativas pelo pedestre";"Colisão frontal";"Com Vítimas Feridas";"Plena Noite";"Crescente";"Céu Claro";"Simples";"Reta";"Sim";3;0;1;1;1;0;2;2;-21,48916098;-56,15893902;"SPRF-MS";"DEL05-MS";"UOP01-DEL05-MS"
574364;2019-08-20;"terça-feira";"18:45:00";"RS";386;51,2;"SEBERI";"Ingestão de álcool pelo condutor";"Colisão transversal";"Sem Vítimas";"Plena Noite";"Crescente";"Céu Claro";"Simples";"Reta";"Sim";2;0;0;0;2;0;0;2;-27,500874;-53,388092;"SPRF-RS";"DEL08-RS";"UOP02-DEL08-RS"
574377;2019-09-01;"domingo";"23:10:00";"RO";319;64;"PORTO VELHO";"Ingestão de álcool pelo condutor";"Colisão transversal";"Com Vítimas Feridas";"Plena Noite";"Crescente";"Céu Claro";"Dupla";"Reta";"Sim";2;0;1;0;1;0;1;2;-8,766685;-63,884052;"SPRF-RO";"DEL01-RO";"UOP01-DEL01-RO"
574626;2019-04-28;"domingo";"18:25:00";"RS";470;173,3;"VERANOPOLIS";"Transitar na contramão";"Colisão lateral";"Sem Vítimas";"Anoitecer";"Crescente";"Nublado";"Simples";"Reta";"Não";3;0;0;0;3;0;0;2;-28,90288251;-51,55128837;"SPRF-RS";"DEL06-RS";"UOP02-DEL06-RS"
575281;2019-12-09;"segunda-feira";"10:55:00";"RS";158;139,5;"CONDOR";"Ingestão de álcool pelo condutor";"Saída de leito carroçável";"Sem Vítimas";"Pleno dia";"Decrescente";"Céu Claro";"Simples";"Reta";"Não";1;0;0;0;1;0;0;1;-28,19297114;-53,47752228;"SPRF-RS";"DEL08-RS";"UOP02-DEL08-RS"
575522;2019-12-01;"domingo";"22:30:00";"RS";386;445;"CANOAS";"Ingestão de álcool e/ou substâncias psicoativas pelo pedestre";"Saída de leito carroçável";"Sem Vítimas";"Plena Noite";"Decrescente";"Céu Claro";"Dupla";"Retorno Regulamentado";"Sim";2;0;0;0;2;0;0;1;-29,892885;-51,192703;"SPRF-RS";"DEL01-RS";"UOP01-DEL01-RS"
575776;2019-12-24;"terça-feira";"10:00:00";"RJ";393;280;"BARRA DO PIRAI";"Ingestão de álcool pelo condutor";"Colisão traseira";"Sem Vítimas";"Pleno dia";"Crescente";"Nublado";"Simples";"Reta";"Sim";3;0;0;0;3;0;0;3;-22,47750785;-44,01954402;"SPRF-RJ";"DEL05-RJ";"UOP04-DEL05-RJ"
576348;2019-07-13;"sábado";"01:45:00";"RS";470;222;"GARIBALDI";"Ingestão de álcool pelo condutor";"Saída de leito carroçável";"Sem Vítimas";"Plena Noite";"Crescente";"Céu Claro";"Simples";"Reta";"Não";1;0;0;0;1;0;0;1;-29,20374783;-51,51791811;"SPRF-RS";"DEL06-RS";"UOP01-DEL06-RS"
576982;2019-12-02;"segunda-feira";"20:00:00";"SC";101;208;"SAO JOSE";"Ingestão de álcool pelo condutor";"Colisão traseira";"Sem Vítimas";"Plena Noite";"Crescente";"Céu Claro";"Múltipla";"Reta";"Não";2;0;0;0;2;0;0;2;-27,60327979;-48,63201818;"SPRF-SC";"DEL01-SC";"UOP01-DEL01-SC"
577575;2019-06-16;"domingo";"18:40:00";"PB";104;104;"ESPERANCA";"Ingestão de álcool pelo condutor";"Colisão frontal";"Com Vítimas Feridas";"Plena Noite";"Decrescente";"Garoa/Chuvisco";"Simples";"Aclive";"Não";5;0;5;0;0;0;5;4;-7,08061598;-35,85413977;"SPRF-PB";"DEL02-PB";"UOP04-DEL02-PB"
579143;2019-09-22;"domingo";"01:00:00";"MA";222;672;"ACAILANDIA";"Ingestão de álcool pelo condutor";"Colisão frontal";"Sem Vítimas";"Plena Noite";"Decrescente";"Céu Claro";"Simples";"Reta";"Não";2;0;0;0;2;0;0;2;-4,92508085;-47,43821808;"SPRF-MA";"DEL04-MA";"UOP03-DEL04-MA"
580022;2019-04-06;"sábado";"04:20:00";"SP";116;71,5;"APARECIDA";"Ingestão de álcool pelo condutor";"Saída de leito carroçável";"Sem Vítimas";"Plena Noite";"Decrescente";"Nublado";"Dupla";"Curva;Aclive";"Não";1;0;0;0;1;0;0;1;-22,85651665;-45,23114328;"SPRF-SP";"DEL08-SP";"UOP01-DEL08-SP"
580733;2019-12-25;"quarta-feira";"15:50:00";"PA";316;21;"BENEVIDES";"Ingestão de álcool pelo condutor";"Colisão transversal";"Com Vítimas Feridas";"Pleno dia";"Decrescente";"Céu Claro";"Dupla";"Reta";"Não";2;0;0;1;1;0;1;2;-1,36097138;-48,26241527;"SPRF-PA";"DEL01-PA";"UOP01-DEL01-PA"
581062;2019-01-27;"domingo";"18:50:00";"SP";116;56,5;"LORENA";"Ingestão de álcool pelo condutor";"Tombamento";"Com Vítimas Feridas";"Pleno dia";"Decrescente";"Sol";"Dupla";"Reta";"Não";1;0;1;0;0;0;1;1;-22,769072;-45,130444;"SPRF-SP";"DEL08-SP";"UOP01-DEL08-SP"
581826;2019-05-11;"sábado";"17:40:00";"SP";116;202;"ARUJA";"Ingestão de substâncias psicoativas pelo condutor";"Saída de leito carroçável";"Sem Vítimas";"Anoitecer";"Decrescente";"Nublado";"Dupla";"Aclive";"Não";2;0;0;0;1;1;0;2;-23,40809408;-46,33859597;"SPRF-SP";"DEL01-SP";"UOP02-DEL01-SP"
582067;2019-08-08;"quinta-feira";"13:05:00";"RN";110;48,5;"MOSSORO";"Ingestão de álcool pelo condutor";"Colisão traseira";"Com Vítimas Feridas";"Pleno dia";"Decrescente";"Sol";"Dupla";"Reta";"Sim";2;0;1;0;1;0;1;2;-5,21252372;-37,3315537;"SPRF-RN";"DEL04-RN";"UOP01-DEL04-RN"
583666;2019-07-14;"domingo";"10:00:00";"MG";262;460,3;"ARAUJOS";"Ingestão de álcool pelo condutor";"Colisão traseira";"Sem Vítimas";"Pleno dia";"Crescente";"Céu Claro";"Simples";"Reta";"Não";5;0;0;0;5;0;0;2;-19,82719122;-45,07371312;"SPRF-MG";"DEL08-MG";"UOP03-DEL08-MG"
583876;2019-05-19;"domingo";"18:30:00";"MA";10;244,4;"IMPERATRIZ";"Ingestão de álcool pelo condutor";"Colisão frontal";"Com Vítimas Fatais";"Plena Noite";"Decrescente";"Céu Claro";"Simples";"Reta";"Não";3;2;1;0;0;0;1;2;-5,596112;-47,42886;"SPRF-MA";"DEL04-MA";"UOP01-DEL04-MA"
584019;2019-06-03;"segunda-feira";"18:30:00";"MG";40;554;"NOVA LIMA";"Ingestão de álcool pelo condutor";"Colisão traseira";"Sem Vítimas";"Plena Noite";"Crescente";"Chuva";"Dupla";"Curva";"Sim";2;0;0;0;2;0;0;2;-20,07715896;-43,98213593;"SPRF-MG";"DEL01-MG";"UOP02-DEL01-MG"
584022;2019-10-05;"sábado";"14:00:00";"MG";40;521;"CONTAGEM";"Ingestão de álcool pelo condutor";"Colisão lateral";"Sem Vítimas";"Pleno dia";"Decrescente";"Céu Claro";"Dupla";"Reta";"Sim";2;0;0;0;2;0;0;2;-19,85651501;-44,07213222;"SPRF-MG";"DEL01-MG";"UOP02-DEL01-MG"
584226;2019-07-06;"sábado";"22:50:00";"MG";356;268,3;"MURIAE";"Ingestão de álcool pelo condutor";"Colisão lateral sentido oposto";"Sem Vítimas";"Plena Noite";"Crescente";"Nublado";"Simples";"Reta";"Sim";2;0;0;0;2;0;0;2;-21,12690881;-42,34244401;"SPRF-MG";"DEL07-MG";"UOP02-DEL07-MG"
585017;2019-01-05;"sábado";"21:30:00";"MG";40;515;"RIBEIRAO DAS NEVES";"Ingestão de álcool pelo condutor";"Saída de leito carroçável";"Com Vítimas Feridas";"Plena Noite";"Crescente";"Céu Claro";"Dupla";"Reta";"Sim";1;0;1;0;0;0;1;1;-19,819;-44,0869;"SPRF-MG";"DEL01-MG";"UOP03-DEL01-MG"
585026;2019-03-10;"domingo";"07:00:00";"PR";476;129;"CURITIBA";"Ingestão de álcool pelo condutor";"Saída de leito carroçável";"Sem Vítimas";"Pleno dia";"Decrescente";"Céu Claro";"Dupla";"Reta";"Sim";2;0;0;0;2;0;0;1;-25,45505496;-49,24552917;"SPRF-PR";"DEL01-PR";"UOP01-DEL01-PR"
585126;2019-08-24;"sábado";"22:00:00";"MG";381;923,4;"CAMANDUCAIA";"Ingestão de álcool pelo condutor";"Colisão lateral";"Sem Vítimas";"Plena Noite";"Crescente";"Céu Claro";"Dupla";"Reta";"Não";6;0;0;0;5;1;0;3;-22,77449085;-46,18577611;"SPRF-MG";"DEL16-MG";"UOP03-DEL16-MG"
585318;2019-07-26;"sexta-feira";"21:50:00";"PR";277;77,8;"SAO JOSE DOS PINHAIS";"Ingestão de álcool pelo condutor";"Colisão traseira";"Com Vítimas Feridas";"Plena Noite";"Crescente";"Céu Claro";"Dupla";"Reta";"Sim";2;0;0;1;1;0;1;2;-25,51327981;-49,12433291;"SPRF-PR";"DEL01-PR";"UOP01-DEL01-PR"
585348;2019-02-24;"domingo";"05:30:00";"PR";277;339,8;"GUARAPUAVA";"Reação tardia ou ineficiente do condutor";"Colisão com objeto estático";"Sem Vítimas";"Amanhecer";"Decrescente";"Céu Claro";"Dupla";"Rotatória";"Não";1;0;0;0;1;0;0;1;-25,34418117;-51,44034863;"SPRF-PR";"DEL03-PR";"UOP01-DEL08-PR"
585349;2019-01-06;"domingo";"19:40:00";"PR";158;507;"CORONEL VIVIDA";"Ingestão de álcool pelo condutor";"Saída de leito carroçável";"Com Vítimas Feridas";"Anoitecer";"Decrescente";"Garoa/Chuvisco";"Simples";"Aclive;Curva";"Não";5;0;4;1;0;0;5;1;-25,99111233;-52,55704663;"SPRF-PR";"DEL02-PR";"UOP01-DEL02-PR"
585628;2019-12-22;"domingo";"17:45:00";"PR";163;26,4;"SANTO ANTONIO DO SUDOESTE";"Ingestão de álcool pelo condutor";"Saída de leito carroçável";"Com Vítimas Feridas";"Pleno dia";"Decrescente";"Céu Claro";"Simples";"Declive;Curva";"Não";1;0;1;0;0;0;1;1;-26,16802908;-53,67383107;"SPRF-PR";"DEL02-PR";"UOP02-DEL02-PR"
585871;2019-09-09;"segunda-feira";"15:45:00";"PR";277;302,5;"PRUDENTOPOLIS";"Ingestão de álcool pelo condutor";"Colisão traseira";"Sem Vítimas";"Pleno dia";"Decrescente";"Céu Claro";"Simples";"Reta";"Não";2;0;0;0;1;1;0;2;-25,30492452;-51,1605835;"SPRF-PR";"DEL08-PR";"UOP01-DEL08-PR"
585892;2019-04-18;"quinta-feira";"20:45:00";"PR";153;338,1;"IRATI";"Ingestão de álcool pelo condutor";"Colisão traseira";"Sem Vítimas";"Plena Noite";"Crescente";"Céu Claro";"Simples";"Reta";"Sim";2;0;0;0;2;0;0;2;-25,51485498;-50,65402607;"SPRF-PR";"DEL03-PR";"UOP02-DEL08-PR"
586536;2019-06-02;"domingo";"08:15:00";"PR";277;730;"FOZ DO IGUACU";"Ingestão de álcool pelo condutor";"Capotamento";"Sem Vítimas";"Pleno dia";"Decrescente";"Nublado";"Simples";"Reta";"Sim";1;0;0;0;1;0;0;1;-25,50826305;-54,59238593;"SPRF-PR";"DEL05-PR";"UOP03-DEL05-PR"
586582;2019-03-01;"sexta-feira";"15:15:00";"RS";287;246,6;"SANTA MARIA";"Ingestão de álcool pelo condutor";"Colisão transversal";"Sem Vítimas";"Pleno dia";"Crescente";"Céu Claro";"Simples";"Rotatória";"Sim";2;0;0;0;2;0;0;2;-29,70050418;-53,84090424;"SPRF-RS";"DEL09-RS";"UOP01-DEL09-RS"
586735;2019-08-11;"domingo";"00:15:00";"RS";287;253;"SANTA MARIA";"Ingestão de álcool pelo condutor";"Saída de leito carroçável";"Com Vítimas Feridas";"Plena Noite";"Crescente";"Céu Claro";"Simples";"Reta";"Não";1;0;1;0;0;0;1;1;-29,68806284;-53,90069397;"SPRF-RS";"DEL09-RS";"UOP01-DEL09-RS"
587005;2019-02-02;"sábado";"00:15:00";"PR";376;507;"PONTA GROSSA";"Ingestão de álcool pelo condutor";"Saída de leito carroçável";"Sem Vítimas";"Plena Noite";"Crescente";"Nublado";"Dupla";"Reta";"Não";1;0;0;0;1;0;0;1;-25,20032037;-50,07222891;"SPRF-PR";"DEL03-PR";"UOP04-DEL03-PR"
587169;2019-03-17;"domingo";"22:45:00";"SC";101;412,8;"ARARANGUA";"Ingestão de álcool pelo condutor";"Colisão frontal";"Sem Vítimas";"Plena Noite";"Decrescente";"Chuva";"Simples";"Reta";"Não";2;0;0;0;2;0;0;2;-28,939333;-49,497513;"SPRF-SC";"DEL02-SC";"UOP02-DEL02-SC"
587815;2019-12-29;"domingo";"19:45:00";"SC";101;453,2;"SAO JOAO DO SUL";"Ingestão de álcool pelo condutor";"Colisão traseira";"Com Vítimas Feridas";"Plena Noite";"Decrescente";"Nublado";"Dupla";"Reta";"Não";5;0;3;0;2;0;3;2;-29,19759996;-49,75264078;"SPRF-SC";"DEL02-SC";"UOP02-DEL02-SC"
588777;2019-01-11;"sexta-feira";"22:50:00";"MG";381;495;"BETIM";"Ingestão de álcool pelo condutor";"Colisão com objeto estático";"Sem Vítimas";"Plena Noite";"Decrescente";"Céu Claro";"Dupla";"Declive;Curva";"Sim";4;0;0;0;4;0;0;1;-19,97435713;-44,1852951;"SPRF-MG";"DEL01-MG";"UOP03-DEL01-MG"
589827;2019-05-12;"domingo";"18:10:00";"RO";364;763;"PORTO VELHO";"Ingestão de álcool pelo condutor";"Colisão transversal";"Com Vítimas Feridas";"Anoitecer";"Decrescente";"Nublado";"Simples";"Reta";"Não";11;0;7;0;4;0;7;2;-9,114908;-64,114121;"SPRF-RO";"DEL01-RO";"UOP02-DEL01-RO"
590000;2019-02-06;"quarta-feira";"06:30:00";"RS";470;231;"CARLOS BARBOSA";"Ingestão de álcool pelo condutor";"Saída de leito carroçável";"Sem Vítimas";"Pleno dia";"Crescente";"Céu Claro";"Simples";"Curva";"Não";2;0;0;0;2;0;0;1;-29,28737909;-51,49020284;"SPRF-RS";"DEL06-RS";"UOP01-DEL06-RS"
591200;2019-03-30;"sábado";"21:00:00";"MG";116;510,8;"UBAPORANGA";"Ingestão de álcool pelo condutor";"Colisão traseira";"Sem Vítimas";"Plena Noite";"Crescente";"Nublado";"Simples";"Reta";"Sim";2;0;0;0;2;0;0;2;-19,64532085;-42,10796743;"SPRF-MG";"DEL06-MG";"UOP02-DEL06-MG"
591650;2019-03-10;"domingo";"02:18:00";"MA";316;615;"TIMON";"Animais na Pista";"Atropelamento de Animal";"Com Vítimas Fatais";"Plena Noite";"Crescente";"Ignorado";"Simples";"Reta";"Não";1;1;0;0;0;0;0;1;-5,07755651;-42,84567922;"SPRF-MA";"DEL03-MA";"UOP02-DEL03-MA"
593057;2019-05-12;"domingo";"17:00:00";"PR";277;607;"SANTA TEREZA DO OESTE";"Ingestão de álcool pelo condutor";"Colisão lateral";"Com Vítimas Feridas";"Pleno dia";"Crescente";"Céu Claro";"Simples";"Reta";"Não";6;0;2;0;3;1;2;4;-25,03813917;-53,5965319;"SPRF-PR";"DEL05-PR";"UOP02-DEL05-PR"
593296;2019-11-30;"sábado";"20:50:00";"PR";277;30;"MORRETES";"Ingestão de álcool pelo condutor";"Atropelamento de Pedestre";"Com Vítimas Fatais";"Plena Noite";"Crescente";"Céu Claro";"Dupla";"Reta";"Não";3;2;0;0;1;0;0;2;-25,52874613;-48,73512603;"SPRF-PR";"DEL01-PR";"UOP05-DEL01-PR"
595152;2019-10-12;"sábado";"21:45:00";"MG";365;495;"PATROCINIO";"Ingestão de álcool pelo condutor";"Colisão lateral";"Sem Vítimas";"Plena Noite";"Decrescente";"Céu Claro";"Simples";"Aclive";"Não";2;0;0;0;2;0;0;2;-18,917469;-47,203773;"SPRF-MG";"DEL10-MG";"UOP01-DEL10-MG"
595834;2019-07-20;"sábado";"10:30:00";"BA";101;263;"SANTO ANTONIO DE JESUS";"Falta de Atenção à Condução";"Colisão transversal";"Com Vítimas Feridas";"Pleno dia";"Decrescente";"Chuva";"Simples";"Reta";"Sim";2;0;1;0;1;0;1;2;-12,9785073;-39,2841211;"SPRF-BA";"DEL01-BA";"UOP02-DEL01-BA"
609705;2019-03-16;"sábado";"00:15:00";"BA";415;20;"ILHEUS";"Ingestão de Álcool";"Colisão traseira";"Com Vítimas Feridas";"Plena Noite";"Crescente";"Céu Claro";"Simples";"Reta";"Não";2;0;1;0;1;0;1;2;-14,8482;-39,281986;"SPRF-BA";"DEL05-BA";"UOP01-DEL05-BA"
617026;2019-11-14;"quinta-feira";"18:30:00";"BA";330;785;"IPIAU";"Animais na Pista";"Atropelamento de Animal";"Com Vítimas Feridas";"Plena Noite";"Decrescente";"Céu Claro";"Simples";"Reta";"Não";3;0;2;0;1;0;2;1;-14,144572;-39,713918;"SPRF-BA";"DEL03-BA";"UOP01-DEL03-BA"